Run dir : /mnt/data/thribhuvan/Projects/stochastic_port_hamiltonian/Final/SPHNP v2/src/models/3D_SO3_Windy_Pendulum/ph_gp_sde/data/run_wp3d_jax/obs0_fric0p5_wind0p5_ext0-sine_lr0p001_s10000_np5_smp64_T20_seed0_randu7_G0p5-0p7-0p1_260626-214312
model contains 11582 parameters
Loaded data from /mnt/data/thribhuvan/Projects/stochastic_port_hamiltonian/Final/SPHNP v2/datasets/data/windy_pendulum_3d/wp3d_dataset_extforce-sine-std0p0_fric0p5_var_fricFalse_obs_noise0p0_wind_force0p5_random_uTrue_uScale7p0_G_0p5_0p7_0p1_steps20.pkl
  dt = 0.0500  h = 0.0050  n_outer (per window) = 4  n_substeps = 10
  train batch B = 2560, test batch B = 2560, T_obs = 5, N (= B·(T−1)) = 10240

Pretraining M_net for 200 steps (lr=0.001, target = 1.000·I₃)
  using 12800 q samples drawn from training data
  pretrain step    0: loss=2.049e+00
  pretrain step   20: loss=1.923e+00
  pretrain step   40: loss=1.788e+00
  pretrain step   60: loss=1.648e+00
  pretrain step   80: loss=1.508e+00
  pretrain step  100: loss=1.375e+00
  pretrain step  120: loss=1.249e+00
  pretrain step  140: loss=1.132e+00
  pretrain step  160: loss=1.024e+00
  pretrain step  180: loss=9.256e-01
  pretrain step  199: loss=8.409e-01
  pretrain done. initial loss=2.049e+00  final loss=8.409e-01  max|M(q₀) − target|=1.931e+00
[step      0]
  train: −ELBO=1.0299e+06  NLL=1.0299e+06  NLL_R=8.3063e+03  NLL_ω=1.0216e+06  MSE_R=1.6649e-02  MSE_ω=2.0431e+00
  test : −ELBO=9.0248e+05  NLL=9.0248e+05  NLL_R=7.2620e+03  NLL_ω=8.9522e+05  MSE_R=1.4589e-02  MSE_ω=1.7941e+00
  sigma: σ_R=1.0000e-03  σ_ω=1.0000e-03  β=0.0000e+00
  PL   : train=1.0448e+00  test=-1.1739e+00  σ_φ̄(train)=6.9973e-01  σ_φ̄(test)=6.9184e-01  σ_obs_ω=1.0000e-02  λ_PL=1.00
  KL   : M=2.003e+03  V=3.320e+02  Dw=1.992e+03  g=2.988e+03  sigma=3.320e+02  total=7.647e+03
  subnet MSE  M=8.713e-01  V=2.709e+01  Dw=6.552e-03  g=3.282e-01
[step     50]
  train: −ELBO=6.7528e+05  NLL=6.7528e+05  NLL_R=5.3467e+03  NLL_ω=6.6994e+05  MSE_R=1.1672e-02  MSE_ω=1.4578e+00
  test : −ELBO=5.9980e+05  NLL=5.9980e+05  NLL_R=4.7308e+03  NLL_ω=5.9507e+05  MSE_R=1.0348e-02  MSE_ω=1.2970e+00
  sigma: σ_R=1.0430e-03  σ_ω=1.0431e-03  β=0.0000e+00
  PL   : train=2.5674e+00  test=3.6536e-01  σ_φ̄(train)=5.4892e-01  σ_φ̄(test)=5.4053e-01  σ_obs_ω=1.0000e-02  λ_PL=1.00
  KL   : M=2.009e+03  V=3.329e+02  Dw=1.995e+03  g=2.999e+03  sigma=3.336e+02  total=7.669e+03
  subnet MSE  M=4.907e-01  V=2.690e+01  Dw=1.052e-02  g=2.843e-01
[step    100]
  train: −ELBO=4.6096e+05  NLL=4.6095e+05  NLL_R=3.5884e+03  NLL_ω=4.5736e+05  MSE_R=8.5606e-03  MSE_ω=1.0867e+00
  test : −ELBO=4.1351e+05  NLL=4.1350e+05  NLL_R=3.2101e+03  NLL_ω=4.1029e+05  MSE_R=7.6766e-03  MSE_ω=9.7667e-01
  sigma: σ_R=1.0895e-03  σ_ω=1.0899e-03  β=0.0000e+00
  PL   : train=1.3197e+01  test=8.1191e+00  σ_φ̄(train)=3.4276e-01  σ_φ̄(test)=3.3362e-01  σ_obs_ω=1.0000e-02  λ_PL=1.00
  KL   : M=2.018e+03  V=3.341e+02  Dw=1.997e+03  g=3.007e+03  sigma=3.355e+02  total=7.691e+03
  subnet MSE  M=3.496e-01  V=2.656e+01  Dw=1.965e-02  g=2.828e-01
[step    150]
  train: −ELBO=3.5772e+05  NLL=3.5768e+05  NLL_R=2.7770e+03  NLL_ω=3.5490e+05  MSE_R=7.1126e-03  MSE_ω=9.0480e-01
  test : −ELBO=3.3208e+05  NLL=3.3205e+05  NLL_R=2.5513e+03  NLL_ω=3.2950e+05  MSE_R=6.5461e-03  MSE_ω=8.4108e-01
  sigma: σ_R=1.1281e-03  σ_ω=1.1290e-03  β=0.0000e+00
  PL   : train=4.0797e+01  test=2.9237e+01  σ_φ̄(train)=2.1275e-01  σ_φ̄(test)=2.0621e-01  σ_obs_ω=1.0000e-02  λ_PL=1.00
  KL   : M=2.023e+03  V=3.351e+02  Dw=2.000e+03  g=3.012e+03  sigma=3.370e+02  total=7.707e+03
  subnet MSE  M=4.260e-01  V=2.591e+01  Dw=3.092e-02  g=2.843e-01
[step    200]
  train: −ELBO=2.8726e+05  NLL=2.8716e+05  NLL_R=2.2184e+03  NLL_ω=2.8494e+05  MSE_R=6.0997e-03  MSE_ω=7.7941e-01
  test : −ELBO=2.7325e+05  NLL=2.7317e+05  NLL_R=2.0899e+03  NLL_ω=2.7108e+05  MSE_R=5.7568e-03  MSE_ω=7.4250e-01
  sigma: σ_R=1.1679e-03  σ_ω=1.1694e-03  β=0.0000e+00
  PL   : train=9.3142e+01  test=7.5548e+01  σ_φ̄(train)=1.3056e-01  σ_φ̄(test)=1.2448e-01  σ_obs_ω=1.0000e-02  λ_PL=1.00
  KL   : M=2.027e+03  V=3.368e+02  Dw=2.003e+03  g=3.016e+03  sigma=3.382e+02  total=7.721e+03
  subnet MSE  M=5.175e-01  V=2.492e+01  Dw=3.935e-02  g=2.875e-01
[step    250]
  train: −ELBO=2.4534e+05  NLL=2.4521e+05  NLL_R=1.8921e+03  NLL_ω=2.4332e+05  MSE_R=5.4744e-03  MSE_ω=6.9986e-01
  test : −ELBO=2.3841e+05  NLL=2.3830e+05  NLL_R=1.8210e+03  NLL_ω=2.3648e+05  MSE_R=5.2756e-03  MSE_ω=6.8082e-01
  sigma: σ_R=1.1973e-03  σ_ω=1.1992e-03  β=0.0000e+00
  PL   : train=1.2829e+02  test=1.1008e+02  σ_φ̄(train)=9.9107e-02  σ_φ̄(test)=9.4599e-02  σ_obs_ω=1.0000e-02  λ_PL=1.00
  KL   : M=2.029e+03  V=3.382e+02  Dw=2.005e+03  g=3.018e+03  sigma=3.387e+02  total=7.729e+03
  subnet MSE  M=6.817e-01  V=2.399e+01  Dw=4.646e-02  g=2.897e-01
[step    300]
  train: −ELBO=2.0764e+05  NLL=2.0749e+05  NLL_R=1.6053e+03  NLL_ω=2.0588e+05  MSE_R=4.9255e-03  MSE_ω=6.2734e-01
  test : −ELBO=1.9888e+05  NLL=1.9875e+05  NLL_R=1.5207e+03  NLL_ω=1.9723e+05  MSE_R=4.6750e-03  MSE_ω=6.0178e-01
  sigma: σ_R=1.2320e-03  σ_ω=1.2343e-03  β=0.0000e+00
  PL   : train=1.5491e+02  test=1.3703e+02  σ_φ̄(train)=7.9182e-02  σ_φ̄(test)=7.5118e-02  σ_obs_ω=1.0000e-02  λ_PL=1.00
  KL   : M=2.030e+03  V=3.397e+02  Dw=2.008e+03  g=3.021e+03  sigma=3.391e+02  total=7.737e+03
  subnet MSE  M=8.059e-01  V=2.259e+01  Dw=5.631e-02  g=2.882e-01
[step    350]
  train: −ELBO=1.8224e+05  NLL=1.8207e+05  NLL_R=1.4092e+03  NLL_ω=1.8066e+05  MSE_R=4.5268e-03  MSE_ω=5.7567e-01
  test : −ELBO=1.7256e+05  NLL=1.7241e+05  NLL_R=1.3196e+03  NLL_ω=1.7109e+05  MSE_R=4.2451e-03  MSE_ω=5.4553e-01
  sigma: σ_R=1.2596e-03  σ_ω=1.2622e-03  β=0.0000e+00
  PL   : train=1.6980e+02  test=1.5312e+02  σ_φ̄(train)=6.7216e-02  σ_φ̄(test)=6.4066e-02  σ_obs_ω=1.0000e-02  λ_PL=1.00
  KL   : M=2.031e+03  V=3.410e+02  Dw=2.009e+03  g=3.022e+03  sigma=3.393e+02  total=7.743e+03
  subnet MSE  M=8.808e-01  V=2.162e+01  Dw=5.283e-02  g=2.886e-01
[step    400]
  train: −ELBO=1.6433e+05  NLL=1.6414e+05  NLL_R=1.2707e+03  NLL_ω=1.6286e+05  MSE_R=4.2461e-03  MSE_ω=5.3925e-01
  test : −ELBO=1.5326e+05  NLL=1.5308e+05  NLL_R=1.1744e+03  NLL_ω=1.5191e+05  MSE_R=3.9324e-03  MSE_ω=5.0345e-01
  sigma: σ_R=1.2839e-03  σ_ω=1.2866e-03  β=0.0000e+00
  PL   : train=1.9188e+02  test=1.7584e+02  σ_φ̄(train)=5.4044e-02  σ_φ̄(test)=5.1451e-02  σ_obs_ω=1.0000e-02  λ_PL=1.00
  KL   : M=2.031e+03  V=3.418e+02  Dw=2.010e+03  g=3.024e+03  sigma=3.396e+02  total=7.747e+03
  subnet MSE  M=9.045e-01  V=2.069e+01  Dw=5.289e-02  g=2.895e-01
[step    450]
  train: −ELBO=1.5018e+05  NLL=1.5000e+05  NLL_R=1.1647e+03  NLL_ω=1.4884e+05  MSE_R=4.0753e-03  MSE_ω=5.1550e-01
  test : −ELBO=1.3926e+05  NLL=1.3909e+05  NLL_R=1.0689e+03  NLL_ω=1.3802e+05  MSE_R=3.7478e-03  MSE_ω=4.7840e-01
  sigma: σ_R=1.3131e-03  σ_ω=1.3159e-03  β=0.0000e+00
  PL   : train=1.8030e+02  test=1.6493e+02  σ_φ̄(train)=5.6226e-02  σ_φ̄(test)=5.3847e-02  σ_obs_ω=1.0000e-02  λ_PL=1.00
  KL   : M=2.032e+03  V=3.429e+02  Dw=2.011e+03  g=3.025e+03  sigma=3.397e+02  total=7.751e+03
  subnet MSE  M=9.864e-01  V=2.001e+01  Dw=5.245e-02  g=2.935e-01
[step    500]
  train: −ELBO=1.3962e+05  NLL=1.3942e+05  NLL_R=1.0827e+03  NLL_ω=1.3834e+05  MSE_R=3.9331e-03  MSE_ω=4.9688e-01
  test : −ELBO=1.3031e+05  NLL=1.3012e+05  NLL_R=1.0002e+03  NLL_ω=1.2912e+05  MSE_R=3.6407e-03  MSE_ω=4.6413e-01
  sigma: σ_R=1.3372e-03  σ_ω=1.3400e-03  β=0.0000e+00
  PL   : train=1.9971e+02  test=1.8776e+02  σ_φ̄(train)=4.5226e-02  σ_φ̄(test)=4.2793e-02  σ_obs_ω=1.0000e-02  λ_PL=1.00
  KL   : M=2.032e+03  V=3.436e+02  Dw=2.011e+03  g=3.026e+03  sigma=3.399e+02  total=7.753e+03
  subnet MSE  M=1.007e+00  V=1.960e+01  Dw=5.015e-02  g=2.951e-01
[step    550]
  train: −ELBO=1.2957e+05  NLL=1.2937e+05  NLL_R=1.0055e+03  NLL_ω=1.2836e+05  MSE_R=3.8184e-03  MSE_ω=4.8142e-01
  test : −ELBO=1.2071e+05  NLL=1.2051e+05  NLL_R=9.2894e+02  NLL_ω=1.1958e+05  MSE_R=3.5366e-03  MSE_ω=4.4898e-01
  sigma: σ_R=1.3665e-03  σ_ω=1.3693e-03  β=0.0000e+00
  PL   : train=2.0395e+02  test=1.9915e+02  σ_φ̄(train)=4.2489e-02  σ_φ̄(test)=4.0465e-02  σ_obs_ω=1.0000e-02  λ_PL=1.00
  KL   : M=2.033e+03  V=3.445e+02  Dw=2.012e+03  g=3.027e+03  sigma=3.401e+02  total=7.757e+03
  subnet MSE  M=1.092e+00  V=1.890e+01  Dw=4.583e-02  g=2.965e-01
[step    600]
  train: −ELBO=1.1891e+05  NLL=1.1872e+05  NLL_R=9.2125e+02  NLL_ω=1.1780e+05  MSE_R=3.6591e-03  MSE_ω=4.6133e-01
  test : −ELBO=1.1083e+05  NLL=1.1065e+05  NLL_R=8.5194e+02  NLL_ω=1.0980e+05  MSE_R=3.3922e-03  MSE_ω=4.3043e-01
  sigma: σ_R=1.3964e-03  σ_ω=1.3992e-03  β=0.0000e+00
  PL   : train=1.8984e+02  test=1.7972e+02  σ_φ̄(train)=4.4046e-02  σ_φ̄(test)=4.1961e-02  σ_obs_ω=1.0000e-02  λ_PL=1.00
  KL   : M=2.034e+03  V=3.456e+02  Dw=2.013e+03  g=3.028e+03  sigma=3.401e+02  total=7.761e+03
  subnet MSE  M=1.098e+00  V=1.865e+01  Dw=4.384e-02  g=2.992e-01
[step    650]
  train: −ELBO=1.1695e+05  NLL=1.1674e+05  NLL_R=9.0738e+02  NLL_ω=1.1583e+05  MSE_R=3.7001e-03  MSE_ω=4.6554e-01
  test : −ELBO=1.0603e+05  NLL=1.0584e+05  NLL_R=8.1570e+02  NLL_ω=1.0503e+05  MSE_R=3.3344e-03  MSE_ω=4.2229e-01
  sigma: σ_R=1.4148e-03  σ_ω=1.4175e-03  β=0.0000e+00
  PL   : train=2.0916e+02  test=1.8565e+02  σ_φ̄(train)=4.2072e-02  σ_φ̄(test)=4.0148e-02  σ_obs_ω=1.0000e-02  λ_PL=1.00
  KL   : M=2.034e+03  V=3.461e+02  Dw=2.013e+03  g=3.029e+03  sigma=3.401e+02  total=7.763e+03
  subnet MSE  M=1.145e+00  V=1.831e+01  Dw=4.488e-02  g=2.968e-01
[step    700]
  train: −ELBO=1.1114e+05  NLL=1.1093e+05  NLL_R=8.5982e+02  NLL_ω=1.1007e+05  MSE_R=3.6291e-03  MSE_ω=4.5739e-01
  test : −ELBO=1.0207e+05  NLL=1.0188e+05  NLL_R=7.8416e+02  NLL_ω=1.0109e+05  MSE_R=3.3178e-03  MSE_ω=4.2034e-01
  sigma: σ_R=1.4387e-03  σ_ω=1.4413e-03  β=0.0000e+00
  PL   : train=2.0890e+02  test=1.9493e+02  σ_φ̄(train)=4.1321e-02  σ_φ̄(test)=3.9529e-02  σ_obs_ω=1.0000e-02  λ_PL=1.00
  KL   : M=2.035e+03  V=3.466e+02  Dw=2.015e+03  g=3.029e+03  sigma=3.403e+02  total=7.766e+03
  subnet MSE  M=1.058e+00  V=1.848e+01  Dw=4.375e-02  g=2.862e-01
[step    750]
  train: −ELBO=1.0616e+05  NLL=1.0593e+05  NLL_R=8.2456e+02  NLL_ω=1.0511e+05  MSE_R=3.6206e-03  MSE_ω=4.5395e-01
  test : −ELBO=9.5348e+04  NLL=9.5138e+04  NLL_R=7.3317e+02  NLL_ω=9.4404e+04  MSE_R=3.2293e-03  MSE_ω=4.0798e-01
  sigma: σ_R=1.4668e-03  σ_ω=1.4694e-03  β=0.0000e+00
  PL   : train=2.2471e+02  test=2.1010e+02  σ_φ̄(train)=3.4882e-02  σ_φ̄(test)=3.3019e-02  σ_obs_ω=1.0000e-02  λ_PL=1.00
  KL   : M=2.036e+03  V=3.472e+02  Dw=2.016e+03  g=3.029e+03  sigma=3.403e+02  total=7.769e+03
  subnet MSE  M=1.148e+00  V=1.813e+01  Dw=4.077e-02  g=2.828e-01
[step    800]
  train: −ELBO=9.9914e+04  NLL=9.9685e+04  NLL_R=7.7470e+02  NLL_ω=9.8910e+04  MSE_R=3.5553e-03  MSE_ω=4.4581e-01
  test : −ELBO=8.9582e+04  NLL=8.9366e+04  NLL_R=6.8818e+02  NLL_ω=8.8677e+04  MSE_R=3.1693e-03  MSE_ω=4.0003e-01
  sigma: σ_R=1.4987e-03  σ_ω=1.5011e-03  β=0.0000e+00
  PL   : train=2.2931e+02  test=2.1686e+02  σ_φ̄(train)=2.9599e-02  σ_φ̄(test)=2.7526e-02  σ_obs_ω=1.0000e-02  λ_PL=1.00
  KL   : M=2.037e+03  V=3.477e+02  Dw=2.017e+03  g=3.030e+03  sigma=3.405e+02  total=7.772e+03
  subnet MSE  M=1.156e+00  V=1.774e+01  Dw=3.753e-02  g=2.924e-01
[step    850]
  train: −ELBO=9.0345e+04  NLL=9.0126e+04  NLL_R=6.9902e+02  NLL_ω=8.9427e+04  MSE_R=3.3867e-03  MSE_ω=4.2445e-01
  test : −ELBO=8.1392e+04  NLL=8.1183e+04  NLL_R=6.2387e+02  NLL_ω=8.0559e+04  MSE_R=3.0341e-03  MSE_ω=3.8275e-01
  sigma: σ_R=1.5382e-03  σ_ω=1.5404e-03  β=0.0000e+00
  PL   : train=2.1880e+02  test=2.0856e+02  σ_φ̄(train)=3.0041e-02  σ_φ̄(test)=2.8000e-02  σ_obs_ω=1.0000e-02  λ_PL=1.00
  KL   : M=2.038e+03  V=3.482e+02  Dw=2.018e+03  g=3.030e+03  sigma=3.405e+02  total=7.775e+03
  subnet MSE  M=1.150e+00  V=1.772e+01  Dw=4.068e-02  g=2.935e-01
[step    900]
  train: −ELBO=7.8377e+04  NLL=7.8161e+04  NLL_R=6.0433e+02  NLL_ω=7.7557e+04  MSE_R=3.1683e-03  MSE_ω=3.9682e-01
  test : −ELBO=6.9557e+04  NLL=6.9353e+04  NLL_R=5.3123e+02  NLL_ω=6.8822e+04  MSE_R=2.7985e-03  MSE_ω=3.5255e-01
  sigma: σ_R=1.5973e-03  σ_ω=1.5993e-03  β=0.0000e+00
  PL   : train=2.1580e+02  test=2.0401e+02  σ_φ̄(train)=2.6025e-02  σ_φ̄(test)=2.4196e-02  σ_obs_ω=1.0000e-02  λ_PL=1.00
  KL   : M=2.039e+03  V=3.494e+02  Dw=2.020e+03  g=3.032e+03  sigma=3.406e+02  total=7.781e+03
  subnet MSE  M=1.166e+00  V=1.715e+01  Dw=3.940e-02  g=2.969e-01
[step    950]
  train: −ELBO=7.2638e+04  NLL=7.2416e+04  NLL_R=5.5934e+02  NLL_ω=7.1857e+04  MSE_R=3.1076e-03  MSE_ω=3.8874e-01
  test : −ELBO=6.4359e+04  NLL=6.4150e+04  NLL_R=4.9089e+02  NLL_ω=6.3659e+04  MSE_R=2.7410e-03  MSE_ω=3.4475e-01
  sigma: σ_R=1.6427e-03  σ_ω=1.6445e-03  β=0.0000e+00
  PL   : train=2.2240e+02  test=2.0971e+02  σ_φ̄(train)=2.4975e-02  σ_φ̄(test)=2.3013e-02  σ_obs_ω=1.0000e-02  λ_PL=1.00
  KL   : M=2.040e+03  V=3.503e+02  Dw=2.020e+03  g=3.033e+03  sigma=3.407e+02  total=7.785e+03
  subnet MSE  M=1.149e+00  V=1.708e+01  Dw=3.753e-02  g=2.927e-01
[step   1000]
  train: −ELBO=6.3801e+04  NLL=6.3582e+04  NLL_R=4.8853e+02  NLL_ω=6.3093e+04  MSE_R=2.9104e-03  MSE_ω=3.6444e-01
  test : −ELBO=5.7150e+04  NLL=5.6940e+04  NLL_R=4.3438e+02  NLL_ω=5.6506e+04  MSE_R=2.6014e-03  MSE_ω=3.2680e-01
  sigma: σ_R=1.6977e-03  σ_ω=1.6992e-03  β=0.0000e+00
  PL   : train=2.1911e+02  test=2.0950e+02  σ_φ̄(train)=2.1163e-02  σ_φ̄(test)=1.9500e-02  σ_obs_ω=1.0000e-02  λ_PL=1.00
  KL   : M=2.042e+03  V=3.513e+02  Dw=2.022e+03  g=3.035e+03  sigma=3.407e+02  total=7.791e+03
  subnet MSE  M=1.105e+00  V=1.673e+01  Dw=3.929e-02  g=2.960e-01
[step   1050]
  train: −ELBO=5.8880e+04  NLL=5.8662e+04  NLL_R=4.5036e+02  NLL_ω=5.8212e+04  MSE_R=2.8324e-03  MSE_ω=3.5400e-01
  test : −ELBO=5.1474e+04  NLL=5.1267e+04  NLL_R=3.8948e+02  NLL_ω=5.0878e+04  MSE_R=2.4660e-03  MSE_ω=3.0981e-01
  sigma: σ_R=1.7421e-03  σ_ω=1.7435e-03  β=0.0000e+00
  PL   : train=2.1797e+02  test=2.0683e+02  σ_φ̄(train)=1.9099e-02  σ_φ̄(test)=1.7616e-02  σ_obs_ω=1.0000e-02  λ_PL=1.00
  KL   : M=2.043e+03  V=3.522e+02  Dw=2.023e+03  g=3.036e+03  sigma=3.408e+02  total=7.795e+03
  subnet MSE  M=1.098e+00  V=1.637e+01  Dw=4.236e-02  g=2.974e-01
[step   1100]
  train: −ELBO=5.4156e+04  NLL=5.3941e+04  NLL_R=4.1212e+02  NLL_ω=5.3529e+04  MSE_R=2.7335e-03  MSE_ω=3.4219e-01
  test : −ELBO=4.7607e+04  NLL=4.7402e+04  NLL_R=3.5945e+02  NLL_ω=4.7043e+04  MSE_R=2.3992e-03  MSE_ω=3.0097e-01
  sigma: σ_R=1.7863e-03  σ_ω=1.7875e-03  β=0.0000e+00
  PL   : train=2.1529e+02  test=2.0415e+02  σ_φ̄(train)=1.8210e-02  σ_φ̄(test)=1.6650e-02  σ_obs_ω=1.0000e-02  λ_PL=1.00
  KL   : M=2.045e+03  V=3.530e+02  Dw=2.024e+03  g=3.036e+03  sigma=3.408e+02  total=7.798e+03
  subnet MSE  M=1.124e+00  V=1.615e+01  Dw=4.073e-02  g=3.005e-01
[step   1150]
  train: −ELBO=5.1582e+04  NLL=5.1372e+04  NLL_R=3.9238e+02  NLL_ω=5.0980e+04  MSE_R=2.7012e-03  MSE_ω=3.3760e-01
  test : −ELBO=4.4473e+04  NLL=4.4276e+04  NLL_R=3.3516e+02  NLL_ω=4.3941e+04  MSE_R=2.3248e-03  MSE_ω=2.9124e-01
  sigma: σ_R=1.8182e-03  σ_ω=1.8194e-03  β=0.0000e+00
  PL   : train=2.1035e+02  test=1.9627e+02  σ_φ̄(train)=1.9829e-02  σ_φ̄(test)=1.8180e-02  σ_obs_ω=1.0000e-02  λ_PL=1.00
  KL   : M=2.045e+03  V=3.538e+02  Dw=2.025e+03  g=3.037e+03  sigma=3.407e+02  total=7.801e+03
  subnet MSE  M=1.126e+00  V=1.581e+01  Dw=4.220e-02  g=3.019e-01
[step   1200]
  train: −ELBO=4.8678e+04  NLL=4.8464e+04  NLL_R=3.7035e+02  NLL_ω=4.8094e+04  MSE_R=2.6529e-03  MSE_ω=3.3061e-01
  test : −ELBO=4.2773e+04  NLL=4.2571e+04  NLL_R=3.2178e+02  NLL_ω=4.2249e+04  MSE_R=2.3208e-03  MSE_ω=2.9061e-01
  sigma: σ_R=1.8526e-03  σ_ω=1.8537e-03  β=0.0000e+00
  PL   : train=2.1343e+02  test=2.0274e+02  σ_φ̄(train)=1.7698e-02  σ_φ̄(test)=1.6137e-02  σ_obs_ω=1.0000e-02  λ_PL=1.00
  KL   : M=2.046e+03  V=3.543e+02  Dw=2.025e+03  g=3.037e+03  sigma=3.408e+02  total=7.804e+03
  subnet MSE  M=1.146e+00  V=1.553e+01  Dw=4.327e-02  g=3.009e-01
[step   1250]
  train: −ELBO=4.5177e+04  NLL=4.4962e+04  NLL_R=3.4253e+02  NLL_ω=4.4619e+04  MSE_R=2.5908e-03  MSE_ω=3.2277e-01
  test : −ELBO=3.9892e+04  NLL=3.9687e+04  NLL_R=2.9913e+02  NLL_ω=3.9388e+04  MSE_R=2.2793e-03  MSE_ω=2.8520e-01
  sigma: σ_R=1.9007e-03  σ_ω=1.9015e-03  β=0.0000e+00
  PL   : train=2.1547e+02  test=2.0507e+02  σ_φ̄(train)=1.5669e-02  σ_φ̄(test)=1.4316e-02  σ_obs_ω=1.0000e-02  λ_PL=1.00
  KL   : M=2.048e+03  V=3.551e+02  Dw=2.026e+03  g=3.038e+03  sigma=3.409e+02  total=7.808e+03
  subnet MSE  M=1.110e+00  V=1.567e+01  Dw=4.021e-02  g=2.996e-01
[step   1300]
  train: −ELBO=4.2298e+04  NLL=4.2072e+04  NLL_R=3.1996e+02  NLL_ω=4.1752e+04  MSE_R=2.5236e-03  MSE_ω=3.1393e-01
  test : −ELBO=3.7064e+04  NLL=3.6850e+04  NLL_R=2.7750e+02  NLL_ω=3.6573e+04  MSE_R=2.2063e-03  MSE_ω=2.7521e-01
  sigma: σ_R=1.9380e-03  σ_ω=1.9386e-03  β=0.0000e+00
  PL   : train=2.2638e+02  test=2.1317e+02  σ_φ̄(train)=1.4815e-02  σ_φ̄(test)=1.3446e-02  σ_obs_ω=1.0000e-02  λ_PL=1.00
  KL   : M=2.049e+03  V=3.558e+02  Dw=2.026e+03  g=3.039e+03  sigma=3.410e+02  total=7.811e+03
  subnet MSE  M=1.120e+00  V=1.534e+01  Dw=4.443e-02  g=2.917e-01
[step   1350]
  train: −ELBO=3.8011e+04  NLL=3.7798e+04  NLL_R=2.8529e+02  NLL_ω=3.7513e+04  MSE_R=2.3857e-03  MSE_ω=2.9733e-01
  test : −ELBO=3.3403e+04  NLL=3.3200e+04  NLL_R=2.4834e+02  NLL_ω=3.2952e+04  MSE_R=2.0954e-03  MSE_ω=2.6150e-01
  sigma: σ_R=1.9901e-03  σ_ω=1.9903e-03  β=0.0000e+00
  PL   : train=2.1341e+02  test=2.0266e+02  σ_φ̄(train)=1.3307e-02  σ_φ̄(test)=1.2065e-02  σ_obs_ω=1.0000e-02  λ_PL=1.00
  KL   : M=2.051e+03  V=3.565e+02  Dw=2.027e+03  g=3.040e+03  sigma=3.410e+02  total=7.815e+03
  subnet MSE  M=1.124e+00  V=1.527e+01  Dw=3.872e-02  g=2.959e-01
[step   1400]
  train: −ELBO=3.5811e+04  NLL=3.5604e+04  NLL_R=2.6865e+02  NLL_ω=3.5335e+04  MSE_R=2.3685e-03  MSE_ω=2.9433e-01
  test : −ELBO=3.1277e+04  NLL=3.1080e+04  NLL_R=2.3196e+02  NLL_ω=3.0848e+04  MSE_R=2.0658e-03  MSE_ω=2.5732e-01
  sigma: σ_R=2.0403e-03  σ_ω=2.0403e-03  β=0.0000e+00
  PL   : train=2.0724e+02  test=1.9696e+02  σ_φ̄(train)=1.3159e-02  σ_φ̄(test)=1.1718e-02  σ_obs_ω=1.0000e-02  λ_PL=1.00
  KL   : M=2.052e+03  V=3.572e+02  Dw=2.028e+03  g=3.041e+03  sigma=3.410e+02  total=7.819e+03
  subnet MSE  M=1.143e+00  V=1.505e+01  Dw=3.935e-02  g=3.007e-01
[step   1450]
  train: −ELBO=3.2328e+04  NLL=3.2113e+04  NLL_R=2.4082e+02  NLL_ω=3.1872e+04  MSE_R=2.2837e-03  MSE_ω=2.8376e-01
  test : −ELBO=2.8786e+04  NLL=2.8587e+04  NLL_R=2.1219e+02  NLL_ω=2.8374e+04  MSE_R=2.0315e-03  MSE_ω=2.5298e-01
  sigma: σ_R=2.1097e-03  σ_ω=2.1094e-03  β=0.0000e+00
  PL   : train=2.1525e+02  test=1.9949e+02  σ_φ̄(train)=1.1902e-02  σ_φ̄(test)=1.0661e-02  σ_obs_ω=1.0000e-02  λ_PL=1.00
  KL   : M=2.054e+03  V=3.582e+02  Dw=2.029e+03  g=3.042e+03  sigma=3.410e+02  total=7.824e+03
  subnet MSE  M=1.131e+00  V=1.528e+01  Dw=3.702e-02  g=2.973e-01
[step   1500]
  train: −ELBO=3.1364e+04  NLL=3.1146e+04  NLL_R=2.3352e+02  NLL_ω=3.0912e+04  MSE_R=2.3269e-03  MSE_ω=2.8865e-01
  test : −ELBO=2.7752e+04  NLL=2.7545e+04  NLL_R=2.0457e+02  NLL_ω=2.7341e+04  MSE_R=2.0590e-03  MSE_ω=2.5562e-01
  sigma: σ_R=2.1608e-03  σ_ω=2.1602e-03  β=0.0000e+00
  PL   : train=2.1874e+02  test=2.0678e+02  σ_φ̄(train)=1.2022e-02  σ_φ̄(test)=1.0709e-02  σ_obs_ω=1.0000e-02  λ_PL=1.00
  KL   : M=2.055e+03  V=3.589e+02  Dw=2.030e+03  g=3.043e+03  sigma=3.410e+02  total=7.828e+03
  subnet MSE  M=1.184e+00  V=1.479e+01  Dw=3.869e-02  g=2.940e-01
[step   1550]
  train: −ELBO=2.8842e+04  NLL=2.8629e+04  NLL_R=2.1361e+02  NLL_ω=2.8415e+04  MSE_R=2.2615e-03  MSE_ω=2.8029e-01
  test : −ELBO=2.5577e+04  NLL=2.5373e+04  NLL_R=1.8740e+02  NLL_ω=2.5185e+04  MSE_R=2.0050e-03  MSE_ω=2.4872e-01
  sigma: σ_R=2.2213e-03  σ_ω=2.2202e-03  β=0.0000e+00
  PL   : train=2.1382e+02  test=2.0434e+02  σ_φ̄(train)=1.1476e-02  σ_φ̄(test)=1.0251e-02  σ_obs_ω=1.0000e-02  λ_PL=1.00
  KL   : M=2.058e+03  V=3.596e+02  Dw=2.031e+03  g=3.044e+03  sigma=3.411e+02  total=7.833e+03
  subnet MSE  M=1.128e+00  V=1.478e+01  Dw=4.105e-02  g=2.949e-01
[step   1600]
  train: −ELBO=2.8475e+04  NLL=2.8232e+04  NLL_R=2.1402e+02  NLL_ω=2.8017e+04  MSE_R=2.4219e-03  MSE_ω=2.9541e-01
  test : −ELBO=2.5380e+04  NLL=2.5149e+04  NLL_R=1.8812e+02  NLL_ω=2.4960e+04  MSE_R=2.1508e-03  MSE_ω=2.6346e-01
  sigma: σ_R=2.2971e-03  σ_ω=2.2954e-03  β=0.0000e+00
  PL   : train=2.4346e+02  test=2.3116e+02  σ_φ̄(train)=1.0897e-02  σ_φ̄(test)=9.7280e-03  σ_obs_ω=1.0000e-02  λ_PL=1.00
  KL   : M=2.060e+03  V=3.605e+02  Dw=2.033e+03  g=3.045e+03  sigma=3.411e+02  total=7.840e+03
  subnet MSE  M=1.187e+00  V=1.446e+01  Dw=5.082e-02  g=2.863e-01
[step   1650]
  train: −ELBO=2.5174e+04  NLL=2.4930e+04  NLL_R=1.8758e+02  NLL_ω=2.4743e+04  MSE_R=2.3222e-03  MSE_ω=2.8247e-01
  test : −ELBO=2.2515e+04  NLL=2.2287e+04  NLL_R=1.6572e+02  NLL_ω=2.2121e+04  MSE_R=2.0742e-03  MSE_ω=2.5281e-01
  sigma: σ_R=2.3920e-03  σ_ω=2.3884e-03  β=0.0000e+00
  PL   : train=2.4351e+02  test=2.2884e+02  σ_φ̄(train)=9.6271e-03  σ_φ̄(test)=8.5739e-03  σ_obs_ω=1.0000e-02  λ_PL=1.00
  KL   : M=2.062e+03  V=3.616e+02  Dw=2.036e+03  g=3.047e+03  sigma=3.412e+02  total=7.848e+03
  subnet MSE  M=1.177e+00  V=1.483e+01  Dw=4.964e-02  g=2.861e-01
[step   1700]
  train: −ELBO=2.3040e+04  NLL=2.2802e+04  NLL_R=1.6962e+02  NLL_ω=2.2633e+04  MSE_R=2.2306e-03  MSE_ω=2.7216e-01
  test : −ELBO=2.0583e+04  NLL=2.0357e+04  NLL_R=1.4954e+02  NLL_ω=2.0207e+04  MSE_R=1.9900e-03  MSE_ω=2.4322e-01
  sigma: σ_R=2.4561e-03  σ_ω=2.4512e-03  β=0.0000e+00
  PL   : train=2.3764e+02  test=2.2680e+02  σ_φ̄(train)=8.7568e-03  σ_φ̄(test)=7.7883e-03  σ_obs_ω=1.0000e-02  λ_PL=1.00
  KL   : M=2.064e+03  V=3.623e+02  Dw=2.037e+03  g=3.048e+03  sigma=3.413e+02  total=7.852e+03
  subnet MSE  M=1.184e+00  V=1.434e+01  Dw=4.155e-02  g=2.846e-01
[step   1750]
  train: −ELBO=2.1309e+04  NLL=2.1081e+04  NLL_R=1.5598e+02  NLL_ω=2.0925e+04  MSE_R=2.1799e-03  MSE_ω=2.6541e-01
  test : −ELBO=1.9266e+04  NLL=1.9050e+04  NLL_R=1.3947e+02  NLL_ω=1.8911e+04  MSE_R=1.9717e-03  MSE_ω=2.4013e-01
  sigma: σ_R=2.5234e-03  σ_ω=2.5174e-03  β=0.0000e+00
  PL   : train=2.2730e+02  test=2.1601e+02  σ_φ̄(train)=7.4961e-03  σ_φ̄(test)=6.6337e-03  σ_obs_ω=1.0000e-02  λ_PL=1.00
  KL   : M=2.065e+03  V=3.631e+02  Dw=2.039e+03  g=3.049e+03  sigma=3.414e+02  total=7.858e+03
  subnet MSE  M=1.192e+00  V=1.421e+01  Dw=4.396e-02  g=2.928e-01
[step   1800]
  train: −ELBO=1.9850e+04  NLL=1.9628e+04  NLL_R=1.4448e+02  NLL_ω=1.9484e+04  MSE_R=2.1481e-03  MSE_ω=2.6103e-01
  test : −ELBO=1.8270e+04  NLL=1.8056e+04  NLL_R=1.3186e+02  NLL_ω=1.7924e+04  MSE_R=1.9800e-03  MSE_ω=2.4036e-01
  sigma: σ_R=2.5943e-03  σ_ω=2.5872e-03  β=0.0000e+00
  PL   : train=2.2151e+02  test=2.1408e+02  σ_φ̄(train)=6.9284e-03  σ_φ̄(test)=6.1020e-03  σ_obs_ω=1.0000e-02  λ_PL=1.00
  KL   : M=2.067e+03  V=3.639e+02  Dw=2.041e+03  g=3.050e+03  sigma=3.415e+02  total=7.864e+03
  subnet MSE  M=1.162e+00  V=1.398e+01  Dw=4.765e-02  g=3.010e-01
[step   1850]
  train: −ELBO=1.8602e+04  NLL=1.8364e+04  NLL_R=1.3531e+02  NLL_ω=1.8229e+04  MSE_R=2.1468e-03  MSE_ω=2.5887e-01
  test : −ELBO=1.7343e+04  NLL=1.7109e+04  NLL_R=1.2514e+02  NLL_ω=1.6984e+04  MSE_R=2.0036e-03  MSE_ω=2.4147e-01
  sigma: σ_R=2.6721e-03  σ_ω=2.6636e-03  β=0.0000e+00
  PL   : train=2.3769e+02  test=2.3357e+02  σ_φ̄(train)=7.2835e-03  σ_φ̄(test)=6.4149e-03  σ_obs_ω=1.0000e-02  λ_PL=1.00
  KL   : M=2.070e+03  V=3.648e+02  Dw=2.042e+03  g=3.051e+03  sigma=3.415e+02  total=7.869e+03
  subnet MSE  M=1.172e+00  V=1.369e+01  Dw=5.569e-02  g=2.900e-01
[step   1900]
  train: −ELBO=1.6022e+04  NLL=1.5801e+04  NLL_R=1.1418e+02  NLL_ω=1.5687e+04  MSE_R=1.9964e-03  MSE_ω=2.4096e-01
  test : −ELBO=1.4908e+04  NLL=1.4692e+04  NLL_R=1.0531e+02  NLL_ω=1.4587e+04  MSE_R=1.8611e-03  MSE_ω=2.2430e-01
  sigma: σ_R=2.7809e-03  σ_ω=2.7700e-03  β=0.0000e+00
  PL   : train=2.2095e+02  test=2.1559e+02  σ_φ̄(train)=6.9416e-03  σ_φ̄(test)=6.0643e-03  σ_obs_ω=1.0000e-02  λ_PL=1.00
  KL   : M=2.073e+03  V=3.660e+02  Dw=2.045e+03  g=3.052e+03  sigma=3.415e+02  total=7.877e+03
  subnet MSE  M=1.189e+00  V=1.388e+01  Dw=4.986e-02  g=2.959e-01
[step   1950]
  train: −ELBO=1.5609e+04  NLL=1.5356e+04  NLL_R=1.1268e+02  NLL_ω=1.5244e+04  MSE_R=2.0649e-03  MSE_ω=2.4496e-01
  test : −ELBO=1.4728e+04  NLL=1.4482e+04  NLL_R=1.0536e+02  NLL_ω=1.4377e+04  MSE_R=1.9474e-03  MSE_ω=2.3117e-01
  sigma: σ_R=2.8455e-03  σ_ω=2.8332e-03  β=0.0000e+00
  PL   : train=2.5278e+02  test=2.4555e+02  σ_φ̄(train)=6.4756e-03  σ_φ̄(test)=5.7253e-03  σ_obs_ω=1.0000e-02  λ_PL=1.00
  KL   : M=2.074e+03  V=3.666e+02  Dw=2.046e+03  g=3.053e+03  sigma=3.416e+02  total=7.881e+03
  subnet MSE  M=1.242e+00  V=1.377e+01  Dw=7.127e-02  g=2.885e-01
[step   2000]
  train: −ELBO=1.3444e+04  NLL=1.3210e+04  NLL_R=9.4599e+01  NLL_ω=1.3116e+04  MSE_R=1.9144e-03  MSE_ω=2.2754e-01
  test : −ELBO=1.2893e+04  NLL=1.2664e+04  NLL_R=9.0078e+01  NLL_ω=1.2573e+04  MSE_R=1.8389e-03  MSE_ω=2.1858e-01
  sigma: σ_R=2.9592e-03  σ_ω=2.9436e-03  β=0.0000e+00
  PL   : train=2.3343e+02  test=2.2963e+02  σ_φ̄(train)=6.0311e-03  σ_φ̄(test)=5.2930e-03  σ_obs_ω=1.0000e-02  λ_PL=1.00
  KL   : M=2.077e+03  V=3.677e+02  Dw=2.047e+03  g=3.055e+03  sigma=3.416e+02  total=7.888e+03
  subnet MSE  M=1.222e+00  V=1.405e+01  Dw=6.559e-02  g=2.935e-01
[step   2050]
  train: −ELBO=1.2155e+04  NLL=1.1907e+04  NLL_R=8.4908e+01  NLL_ω=1.1822e+04  MSE_R=1.9114e-03  MSE_ω=2.2464e-01
  test : −ELBO=1.1616e+04  NLL=1.1372e+04  NLL_R=8.0330e+01  NLL_ω=1.1291e+04  MSE_R=1.8270e-03  MSE_ω=2.1498e-01
  sigma: σ_R=3.0995e-03  σ_ω=3.0805e-03  β=0.0000e+00
  PL   : train=2.4774e+02  test=2.4393e+02  σ_φ̄(train)=6.4961e-03  σ_φ̄(test)=5.6723e-03  σ_obs_ω=1.0000e-02  λ_PL=1.00
  KL   : M=2.080e+03  V=3.692e+02  Dw=2.051e+03  g=3.056e+03  sigma=3.415e+02  total=7.899e+03
  subnet MSE  M=1.234e+00  V=1.368e+01  Dw=7.611e-02  g=2.921e-01
[step   2100]
  train: −ELBO=1.0504e+04  NLL=1.0279e+04  NLL_R=7.0809e+01  NLL_ω=1.0208e+04  MSE_R=1.7900e-03  MSE_ω=2.1166e-01
  test : −ELBO=1.0123e+04  NLL=9.9002e+03  NLL_R=6.7649e+01  NLL_ω=9.8325e+03  MSE_R=1.7261e-03  MSE_ω=2.0418e-01
  sigma: σ_R=3.2402e-03  σ_ω=3.2176e-03  β=0.0000e+00
  PL   : train=2.2547e+02  test=2.2282e+02  σ_φ̄(train)=6.0838e-03  σ_φ̄(test)=5.2561e-03  σ_obs_ω=1.0000e-02  λ_PL=1.00
  KL   : M=2.084e+03  V=3.707e+02  Dw=2.053e+03  g=3.058e+03  sigma=3.415e+02  total=7.907e+03
  subnet MSE  M=1.252e+00  V=1.361e+01  Dw=6.515e-02  g=2.951e-01
[step   2150]
  train: −ELBO=9.3407e+03  NLL=9.1060e+03  NLL_R=6.1761e+01  NLL_ω=9.0442e+03  MSE_R=1.7544e-03  MSE_ω=2.0574e-01
  test : −ELBO=8.9872e+03  NLL=8.7563e+03  NLL_R=5.8570e+01  NLL_ω=8.6977e+03  MSE_R=1.6834e-03  MSE_ω=1.9818e-01
  sigma: σ_R=3.3960e-03  σ_ω=3.3699e-03  β=0.0000e+00
  PL   : train=2.3464e+02  test=2.3093e+02  σ_φ̄(train)=5.7435e-03  σ_φ̄(test)=4.9877e-03  σ_obs_ω=1.0000e-02  λ_PL=1.00
  KL   : M=2.087e+03  V=3.720e+02  Dw=2.056e+03  g=3.060e+03  sigma=3.416e+02  total=7.917e+03
  subnet MSE  M=1.257e+00  V=1.368e+01  Dw=7.927e-02  g=2.923e-01
[step   2200]
  train: −ELBO=8.3611e+03  NLL=8.1322e+03  NLL_R=5.3428e+01  NLL_ω=8.0788e+03  MSE_R=1.6925e-03  MSE_ω=1.9928e-01
  test : −ELBO=8.1978e+03  NLL=7.9683e+03  NLL_R=5.2044e+01  NLL_ω=7.9162e+03  MSE_R=1.6607e-03  MSE_ω=1.9562e-01
  sigma: σ_R=3.5381e-03  σ_ω=3.5088e-03  β=0.0000e+00
  PL   : train=2.2889e+02  test=2.2955e+02  σ_φ̄(train)=5.8482e-03  σ_φ̄(test)=5.0762e-03  σ_obs_ω=1.0000e-02  λ_PL=1.00
  KL   : M=2.091e+03  V=3.733e+02  Dw=2.058e+03  g=3.061e+03  sigma=3.416e+02  total=7.925e+03
  subnet MSE  M=1.237e+00  V=1.376e+01  Dw=7.101e-02  g=2.892e-01
[step   2250]
  train: −ELBO=7.1994e+03  NLL=6.9943e+03  NLL_R=4.3761e+01  NLL_ω=6.9506e+03  MSE_R=1.5921e-03  MSE_ω=1.8860e-01
  test : −ELBO=7.0478e+03  NLL=6.8391e+03  NLL_R=4.2566e+01  NLL_ω=6.7965e+03  MSE_R=1.5625e-03  MSE_ω=1.8483e-01
  sigma: σ_R=3.7113e-03  σ_ω=3.6797e-03  β=0.0000e+00
  PL   : train=2.0512e+02  test=2.0873e+02  σ_φ̄(train)=6.0191e-03  σ_φ̄(test)=5.1456e-03  σ_obs_ω=1.0000e-02  λ_PL=1.00
  KL   : M=2.095e+03  V=3.748e+02  Dw=2.062e+03  g=3.063e+03  sigma=3.416e+02  total=7.936e+03
  subnet MSE  M=1.233e+00  V=1.360e+01  Dw=6.577e-02  g=2.956e-01
[step   2300]
  train: −ELBO=6.2000e+03  NLL=6.0056e+03  NLL_R=3.5432e+01  NLL_ω=5.9701e+03  MSE_R=1.4720e-03  MSE_ω=1.7554e-01
  test : −ELBO=6.2434e+03  NLL=6.0426e+03  NLL_R=3.5858e+01  NLL_ω=6.0067e+03  MSE_R=1.4859e-03  MSE_ω=1.7676e-01
  sigma: σ_R=3.8620e-03  σ_ω=3.8298e-03  β=0.0000e+00
  PL   : train=1.9440e+02  test=2.0078e+02  σ_φ̄(train)=5.5676e-03  σ_φ̄(test)=4.8023e-03  σ_obs_ω=1.0000e-02  λ_PL=1.00
  KL   : M=2.098e+03  V=3.761e+02  Dw=2.064e+03  g=3.065e+03  sigma=3.417e+02  total=7.945e+03
  subnet MSE  M=1.263e+00  V=1.345e+01  Dw=5.573e-02  g=2.922e-01
[step   2350]
  train: −ELBO=5.2860e+03  NLL=5.1050e+03  NLL_R=2.7949e+01  NLL_ω=5.0770e+03  MSE_R=1.3693e-03  MSE_ω=1.6455e-01
  test : −ELBO=5.3215e+03  NLL=5.1357e+03  NLL_R=2.8360e+01  NLL_ω=5.1074e+03  MSE_R=1.3858e-03  MSE_ω=1.6591e-01
  sigma: σ_R=4.0511e-03  σ_ω=4.0201e-03  β=0.0000e+00
  PL   : train=1.8103e+02  test=1.8575e+02  σ_φ̄(train)=5.4343e-03  σ_φ̄(test)=4.6702e-03  σ_obs_ω=1.0000e-02  λ_PL=1.00
  KL   : M=2.102e+03  V=3.778e+02  Dw=2.067e+03  g=3.067e+03  sigma=3.417e+02  total=7.955e+03
  subnet MSE  M=1.284e+00  V=1.341e+01  Dw=4.422e-02  g=2.911e-01
[step   2400]
  train: −ELBO=4.9126e+03  NLL=4.7312e+03  NLL_R=2.5007e+01  NLL_ω=4.7062e+03  MSE_R=1.3555e-03  MSE_ω=1.6312e-01
  test : −ELBO=4.9751e+03  NLL=4.7819e+03  NLL_R=2.5527e+01  NLL_ω=4.7564e+03  MSE_R=1.3758e-03  MSE_ω=1.6511e-01
  sigma: σ_R=4.1860e-03  σ_ω=4.1569e-03  β=0.0000e+00
  PL   : train=1.8142e+02  test=1.9326e+02  σ_φ̄(train)=5.4794e-03  σ_φ̄(test)=4.6679e-03  σ_obs_ω=1.0000e-02  λ_PL=1.00
  KL   : M=2.105e+03  V=3.792e+02  Dw=2.069e+03  g=3.068e+03  sigma=3.417e+02  total=7.963e+03
  subnet MSE  M=1.278e+00  V=1.342e+01  Dw=4.339e-02  g=2.901e-01
[step   2450]
  train: −ELBO=4.2538e+03  NLL=4.0802e+03  NLL_R=1.9918e+01  NLL_ω=4.0603e+03  MSE_R=1.2869e-03  MSE_ω=1.5492e-01
  test : −ELBO=4.3249e+03  NLL=4.1428e+03  NLL_R=2.0501e+01  NLL_ω=4.1223e+03  MSE_R=1.3121e-03  MSE_ω=1.5763e-01
  sigma: σ_R=4.3860e-03  σ_ω=4.3605e-03  β=0.0000e+00
  PL   : train=1.7355e+02  test=1.8212e+02  σ_φ̄(train)=5.1635e-03  σ_φ̄(test)=4.4048e-03  σ_obs_ω=1.0000e-02  λ_PL=1.00
  KL   : M=2.109e+03  V=3.810e+02  Dw=2.072e+03  g=3.071e+03  sigma=3.419e+02  total=7.975e+03
  subnet MSE  M=1.304e+00  V=1.330e+01  Dw=4.027e-02  g=2.898e-01
[step   2500]
  train: −ELBO=3.4598e+03  NLL=3.2957e+03  NLL_R=1.3562e+01  NLL_ω=3.2821e+03  MSE_R=1.1644e-03  MSE_ω=1.4137e-01
  test : −ELBO=3.5445e+03  NLL=3.3738e+03  NLL_R=1.4261e+01  NLL_ω=3.3595e+03  MSE_R=1.1961e-03  MSE_ω=1.4489e-01
  sigma: σ_R=4.6506e-03  σ_ω=4.6313e-03  β=0.0000e+00
  PL   : train=1.6408e+02  test=1.7068e+02  σ_φ̄(train)=4.7117e-03  σ_φ̄(test)=4.0217e-03  σ_obs_ω=1.0000e-02  λ_PL=1.00
  KL   : M=2.114e+03  V=3.836e+02  Dw=2.076e+03  g=3.073e+03  sigma=3.419e+02  total=7.989e+03
  subnet MSE  M=1.354e+00  V=1.316e+01  Dw=3.247e-02  g=2.894e-01
[step   2550]
  train: −ELBO=2.9454e+03  NLL=2.7827e+03  NLL_R=9.6757e+00  NLL_ω=2.7730e+03  MSE_R=1.0999e-03  MSE_ω=1.3338e-01
  test : −ELBO=3.0456e+03  NLL=2.8763e+03  NLL_R=1.0486e+01  NLL_ω=2.8658e+03  MSE_R=1.1413e-03  MSE_ω=1.3815e-01
  sigma: σ_R=4.9035e-03  σ_ω=4.8923e-03  β=0.0000e+00
  PL   : train=1.6271e+02  test=1.6930e+02  σ_φ̄(train)=4.3635e-03  σ_φ̄(test)=3.7004e-03  σ_obs_ω=1.0000e-02  λ_PL=1.00
  KL   : M=2.118e+03  V=3.857e+02  Dw=2.079e+03  g=3.076e+03  sigma=3.420e+02  total=8.001e+03
  subnet MSE  M=1.375e+00  V=1.317e+01  Dw=3.173e-02  g=2.887e-01
[step   2600]
  train: −ELBO=2.6047e+03  NLL=2.4488e+03  NLL_R=7.1589e+00  NLL_ω=2.4416e+03  MSE_R=1.0691e-03  MSE_ω=1.2969e-01
  test : −ELBO=2.6884e+03  NLL=2.5243e+03  NLL_R=7.8034e+00  NLL_ω=2.5165e+03  MSE_R=1.1043e-03  MSE_ω=1.3380e-01
  sigma: σ_R=5.1426e-03  σ_ω=5.1398e-03  β=0.0000e+00
  PL   : train=1.5590e+02  test=1.6409e+02  σ_φ̄(train)=4.1058e-03  σ_φ̄(test)=3.4745e-03  σ_obs_ω=1.0000e-02  λ_PL=1.00
  KL   : M=2.122e+03  V=3.878e+02  Dw=2.083e+03  g=3.079e+03  sigma=3.420e+02  total=8.013e+03
  subnet MSE  M=1.376e+00  V=1.311e+01  Dw=3.116e-02  g=2.930e-01
[step   2650]
  train: −ELBO=2.3301e+03  NLL=2.1754e+03  NLL_R=5.0938e+00  NLL_ω=2.1703e+03  MSE_R=1.0327e-03  MSE_ω=1.2534e-01
  test : −ELBO=2.4388e+03  NLL=2.2753e+03  NLL_R=5.9462e+00  NLL_ω=2.2693e+03  MSE_R=1.0836e-03  MSE_ω=1.3130e-01
  sigma: σ_R=5.3519e-03  σ_ω=5.3577e-03  β=0.0000e+00
  PL   : train=1.5465e+02  test=1.6353e+02  σ_φ̄(train)=3.8067e-03  σ_φ̄(test)=3.2281e-03  σ_obs_ω=1.0000e-02  λ_PL=1.00
  KL   : M=2.125e+03  V=3.895e+02  Dw=2.085e+03  g=3.082e+03  sigma=3.421e+02  total=8.023e+03
  subnet MSE  M=1.396e+00  V=1.309e+01  Dw=3.161e-02  g=2.910e-01
[step   2700]
  train: −ELBO=1.9407e+03  NLL=1.7876e+03  NLL_R=2.2123e+00  NLL_ω=1.7854e+03  MSE_R=9.8771e-04  MSE_ω=1.1991e-01
  test : −ELBO=2.0491e+03  NLL=1.8880e+03  NLL_R=3.1014e+00  NLL_ω=1.8849e+03  MSE_R=1.0496e-03  MSE_ω=1.2697e-01
  sigma: σ_R=5.7512e-03  σ_ω=5.7744e-03  β=0.0000e+00
  PL   : train=1.5306e+02  test=1.6108e+02  σ_φ̄(train)=4.0705e-03  σ_φ̄(test)=3.4472e-03  σ_obs_ω=1.0000e-02  λ_PL=1.00
  KL   : M=2.130e+03  V=3.928e+02  Dw=2.091e+03  g=3.087e+03  sigma=3.420e+02  total=8.042e+03
  subnet MSE  M=1.437e+00  V=1.305e+01  Dw=3.176e-02  g=2.907e-01
[step   2750]
  train: −ELBO=1.6802e+03  NLL=1.5293e+03  NLL_R=4.1433e-01  NLL_ω=1.5289e+03  MSE_R=9.7134e-04  MSE_ω=1.1724e-01
  test : −ELBO=1.8002e+03  NLL=1.6393e+03  NLL_R=1.3154e+00  NLL_ω=1.6380e+03  MSE_R=1.0404e-03  MSE_ω=1.2575e-01
  sigma: σ_R=6.1256e-03  σ_ω=6.1668e-03  β=0.0000e+00
  PL   : train=1.5094e+02  test=1.6087e+02  σ_φ̄(train)=3.9194e-03  σ_φ̄(test)=3.2976e-03  σ_obs_ω=1.0000e-02  λ_PL=1.00
  KL   : M=2.134e+03  V=3.957e+02  Dw=2.096e+03  g=3.091e+03  sigma=3.421e+02  total=8.059e+03
  subnet MSE  M=1.446e+00  V=1.305e+01  Dw=3.244e-02  g=2.917e-01
[step   2800]
  train: −ELBO=1.4183e+03  NLL=1.2690e+03  NLL_R=-1.4790e+00  NLL_ω=1.2705e+03  MSE_R=9.3509e-04  MSE_ω=1.1286e-01
  test : −ELBO=1.5393e+03  NLL=1.3799e+03  NLL_R=-5.3901e-01  NLL_ω=1.3804e+03  MSE_R=1.0180e-03  MSE_ω=1.2280e-01
  sigma: σ_R=6.5671e-03  σ_ω=6.6325e-03  β=0.0000e+00
  PL   : train=1.4931e+02  test=1.5942e+02  σ_φ̄(train)=3.8992e-03  σ_φ̄(test)=3.2950e-03  σ_obs_ω=1.0000e-02  λ_PL=1.00
  KL   : M=2.140e+03  V=3.988e+02  Dw=2.103e+03  g=3.097e+03  sigma=3.421e+02  total=8.080e+03
  subnet MSE  M=1.483e+00  V=1.293e+01  Dw=3.245e-02  g=2.919e-01
[step   2850]
  train: −ELBO=1.2284e+03  NLL=1.0834e+03  NLL_R=-2.7651e+00  NLL_ω=1.0862e+03  MSE_R=9.2146e-04  MSE_ω=1.1112e-01
  test : −ELBO=1.3516e+03  NLL=1.1958e+03  NLL_R=-1.8184e+00  NLL_ω=1.1976e+03  MSE_R=1.0168e-03  MSE_ω=1.2271e-01
  sigma: σ_R=7.0174e-03  σ_ω=7.1125e-03  β=0.0000e+00
  PL   : train=1.4500e+02  test=1.5576e+02  σ_φ̄(train)=5.0003e-03  σ_φ̄(test)=4.2321e-03  σ_obs_ω=1.0000e-02  λ_PL=1.00
  KL   : M=2.145e+03  V=4.018e+02  Dw=2.110e+03  g=3.103e+03  sigma=3.420e+02  total=8.101e+03
  subnet MSE  M=1.493e+00  V=1.301e+01  Dw=3.225e-02  g=2.938e-01
[step   2900]
  train: −ELBO=1.0573e+03  NLL=9.1641e+02  NLL_R=-3.9374e+00  NLL_ω=9.2035e+02  MSE_R=8.8921e-04  MSE_ω=1.0719e-01
  test : −ELBO=1.1774e+03  NLL=1.0223e+03  NLL_R=-3.0337e+00  NLL_ω=1.0253e+03  MSE_R=9.9183e-04  MSE_ω=1.1960e-01
  sigma: σ_R=7.4535e-03  σ_ω=7.5824e-03  β=0.0000e+00
  PL   : train=1.4093e+02  test=1.5512e+02  σ_φ̄(train)=7.2485e-03  σ_φ̄(test)=6.2284e-03  σ_obs_ω=1.0000e-02  λ_PL=1.00
  KL   : M=2.149e+03  V=4.046e+02  Dw=2.117e+03  g=3.110e+03  sigma=3.419e+02  total=8.123e+03
  subnet MSE  M=1.529e+00  V=1.296e+01  Dw=3.236e-02  g=2.938e-01
[step   2950]
  train: −ELBO=8.8259e+02  NLL=7.5799e+02  NLL_R=-4.9614e+00  NLL_ω=7.6295e+02  MSE_R=8.8324e-04  MSE_ω=1.0640e-01
  test : −ELBO=9.9253e+02  NLL=8.5235e+02  NLL_R=-4.1453e+00  NLL_ω=8.5649e+02  MSE_R=9.9289e-04  MSE_ω=1.1965e-01
  sigma: σ_R=8.1012e-03  σ_ω=8.2874e-03  β=0.0000e+00
  PL   : train=1.2460e+02  test=1.4019e+02  σ_φ̄(train)=2.2426e-02  σ_φ̄(test)=1.9553e-02  σ_obs_ω=1.0000e-02  λ_PL=1.00
  KL   : M=2.156e+03  V=4.085e+02  Dw=2.128e+03  g=3.121e+03  sigma=3.422e+02  total=8.155e+03
  subnet MSE  M=1.553e+00  V=1.294e+01  Dw=3.263e-02  g=2.923e-01
[step   3000]
  train: −ELBO=7.5537e+02  NLL=6.5258e+02  NLL_R=-5.5941e+00  NLL_ω=6.5817e+02  MSE_R=8.8604e-04  MSE_ω=1.0653e-01
  test : −ELBO=8.6026e+02  NLL=7.4363e+02  NLL_R=-4.8102e+00  NLL_ω=7.4844e+02  MSE_R=1.0052e-03  MSE_ω=1.2111e-01
  sigma: σ_R=8.6708e-03  σ_ω=8.9190e-03  β=0.0000e+00
  PL   : train=1.0279e+02  test=1.1663e+02  σ_φ̄(train)=3.8449e-02  σ_φ̄(test)=3.5822e-02  σ_obs_ω=1.0000e-02  λ_PL=1.00
  KL   : M=2.162e+03  V=4.116e+02  Dw=2.137e+03  g=3.130e+03  sigma=3.446e+02  total=8.185e+03
  subnet MSE  M=1.549e+00  V=1.281e+01  Dw=3.333e-02  g=2.924e-01
[step   3050]
  train: −ELBO=6.3643e+02  NLL=5.4657e+02  NLL_R=-6.2395e+00  NLL_ω=5.5281e+02  MSE_R=8.7393e-04  MSE_ω=1.0507e-01
  test : −ELBO=7.3669e+02  NLL=6.3595e+02  NLL_R=-5.4621e+00  NLL_ω=6.4141e+02  MSE_R=1.0108e-03  MSE_ω=1.2189e-01
  sigma: σ_R=9.3201e-03  σ_ω=9.6513e-03  β=0.0000e+00
  PL   : train=8.9855e+01  test=1.0074e+02  σ_φ̄(train)=4.6341e-02  σ_φ̄(test)=4.4323e-02  σ_obs_ω=1.0000e-02  λ_PL=1.00
  KL   : M=2.168e+03  V=4.150e+02  Dw=2.148e+03  g=3.143e+03  sigma=3.504e+02  total=8.225e+03
  subnet MSE  M=1.577e+00  V=1.281e+01  Dw=3.311e-02  g=2.939e-01
[step   3100]
  train: −ELBO=5.5044e+02  NLL=4.7191e+02  NLL_R=-6.6431e+00  NLL_ω=4.7855e+02  MSE_R=8.7314e-04  MSE_ω=1.0469e-01
  test : −ELBO=6.5370e+02  NLL=5.6316e+02  NLL_R=-5.8380e+00  NLL_ω=5.6900e+02  MSE_R=1.0333e-03  MSE_ω=1.2440e-01
  sigma: σ_R=9.9144e-03  σ_ω=1.0341e-02  β=0.0000e+00
  PL   : train=7.8538e+01  test=9.0536e+01  σ_φ̄(train)=5.2922e-02  σ_φ̄(test)=5.0455e-02  σ_obs_ω=1.0000e-02  λ_PL=1.00
  KL   : M=2.175e+03  V=4.177e+02  Dw=2.157e+03  g=3.155e+03  sigma=3.563e+02  total=8.261e+03
  subnet MSE  M=1.511e+00  V=1.273e+01  Dw=3.342e-02  g=2.954e-01
[step   3150]
  train: −ELBO=4.8801e+02  NLL=4.1539e+02  NLL_R=-6.9435e+00  NLL_ω=4.2233e+02  MSE_R=8.6965e-04  MSE_ω=1.0435e-01
  test : −ELBO=5.8628e+02  NLL=5.0314e+02  NLL_R=-6.1590e+00  NLL_ω=5.0930e+02  MSE_R=1.0423e-03  MSE_ω=1.2559e-01
  sigma: σ_R=1.0447e-02  σ_ω=1.0976e-02  β=0.0000e+00
  PL   : train=7.2620e+01  test=8.3144e+01  σ_φ̄(train)=5.6927e-02  σ_φ̄(test)=5.5533e-02  σ_obs_ω=1.0000e-02  λ_PL=1.00
  KL   : M=2.181e+03  V=4.200e+02  Dw=2.166e+03  g=3.167e+03  sigma=3.615e+02  total=8.295e+03
  subnet MSE  M=1.482e+00  V=1.259e+01  Dw=3.300e-02  g=2.950e-01
[step   3200]
  train: −ELBO=4.2765e+02  NLL=3.6200e+02  NLL_R=-7.1941e+00  NLL_ω=3.6919e+02  MSE_R=8.7198e-04  MSE_ω=1.0466e-01
  test : −ELBO=5.1688e+02  NLL=4.4110e+02  NLL_R=-6.4707e+00  NLL_ω=4.4757e+02  MSE_R=1.0510e-03  MSE_ω=1.2667e-01
  sigma: σ_R=1.1065e-02  σ_ω=1.1739e-02  β=0.0000e+00
  PL   : train=6.5649e+01  test=7.5779e+01  σ_φ̄(train)=6.2360e-02  σ_φ̄(test)=6.1070e-02  σ_obs_ω=1.0000e-02  λ_PL=1.00
  KL   : M=2.189e+03  V=4.226e+02  Dw=2.176e+03  g=3.180e+03  sigma=3.671e+02  total=8.335e+03
  subnet MSE  M=1.460e+00  V=1.255e+01  Dw=3.308e-02  g=2.937e-01
[step   3250]
  train: −ELBO=3.6544e+02  NLL=3.0954e+02  NLL_R=-7.4096e+00  NLL_ω=3.1695e+02  MSE_R=8.7727e-04  MSE_ω=1.0505e-01
  test : −ELBO=4.5173e+02  NLL=3.8720e+02  NLL_R=-6.6854e+00  NLL_ω=3.9389e+02  MSE_R=1.0805e-03  MSE_ω=1.3019e-01
  sigma: σ_R=1.1792e-02  σ_ω=1.2668e-02  β=0.0000e+00
  PL   : train=5.5899e+01  test=6.4533e+01  σ_φ̄(train)=7.0533e-02  σ_φ̄(test)=6.9760e-02  σ_obs_ω=1.0000e-02  λ_PL=1.00
  KL   : M=2.199e+03  V=4.256e+02  Dw=2.188e+03  g=3.197e+03  sigma=3.731e+02  total=8.383e+03
  subnet MSE  M=1.386e+00  V=1.238e+01  Dw=3.261e-02  g=2.940e-01
[step   3300]
  train: −ELBO=3.2877e+02  NLL=2.7788e+02  NLL_R=-7.5338e+00  NLL_ω=2.8542e+02  MSE_R=8.7746e-04  MSE_ω=1.0504e-01
  test : −ELBO=4.1306e+02  NLL=3.5351e+02  NLL_R=-6.8161e+00  NLL_ω=3.6032e+02  MSE_R=1.0955e-03  MSE_ω=1.3204e-01
  sigma: σ_R=1.2283e-02  σ_ω=1.3329e-02  β=0.0000e+00
  PL   : train=5.0890e+01  test=5.9548e+01  σ_φ̄(train)=7.4645e-02  σ_φ̄(test)=7.3889e-02  σ_obs_ω=1.0000e-02  λ_PL=1.00
  KL   : M=2.207e+03  V=4.276e+02  Dw=2.197e+03  g=3.210e+03  sigma=3.769e+02  total=8.418e+03
  subnet MSE  M=1.319e+00  V=1.218e+01  Dw=3.241e-02  g=2.949e-01
[step   3350]
  train: −ELBO=2.8454e+02  NLL=2.3914e+02  NLL_R=-7.6606e+00  NLL_ω=2.4680e+02  MSE_R=8.8220e-04  MSE_ω=1.0553e-01
  test : −ELBO=3.6471e+02  NLL=3.0943e+02  NLL_R=-6.9677e+00  NLL_ω=3.1639e+02  MSE_R=1.1172e-03  MSE_ω=1.3441e-01
  sigma: σ_R=1.2994e-02  σ_ω=1.4335e-02  β=0.0000e+00
  PL   : train=4.5400e+01  test=5.5288e+01  σ_φ̄(train)=8.0368e-02  σ_φ̄(test)=7.8863e-02  σ_obs_ω=1.0000e-02  λ_PL=1.00
  KL   : M=2.220e+03  V=4.305e+02  Dw=2.210e+03  g=3.228e+03  sigma=3.821e+02  total=8.471e+03
  subnet MSE  M=1.196e+00  V=1.177e+01  Dw=3.176e-02  g=2.934e-01
[step   3400]
  train: −ELBO=2.4739e+02  NLL=2.0786e+02  NLL_R=-7.7492e+00  NLL_ω=2.1561e+02  MSE_R=8.8473e-04  MSE_ω=1.0571e-01
  test : −ELBO=3.2083e+02  NLL=2.7229e+02  NLL_R=-7.1048e+00  NLL_ω=2.7940e+02  MSE_R=1.1253e-03  MSE_ω=1.3594e-01
  sigma: σ_R=1.3636e-02  σ_ω=1.5314e-02  β=0.0000e+00
  PL   : train=3.9535e+01  test=4.8539e+01  σ_φ̄(train)=8.7556e-02  σ_φ̄(test)=8.5747e-02  σ_obs_ω=1.0000e-02  λ_PL=1.00
  KL   : M=2.236e+03  V=4.331e+02  Dw=2.222e+03  g=3.245e+03  sigma=3.864e+02  total=8.522e+03
  subnet MSE  M=9.894e-01  V=1.130e+01  Dw=3.044e-02  g=2.923e-01
[step   3450]
  train: −ELBO=2.1572e+02  NLL=1.8327e+02  NLL_R=-7.8086e+00  NLL_ω=1.9107e+02  MSE_R=8.8722e-04  MSE_ω=1.0642e-01
  test : −ELBO=2.8569e+02  NLL=2.4622e+02  NLL_R=-7.1369e+00  NLL_ω=2.5336e+02  MSE_R=1.1595e-03  MSE_ω=1.3971e-01
  sigma: σ_R=1.4219e-02  σ_ω=1.6283e-02  β=0.0000e+00
  PL   : train=3.2450e+01  test=3.9475e+01  σ_φ̄(train)=9.7886e-02  σ_φ̄(test)=9.7934e-02  σ_obs_ω=1.0000e-02  λ_PL=1.00
  KL   : M=2.251e+03  V=4.354e+02  Dw=2.233e+03  g=3.262e+03  sigma=3.901e+02  total=8.572e+03
  subnet MSE  M=8.091e-01  V=1.042e+01  Dw=2.836e-02  g=2.891e-01
[step   3500]
  train: −ELBO=1.9989e+02  NLL=1.6996e+02  NLL_R=-7.8372e+00  NLL_ω=1.7779e+02  MSE_R=8.8709e-04  MSE_ω=1.0641e-01
  test : −ELBO=2.6335e+02  NLL=2.2625e+02  NLL_R=-7.2215e+00  NLL_ω=2.3347e+02  MSE_R=1.1477e-03  MSE_ω=1.3828e-01
  sigma: σ_R=1.4533e-02  σ_ω=1.6855e-02  β=0.0000e+00
  PL   : train=2.9939e+01  test=3.7105e+01  σ_φ̄(train)=1.0216e-01  σ_φ̄(test)=1.0137e-01  σ_obs_ω=1.0000e-02  λ_PL=1.00
  KL   : M=2.263e+03  V=4.366e+02  Dw=2.239e+03  g=3.272e+03  sigma=3.920e+02  total=8.603e+03
  subnet MSE  M=6.824e-01  V=9.802e+00  Dw=2.688e-02  g=2.872e-01
[step   3550]
  train: −ELBO=1.8353e+02  NLL=1.5777e+02  NLL_R=-7.8505e+00  NLL_ω=1.6562e+02  MSE_R=8.9140e-04  MSE_ω=1.0661e-01
  test : −ELBO=2.4412e+02  NLL=2.1156e+02  NLL_R=-7.2521e+00  NLL_ω=2.1882e+02  MSE_R=1.1555e-03  MSE_ω=1.3928e-01
  sigma: σ_R=1.4838e-02  σ_ω=1.7452e-02  β=0.0000e+00
  PL   : train=2.5767e+01  test=3.2556e+01  σ_φ̄(train)=1.1045e-01  σ_φ̄(test)=1.0946e-01  σ_obs_ω=1.0000e-02  λ_PL=1.00
  KL   : M=2.276e+03  V=4.379e+02  Dw=2.245e+03  g=3.282e+03  sigma=3.937e+02  total=8.634e+03
  subnet MSE  M=5.562e-01  V=9.020e+00  Dw=2.551e-02  g=2.847e-01
[step   3600]
  train: −ELBO=1.5784e+02  NLL=1.3773e+02  NLL_R=-7.8915e+00  NLL_ω=1.4562e+02  MSE_R=8.8635e-04  MSE_ω=1.0620e-01
  test : −ELBO=2.1290e+02  NLL=1.8736e+02  NLL_R=-7.3029e+00  NLL_ω=1.9466e+02  MSE_R=1.1637e-03  MSE_ω=1.4012e-01
  sigma: σ_R=1.5336e-02  σ_ω=1.8519e-02  β=0.0000e+00
  PL   : train=2.0109e+01  test=2.5549e+01  σ_φ̄(train)=1.2399e-01  σ_φ̄(test)=1.2324e-01  σ_obs_ω=1.0000e-02  λ_PL=1.00
  KL   : M=2.301e+03  V=4.402e+02  Dw=2.254e+03  g=3.299e+03  sigma=3.966e+02  total=8.691e+03
  subnet MSE  M=3.495e-01  V=7.595e+00  Dw=2.231e-02  g=2.775e-01
[step   3650]
  train: −ELBO=1.3988e+02  NLL=1.2373e+02  NLL_R=-7.9157e+00  NLL_ω=1.3165e+02  MSE_R=8.8189e-04  MSE_ω=1.0570e-01
  test : −ELBO=1.9104e+02  NLL=1.7031e+02  NLL_R=-7.3401e+00  NLL_ω=1.7765e+02  MSE_R=1.1652e-03  MSE_ω=1.4054e-01
  sigma: σ_R=1.5677e-02  σ_ω=1.9380e-02  β=0.0000e+00
  PL   : train=1.6153e+01  test=2.0730e+01  σ_φ̄(train)=1.3546e-01  σ_φ̄(test)=1.3536e-01  σ_obs_ω=1.0000e-02  λ_PL=1.00
  KL   : M=2.324e+03  V=4.419e+02  Dw=2.261e+03  g=3.312e+03  sigma=3.984e+02  total=8.737e+03
  subnet MSE  M=2.401e-01  V=6.322e+00  Dw=2.064e-02  g=2.733e-01
[step   3700]
  train: −ELBO=1.2469e+02  NLL=1.1081e+02  NLL_R=-7.9396e+00  NLL_ω=1.1875e+02  MSE_R=8.7475e-04  MSE_ω=1.0500e-01
  test : −ELBO=1.7219e+02  NLL=1.5381e+02  NLL_R=-7.3760e+00  NLL_ω=1.6119e+02  MSE_R=1.1628e-03  MSE_ω=1.4018e-01
  sigma: σ_R=1.5977e-02  σ_ω=2.0277e-02  β=0.0000e+00
  PL   : train=1.3881e+01  test=1.8382e+01  σ_φ̄(train)=1.4348e-01  σ_φ̄(test)=1.4225e-01  σ_obs_ω=1.0000e-02  λ_PL=1.00
  KL   : M=2.347e+03  V=4.436e+02  Dw=2.269e+03  g=3.326e+03  sigma=4.001e+02  total=8.786e+03
  subnet MSE  M=1.642e-01  V=5.280e+00  Dw=1.882e-02  g=2.690e-01
[step   3750]
  train: −ELBO=1.0777e+02  NLL=9.7952e+01  NLL_R=-7.9476e+00  NLL_ω=1.0590e+02  MSE_R=8.7415e-04  MSE_ω=1.0501e-01
  test : −ELBO=1.5075e+02  NLL=1.3674e+02  NLL_R=-7.4004e+00  NLL_ω=1.4414e+02  MSE_R=1.1646e-03  MSE_ω=1.4038e-01
  sigma: σ_R=1.6284e-02  σ_ω=2.1398e-02  β=0.0000e+00
  PL   : train=9.8138e+00  test=1.4008e+01  σ_φ̄(train)=1.6173e-01  σ_φ̄(test)=1.5823e-01  σ_obs_ω=1.0000e-02  λ_PL=1.00
  KL   : M=2.376e+03  V=4.456e+02  Dw=2.279e+03  g=3.342e+03  sigma=4.018e+02  total=8.845e+03
  subnet MSE  M=1.045e-01  V=4.220e+00  Dw=1.758e-02  g=2.636e-01
[step   3800]
  train: −ELBO=9.5250e+01  NLL=8.6970e+01  NLL_R=-7.9526e+00  NLL_ω=9.4923e+01  MSE_R=8.7336e-04  MSE_ω=1.0497e-01
  test : −ELBO=1.3625e+02  NLL=1.2442e+02  NLL_R=-7.3844e+00  NLL_ω=1.3180e+02  MSE_R=1.1836e-03  MSE_ω=1.4265e-01
  sigma: σ_R=1.6517e-02  σ_ω=2.2514e-02  β=0.0000e+00
  PL   : train=8.2799e+00  test=1.1838e+01  σ_φ̄(train)=1.6992e-01  σ_φ̄(test)=1.6908e-01  σ_obs_ω=1.0000e-02  λ_PL=1.00
  KL   : M=2.402e+03  V=4.475e+02  Dw=2.290e+03  g=3.358e+03  sigma=4.035e+02  total=8.901e+03
  subnet MSE  M=7.945e-02  V=3.277e+00  Dw=1.699e-02  g=2.597e-01
[step   3850]
  train: −ELBO=8.3354e+01  NLL=7.6508e+01  NLL_R=-7.9664e+00  NLL_ω=8.4474e+01  MSE_R=8.6666e-04  MSE_ω=1.0428e-01
  test : −ELBO=1.1944e+02  NLL=1.0943e+02  NLL_R=-7.4248e+00  NLL_ω=1.1685e+02  MSE_R=1.1683e-03  MSE_ω=1.4089e-01
  sigma: σ_R=1.6686e-02  σ_ω=2.3685e-02  β=0.0000e+00
  PL   : train=6.8458e+00  test=1.0010e+01  σ_φ̄(train)=1.7768e-01  σ_φ̄(test)=1.7697e-01  σ_obs_ω=1.0000e-02  λ_PL=1.00
  KL   : M=2.428e+03  V=4.493e+02  Dw=2.301e+03  g=3.374e+03  sigma=4.051e+02  total=8.957e+03
  subnet MSE  M=4.813e-02  V=2.683e+00  Dw=1.616e-02  g=2.583e-01
[step   3900]
  train: −ELBO=7.4709e+01  NLL=6.9194e+01  NLL_R=-7.9719e+00  NLL_ω=7.7166e+01  MSE_R=8.6383e-04  MSE_ω=1.0372e-01
  test : −ELBO=1.0959e+02  NLL=1.0105e+02  NLL_R=-7.4151e+00  NLL_ω=1.0846e+02  MSE_R=1.1773e-03  MSE_ω=1.4191e-01
  sigma: σ_R=1.6774e-02  σ_ω=2.4625e-02  β=0.0000e+00
  PL   : train=5.5147e+00  test=8.5440e+00  σ_φ̄(train)=1.8835e-01  σ_φ̄(test)=1.8720e-01  σ_obs_ω=1.0000e-02  λ_PL=1.00
  KL   : M=2.446e+03  V=4.507e+02  Dw=2.310e+03  g=3.386e+03  sigma=4.062e+02  total=8.999e+03
  subnet MSE  M=4.067e-02  V=2.253e+00  Dw=1.628e-02  g=2.534e-01
[step   3950]
  train: −ELBO=6.6731e+01  NLL=6.2057e+01  NLL_R=-7.9752e+00  NLL_ω=7.0032e+01  MSE_R=8.6210e-04  MSE_ω=1.0324e-01
  test : −ELBO=9.8373e+01  NLL=9.0883e+01  NLL_R=-7.4337e+00  NLL_ω=9.8316e+01  MSE_R=1.1690e-03  MSE_ω=1.4092e-01
  sigma: σ_R=1.6834e-02  σ_ω=2.5682e-02  β=0.0000e+00
  PL   : train=4.6742e+00  test=7.4902e+00  σ_φ̄(train)=1.9475e-01  σ_φ̄(test)=1.9359e-01  σ_obs_ω=1.0000e-02  λ_PL=1.00
  KL   : M=2.465e+03  V=4.522e+02  Dw=2.320e+03  g=3.400e+03  sigma=4.073e+02  total=9.044e+03
  subnet MSE  M=3.055e-02  V=1.775e+00  Dw=1.651e-02  g=2.523e-01
[step   4000]
  train: −ELBO=5.6011e+01  NLL=5.2499e+01  NLL_R=-7.9969e+00  NLL_ω=6.0496e+01  MSE_R=8.4976e-04  MSE_ω=1.0183e-01
  test : −ELBO=8.5428e+01  NLL=7.9165e+01  NLL_R=-7.4340e+00  NLL_ω=8.6599e+01  MSE_R=1.1699e-03  MSE_ω=1.4101e-01
  sigma: σ_R=1.6863e-02  σ_ω=2.7254e-02  β=0.0000e+00
  PL   : train=3.5119e+00  test=6.2624e+00  σ_φ̄(train)=2.0396e-01  σ_φ̄(test)=2.0227e-01  σ_obs_ω=1.0000e-02  λ_PL=1.00
  KL   : M=2.491e+03  V=4.543e+02  Dw=2.336e+03  g=3.420e+03  sigma=4.088e+02  total=9.110e+03
  subnet MSE  M=1.941e-02  V=1.388e+00  Dw=1.752e-02  g=2.512e-01
[step   4050]
  train: −ELBO=4.6955e+01  NLL=4.4448e+01  NLL_R=-7.9962e+00  NLL_ω=5.2444e+01  MSE_R=8.5018e-04  MSE_ω=1.0174e-01
  test : −ELBO=7.3806e+01  NLL=6.8676e+01  NLL_R=-7.4168e+00  NLL_ω=7.6093e+01  MSE_R=1.1794e-03  MSE_ω=1.4208e-01
  sigma: σ_R=1.6856e-02  σ_ω=2.9043e-02  β=0.0000e+00
  PL   : train=2.5078e+00  test=5.1301e+00  σ_φ̄(train)=2.1470e-01  σ_φ̄(test)=2.1309e-01  σ_obs_ω=1.0000e-02  λ_PL=1.00
  KL   : M=2.518e+03  V=4.566e+02  Dw=2.355e+03  g=3.444e+03  sigma=4.103e+02  total=9.183e+03
  subnet MSE  M=1.274e-02  V=1.012e+00  Dw=1.822e-02  g=2.487e-01
[step   4100]
  train: −ELBO=3.6760e+01  NLL=3.5474e+01  NLL_R=-7.9984e+00  NLL_ω=4.3472e+01  MSE_R=8.4892e-04  MSE_ω=1.0145e-01
  test : −ELBO=6.0745e+01  NLL=5.7255e+01  NLL_R=-7.3894e+00  NLL_ω=6.4644e+01  MSE_R=1.1934e-03  MSE_ω=1.4387e-01
  sigma: σ_R=1.6817e-02  σ_ω=3.1510e-02  β=0.0000e+00
  PL   : train=1.2866e+00  test=3.4904e+00  σ_φ̄(train)=2.2912e-01  σ_φ̄(test)=2.2963e-01  σ_obs_ω=1.0000e-02  λ_PL=1.00
  KL   : M=2.552e+03  V=4.596e+02  Dw=2.382e+03  g=3.476e+03  sigma=4.125e+02  total=9.281e+03
  subnet MSE  M=8.040e-03  V=6.933e-01  Dw=2.086e-02  g=2.482e-01
[step   4150]
  train: −ELBO=2.9364e+01  NLL=2.8909e+01  NLL_R=-8.0029e+00  NLL_ω=3.6912e+01  MSE_R=8.4640e-04  MSE_ω=1.0128e-01
  test : −ELBO=5.0873e+01  NLL=4.8200e+01  NLL_R=-7.3800e+00  NLL_ω=5.5580e+01  MSE_R=1.1969e-03  MSE_ω=1.4430e-01
  sigma: σ_R=1.6775e-02  σ_ω=3.3804e-02  β=0.0000e+00
  PL   : train=4.5478e-01  test=2.6724e+00  σ_φ̄(train)=2.4184e-01  σ_φ̄(test)=2.4017e-01  σ_obs_ω=1.0000e-02  λ_PL=1.00
  KL   : M=2.579e+03  V=4.621e+02  Dw=2.406e+03  g=3.506e+03  sigma=4.144e+02  total=9.368e+03
  subnet MSE  M=5.592e-03  V=5.233e-01  Dw=2.225e-02  g=2.472e-01
[step   4200]
  train: −ELBO=2.4076e+01  NLL=2.3895e+01  NLL_R=-8.0012e+00  NLL_ω=3.1897e+01  MSE_R=8.4736e-04  MSE_ω=1.0149e-01
  test : −ELBO=4.3714e+01  NLL=4.1352e+01  NLL_R=-7.3640e+00  NLL_ω=4.8716e+01  MSE_R=1.2067e-03  MSE_ω=1.4545e-01
  sigma: σ_R=1.6791e-02  σ_ω=3.6021e-02  β=0.0000e+00
  PL   : train=1.8108e-01  test=2.3625e+00  σ_φ̄(train)=2.4483e-01  σ_φ̄(test)=2.4352e-01  σ_obs_ω=1.0000e-02  λ_PL=1.00
  KL   : M=2.603e+03  V=4.645e+02  Dw=2.430e+03  g=3.534e+03  sigma=4.161e+02  total=9.448e+03
  subnet MSE  M=4.268e-03  V=3.754e-01  Dw=2.490e-02  g=2.507e-01
[step   4250]
  train: −ELBO=1.9406e+01  NLL=1.9764e+01  NLL_R=-8.0017e+00  NLL_ω=2.7765e+01  MSE_R=8.4707e-04  MSE_ω=1.0141e-01
  test : −ELBO=3.7992e+01  NLL=3.6277e+01  NLL_R=-7.3295e+00  NLL_ω=4.3606e+01  MSE_R=1.2268e-03  MSE_ω=1.4794e-01
  sigma: σ_R=1.6806e-02  σ_ω=3.8169e-02  β=0.0000e+00
  PL   : train=-3.5790e-01  test=1.7153e+00  σ_φ̄(train)=2.5434e-01  σ_φ̄(test)=2.5318e-01  σ_obs_ω=1.0000e-02  λ_PL=1.00
  KL   : M=2.624e+03  V=4.668e+02  Dw=2.452e+03  g=3.562e+03  sigma=4.177e+02  total=9.524e+03
  subnet MSE  M=3.360e-03  V=3.127e-01  Dw=2.704e-02  g=2.500e-01
[step   4300]
  train: −ELBO=1.4654e+01  NLL=1.5510e+01  NLL_R=-8.0021e+00  NLL_ω=2.3512e+01  MSE_R=8.4686e-04  MSE_ω=1.0120e-01
  test : −ELBO=3.1761e+01  NLL=3.0624e+01  NLL_R=-7.3033e+00  NLL_ω=3.7928e+01  MSE_R=1.2411e-03  MSE_ω=1.4959e-01
  sigma: σ_R=1.6797e-02  σ_ω=4.0831e-02  β=0.0000e+00
  PL   : train=-8.5533e-01  test=1.1365e+00  σ_φ̄(train)=2.6506e-01  σ_φ̄(test)=2.6401e-01  σ_obs_ω=1.0000e-02  λ_PL=1.00
  KL   : M=2.649e+03  V=4.696e+02  Dw=2.480e+03  g=3.597e+03  sigma=4.196e+02  total=9.615e+03
  subnet MSE  M=2.571e-03  V=2.160e-01  Dw=3.001e-02  g=2.492e-01
[step   4350]
  train: −ELBO=1.1275e+01  NLL=1.2504e+01  NLL_R=-7.9918e+00  NLL_ω=2.0496e+01  MSE_R=8.5266e-04  MSE_ω=1.0160e-01
  test : −ELBO=2.6952e+01  NLL=2.6218e+01  NLL_R=-7.2945e+00  NLL_ω=3.3512e+01  MSE_R=1.2466e-03  MSE_ω=1.5054e-01
  sigma: σ_R=1.6809e-02  σ_ω=4.3246e-02  β=0.0000e+00
  PL   : train=-1.2285e+00  test=7.3415e-01  σ_φ̄(train)=2.7276e-01  σ_φ̄(test)=2.7121e-01  σ_obs_ω=1.0000e-02  λ_PL=1.00
  KL   : M=2.669e+03  V=4.720e+02  Dw=2.505e+03  g=3.629e+03  sigma=4.213e+02  total=9.696e+03
  subnet MSE  M=2.158e-03  V=1.804e-01  Dw=3.238e-02  g=2.510e-01
[step   4400]
  train: −ELBO=8.1576e+00  NLL=9.7196e+00  NLL_R=-8.0111e+00  NLL_ω=1.7731e+01  MSE_R=8.4177e-04  MSE_ω=1.0094e-01
  test : −ELBO=2.3118e+01  NLL=2.2745e+01  NLL_R=-7.2683e+00  NLL_ω=3.0014e+01  MSE_R=1.2608e-03  MSE_ω=1.5239e-01
  sigma: σ_R=1.6795e-02  σ_ω=4.5634e-02  β=0.0000e+00
  PL   : train=-1.5620e+00  test=3.7277e-01  σ_φ̄(train)=2.8058e-01  σ_φ̄(test)=2.7851e-01  σ_obs_ω=1.0000e-02  λ_PL=1.00
  KL   : M=2.688e+03  V=4.743e+02  Dw=2.530e+03  g=3.660e+03  sigma=4.228e+02  total=9.774e+03
  subnet MSE  M=1.808e-03  V=1.373e-01  Dw=3.512e-02  g=2.504e-01
[step   4450]
  train: −ELBO=5.4422e+00  NLL=7.2241e+00  NLL_R=-8.0134e+00  NLL_ω=1.5238e+01  MSE_R=8.4046e-04  MSE_ω=1.0082e-01
  test : −ELBO=1.9436e+01  NLL=1.9309e+01  NLL_R=-7.2465e+00  NLL_ω=2.6555e+01  MSE_R=1.2728e-03  MSE_ω=1.5401e-01
  sigma: σ_R=1.6789e-02  σ_ω=4.8345e-02  β=0.0000e+00
  PL   : train=-1.7819e+00  test=1.2737e-01  σ_φ̄(train)=2.8521e-01  σ_φ̄(test)=2.8369e-01  σ_obs_ω=1.0000e-02  λ_PL=1.00
  KL   : M=2.708e+03  V=4.769e+02  Dw=2.557e+03  g=3.695e+03  sigma=4.246e+02  total=9.861e+03
  subnet MSE  M=1.521e-03  V=1.143e-01  Dw=3.758e-02  g=2.533e-01
[step   4500]
  train: −ELBO=3.1959e+00  NLL=5.2790e+00  NLL_R=-8.0007e+00  NLL_ω=1.3280e+01  MSE_R=8.4764e-04  MSE_ω=1.0139e-01
  test : −ELBO=1.6139e+01  NLL=1.6354e+01  NLL_R=-7.2283e+00  NLL_ω=2.3582e+01  MSE_R=1.2841e-03  MSE_ω=1.5530e-01
  sigma: σ_R=1.6807e-02  σ_ω=5.1058e-02  β=0.0000e+00
  PL   : train=-2.0830e+00  test=-2.1455e-01  σ_φ̄(train)=2.9353e-01  σ_φ̄(test)=2.9177e-01  σ_obs_ω=1.0000e-02  λ_PL=1.00
  KL   : M=2.727e+03  V=4.795e+02  Dw=2.585e+03  g=3.730e+03  sigma=4.265e+02  total=9.947e+03
  subnet MSE  M=1.381e-03  V=9.381e-02  Dw=4.065e-02  g=2.547e-01
[step   4550]
  train: −ELBO=2.0270e+00  NLL=4.2546e+00  NLL_R=-7.9971e+00  NLL_ω=1.2252e+01  MSE_R=8.4968e-04  MSE_ω=1.0158e-01
  test : −ELBO=1.4626e+01  NLL=1.5058e+01  NLL_R=-7.1938e+00  NLL_ω=2.2251e+01  MSE_R=1.3038e-03  MSE_ω=1.5732e-01
  sigma: σ_R=1.6813e-02  σ_ω=5.2642e-02  β=0.0000e+00
  PL   : train=-2.2276e+00  test=-4.3183e-01  σ_φ̄(train)=2.9776e-01  σ_φ̄(test)=2.9748e-01  σ_obs_ω=1.0000e-02  λ_PL=1.00
  KL   : M=2.737e+03  V=4.809e+02  Dw=2.600e+03  g=3.750e+03  sigma=4.275e+02  total=9.996e+03
  subnet MSE  M=1.308e-03  V=8.967e-02  Dw=4.249e-02  g=2.560e-01
[step   4600]
  train: −ELBO=-1.1721e-01  NLL=2.3504e+00  NLL_R=-7.9905e+00  NLL_ω=1.0341e+01  MSE_R=8.5338e-04  MSE_ω=1.0178e-01
  test : −ELBO=1.1422e+01  NLL=1.2061e+01  NLL_R=-7.1853e+00  NLL_ω=1.9246e+01  MSE_R=1.3078e-03  MSE_ω=1.5798e-01
  sigma: σ_R=1.6797e-02  σ_ω=5.5994e-02  β=0.0000e+00
  PL   : train=-2.4677e+00  test=-6.3855e-01  σ_φ̄(train)=3.0554e-01  σ_φ̄(test)=3.0324e-01  σ_obs_ω=1.0000e-02  λ_PL=1.00
  KL   : M=2.759e+03  V=4.841e+02  Dw=2.634e+03  g=3.793e+03  sigma=4.298e+02  total=1.010e+04
  subnet MSE  M=1.144e-03  V=6.543e-02  Dw=4.627e-02  g=2.575e-01
[step   4650]
  train: −ELBO=-1.7784e+00  NLL=9.0731e-01  NLL_R=-7.9970e+00  NLL_ω=8.9044e+00  MSE_R=8.4970e-04  MSE_ω=1.0170e-01
  test : −ELBO=9.3265e+00  NLL=1.0204e+01  NLL_R=-7.1406e+00  NLL_ω=1.7345e+01  MSE_R=1.3340e-03  MSE_ω=1.6076e-01
  sigma: σ_R=1.6817e-02  σ_ω=5.8932e-02  β=0.0000e+00
  PL   : train=-2.6857e+00  test=-8.7784e-01  σ_φ̄(train)=3.1142e-01  σ_φ̄(test)=3.0984e-01  σ_obs_ω=1.0000e-02  λ_PL=1.00
  KL   : M=2.776e+03  V=4.867e+02  Dw=2.664e+03  g=3.831e+03  sigma=4.318e+02  total=1.019e+04
  subnet MSE  M=1.075e-03  V=5.894e-02  Dw=5.032e-02  g=2.607e-01
[step   4700]
  train: −ELBO=-3.6015e+00  NLL=-7.7002e-01  NLL_R=-8.0028e+00  NLL_ω=7.2328e+00  MSE_R=8.4644e-04  MSE_ω=1.0090e-01
  test : −ELBO=7.0348e+00  NLL=8.0499e+00  NLL_R=-7.1085e+00  NLL_ω=1.5158e+01  MSE_R=1.3525e-03  MSE_ω=1.6391e-01
  sigma: σ_R=1.6821e-02  σ_ω=6.2836e-02  β=0.0000e+00
  PL   : train=-2.8315e+00  test=-1.0151e+00  σ_φ̄(train)=3.1672e-01  σ_φ̄(test)=3.1574e-01  σ_obs_ω=1.0000e-02  λ_PL=1.00
  KL   : M=2.799e+03  V=4.903e+02  Dw=2.703e+03  g=3.882e+03  sigma=4.346e+02  total=1.031e+04
  subnet MSE  M=1.012e-03  V=4.828e-02  Dw=5.571e-02  g=2.623e-01
[step   4750]
  train: −ELBO=-4.9170e+00  NLL=-1.8718e+00  NLL_R=-8.0097e+00  NLL_ω=6.1380e+00  MSE_R=8.4252e-04  MSE_ω=1.0066e-01
  test : −ELBO=5.3843e+00  NLL=6.6370e+00  NLL_R=-7.0542e+00  NLL_ω=1.3691e+01  MSE_R=1.3825e-03  MSE_ω=1.6692e-01
  sigma: σ_R=1.6810e-02  σ_ω=6.6060e-02  β=0.0000e+00
  PL   : train=-3.0453e+00  test=-1.2527e+00  σ_φ̄(train)=3.2427e-01  σ_φ̄(test)=3.2377e-01  σ_obs_ω=1.0000e-02  λ_PL=1.00
  KL   : M=2.817e+03  V=4.932e+02  Dw=2.736e+03  g=3.924e+03  sigma=4.371e+02  total=1.041e+04
  subnet MSE  M=9.847e-04  V=4.475e-02  Dw=5.970e-02  g=2.654e-01
[step   4800]
  train: −ELBO=-6.2797e+00  NLL=-3.0297e+00  NLL_R=-8.0081e+00  NLL_ω=4.9784e+00  MSE_R=8.4343e-04  MSE_ω=1.0103e-01
  test : −ELBO=3.4821e+00  NLL=4.9057e+00  NLL_R=-7.0118e+00  NLL_ω=1.1918e+01  MSE_R=1.4062e-03  MSE_ω=1.7012e-01
  sigma: σ_R=1.6804e-02  σ_ω=7.0440e-02  β=0.0000e+00
  PL   : train=-3.2500e+00  test=-1.4236e+00  σ_φ̄(train)=3.3239e-01  σ_φ̄(test)=3.3069e-01  σ_obs_ω=1.0000e-02  λ_PL=1.00
  KL   : M=2.840e+03  V=4.972e+02  Dw=2.781e+03  g=3.982e+03  sigma=4.404e+02  total=1.054e+04
  subnet MSE  M=9.454e-04  V=3.723e-02  Dw=6.598e-02  g=2.701e-01
[step   4850]
  train: −ELBO=-7.1321e+00  NLL=-3.7005e+00  NLL_R=-7.9926e+00  NLL_ω=4.2920e+00  MSE_R=8.5225e-04  MSE_ω=1.0212e-01
  test : −ELBO=2.1169e+00  NLL=3.7193e+00  NLL_R=-6.9841e+00  NLL_ω=1.0703e+01  MSE_R=1.4252e-03  MSE_ω=1.7245e-01
  sigma: σ_R=1.6851e-02  σ_ω=7.3896e-02  β=0.0000e+00
  PL   : train=-3.4316e+00  test=-1.6025e+00  σ_φ̄(train)=3.4053e-01  σ_φ̄(test)=3.3807e-01  σ_obs_ω=1.0000e-02  λ_PL=1.00
  KL   : M=2.858e+03  V=5.002e+02  Dw=2.816e+03  g=4.029e+03  sigma=4.431e+02  total=1.065e+04
  subnet MSE  M=9.211e-04  V=3.766e-02  Dw=7.235e-02  g=2.725e-01
[step   4900]
  train: −ELBO=-8.1383e+00  NLL=-4.6579e+00  NLL_R=-8.0047e+00  NLL_ω=3.3469e+00  MSE_R=8.4535e-04  MSE_ω=1.0116e-01
  test : −ELBO=7.8360e-01  NLL=2.3904e+00  NLL_R=-6.9338e+00  NLL_ω=9.3242e+00  MSE_R=1.4500e-03  MSE_ω=1.7501e-01
  sigma: σ_R=1.6802e-02  σ_ω=7.8406e-02  β=0.0000e+00
  PL   : train=-3.4804e+00  test=-1.6068e+00  σ_φ̄(train)=3.4131e-01  σ_φ̄(test)=3.4014e-01  σ_obs_ω=1.0000e-02  λ_PL=1.00
  KL   : M=2.880e+03  V=5.040e+02  Dw=2.861e+03  g=4.089e+03  sigma=4.466e+02  total=1.078e+04
  subnet MSE  M=9.280e-04  V=3.593e-02  Dw=7.635e-02  g=2.758e-01
[step   4950]
  train: −ELBO=-8.7437e+00  NLL=-5.1647e+00  NLL_R=-7.9955e+00  NLL_ω=2.8308e+00  MSE_R=8.5060e-04  MSE_ω=1.0178e-01
  test : −ELBO=-1.9436e-02  NLL=1.6466e+00  NLL_R=-6.8824e+00  NLL_ω=8.5289e+00  MSE_R=1.4802e-03  MSE_ω=1.7868e-01
  sigma: σ_R=1.6813e-02  σ_ω=8.1944e-02  β=0.0000e+00
  PL   : train=-3.5790e+00  test=-1.6660e+00  σ_φ̄(train)=3.4561e-01  σ_φ̄(test)=3.4413e-01  σ_obs_ω=1.0000e-02  λ_PL=1.00
  KL   : M=2.896e+03  V=5.070e+02  Dw=2.896e+03  g=4.136e+03  sigma=4.495e+02  total=1.088e+04
  subnet MSE  M=9.166e-04  V=3.499e-02  Dw=8.088e-02  g=2.781e-01
[step   5000]
  train: −ELBO=-9.5506e+00  NLL=-5.8521e+00  NLL_R=-7.9971e+00  NLL_ω=2.1451e+00  MSE_R=8.4964e-04  MSE_ω=1.0163e-01
  test : −ELBO=-1.1972e+00  NLL=5.1814e-01  NLL_R=-6.8622e+00  NLL_ω=7.3804e+00  MSE_R=1.4954e-03  MSE_ω=1.8133e-01
  sigma: σ_R=1.6860e-02  σ_ω=8.6996e-02  β=0.0000e+00
  PL   : train=-3.6985e+00  test=-1.7153e+00  σ_φ̄(train)=3.5120e-01  σ_φ̄(test)=3.4806e-01  σ_obs_ω=1.0000e-02  λ_PL=1.00
  KL   : M=2.919e+03  V=5.113e+02  Dw=2.945e+03  g=4.202e+03  sigma=4.536e+02  total=1.103e+04
  subnet MSE  M=9.226e-04  V=3.510e-02  Dw=8.572e-02  g=2.817e-01
[step   5050]
  train: −ELBO=-1.0120e+01  NLL=-6.2872e+00  NLL_R=-7.9933e+00  NLL_ω=1.7061e+00  MSE_R=8.5180e-04  MSE_ω=1.0216e-01
  test : −ELBO=-1.8962e+00  NLL=-6.2078e-02  NLL_R=-6.7846e+00  NLL_ω=6.7225e+00  MSE_R=1.5421e-03  MSE_ω=1.8612e-01
  sigma: σ_R=1.6900e-02  σ_ω=9.1278e-02  β=0.0000e+00
  PL   : train=-3.8330e+00  test=-1.8341e+00  σ_φ̄(train)=3.5864e-01  σ_φ̄(test)=3.5489e-01  σ_obs_ω=1.0000e-02  λ_PL=1.00
  KL   : M=2.938e+03  V=5.149e+02  Dw=2.986e+03  g=4.259e+03  sigma=4.570e+02  total=1.116e+04
  subnet MSE  M=9.254e-04  V=3.444e-02  Dw=9.015e-02  g=2.859e-01
[step   5100]
  train: −ELBO=-1.0619e+01  NLL=-6.7345e+00  NLL_R=-7.9984e+00  NLL_ω=1.2639e+00  MSE_R=8.4892e-04  MSE_ω=1.0161e-01
  test : −ELBO=-2.5799e+00  NLL=-7.4806e-01  NLL_R=-6.7532e+00  NLL_ω=6.0051e+00  MSE_R=1.5561e-03  MSE_ω=1.8872e-01
  sigma: σ_R=1.6850e-02  σ_ω=9.5707e-02  β=0.0000e+00
  PL   : train=-3.8845e+00  test=-1.8319e+00  σ_φ̄(train)=3.5959e-01  σ_φ̄(test)=3.5688e-01  σ_obs_ω=1.0000e-02  λ_PL=1.00
  KL   : M=2.958e+03  V=5.185e+02  Dw=3.029e+03  g=4.317e+03  sigma=4.606e+02  total=1.128e+04
  subnet MSE  M=9.431e-04  V=3.565e-02  Dw=9.601e-02  g=2.892e-01
[step   5150]
  train: −ELBO=-1.0916e+01  NLL=-6.9518e+00  NLL_R=-7.9819e+00  NLL_ω=1.0301e+00  MSE_R=8.5832e-04  MSE_ω=1.0248e-01
  test : −ELBO=-3.0373e+00  NLL=-1.1516e+00  NLL_R=-6.7120e+00  NLL_ω=5.5604e+00  MSE_R=1.5825e-03  MSE_ω=1.9184e-01
  sigma: σ_R=1.6883e-02  σ_ω=9.9225e-02  β=0.0000e+00
  PL   : train=-3.9645e+00  test=-1.8856e+00  σ_φ̄(train)=3.6508e-01  σ_φ̄(test)=3.6154e-01  σ_obs_ω=1.0000e-02  λ_PL=1.00
  KL   : M=2.973e+03  V=5.215e+02  Dw=3.062e+03  g=4.362e+03  sigma=4.637e+02  total=1.138e+04
  subnet MSE  M=9.687e-04  V=3.566e-02  Dw=1.014e-01  g=2.908e-01
[step   5200]
  train: −ELBO=-1.1309e+01  NLL=-7.2609e+00  NLL_R=-7.9898e+00  NLL_ω=7.2890e-01  MSE_R=8.5380e-04  MSE_ω=1.0258e-01
  test : −ELBO=-3.6033e+00  NLL=-1.6294e+00  NLL_R=-6.6665e+00  NLL_ω=5.0372e+00  MSE_R=1.6114e-03  MSE_ω=1.9549e-01
  sigma: σ_R=1.6927e-02  σ_ω=1.0368e-01  β=0.0000e+00
  PL   : train=-4.0477e+00  test=-1.9739e+00  σ_φ̄(train)=3.7027e-01  σ_φ̄(test)=3.6786e-01  σ_obs_ω=1.0000e-02  λ_PL=1.00
  KL   : M=2.992e+03  V=5.253e+02  Dw=3.105e+03  g=4.420e+03  sigma=4.675e+02  total=1.151e+04
  subnet MSE  M=9.833e-04  V=3.708e-02  Dw=1.069e-01  g=2.937e-01
[step   5250]
  train: −ELBO=-1.1548e+01  NLL=-7.4782e+00  NLL_R=-7.9902e+00  NLL_ω=5.1200e-01  MSE_R=8.5357e-04  MSE_ω=1.0246e-01
  test : −ELBO=-3.8770e+00  NLL=-1.9524e+00  NLL_R=-6.6216e+00  NLL_ω=4.6692e+00  MSE_R=1.6343e-03  MSE_ω=1.9830e-01
  sigma: σ_R=1.6892e-02  σ_ω=1.0727e-01  β=0.0000e+00
  PL   : train=-4.0696e+00  test=-1.9246e+00  σ_φ̄(train)=3.7085e-01  σ_φ̄(test)=3.6802e-01  σ_obs_ω=1.0000e-02  λ_PL=1.00
  KL   : M=3.007e+03  V=5.284e+02  Dw=3.140e+03  g=4.467e+03  sigma=4.707e+02  total=1.161e+04
  subnet MSE  M=9.935e-04  V=3.554e-02  Dw=1.122e-01  g=2.956e-01
[step   5300]
  train: −ELBO=-1.1770e+01  NLL=-7.6412e+00  NLL_R=-7.9809e+00  NLL_ω=3.3965e-01  MSE_R=8.5891e-04  MSE_ω=1.0293e-01
  test : −ELBO=-4.3039e+00  NLL=-2.3373e+00  NLL_R=-6.6023e+00  NLL_ω=4.2650e+00  MSE_R=1.6483e-03  MSE_ω=2.0002e-01
  sigma: σ_R=1.6929e-02  σ_ω=1.1099e-01  β=0.0000e+00
  PL   : train=-4.1288e+00  test=-1.9666e+00  σ_φ̄(train)=3.7477e-01  σ_φ̄(test)=3.7107e-01  σ_obs_ω=1.0000e-02  λ_PL=1.00
  KL   : M=3.023e+03  V=5.315e+02  Dw=3.176e+03  g=4.515e+03  sigma=4.739e+02  total=1.172e+04
  subnet MSE  M=1.043e-03  V=3.772e-02  Dw=1.158e-01  g=2.971e-01
[step   5350]
  train: −ELBO=-1.2031e+01  NLL=-7.8613e+00  NLL_R=-7.9816e+00  NLL_ω=1.2028e-01  MSE_R=8.5849e-04  MSE_ω=1.0294e-01
  test : −ELBO=-4.7341e+00  NLL=-2.7677e+00  NLL_R=-6.5691e+00  NLL_ω=3.8014e+00  MSE_R=1.6668e-03  MSE_ω=2.0215e-01
  sigma: σ_R=1.6915e-02  σ_ω=1.1597e-01  β=0.0000e+00
  PL   : train=-4.1701e+00  test=-1.9664e+00  σ_φ̄(train)=3.7780e-01  σ_φ̄(test)=3.7489e-01  σ_obs_ω=1.0000e-02  λ_PL=1.00
  KL   : M=3.043e+03  V=5.360e+02  Dw=3.224e+03  g=4.580e+03  sigma=4.783e+02  total=1.186e+04
  subnet MSE  M=1.066e-03  V=4.542e-02  Dw=1.172e-01  g=3.006e-01
[step   5400]
  train: −ELBO=-1.2277e+01  NLL=-8.0492e+00  NLL_R=-7.9860e+00  NLL_ω=-6.3146e-02  MSE_R=8.5597e-04  MSE_ω=1.0269e-01
  test : −ELBO=-4.9407e+00  NLL=-3.0120e+00  NLL_R=-6.4965e+00  NLL_ω=3.4845e+00  MSE_R=1.7063e-03  MSE_ω=2.0634e-01
  sigma: σ_R=1.6886e-02  σ_ω=1.2073e-01  β=0.0000e+00
  PL   : train=-4.2279e+00  test=-1.9287e+00  σ_φ̄(train)=3.8010e-01  σ_φ̄(test)=3.7482e-01  σ_obs_ω=1.0000e-02  λ_PL=1.00
  KL   : M=3.063e+03  V=5.404e+02  Dw=3.271e+03  g=4.642e+03  sigma=4.827e+02  total=1.200e+04
  subnet MSE  M=1.106e-03  V=3.794e-02  Dw=1.300e-01  g=3.019e-01
[step   5450]
  train: −ELBO=-1.2476e+01  NLL=-8.1790e+00  NLL_R=-7.9855e+00  NLL_ω=-1.9344e-01  MSE_R=8.5624e-04  MSE_ω=1.0296e-01
  test : −ELBO=-5.2398e+00  NLL=-3.2603e+00  NLL_R=-6.4589e+00  NLL_ω=3.1986e+00  MSE_R=1.7275e-03  MSE_ω=2.0954e-01
  sigma: σ_R=1.6896e-02  σ_ω=1.2523e-01  β=0.0000e+00
  PL   : train=-4.2966e+00  test=-1.9795e+00  σ_φ̄(train)=3.8478e-01  σ_φ̄(test)=3.8013e-01  σ_obs_ω=1.0000e-02  λ_PL=1.00
  KL   : M=3.082e+03  V=5.445e+02  Dw=3.315e+03  g=4.701e+03  sigma=4.869e+02  total=1.213e+04
  subnet MSE  M=1.131e-03  V=4.035e-02  Dw=1.365e-01  g=3.063e-01
[step   5500]
  train: −ELBO=-1.2621e+01  NLL=-8.2829e+00  NLL_R=-7.9789e+00  NLL_ω=-3.0392e-01  MSE_R=8.6001e-04  MSE_ω=1.0336e-01
  test : −ELBO=-5.3650e+00  NLL=-3.4376e+00  NLL_R=-6.3983e+00  NLL_ω=2.9607e+00  MSE_R=1.7647e-03  MSE_ω=2.1375e-01
  sigma: σ_R=1.6905e-02  σ_ω=1.2991e-01  β=0.0000e+00
  PL   : train=-4.3385e+00  test=-1.9274e+00  σ_φ̄(train)=3.8607e-01  σ_φ̄(test)=3.8046e-01  σ_obs_ω=1.0000e-02  λ_PL=1.00
  KL   : M=3.102e+03  V=5.489e+02  Dw=3.362e+03  g=4.765e+03  sigma=4.918e+02  total=1.227e+04
  subnet MSE  M=1.155e-03  V=3.985e-02  Dw=1.442e-01  g=3.091e-01
[step   5550]
  train: −ELBO=-1.2744e+01  NLL=-8.3864e+00  NLL_R=-7.9804e+00  NLL_ω=-4.0603e-01  MSE_R=8.5917e-04  MSE_ω=1.0326e-01
  test : −ELBO=-5.4756e+00  NLL=-3.5839e+00  NLL_R=-6.3427e+00  NLL_ω=2.7589e+00  MSE_R=1.7960e-03  MSE_ω=2.1773e-01
  sigma: σ_R=1.6909e-02  σ_ω=1.3442e-01  β=0.0000e+00
  PL   : train=-4.3573e+00  test=-1.8918e+00  σ_φ̄(train)=3.8812e-01  σ_φ̄(test)=3.8316e-01  σ_obs_ω=1.0000e-02  λ_PL=1.00
  KL   : M=3.121e+03  V=5.534e+02  Dw=3.410e+03  g=4.829e+03  sigma=4.965e+02  total=1.241e+04
  subnet MSE  M=1.198e-03  V=3.942e-02  Dw=1.524e-01  g=3.115e-01
[step   5600]
  train: −ELBO=-1.2831e+01  NLL=-8.4421e+00  NLL_R=-7.9811e+00  NLL_ω=-4.6102e-01  MSE_R=8.5876e-04  MSE_ω=1.0303e-01
  test : −ELBO=-5.6316e+00  NLL=-3.7851e+00  NLL_R=-6.3548e+00  NLL_ω=2.5697e+00  MSE_R=1.7859e-03  MSE_ω=2.1685e-01
  sigma: σ_R=1.6880e-02  σ_ω=1.3695e-01  β=0.0000e+00
  PL   : train=-4.3891e+00  test=-1.8466e+00  σ_φ̄(train)=3.8829e-01  σ_φ̄(test)=3.8103e-01  σ_obs_ω=1.0000e-02  λ_PL=1.00
  KL   : M=3.132e+03  V=5.560e+02  Dw=3.437e+03  g=4.866e+03  sigma=4.994e+02  total=1.249e+04
  subnet MSE  M=1.231e-03  V=4.281e-02  Dw=1.568e-01  g=3.129e-01
[step   5650]
  train: −ELBO=-1.2894e+01  NLL=-8.4784e+00  NLL_R=-7.9745e+00  NLL_ω=-5.0397e-01  MSE_R=8.6258e-04  MSE_ω=1.0337e-01
  test : −ELBO=-5.7509e+00  NLL=-3.8346e+00  NLL_R=-6.3142e+00  NLL_ω=2.4796e+00  MSE_R=1.8152e-03  MSE_ω=2.2039e-01
  sigma: σ_R=1.6941e-02  σ_ω=1.3997e-01  β=0.0000e+00
  PL   : train=-4.4151e+00  test=-1.9163e+00  σ_φ̄(train)=3.9017e-01  σ_φ̄(test)=3.8653e-01  σ_obs_ω=1.0000e-02  λ_PL=1.00
  KL   : M=3.146e+03  V=5.591e+02  Dw=3.471e+03  g=4.911e+03  sigma=5.031e+02  total=1.259e+04
  subnet MSE  M=1.256e-03  V=4.315e-02  Dw=1.617e-01  g=3.135e-01
[step   5700]
  train: −ELBO=-1.2964e+01  NLL=-8.5478e+00  NLL_R=-7.9871e+00  NLL_ω=-5.6067e-01  MSE_R=8.5534e-04  MSE_ω=1.0270e-01
  test : −ELBO=-5.7172e+00  NLL=-3.8743e+00  NLL_R=-6.2709e+00  NLL_ω=2.3966e+00  MSE_R=1.8356e-03  MSE_ω=2.2302e-01
  sigma: σ_R=1.6900e-02  σ_ω=1.4257e-01  β=0.0000e+00
  PL   : train=-4.4165e+00  test=-1.8429e+00  σ_φ̄(train)=3.8960e-01  σ_φ̄(test)=3.8496e-01  σ_obs_ω=1.0000e-02  λ_PL=1.00
  KL   : M=3.158e+03  V=5.617e+02  Dw=3.501e+03  g=4.952e+03  sigma=5.063e+02  total=1.268e+04
  subnet MSE  M=1.255e-03  V=4.734e-02  Dw=1.662e-01  g=3.165e-01
[step   5750]
  train: −ELBO=-1.3036e+01  NLL=-8.5886e+00  NLL_R=-7.9871e+00  NLL_ω=-6.0147e-01  MSE_R=8.5536e-04  MSE_ω=1.0276e-01
  test : −ELBO=-5.7086e+00  NLL=-3.9400e+00  NLL_R=-6.2361e+00  NLL_ω=2.2962e+00  MSE_R=1.8576e-03  MSE_ω=2.2596e-01
  sigma: σ_R=1.6911e-02  σ_ω=1.4571e-01  β=0.0000e+00
  PL   : train=-4.4474e+00  test=-1.7687e+00  σ_φ̄(train)=3.9148e-01  σ_φ̄(test)=3.8395e-01  σ_obs_ω=1.0000e-02  λ_PL=1.00
  KL   : M=3.172e+03  V=5.650e+02  Dw=3.537e+03  g=5.003e+03  sigma=5.103e+02  total=1.279e+04
  subnet MSE  M=1.317e-03  V=4.660e-02  Dw=1.758e-01  g=3.167e-01
[step   5800]
  train: −ELBO=-1.3108e+01  NLL=-8.6602e+00  NLL_R=-7.9979e+00  NLL_ω=-6.6227e-01  MSE_R=8.4918e-04  MSE_ω=1.0195e-01
  test : −ELBO=-5.7394e+00  NLL=-4.0066e+00  NLL_R=-6.1881e+00  NLL_ω=2.1816e+00  MSE_R=1.8833e-03  MSE_ω=2.2898e-01
  sigma: σ_R=1.6913e-02  σ_ω=1.4935e-01  β=0.0000e+00
  PL   : train=-4.4475e+00  test=-1.7328e+00  σ_φ̄(train)=3.9006e-01  σ_φ̄(test)=3.8746e-01  σ_obs_ω=1.0000e-02  λ_PL=1.00
  KL   : M=3.190e+03  V=5.691e+02  Dw=3.580e+03  g=5.063e+03  sigma=5.149e+02  total=1.292e+04
  subnet MSE  M=1.348e-03  V=4.883e-02  Dw=1.840e-01  g=3.180e-01
[step   5850]
  train: −ELBO=-1.3185e+01  NLL=-8.6996e+00  NLL_R=-8.0001e+00  NLL_ω=-6.9952e-01  MSE_R=8.4794e-04  MSE_ω=1.0196e-01
  test : −ELBO=-5.8028e+00  NLL=-4.1342e+00  NLL_R=-6.1619e+00  NLL_ω=2.0277e+00  MSE_R=1.8989e-03  MSE_ω=2.3022e-01
  sigma: σ_R=1.6898e-02  σ_ω=1.5324e-01  β=0.0000e+00
  PL   : train=-4.4851e+00  test=-1.6686e+00  σ_φ̄(train)=3.9147e-01  σ_φ̄(test)=3.8466e-01  σ_obs_ω=1.0000e-02  λ_PL=1.00
  KL   : M=3.209e+03  V=5.736e+02  Dw=3.629e+03  g=5.132e+03  sigma=5.203e+02  total=1.306e+04
  subnet MSE  M=1.377e-03  V=6.072e-02  Dw=1.839e-01  g=3.223e-01
[step   5900]
  train: −ELBO=-1.3236e+01  NLL=-8.6795e+00  NLL_R=-7.9802e+00  NLL_ω=-6.9923e-01  MSE_R=8.5919e-04  MSE_ω=1.0326e-01
  test : −ELBO=-5.8966e+00  NLL=-4.0799e+00  NLL_R=-6.0735e+00  NLL_ω=1.9936e+00  MSE_R=1.9357e-03  MSE_ω=2.3526e-01
  sigma: σ_R=1.6804e-02  σ_ω=1.5648e-01  β=0.0000e+00
  PL   : train=-4.5564e+00  test=-1.8167e+00  σ_φ̄(train)=3.9985e-01  σ_φ̄(test)=3.9554e-01  σ_obs_ω=1.0000e-02  λ_PL=1.00
  KL   : M=3.226e+03  V=5.775e+02  Dw=3.671e+03  g=5.193e+03  sigma=5.252e+02  total=1.319e+04
  subnet MSE  M=1.418e-03  V=5.174e-02  Dw=1.977e-01  g=3.250e-01
[step   5950]
  train: −ELBO=-1.3283e+01  NLL=-8.7470e+00  NLL_R=-8.0032e+00  NLL_ω=-7.4381e-01  MSE_R=8.4619e-04  MSE_ω=1.0202e-01
  test : −ELBO=-5.7856e+00  NLL=-4.1351e+00  NLL_R=-6.0562e+00  NLL_ω=1.9212e+00  MSE_R=1.9508e-03  MSE_ω=2.3727e-01
  sigma: σ_R=1.6841e-02  σ_ω=1.5927e-01  β=0.0000e+00
  PL   : train=-4.5363e+00  test=-1.6505e+00  σ_φ̄(train)=3.9591e-01  σ_φ̄(test)=3.9025e-01  σ_obs_ω=1.0000e-02  λ_PL=1.00
  KL   : M=3.242e+03  V=5.810e+02  Dw=3.709e+03  g=5.249e+03  sigma=5.298e+02  total=1.331e+04
  subnet MSE  M=1.442e-03  V=5.579e-02  Dw=2.074e-01  g=3.245e-01
[step   6000]
  train: −ELBO=-1.3308e+01  NLL=-8.7385e+00  NLL_R=-7.9900e+00  NLL_ω=-7.4849e-01  MSE_R=8.5370e-04  MSE_ω=1.0232e-01
  test : −ELBO=-5.8065e+00  NLL=-4.1227e+00  NLL_R=-6.0154e+00  NLL_ω=1.8927e+00  MSE_R=1.9701e-03  MSE_ω=2.3928e-01
  sigma: σ_R=1.6817e-02  σ_ω=1.6097e-01  β=0.0000e+00
  PL   : train=-4.5692e+00  test=-1.6838e+00  σ_φ̄(train)=3.9908e-01  σ_φ̄(test)=3.9367e-01  σ_obs_ω=1.0000e-02  λ_PL=1.00
  KL   : M=3.252e+03  V=5.832e+02  Dw=3.734e+03  g=5.286e+03  sigma=5.330e+02  total=1.339e+04
  subnet MSE  M=1.466e-03  V=5.361e-02  Dw=2.149e-01  g=3.270e-01
[step   6050]
  train: −ELBO=-1.3339e+01  NLL=-8.8029e+00  NLL_R=-8.0148e+00  NLL_ω=-7.8810e-01  MSE_R=8.3967e-04  MSE_ω=1.0086e-01
  test : −ELBO=-5.7078e+00  NLL=-4.2027e+00  NLL_R=-6.0113e+00  NLL_ω=1.8086e+00  MSE_R=1.9719e-03  MSE_ω=2.3928e-01
  sigma: σ_R=1.6816e-02  σ_ω=1.6321e-01  β=0.0000e+00
  PL   : train=-4.5358e+00  test=-1.5050e+00  σ_φ̄(train)=3.9265e-01  σ_φ̄(test)=3.8761e-01  σ_obs_ω=1.0000e-02  λ_PL=1.00
  KL   : M=3.265e+03  V=5.863e+02  Dw=3.770e+03  g=5.336e+03  sigma=5.370e+02  total=1.349e+04
  subnet MSE  M=1.485e-03  V=5.435e-02  Dw=2.158e-01  g=3.248e-01
[step   6100]
  train: −ELBO=-1.3366e+01  NLL=-8.7906e+00  NLL_R=-8.0083e+00  NLL_ω=-7.8232e-01  MSE_R=8.4336e-04  MSE_ω=1.0156e-01
  test : −ELBO=-5.6987e+00  NLL=-4.1745e+00  NLL_R=-5.9719e+00  NLL_ω=1.7973e+00  MSE_R=1.9916e-03  MSE_ω=2.4164e-01
  sigma: σ_R=1.6791e-02  σ_ω=1.6474e-01  β=0.0000e+00
  PL   : train=-4.5757e+00  test=-1.5241e+00  σ_φ̄(train)=3.9629e-01  σ_φ̄(test)=3.9074e-01  σ_obs_ω=1.0000e-02  λ_PL=1.00
  KL   : M=3.275e+03  V=5.885e+02  Dw=3.795e+03  g=5.374e+03  sigma=5.400e+02  total=1.357e+04
  subnet MSE  M=1.502e-03  V=6.086e-02  Dw=2.265e-01  g=3.284e-01
[step   6150]
  train: −ELBO=-1.3377e+01  NLL=-8.7827e+00  NLL_R=-7.9999e+00  NLL_ω=-7.8285e-01  MSE_R=8.4807e-04  MSE_ω=1.0190e-01
  test : −ELBO=-5.6202e+00  NLL=-4.0993e+00  NLL_R=-5.9063e+00  NLL_ω=1.8070e+00  MSE_R=2.0221e-03  MSE_ω=2.4526e-01
  sigma: σ_R=1.6747e-02  σ_ω=1.6633e-01  β=0.0000e+00
  PL   : train=-4.5944e+00  test=-1.5209e+00  σ_φ̄(train)=3.9987e-01  σ_φ̄(test)=3.9344e-01  σ_obs_ω=1.0000e-02  λ_PL=1.00
  KL   : M=3.286e+03  V=5.909e+02  Dw=3.823e+03  g=5.414e+03  sigma=5.435e+02  total=1.366e+04
  subnet MSE  M=1.529e-03  V=5.984e-02  Dw=2.312e-01  g=3.288e-01
[step   6200]
  train: −ELBO=-1.3384e+01  NLL=-8.7919e+00  NLL_R=-8.0057e+00  NLL_ω=-7.8627e-01  MSE_R=8.4482e-04  MSE_ω=1.0199e-01
  test : −ELBO=-5.4844e+00  NLL=-4.0802e+00  NLL_R=-5.8790e+00  NLL_ω=1.7987e+00  MSE_R=2.0385e-03  MSE_ω=2.4728e-01
  sigma: σ_R=1.6750e-02  σ_ω=1.6761e-01  β=0.0000e+00
  PL   : train=-4.5924e+00  test=-1.4042e+00  σ_φ̄(train)=3.9775e-01  σ_φ̄(test)=3.9221e-01  σ_obs_ω=1.0000e-02  λ_PL=1.00
  KL   : M=3.295e+03  V=5.930e+02  Dw=3.847e+03  g=5.449e+03  sigma=5.465e+02  total=1.373e+04
  subnet MSE  M=1.559e-03  V=6.070e-02  Dw=2.396e-01  g=3.298e-01
[step   6250]
  train: −ELBO=-1.3401e+01  NLL=-8.8108e+00  NLL_R=-8.0111e+00  NLL_ω=-7.9976e-01  MSE_R=8.4179e-04  MSE_ω=1.0150e-01
  test : −ELBO=-5.5569e+00  NLL=-4.1283e+00  NLL_R=-5.8906e+00  NLL_ω=1.7623e+00  MSE_R=2.0387e-03  MSE_ω=2.4778e-01
  sigma: σ_R=1.6798e-02  σ_ω=1.6894e-01  β=0.0000e+00
  PL   : train=-4.5905e+00  test=-1.4286e+00  σ_φ̄(train)=3.9749e-01  σ_φ̄(test)=3.9167e-01  σ_obs_ω=1.0000e-02  λ_PL=1.00
  KL   : M=3.305e+03  V=5.954e+02  Dw=3.874e+03  g=5.487e+03  sigma=5.498e+02  total=1.381e+04
  subnet MSE  M=1.589e-03  V=6.193e-02  Dw=2.369e-01  g=3.302e-01
[step   6300]
  train: −ELBO=-1.3439e+01  NLL=-8.8439e+00  NLL_R=-8.0259e+00  NLL_ω=-8.1796e-01  MSE_R=8.3348e-04  MSE_ω=1.0061e-01
  test : −ELBO=-5.4225e+00  NLL=-4.1482e+00  NLL_R=-5.8767e+00  NLL_ω=1.7285e+00  MSE_R=2.0380e-03  MSE_ω=2.4762e-01
  sigma: σ_R=1.6739e-02  σ_ω=1.6986e-01  β=0.0000e+00
  PL   : train=-4.5952e+00  test=-1.2743e+00  σ_φ̄(train)=3.9581e-01  σ_φ̄(test)=3.9037e-01  σ_obs_ω=1.0000e-02  λ_PL=1.00
  KL   : M=3.312e+03  V=5.970e+02  Dw=3.893e+03  g=5.515e+03  sigma=5.522e+02  total=1.387e+04
  subnet MSE  M=1.565e-03  V=6.557e-02  Dw=2.441e-01  g=3.309e-01
[step   6350]
  train: −ELBO=-1.3449e+01  NLL=-8.8319e+00  NLL_R=-8.0177e+00  NLL_ω=-8.1413e-01  MSE_R=8.3807e-04  MSE_ω=1.0110e-01
  test : −ELBO=-5.4259e+00  NLL=-4.1119e+00  NLL_R=-5.8320e+00  NLL_ω=1.7200e+00  MSE_R=2.0618e-03  MSE_ω=2.5032e-01
  sigma: σ_R=1.6734e-02  σ_ω=1.7156e-01  β=0.0000e+00
  PL   : train=-4.6173e+00  test=-1.3139e+00  σ_φ̄(train)=3.9712e-01  σ_φ̄(test)=3.9121e-01  σ_obs_ω=1.0000e-02  λ_PL=1.00
  KL   : M=3.327e+03  V=6.004e+02  Dw=3.932e+03  g=5.570e+03  sigma=5.569e+02  total=1.399e+04
  subnet MSE  M=1.587e-03  V=5.956e-02  Dw=2.461e-01  g=3.343e-01
[step   6400]
  train: −ELBO=-1.3496e+01  NLL=-8.8664e+00  NLL_R=-8.0297e+00  NLL_ω=-8.3669e-01  MSE_R=8.3140e-04  MSE_ω=9.9936e-02
  test : −ELBO=-5.2986e+00  NLL=-4.1021e+00  NLL_R=-5.7981e+00  NLL_ω=1.6960e+00  MSE_R=2.0708e-03  MSE_ω=2.5131e-01
  sigma: σ_R=1.6666e-02  σ_ω=1.7283e-01  β=0.0000e+00
  PL   : train=-4.6294e+00  test=-1.1965e+00  σ_φ̄(train)=3.9690e-01  σ_φ̄(test)=3.9038e-01  σ_obs_ω=1.0000e-02  λ_PL=1.00
  KL   : M=3.338e+03  V=6.031e+02  Dw=3.963e+03  g=5.614e+03  sigma=5.608e+02  total=1.408e+04
  subnet MSE  M=1.595e-03  V=6.527e-02  Dw=2.587e-01  g=3.334e-01
[step   6450]
  train: −ELBO=-1.3501e+01  NLL=-8.8329e+00  NLL_R=-8.0134e+00  NLL_ω=-8.1953e-01  MSE_R=8.4049e-04  MSE_ω=1.0111e-01
  test : −ELBO=-5.3597e+00  NLL=-3.9743e+00  NLL_R=-5.7243e+00  NLL_ω=1.7500e+00  MSE_R=2.1136e-03  MSE_ω=2.5679e-01
  sigma: σ_R=1.6681e-02  σ_ω=1.7403e-01  β=0.0000e+00
  PL   : train=-4.6683e+00  test=-1.3854e+00  σ_φ̄(train)=4.0215e-01  σ_φ̄(test)=3.9819e-01  σ_obs_ω=1.0000e-02  λ_PL=1.00
  KL   : M=3.350e+03  V=6.059e+02  Dw=3.995e+03  g=5.661e+03  sigma=5.647e+02  total=1.418e+04
  subnet MSE  M=1.636e-03  V=6.968e-02  Dw=2.623e-01  g=3.381e-01
[step   6500]
  train: −ELBO=-1.3504e+01  NLL=-8.8656e+00  NLL_R=-8.0283e+00  NLL_ω=-8.3733e-01  MSE_R=8.3217e-04  MSE_ω=1.0012e-01
  test : −ELBO=-5.0196e+00  NLL=-3.9929e+00  NLL_R=-5.7142e+00  NLL_ω=1.7213e+00  MSE_R=2.1124e-03  MSE_ω=2.5671e-01
  sigma: σ_R=1.6623e-02  σ_ω=1.7490e-01  β=0.0000e+00
  PL   : train=-4.6381e+00  test=-1.0267e+00  σ_φ̄(train)=3.9556e-01  σ_φ̄(test)=3.8947e-01  σ_obs_ω=1.0000e-02  λ_PL=1.00
  KL   : M=3.360e+03  V=6.083e+02  Dw=4.021e+03  g=5.698e+03  sigma=5.679e+02  total=1.426e+04
  subnet MSE  M=1.661e-03  V=7.124e-02  Dw=2.753e-01  g=3.356e-01
[step   6550]
  train: −ELBO=-1.3525e+01  NLL=-8.8869e+00  NLL_R=-8.0405e+00  NLL_ω=-8.4639e-01  MSE_R=8.2543e-04  MSE_ω=9.9644e-02
  test : −ELBO=-5.0424e+00  NLL=-4.0758e+00  NLL_R=-5.7461e+00  NLL_ω=1.6703e+00  MSE_R=2.0994e-03  MSE_ω=2.5530e-01
  sigma: σ_R=1.6656e-02  σ_ω=1.7584e-01  β=0.0000e+00
  PL   : train=-4.6379e+00  test=-9.6662e-01  σ_φ̄(train)=3.9516e-01  σ_φ̄(test)=3.8694e-01  σ_obs_ω=1.0000e-02  λ_PL=1.00
  KL   : M=3.372e+03  V=6.110e+02  Dw=4.053e+03  g=5.744e+03  sigma=5.716e+02  total=1.435e+04
  subnet MSE  M=1.682e-03  V=7.084e-02  Dw=2.798e-01  g=3.354e-01
[step   6600]
  train: −ELBO=-1.3549e+01  NLL=-8.8730e+00  NLL_R=-8.0333e+00  NLL_ω=-8.3977e-01  MSE_R=8.2942e-04  MSE_ω=1.0011e-01
  test : −ELBO=-5.0166e+00  NLL=-3.9379e+00  NLL_R=-5.6573e+00  NLL_ω=1.7194e+00  MSE_R=2.1399e-03  MSE_ω=2.5971e-01
  sigma: σ_R=1.6610e-02  σ_ω=1.7657e-01  β=0.0000e+00
  PL   : train=-4.6756e+00  test=-1.0787e+00  σ_φ̄(train)=3.9929e-01  σ_φ̄(test)=3.9304e-01  σ_obs_ω=1.0000e-02  λ_PL=1.00
  KL   : M=3.382e+03  V=6.136e+02  Dw=4.080e+03  g=5.783e+03  sigma=5.749e+02  total=1.443e+04
  subnet MSE  M=1.697e-03  V=6.938e-02  Dw=2.923e-01  g=3.377e-01
[step   6650]
  train: −ELBO=-1.3530e+01  NLL=-8.8904e+00  NLL_R=-8.0385e+00  NLL_ω=-8.5186e-01  MSE_R=8.2654e-04  MSE_ω=9.9392e-02
  test : −ELBO=-4.6961e+00  NLL=-3.9637e+00  NLL_R=-5.6612e+00  NLL_ω=1.6975e+00  MSE_R=2.1373e-03  MSE_ω=2.5938e-01
  sigma: σ_R=1.6596e-02  σ_ω=1.7713e-01  β=0.0000e+00
  PL   : train=-4.6401e+00  test=-7.3234e-01  σ_φ̄(train)=3.9304e-01  σ_φ̄(test)=3.8189e-01  σ_obs_ω=1.0000e-02  λ_PL=1.00
  KL   : M=3.391e+03  V=6.157e+02  Dw=4.104e+03  g=5.818e+03  sigma=5.778e+02  total=1.451e+04
  subnet MSE  M=1.712e-03  V=6.582e-02  Dw=2.989e-01  g=3.368e-01
[step   6700]
  train: −ELBO=-1.3548e+01  NLL=-8.8800e+00  NLL_R=-8.0338e+00  NLL_ω=-8.4622e-01  MSE_R=8.2908e-04  MSE_ω=9.9775e-02
  test : −ELBO=-4.8928e+00  NLL=-3.9498e+00  NLL_R=-5.6440e+00  NLL_ω=1.6943e+00  MSE_R=2.1384e-03  MSE_ω=2.6008e-01
  sigma: σ_R=1.6546e-02  σ_ω=1.7761e-01  β=0.0000e+00
  PL   : train=-4.6679e+00  test=-9.4301e-01  σ_φ̄(train)=3.9813e-01  σ_φ̄(test)=3.8962e-01  σ_obs_ω=1.0000e-02  λ_PL=1.00
  KL   : M=3.399e+03  V=6.176e+02  Dw=4.126e+03  g=5.851e+03  sigma=5.806e+02  total=1.457e+04
  subnet MSE  M=1.742e-03  V=7.512e-02  Dw=3.007e-01  g=3.381e-01
[step   6750]
  train: −ELBO=-1.3583e+01  NLL=-8.9150e+00  NLL_R=-8.0527e+00  NLL_ω=-8.6226e-01  MSE_R=8.1874e-04  MSE_ω=9.8779e-02
  test : −ELBO=-4.8247e+00  NLL=-3.9597e+00  NLL_R=-5.6439e+00  NLL_ω=1.6843e+00  MSE_R=2.1348e-03  MSE_ω=2.6012e-01
  sigma: σ_R=1.6532e-02  σ_ω=1.7797e-01  β=0.0000e+00
  PL   : train=-4.6685e+00  test=-8.6502e-01  σ_φ̄(train)=3.9564e-01  σ_φ̄(test)=3.8894e-01  σ_obs_ω=1.0000e-02  λ_PL=1.00
  KL   : M=3.406e+03  V=6.193e+02  Dw=4.145e+03  g=5.879e+03  sigma=5.829e+02  total=1.463e+04
  subnet MSE  M=1.728e-03  V=7.490e-02  Dw=3.066e-01  g=3.387e-01
[step   6800]
  train: −ELBO=-1.3572e+01  NLL=-8.9052e+00  NLL_R=-8.0464e+00  NLL_ω=-8.5880e-01  MSE_R=8.2217e-04  MSE_ω=9.9013e-02
  test : −ELBO=-4.6594e+00  NLL=-3.8797e+00  NLL_R=-5.5934e+00  NLL_ω=1.7138e+00  MSE_R=2.1608e-03  MSE_ω=2.6264e-01
  sigma: σ_R=1.6518e-02  σ_ω=1.7832e-01  β=0.0000e+00
  PL   : train=-4.6667e+00  test=-7.7971e-01  σ_φ̄(train)=3.9434e-01  σ_φ̄(test)=3.8721e-01  σ_obs_ω=1.0000e-02  λ_PL=1.00
  KL   : M=3.414e+03  V=6.212e+02  Dw=4.167e+03  g=5.910e+03  sigma=5.855e+02  total=1.470e+04
  subnet MSE  M=1.750e-03  V=7.273e-02  Dw=3.085e-01  g=3.403e-01
[step   6850]
  train: −ELBO=-1.3587e+01  NLL=-8.9185e+00  NLL_R=-8.0547e+00  NLL_ω=-8.6372e-01  MSE_R=8.1763e-04  MSE_ω=9.8713e-02
  test : −ELBO=-4.5776e+00  NLL=-3.8301e+00  NLL_R=-5.5627e+00  NLL_ω=1.7326e+00  MSE_R=2.1793e-03  MSE_ω=2.6451e-01
  sigma: σ_R=1.6529e-02  σ_ω=1.7868e-01  β=0.0000e+00
  PL   : train=-4.6682e+00  test=-7.4753e-01  σ_φ̄(train)=3.9474e-01  σ_φ̄(test)=3.8752e-01  σ_obs_ω=1.0000e-02  λ_PL=1.00
  KL   : M=3.423e+03  V=6.232e+02  Dw=4.190e+03  g=5.944e+03  sigma=5.884e+02  total=1.477e+04
  subnet MSE  M=1.777e-03  V=7.130e-02  Dw=3.186e-01  g=3.413e-01
[step   6900]
  train: −ELBO=-1.3612e+01  NLL=-8.9451e+00  NLL_R=-8.0671e+00  NLL_ω=-8.7798e-01  MSE_R=8.1091e-04  MSE_ω=9.7809e-02
  test : −ELBO=-4.4218e+00  NLL=-3.7895e+00  NLL_R=-5.5354e+00  NLL_ω=1.7459e+00  MSE_R=2.1882e-03  MSE_ω=2.6591e-01
  sigma: σ_R=1.6493e-02  σ_ω=1.7897e-01  β=0.0000e+00
  PL   : train=-4.6672e+00  test=-6.3231e-01  σ_φ̄(train)=3.9213e-01  σ_φ̄(test)=3.8480e-01  σ_obs_ω=1.0000e-02  λ_PL=1.00
  KL   : M=3.432e+03  V=6.253e+02  Dw=4.214e+03  g=5.979e+03  sigma=5.913e+02  total=1.484e+04
  subnet MSE  M=1.783e-03  V=7.365e-02  Dw=3.193e-01  g=3.426e-01
[step   6950]
  train: −ELBO=-1.3626e+01  NLL=-8.9388e+00  NLL_R=-8.0648e+00  NLL_ω=-8.7406e-01  MSE_R=8.1219e-04  MSE_ω=9.8064e-02
  test : −ELBO=-4.0964e+00  NLL=-3.8076e+00  NLL_R=-5.5364e+00  NLL_ω=1.7288e+00  MSE_R=2.1866e-03  MSE_ω=2.6523e-01
  sigma: σ_R=1.6489e-02  σ_ω=1.7920e-01  β=0.0000e+00
  PL   : train=-4.6870e+00  test=-2.8879e-01  σ_φ̄(train)=3.9410e-01  σ_φ̄(test)=3.8781e-01  σ_obs_ω=1.0000e-02  λ_PL=1.00
  KL   : M=3.440e+03  V=6.273e+02  Dw=4.236e+03  g=6.010e+03  sigma=5.940e+02  total=1.491e+04
  subnet MSE  M=1.764e-03  V=7.050e-02  Dw=3.196e-01  g=3.423e-01
[step   7000]
  train: −ELBO=-1.3658e+01  NLL=-8.9647e+00  NLL_R=-8.0765e+00  NLL_ω=-8.8821e-01  MSE_R=8.0585e-04  MSE_ω=9.7158e-02
  test : −ELBO=-4.3428e+00  NLL=-3.7431e+00  NLL_R=-5.5030e+00  NLL_ω=1.7600e+00  MSE_R=2.2005e-03  MSE_ω=2.6765e-01
  sigma: σ_R=1.6464e-02  σ_ω=1.7942e-01  β=0.0000e+00
  PL   : train=-4.6936e+00  test=-5.9970e-01  σ_φ̄(train)=3.9277e-01  σ_φ̄(test)=3.8548e-01  σ_obs_ω=1.0000e-02  λ_PL=1.00
  KL   : M=3.450e+03  V=6.297e+02  Dw=4.261e+03  g=6.047e+03  sigma=5.972e+02  total=1.498e+04
  subnet MSE  M=1.795e-03  V=7.176e-02  Dw=3.326e-01  g=3.445e-01
[step   7050]
  train: −ELBO=-1.3624e+01  NLL=-8.9492e+00  NLL_R=-8.0707e+00  NLL_ω=-8.7844e-01  MSE_R=8.0897e-04  MSE_ω=9.7787e-02
  test : −ELBO=-4.2129e+00  NLL=-3.6948e+00  NLL_R=-5.4723e+00  NLL_ω=1.7775e+00  MSE_R=2.2178e-03  MSE_ω=2.6894e-01
  sigma: σ_R=1.6463e-02  σ_ω=1.7950e-01  β=0.0000e+00
  PL   : train=-4.6746e+00  test=-5.1802e-01  σ_φ̄(train)=3.9181e-01  σ_φ̄(test)=3.8463e-01  σ_obs_ω=1.0000e-02  λ_PL=1.00
  KL   : M=3.455e+03  V=6.308e+02  Dw=4.274e+03  g=6.066e+03  sigma=5.989e+02  total=1.502e+04
  subnet MSE  M=1.819e-03  V=7.352e-02  Dw=3.353e-01  g=3.433e-01
[step   7100]
  train: −ELBO=-1.3645e+01  NLL=-8.9340e+00  NLL_R=-8.0600e+00  NLL_ω=-8.7403e-01  MSE_R=8.1479e-04  MSE_ω=9.8073e-02
  test : −ELBO=-4.1804e+00  NLL=-3.6333e+00  NLL_R=-5.4346e+00  NLL_ω=1.8013e+00  MSE_R=2.2357e-03  MSE_ω=2.7072e-01
  sigma: σ_R=1.6449e-02  σ_ω=1.7963e-01  β=0.0000e+00
  PL   : train=-4.7110e+00  test=-5.4716e-01  σ_φ̄(train)=3.9514e-01  σ_φ̄(test)=3.8784e-01  σ_obs_ω=1.0000e-02  λ_PL=1.00
  KL   : M=3.463e+03  V=6.330e+02  Dw=4.297e+03  g=6.098e+03  sigma=6.018e+02  total=1.509e+04
  subnet MSE  M=1.819e-03  V=8.044e-02  Dw=3.465e-01  g=3.448e-01
[step   7150]
  train: −ELBO=-1.3661e+01  NLL=-8.9547e+00  NLL_R=-8.0747e+00  NLL_ω=-8.8001e-01  MSE_R=8.0680e-04  MSE_ω=9.7689e-02
  test : −ELBO=-4.1344e+00  NLL=-3.6549e+00  NLL_R=-5.4492e+00  NLL_ω=1.7943e+00  MSE_R=2.2275e-03  MSE_ω=2.7048e-01
  sigma: σ_R=1.6455e-02  σ_ω=1.7973e-01  β=0.0000e+00
  PL   : train=-4.7065e+00  test=-4.7953e-01  σ_φ̄(train)=3.9253e-01  σ_φ̄(test)=3.8495e-01  σ_obs_ω=1.0000e-02  λ_PL=1.00
  KL   : M=3.472e+03  V=6.354e+02  Dw=4.321e+03  g=6.132e+03  sigma=6.048e+02  total=1.517e+04
  subnet MSE  M=1.831e-03  V=7.283e-02  Dw=3.517e-01  g=3.452e-01
[step   7200]
  train: −ELBO=-1.3673e+01  NLL=-8.9572e+00  NLL_R=-8.0741e+00  NLL_ω=-8.8313e-01  MSE_R=8.0714e-04  MSE_ω=9.7487e-02
  test : −ELBO=-4.0899e+00  NLL=-3.5799e+00  NLL_R=-5.3953e+00  NLL_ω=1.8154e+00  MSE_R=2.2450e-03  MSE_ω=2.7201e-01
  sigma: σ_R=1.6386e-02  σ_ω=1.7982e-01  β=0.0000e+00
  PL   : train=-4.7155e+00  test=-5.0998e-01  σ_φ̄(train)=3.9320e-01  σ_φ̄(test)=3.8651e-01  σ_obs_ω=1.0000e-02  λ_PL=1.00
  KL   : M=3.481e+03  V=6.378e+02  Dw=4.346e+03  g=6.168e+03  sigma=6.080e+02  total=1.524e+04
  subnet MSE  M=1.870e-03  V=7.286e-02  Dw=3.500e-01  g=3.479e-01
[step   7250]
  train: −ELBO=-1.3676e+01  NLL=-8.9599e+00  NLL_R=-8.0766e+00  NLL_ω=-8.8325e-01  MSE_R=8.0578e-04  MSE_ω=9.7480e-02
  test : −ELBO=-4.0021e+00  NLL=-3.5761e+00  NLL_R=-5.3955e+00  NLL_ω=1.8194e+00  MSE_R=2.2466e-03  MSE_ω=2.7232e-01
  sigma: σ_R=1.6393e-02  σ_ω=1.7985e-01  β=0.0000e+00
  PL   : train=-4.7163e+00  test=-4.2596e-01  σ_φ̄(train)=3.9362e-01  σ_φ̄(test)=3.8533e-01  σ_obs_ω=1.0000e-02  λ_PL=1.00
  KL   : M=3.489e+03  V=6.397e+02  Dw=4.366e+03  g=6.196e+03  sigma=6.105e+02  total=1.530e+04
  subnet MSE  M=1.857e-03  V=7.477e-02  Dw=3.541e-01  g=3.464e-01
[step   7300]
  train: −ELBO=-1.3680e+01  NLL=-8.9831e+00  NLL_R=-8.0838e+00  NLL_ω=-8.9927e-01  MSE_R=8.0192e-04  MSE_ω=9.6443e-02
  test : −ELBO=-3.8909e+00  NLL=-3.5869e+00  NLL_R=-5.4010e+00  NLL_ω=1.8141e+00  MSE_R=2.2428e-03  MSE_ω=2.7201e-01
  sigma: σ_R=1.6388e-02  σ_ω=1.7987e-01  β=0.0000e+00
  PL   : train=-4.6972e+00  test=-3.0404e-01  σ_φ̄(train)=3.8996e-01  σ_φ̄(test)=3.8289e-01  σ_obs_ω=1.0000e-02  λ_PL=1.00
  KL   : M=3.495e+03  V=6.413e+02  Dw=4.382e+03  g=6.218e+03  sigma=6.127e+02  total=1.535e+04
  subnet MSE  M=1.863e-03  V=7.729e-02  Dw=3.575e-01  g=3.466e-01
[step   7350]
  train: −ELBO=-1.3708e+01  NLL=-8.9862e+00  NLL_R=-8.0875e+00  NLL_ω=-8.9870e-01  MSE_R=7.9999e-04  MSE_ω=9.6480e-02
  test : −ELBO=-3.8483e+00  NLL=-3.5236e+00  NLL_R=-5.3668e+00  NLL_ω=1.8432e+00  MSE_R=2.2568e-03  MSE_ω=2.7387e-01
  sigma: σ_R=1.6364e-02  σ_ω=1.7986e-01  β=0.0000e+00
  PL   : train=-4.7220e+00  test=-3.2465e-01  σ_φ̄(train)=3.9167e-01  σ_φ̄(test)=3.8475e-01  σ_obs_ω=1.0000e-02  λ_PL=1.00
  KL   : M=3.501e+03  V=6.430e+02  Dw=4.398e+03  g=6.241e+03  sigma=6.148e+02  total=1.540e+04
  subnet MSE  M=1.853e-03  V=7.734e-02  Dw=3.634e-01  g=3.468e-01
[step   7400]
  train: −ELBO=-1.3695e+01  NLL=-8.9786e+00  NLL_R=-8.0828e+00  NLL_ω=-8.9578e-01  MSE_R=8.0247e-04  MSE_ω=9.6670e-02
  test : −ELBO=-3.7366e+00  NLL=-3.4986e+00  NLL_R=-5.3498e+00  NLL_ω=1.8512e+00  MSE_R=2.2669e-03  MSE_ω=2.7434e-01
  sigma: σ_R=1.6368e-02  σ_ω=1.7983e-01  β=0.0000e+00
  PL   : train=-4.7168e+00  test=-2.3800e-01  σ_φ̄(train)=3.9020e-01  σ_φ̄(test)=3.8334e-01  σ_obs_ω=1.0000e-02  λ_PL=1.00
  KL   : M=3.507e+03  V=6.446e+02  Dw=4.414e+03  g=6.264e+03  sigma=6.169e+02  total=1.545e+04
  subnet MSE  M=1.887e-03  V=7.778e-02  Dw=3.762e-01  g=3.486e-01
[step   7450]
  train: −ELBO=-1.3712e+01  NLL=-8.9843e+00  NLL_R=-8.0872e+00  NLL_ω=-8.9713e-01  MSE_R=8.0014e-04  MSE_ω=9.6583e-02
  test : −ELBO=-3.6721e+00  NLL=-3.4340e+00  NLL_R=-5.3185e+00  NLL_ω=1.8845e+00  MSE_R=2.2768e-03  MSE_ω=2.7641e-01
  sigma: σ_R=1.6331e-02  σ_ω=1.7979e-01  β=0.0000e+00
  PL   : train=-4.7274e+00  test=-2.3816e-01  σ_φ̄(train)=3.9193e-01  σ_φ̄(test)=3.8426e-01  σ_obs_ω=1.0000e-02  λ_PL=1.00
  KL   : M=3.514e+03  V=6.467e+02  Dw=4.435e+03  g=6.292e+03  sigma=6.197e+02  total=1.551e+04
  subnet MSE  M=1.900e-03  V=7.068e-02  Dw=3.738e-01  g=3.478e-01
[step   7500]
  train: −ELBO=-1.3710e+01  NLL=-8.9892e+00  NLL_R=-8.0888e+00  NLL_ω=-9.0048e-01  MSE_R=7.9930e-04  MSE_ω=9.6366e-02
  test : −ELBO=-3.6662e+00  NLL=-3.4763e+00  NLL_R=-5.3421e+00  NLL_ω=1.8658e+00  MSE_R=2.2617e-03  MSE_ω=2.7505e-01
  sigma: σ_R=1.6313e-02  σ_ω=1.7972e-01  β=0.0000e+00
  PL   : train=-4.7209e+00  test=-1.8990e-01  σ_φ̄(train)=3.9058e-01  σ_φ̄(test)=3.8207e-01  σ_obs_ω=1.0000e-02  λ_PL=1.00
  KL   : M=3.522e+03  V=6.486e+02  Dw=4.454e+03  g=6.319e+03  sigma=6.223e+02  total=1.557e+04
  subnet MSE  M=1.933e-03  V=7.815e-02  Dw=3.781e-01  g=3.471e-01
[step   7550]
  train: −ELBO=-1.3711e+01  NLL=-8.9951e+00  NLL_R=-8.0906e+00  NLL_ω=-9.0454e-01  MSE_R=7.9833e-04  MSE_ω=9.6104e-02
  test : −ELBO=-3.5958e+00  NLL=-3.4325e+00  NLL_R=-5.3165e+00  NLL_ω=1.8840e+00  MSE_R=2.2760e-03  MSE_ω=2.7610e-01
  sigma: σ_R=1.6321e-02  σ_ω=1.7965e-01  β=0.0000e+00
  PL   : train=-4.7160e+00  test=-1.6324e-01  σ_φ̄(train)=3.8949e-01  σ_φ̄(test)=3.8305e-01  σ_obs_ω=1.0000e-02  λ_PL=1.00
  KL   : M=3.529e+03  V=6.506e+02  Dw=4.473e+03  g=6.345e+03  sigma=6.250e+02  total=1.562e+04
  subnet MSE  M=1.932e-03  V=7.531e-02  Dw=3.791e-01  g=3.495e-01
[step   7600]
  train: −ELBO=-1.3721e+01  NLL=-9.0013e+00  NLL_R=-8.0945e+00  NLL_ω=-9.0680e-01  MSE_R=7.9625e-04  MSE_ω=9.5959e-02
  test : −ELBO=-3.4955e+00  NLL=-3.3820e+00  NLL_R=-5.2845e+00  NLL_ω=1.9024e+00  MSE_R=2.2848e-03  MSE_ω=2.7708e-01
  sigma: σ_R=1.6278e-02  σ_ω=1.7955e-01  β=0.0000e+00
  PL   : train=-4.7194e+00  test=-1.1350e-01  σ_φ̄(train)=3.8738e-01  σ_φ̄(test)=3.8211e-01  σ_obs_ω=1.0000e-02  λ_PL=1.00
  KL   : M=3.537e+03  V=6.529e+02  Dw=4.494e+03  g=6.375e+03  sigma=6.280e+02  total=1.569e+04
  subnet MSE  M=1.947e-03  V=7.753e-02  Dw=3.898e-01  g=3.500e-01
[step   7650]
  train: −ELBO=-1.3765e+01  NLL=-9.0269e+00  NLL_R=-8.1066e+00  NLL_ω=-9.2030e-01  MSE_R=7.8983e-04  MSE_ω=9.5092e-02
  test : −ELBO=-3.4286e+00  NLL=-3.3289e+00  NLL_R=-5.2568e+00  NLL_ω=1.9279e+00  MSE_R=2.2971e-03  MSE_ω=2.7843e-01
  sigma: σ_R=1.6269e-02  σ_ω=1.7941e-01  β=0.0000e+00
  PL   : train=-4.7382e+00  test=-9.9672e-02  σ_φ̄(train)=3.8852e-01  σ_φ̄(test)=3.8301e-01  σ_obs_ω=1.0000e-02  λ_PL=1.00
  KL   : M=3.548e+03  V=6.558e+02  Dw=4.522e+03  g=6.412e+03  sigma=6.318e+02  total=1.577e+04
  subnet MSE  M=1.948e-03  V=7.880e-02  Dw=3.917e-01  g=3.515e-01
[step   7700]
  train: −ELBO=-1.3753e+01  NLL=-8.9711e+00  NLL_R=-8.0804e+00  NLL_ω=-8.9073e-01  MSE_R=8.0372e-04  MSE_ω=9.6994e-02
  test : −ELBO=-3.6517e+00  NLL=-3.2760e+00  NLL_R=-5.2378e+00  NLL_ω=1.9618e+00  MSE_R=2.3093e-03  MSE_ω=2.8041e-01
  sigma: σ_R=1.6270e-02  σ_ω=1.7931e-01  β=0.0000e+00
  PL   : train=-4.7815e+00  test=-3.7564e-01  σ_φ̄(train)=3.9969e-01  σ_φ̄(test)=3.9228e-01  σ_obs_ω=1.0000e-02  λ_PL=1.00
  KL   : M=3.555e+03  V=6.577e+02  Dw=4.539e+03  g=6.435e+03  sigma=6.343e+02  total=1.582e+04
  subnet MSE  M=1.995e-03  V=9.300e-02  Dw=3.944e-01  g=3.493e-01
[step   7750]
  train: −ELBO=-1.3779e+01  NLL=-9.0467e+00  NLL_R=-8.1184e+00  NLL_ω=-9.2834e-01  MSE_R=7.8365e-04  MSE_ω=9.4578e-02
  test : −ELBO=-3.2056e+00  NLL=-3.2695e+00  NLL_R=-5.2257e+00  NLL_ω=1.9562e+00  MSE_R=2.3067e-03  MSE_ω=2.7982e-01
  sigma: σ_R=1.6225e-02  σ_ω=1.7920e-01  β=0.0000e+00
  PL   : train=-4.7326e+00  test=6.3940e-02  σ_φ̄(train)=3.8817e-01  σ_φ̄(test)=3.8085e-01  σ_obs_ω=1.0000e-02  λ_PL=1.00
  KL   : M=3.562e+03  V=6.597e+02  Dw=4.559e+03  g=6.462e+03  sigma=6.370e+02  total=1.588e+04
  subnet MSE  M=1.995e-03  V=8.205e-02  Dw=4.077e-01  g=3.501e-01
[step   7800]
  train: −ELBO=-1.3766e+01  NLL=-9.0275e+00  NLL_R=-8.1088e+00  NLL_ω=-9.1870e-01  MSE_R=7.8866e-04  MSE_ω=9.5200e-02
  test : −ELBO=-2.9804e+00  NLL=-3.2322e+00  NLL_R=-5.2031e+00  NLL_ω=1.9709e+00  MSE_R=2.3108e-03  MSE_ω=2.8025e-01
  sigma: σ_R=1.6184e-02  σ_ω=1.7894e-01  β=0.0000e+00
  PL   : train=-4.7384e+00  test=2.5179e-01  σ_φ̄(train)=3.8642e-01  σ_φ̄(test)=3.7857e-01  σ_obs_ω=1.0000e-02  λ_PL=1.00
  KL   : M=3.574e+03  V=6.629e+02  Dw=4.589e+03  g=6.502e+03  sigma=6.411e+02  total=1.597e+04
  subnet MSE  M=2.005e-03  V=8.536e-02  Dw=4.106e-01  g=3.524e-01
[step   7850]
  train: −ELBO=-1.3760e+01  NLL=-9.0054e+00  NLL_R=-8.0965e+00  NLL_ω=-9.0887e-01  MSE_R=7.9517e-04  MSE_ω=9.5830e-02
  test : −ELBO=-3.2674e+00  NLL=-3.1883e+00  NLL_R=-5.1872e+00  NLL_ω=1.9989e+00  MSE_R=2.3250e-03  MSE_ω=2.8182e-01
  sigma: σ_R=1.6211e-02  σ_ω=1.7883e-01  β=0.0000e+00
  PL   : train=-4.7542e+00  test=-7.9096e-02  σ_φ̄(train)=3.9476e-01  σ_φ̄(test)=3.8543e-01  σ_obs_ω=1.0000e-02  λ_PL=1.00
  KL   : M=3.579e+03  V=6.645e+02  Dw=4.604e+03  g=6.522e+03  sigma=6.432e+02  total=1.601e+04
  subnet MSE  M=2.013e-03  V=9.283e-02  Dw=4.052e-01  g=3.492e-01
[step   7900]
  train: −ELBO=-1.3786e+01  NLL=-9.0362e+00  NLL_R=-8.1107e+00  NLL_ω=-9.2553e-01  MSE_R=7.8771e-04  MSE_ω=9.4766e-02
  test : −ELBO=-3.0221e+00  NLL=-3.1843e+00  NLL_R=-5.1804e+00  NLL_ω=1.9962e+00  MSE_R=2.3218e-03  MSE_ω=2.8144e-01
  sigma: σ_R=1.6181e-02  σ_ω=1.7874e-01  β=0.0000e+00
  PL   : train=-4.7495e+00  test=1.6221e-01  σ_φ̄(train)=3.8760e-01  σ_φ̄(test)=3.7984e-01  σ_obs_ω=1.0000e-02  λ_PL=1.00
  KL   : M=3.586e+03  V=6.664e+02  Dw=4.621e+03  g=6.544e+03  sigma=6.455e+02  total=1.606e+04
  subnet MSE  M=2.015e-03  V=8.767e-02  Dw=4.141e-01  g=3.521e-01
[step   7950]
  train: −ELBO=-1.3779e+01  NLL=-9.0467e+00  NLL_R=-8.1186e+00  NLL_ω=-9.2810e-01  MSE_R=7.8354e-04  MSE_ω=9.4604e-02
  test : −ELBO=-3.0536e+00  NLL=-3.2200e+00  NLL_R=-5.2037e+00  NLL_ω=1.9837e+00  MSE_R=2.3082e-03  MSE_ω=2.8029e-01
  sigma: σ_R=1.6169e-02  σ_ω=1.7857e-01  β=0.0000e+00
  PL   : train=-4.7325e+00  test=1.6646e-01  σ_φ̄(train)=3.8630e-01  σ_φ̄(test)=3.7923e-01  σ_obs_ω=1.0000e-02  λ_PL=1.00
  KL   : M=3.594e+03  V=6.689e+02  Dw=4.643e+03  g=6.574e+03  sigma=6.486e+02  total=1.613e+04
  subnet MSE  M=2.124e-03  V=8.387e-02  Dw=4.101e-01  g=3.519e-01
[step   8000]
  train: −ELBO=-1.3810e+01  NLL=-9.0596e+00  NLL_R=-8.1248e+00  NLL_ω=-9.3480e-01  MSE_R=7.8035e-04  MSE_ω=9.4177e-02
  test : −ELBO=-2.9792e+00  NLL=-3.1632e+00  NLL_R=-5.1710e+00  NLL_ω=2.0079e+00  MSE_R=2.3216e-03  MSE_ω=2.8169e-01
  sigma: σ_R=1.6154e-02  σ_ω=1.7850e-01  β=0.0000e+00
  PL   : train=-4.7500e+00  test=1.8394e-01  σ_φ̄(train)=3.8627e-01  σ_φ̄(test)=3.7828e-01  σ_obs_ω=1.0000e-02  λ_PL=1.00
  KL   : M=3.599e+03  V=6.703e+02  Dw=4.655e+03  g=6.591e+03  sigma=6.504e+02  total=1.617e+04
  subnet MSE  M=1.997e-03  V=8.108e-02  Dw=4.129e-01  g=3.535e-01
[step   8050]
  train: −ELBO=-1.3839e+01  NLL=-9.0930e+00  NLL_R=-8.1432e+00  NLL_ω=-9.4982e-01  MSE_R=7.7072e-04  MSE_ω=9.3224e-02
  test : −ELBO=-2.8586e+00  NLL=-3.1432e+00  NLL_R=-5.1577e+00  NLL_ω=2.0144e+00  MSE_R=2.3278e-03  MSE_ω=2.8183e-01
  sigma: σ_R=1.6154e-02  σ_ω=1.7837e-01  β=0.0000e+00
  PL   : train=-4.7460e+00  test=2.8464e-01  σ_φ̄(train)=3.8475e-01  σ_φ̄(test)=3.7884e-01  σ_obs_ω=1.0000e-02  λ_PL=1.00
  KL   : M=3.605e+03  V=6.721e+02  Dw=4.671e+03  g=6.612e+03  sigma=6.527e+02  total=1.621e+04
  subnet MSE  M=1.993e-03  V=8.584e-02  Dw=4.210e-01  g=3.529e-01
[step   8100]
  train: −ELBO=-1.3823e+01  NLL=-9.0636e+00  NLL_R=-8.1276e+00  NLL_ω=-9.3599e-01  MSE_R=7.7887e-04  MSE_ω=9.4105e-02
  test : −ELBO=-2.9312e+00  NLL=-3.0735e+00  NLL_R=-5.1308e+00  NLL_ω=2.0573e+00  MSE_R=2.3461e-03  MSE_ω=2.8433e-01
  sigma: σ_R=1.6172e-02  σ_ω=1.7826e-01  β=0.0000e+00
  PL   : train=-4.7590e+00  test=1.4229e-01  σ_φ̄(train)=3.8698e-01  σ_φ̄(test)=3.8077e-01  σ_obs_ω=1.0000e-02  λ_PL=1.00
  KL   : M=3.611e+03  V=6.738e+02  Dw=4.686e+03  g=6.633e+03  sigma=6.550e+02  total=1.626e+04
  subnet MSE  M=2.038e-03  V=8.429e-02  Dw=4.284e-01  g=3.529e-01
[step   8150]
  train: −ELBO=-1.3802e+01  NLL=-9.0936e+00  NLL_R=-8.1436e+00  NLL_ω=-9.5007e-01  MSE_R=7.7056e-04  MSE_ω=9.3214e-02
  test : −ELBO=2.5003e+00  NLL=-3.0686e+00  NLL_R=-5.1198e+00  NLL_ω=2.0512e+00  MSE_R=2.3435e-03  MSE_ω=2.8364e-01
  sigma: σ_R=1.6133e-02  σ_ω=1.7812e-01  β=0.0000e+00
  PL   : train=-4.7080e+00  test=5.5689e+00  σ_φ̄(train)=3.7838e-01  σ_φ̄(test)=3.7664e-01  σ_obs_ω=1.0000e-02  λ_PL=1.00
  KL   : M=3.620e+03  V=6.763e+02  Dw=4.708e+03  g=6.661e+03  sigma=6.580e+02  total=1.632e+04
  subnet MSE  M=1.996e-03  V=8.101e-02  Dw=4.242e-01  g=3.525e-01
[step   8200]
  train: −ELBO=-1.3842e+01  NLL=-9.1127e+00  NLL_R=-8.1539e+00  NLL_ω=-9.5876e-01  MSE_R=7.6519e-04  MSE_ω=9.2667e-02
  test : −ELBO=-2.5890e+00  NLL=-3.0134e+00  NLL_R=-5.0964e+00  NLL_ω=2.0830e+00  MSE_R=2.3536e-03  MSE_ω=2.8524e-01
  sigma: σ_R=1.6121e-02  σ_ω=1.7792e-01  β=0.0000e+00
  PL   : train=-4.7290e+00  test=4.2438e-01  σ_φ̄(train)=3.8066e-01  σ_φ̄(test)=3.7682e-01  σ_obs_ω=1.0000e-02  λ_PL=1.00
  KL   : M=3.629e+03  V=6.790e+02  Dw=4.730e+03  g=6.690e+03  sigma=6.611e+02  total=1.639e+04
  subnet MSE  M=2.038e-03  V=8.771e-02  Dw=4.451e-01  g=3.535e-01
[step   8250]
  train: −ELBO=-1.3795e+01  NLL=-9.0369e+00  NLL_R=-8.1163e+00  NLL_ω=-9.2055e-01  MSE_R=7.8469e-04  MSE_ω=9.5086e-02
  test : −ELBO=-2.8596e+00  NLL=-2.8991e+00  NLL_R=-5.0358e+00  NLL_ω=2.1367e+00  MSE_R=2.3782e-03  MSE_ω=2.8820e-01
  sigma: σ_R=1.6086e-02  σ_ω=1.7772e-01  β=0.0000e+00
  PL   : train=-4.7578e+00  test=3.9521e-02  σ_φ̄(train)=3.9535e-01  σ_φ̄(test)=3.8983e-01  σ_obs_ω=1.0000e-02  λ_PL=1.00
  KL   : M=3.638e+03  V=6.819e+02  Dw=4.753e+03  g=6.721e+03  sigma=6.645e+02  total=1.646e+04
  subnet MSE  M=2.063e-03  V=8.275e-02  Dw=4.567e-01  g=3.543e-01
[step   8300]
  train: −ELBO=-1.3850e+01  NLL=-9.0743e+00  NLL_R=-8.1345e+00  NLL_ω=-9.3981e-01  MSE_R=7.7529e-04  MSE_ω=9.3871e-02
  test : −ELBO=-2.4753e+00  NLL=-2.7748e+00  NLL_R=-4.9660e+00  NLL_ω=2.1912e+00  MSE_R=2.4009e-03  MSE_ω=2.9126e-01
  sigma: σ_R=1.6021e-02  σ_ω=1.7755e-01  β=0.0000e+00
  PL   : train=-4.7759e+00  test=2.9954e-01  σ_φ̄(train)=3.8681e-01  σ_φ̄(test)=3.8249e-01  σ_obs_ω=1.0000e-02  λ_PL=1.00
  KL   : M=3.647e+03  V=6.845e+02  Dw=4.774e+03  g=6.750e+03  sigma=6.676e+02  total=1.652e+04
  subnet MSE  M=2.094e-03  V=8.356e-02  Dw=4.756e-01  g=3.598e-01
[step   8350]
  train: −ELBO=-1.3783e+01  NLL=-9.0446e+00  NLL_R=-8.1195e+00  NLL_ω=-9.2510e-01  MSE_R=7.8298e-04  MSE_ω=9.4798e-02
  test : −ELBO=-2.4368e+00  NLL=-2.7950e+00  NLL_R=-4.9765e+00  NLL_ω=2.1815e+00  MSE_R=2.3957e-03  MSE_ω=2.9018e-01
  sigma: σ_R=1.6022e-02  σ_ω=1.7734e-01  β=0.0000e+00
  PL   : train=-4.7388e+00  test=3.5822e-01  σ_φ̄(train)=3.8687e-01  σ_φ̄(test)=3.8116e-01  σ_obs_ω=1.0000e-02  λ_PL=1.00
  KL   : M=3.657e+03  V=6.876e+02  Dw=4.799e+03  g=6.783e+03  sigma=6.711e+02  total=1.660e+04
  subnet MSE  M=2.106e-03  V=9.102e-02  Dw=4.663e-01  g=3.586e-01
[step   8400]
  train: −ELBO=-1.3867e+01  NLL=-9.0790e+00  NLL_R=-8.1372e+00  NLL_ω=-9.4180e-01  MSE_R=7.7388e-04  MSE_ω=9.3748e-02
  test : −ELBO=-2.4780e+00  NLL=-2.8677e+00  NLL_R=-5.0150e+00  NLL_ω=2.1473e+00  MSE_R=2.3749e-03  MSE_ω=2.8771e-01
  sigma: σ_R=1.6010e-02  σ_ω=1.7719e-01  β=0.0000e+00
  PL   : train=-4.7875e+00  test=3.8966e-01  σ_φ̄(train)=3.8698e-01  σ_φ̄(test)=3.7872e-01  σ_obs_ω=1.0000e-02  λ_PL=1.00
  KL   : M=3.665e+03  V=6.901e+02  Dw=4.818e+03  g=6.808e+03  sigma=6.739e+02  total=1.665e+04
  subnet MSE  M=2.130e-03  V=8.542e-02  Dw=4.553e-01  g=3.561e-01
[step   8450]
  train: −ELBO=-1.3839e+01  NLL=-9.0732e+00  NLL_R=-8.1337e+00  NLL_ω=-9.3945e-01  MSE_R=7.7568e-04  MSE_ω=9.3896e-02
  test : −ELBO=-2.5064e+00  NLL=-2.8460e+00  NLL_R=-5.0066e+00  NLL_ω=2.1606e+00  MSE_R=2.3799e-03  MSE_ω=2.8821e-01
  sigma: σ_R=1.6015e-02  σ_ω=1.7703e-01  β=0.0000e+00
  PL   : train=-4.7661e+00  test=3.3967e-01  σ_φ̄(train)=3.8552e-01  σ_φ̄(test)=3.7869e-01  σ_obs_ω=1.0000e-02  λ_PL=1.00
  KL   : M=3.671e+03  V=6.921e+02  Dw=4.833e+03  g=6.828e+03  sigma=6.762e+02  total=1.670e+04
  subnet MSE  M=2.147e-03  V=8.905e-02  Dw=4.509e-01  g=3.547e-01
[step   8500]
  train: −ELBO=-1.3899e+01  NLL=-9.1173e+00  NLL_R=-8.1561e+00  NLL_ω=-9.6121e-01  MSE_R=7.6419e-04  MSE_ω=9.2535e-02
  test : −ELBO=-2.3164e+00  NLL=-2.7918e+00  NLL_R=-4.9847e+00  NLL_ω=2.1929e+00  MSE_R=2.3960e-03  MSE_ω=2.8985e-01
  sigma: σ_R=1.6041e-02  σ_ω=1.7686e-01  β=0.0000e+00
  PL   : train=-4.7821e+00  test=4.7539e-01  σ_φ̄(train)=3.8549e-01  σ_φ̄(test)=3.7912e-01  σ_obs_ω=1.0000e-02  λ_PL=1.00
  KL   : M=3.681e+03  V=6.951e+02  Dw=4.857e+03  g=6.859e+03  sigma=6.797e+02  total=1.677e+04
  subnet MSE  M=2.161e-03  V=9.134e-02  Dw=4.777e-01  g=3.566e-01
[step   8550]
  train: −ELBO=-1.3908e+01  NLL=-9.1269e+00  NLL_R=-8.1601e+00  NLL_ω=-9.6678e-01  MSE_R=7.6217e-04  MSE_ω=9.2189e-02
  test : −ELBO=-2.0422e+00  NLL=-2.7183e+00  NLL_R=-4.9436e+00  NLL_ω=2.2253e+00  MSE_R=2.4088e-03  MSE_ω=2.9155e-01
  sigma: σ_R=1.6004e-02  σ_ω=1.7672e-01  β=0.0000e+00
  PL   : train=-4.7809e+00  test=6.7608e-01  σ_φ̄(train)=3.8324e-01  σ_φ̄(test)=3.7528e-01  σ_obs_ω=1.0000e-02  λ_PL=1.00
  KL   : M=3.690e+03  V=6.978e+02  Dw=4.877e+03  g=6.886e+03  sigma=6.826e+02  total=1.683e+04
  subnet MSE  M=2.163e-03  V=9.878e-02  Dw=4.787e-01  g=3.568e-01
[step   8600]
  train: −ELBO=-1.3880e+01  NLL=-9.1013e+00  NLL_R=-8.1463e+00  NLL_ω=-9.5498e-01  MSE_R=7.6919e-04  MSE_ω=9.2928e-02
  test : −ELBO=-2.0790e+00  NLL=-2.7005e+00  NLL_R=-4.9350e+00  NLL_ω=2.2346e+00  MSE_R=2.4060e-03  MSE_ω=2.9154e-01
  sigma: σ_R=1.5959e-02  σ_ω=1.7645e-01  β=0.0000e+00
  PL   : train=-4.7790e+00  test=6.2141e-01  σ_φ̄(train)=3.8396e-01  σ_φ̄(test)=3.7684e-01  σ_obs_ω=1.0000e-02  λ_PL=1.00
  KL   : M=3.700e+03  V=7.011e+02  Dw=4.902e+03  g=6.920e+03  sigma=6.863e+02  total=1.691e+04
  subnet MSE  M=2.153e-03  V=1.018e-01  Dw=4.909e-01  g=3.570e-01
[step   8650]
  train: −ELBO=-1.3899e+01  NLL=-9.1232e+00  NLL_R=-8.1575e+00  NLL_ω=-9.6576e-01  MSE_R=7.6351e-04  MSE_ω=9.2259e-02
  test : −ELBO=-1.8168e+00  NLL=-2.5874e+00  NLL_R=-4.8777e+00  NLL_ω=2.2903e+00  MSE_R=2.4327e-03  MSE_ω=2.9458e-01
  sigma: σ_R=1.5952e-02  σ_ω=1.7627e-01  β=0.0000e+00
  PL   : train=-4.7757e+00  test=7.7054e-01  σ_φ̄(train)=3.8301e-01  σ_φ̄(test)=3.7610e-01  σ_obs_ω=1.0000e-02  λ_PL=1.00
  KL   : M=3.710e+03  V=7.045e+02  Dw=4.927e+03  g=6.952e+03  sigma=6.900e+02  total=1.698e+04
  subnet MSE  M=2.223e-03  V=1.025e-01  Dw=5.049e-01  g=3.581e-01
[step   8700]
  train: −ELBO=-1.3892e+01  NLL=-9.1286e+00  NLL_R=-8.1604e+00  NLL_ω=-9.6818e-01  MSE_R=7.6202e-04  MSE_ω=9.2110e-02
  test : −ELBO=-1.7631e+00  NLL=-2.6200e+00  NLL_R=-4.8992e+00  NLL_ω=2.2792e+00  MSE_R=2.4237e-03  MSE_ω=2.9345e-01
  sigma: σ_R=1.5961e-02  σ_ω=1.7607e-01  β=0.0000e+00
  PL   : train=-4.7634e+00  test=8.5683e-01  σ_φ̄(train)=3.7962e-01  σ_φ̄(test)=3.7351e-01  σ_obs_ω=1.0000e-02  λ_PL=1.00
  KL   : M=3.719e+03  V=7.074e+02  Dw=4.947e+03  g=6.979e+03  sigma=6.931e+02  total=1.705e+04
  subnet MSE  M=2.218e-03  V=1.025e-01  Dw=5.022e-01  g=3.582e-01
[step   8750]
  train: −ELBO=-1.3928e+01  NLL=-9.1280e+00  NLL_R=-8.1619e+00  NLL_ω=-9.6607e-01  MSE_R=7.6124e-04  MSE_ω=9.2243e-02
  test : −ELBO=-1.7742e+00  NLL=-2.5410e+00  NLL_R=-4.8581e+00  NLL_ω=2.3171e+00  MSE_R=2.4338e-03  MSE_ω=2.9539e-01
  sigma: σ_R=1.5909e-02  σ_ω=1.7590e-01  β=0.0000e+00
  PL   : train=-4.7998e+00  test=7.6674e-01  σ_φ̄(train)=3.8360e-01  σ_φ̄(test)=3.7667e-01  σ_obs_ω=1.0000e-02  λ_PL=1.00
  KL   : M=3.727e+03  V=7.099e+02  Dw=4.965e+03  g=7.003e+03  sigma=6.959e+02  total=1.710e+04
  subnet MSE  M=2.243e-03  V=9.725e-02  Dw=5.082e-01  g=3.591e-01
[step   8800]
  train: −ELBO=-1.3917e+01  NLL=-9.1100e+00  NLL_R=-8.1516e+00  NLL_ω=-9.5845e-01  MSE_R=7.6647e-04  MSE_ω=9.2714e-02
  test : −ELBO=-1.0735e+00  NLL=-2.3875e+00  NLL_R=-4.7716e+00  NLL_ω=2.3841e+00  MSE_R=2.4716e-03  MSE_ω=2.9897e-01
  sigma: σ_R=1.5884e-02  σ_ω=1.7566e-01  β=0.0000e+00
  PL   : train=-4.8066e+00  test=1.3141e+00  σ_φ̄(train)=3.8344e-01  σ_φ̄(test)=3.7625e-01  σ_obs_ω=1.0000e-02  λ_PL=1.00
  KL   : M=3.735e+03  V=7.127e+02  Dw=4.985e+03  g=7.029e+03  sigma=6.990e+02  total=1.716e+04
  subnet MSE  M=2.310e-03  V=1.065e-01  Dw=5.195e-01  g=3.631e-01
[step   8850]
  train: −ELBO=-1.3941e+01  NLL=-9.1532e+00  NLL_R=-8.1780e+00  NLL_ω=-9.7513e-01  MSE_R=7.5311e-04  MSE_ω=9.1687e-02
  test : −ELBO=-1.4801e+00  NLL=-2.4430e+00  NLL_R=-4.8044e+00  NLL_ω=2.3613e+00  MSE_R=2.4553e-03  MSE_ω=2.9715e-01
  sigma: σ_R=1.5884e-02  σ_ω=1.7547e-01  β=0.0000e+00
  PL   : train=-4.7882e+00  test=9.6296e-01  σ_φ̄(train)=3.8169e-01  σ_φ̄(test)=3.7506e-01  σ_obs_ω=1.0000e-02  λ_PL=1.00
  KL   : M=3.742e+03  V=7.154e+02  Dw=5.004e+03  g=7.053e+03  sigma=7.017e+02  total=1.722e+04
  subnet MSE  M=2.280e-03  V=9.757e-02  Dw=5.289e-01  g=3.583e-01
[step   8900]
  train: −ELBO=-1.3925e+01  NLL=-9.1344e+00  NLL_R=-8.1636e+00  NLL_ω=-9.7079e-01  MSE_R=7.6041e-04  MSE_ω=9.1954e-02
  test : −ELBO=-1.4056e+00  NLL=-2.4091e+00  NLL_R=-4.7919e+00  NLL_ω=2.3828e+00  MSE_R=2.4698e-03  MSE_ω=2.9810e-01
  sigma: σ_R=1.5920e-02  σ_ω=1.7532e-01  β=0.0000e+00
  PL   : train=-4.7906e+00  test=1.0035e+00  σ_φ̄(train)=3.8251e-01  σ_φ̄(test)=3.7481e-01  σ_obs_ω=1.0000e-02  λ_PL=1.00
  KL   : M=3.750e+03  V=7.180e+02  Dw=5.023e+03  g=7.079e+03  sigma=7.047e+02  total=1.728e+04
  subnet MSE  M=2.230e-03  V=9.356e-02  Dw=5.391e-01  g=3.592e-01
[step   8950]
  train: −ELBO=-1.3899e+01  NLL=-9.1244e+00  NLL_R=-8.1571e+00  NLL_ω=-9.6730e-01  MSE_R=7.6369e-04  MSE_ω=9.2169e-02
  test : −ELBO=-1.2745e+00  NLL=-2.3323e+00  NLL_R=-4.7573e+00  NLL_ω=2.4250e+00  MSE_R=2.4838e-03  MSE_ω=3.0055e-01
  sigma: σ_R=1.5904e-02  σ_ω=1.7526e-01  β=0.0000e+00
  PL   : train=-4.7742e+00  test=1.0578e+00  σ_φ̄(train)=3.7941e-01  σ_φ̄(test)=3.7308e-01  σ_obs_ω=1.0000e-02  λ_PL=1.00
  KL   : M=3.756e+03  V=7.199e+02  Dw=5.037e+03  g=7.097e+03  sigma=7.069e+02  total=1.732e+04
  subnet MSE  M=2.302e-03  V=1.070e-01  Dw=5.307e-01  g=3.604e-01
[step   9000]
  train: −ELBO=-1.3949e+01  NLL=-9.1561e+00  NLL_R=-8.1754e+00  NLL_ω=-9.8074e-01  MSE_R=7.5444e-04  MSE_ω=9.1344e-02
  test : −ELBO=-6.3429e-01  NLL=-2.3146e+00  NLL_R=-4.7453e+00  NLL_ω=2.4307e+00  MSE_R=2.4839e-03  MSE_ω=3.0070e-01
  sigma: σ_R=1.5878e-02  σ_ω=1.7517e-01  β=0.0000e+00
  PL   : train=-4.7933e+00  test=1.6803e+00  σ_φ̄(train)=3.8124e-01  σ_φ̄(test)=3.7362e-01  σ_obs_ω=1.0000e-02  λ_PL=1.00
  KL   : M=3.763e+03  V=7.221e+02  Dw=5.053e+03  g=7.118e+03  sigma=7.094e+02  total=1.736e+04
  subnet MSE  M=2.316e-03  V=1.119e-01  Dw=5.380e-01  g=3.617e-01
[step   9050]
  train: −ELBO=-1.3944e+01  NLL=-9.1622e+00  NLL_R=-8.1816e+00  NLL_ω=-9.8067e-01  MSE_R=7.5134e-04  MSE_ω=9.1350e-02
  test : −ELBO=-1.1106e+00  NLL=-2.2949e+00  NLL_R=-4.7371e+00  NLL_ω=2.4422e+00  MSE_R=2.4856e-03  MSE_ω=3.0105e-01
  sigma: σ_R=1.5867e-02  σ_ω=1.7503e-01  β=0.0000e+00
  PL   : train=-4.7820e+00  test=1.1843e+00  σ_φ̄(train)=3.8040e-01  σ_φ̄(test)=3.7402e-01  σ_obs_ω=1.0000e-02  λ_PL=1.00
  KL   : M=3.770e+03  V=7.244e+02  Dw=5.069e+03  g=7.140e+03  sigma=7.120e+02  total=1.742e+04
  subnet MSE  M=2.404e-03  V=1.320e-01  Dw=5.511e-01  g=3.621e-01
[step   9100]
  train: −ELBO=-1.3982e+01  NLL=-9.1864e+00  NLL_R=-8.1926e+00  NLL_ω=-9.9372e-01  MSE_R=7.4580e-04  MSE_ω=9.0552e-02
  test : −ELBO=-8.7604e-01  NLL=-2.2100e+00  NLL_R=-4.6815e+00  NLL_ω=2.4716e+00  MSE_R=2.5029e-03  MSE_ω=3.0248e-01
  sigma: σ_R=1.5820e-02  σ_ω=1.7487e-01  β=0.0000e+00
  PL   : train=-4.7958e+00  test=1.3339e+00  σ_φ̄(train)=3.8009e-01  σ_φ̄(test)=3.7099e-01  σ_obs_ω=1.0000e-02  λ_PL=1.00
  KL   : M=3.780e+03  V=7.278e+02  Dw=5.093e+03  g=7.169e+03  sigma=7.158e+02  total=1.749e+04
  subnet MSE  M=2.331e-03  V=1.036e-01  Dw=5.623e-01  g=3.619e-01
[step   9150]
  train: −ELBO=-1.3966e+01  NLL=-9.1588e+00  NLL_R=-8.1758e+00  NLL_ω=-9.8298e-01  MSE_R=7.5424e-04  MSE_ω=9.1210e-02
  test : −ELBO=-8.2294e-01  NLL=-2.1928e+00  NLL_R=-4.6849e+00  NLL_ω=2.4921e+00  MSE_R=2.5067e-03  MSE_ω=3.0330e-01
  sigma: σ_R=1.5840e-02  σ_ω=1.7469e-01  β=0.0000e+00
  PL   : train=-4.8076e+00  test=1.3699e+00  σ_φ̄(train)=3.8120e-01  σ_φ̄(test)=3.7355e-01  σ_obs_ω=1.0000e-02  λ_PL=1.00
  KL   : M=3.788e+03  V=7.304e+02  Dw=5.111e+03  g=7.193e+03  sigma=7.186e+02  total=1.754e+04
  subnet MSE  M=2.373e-03  V=9.111e-02  Dw=5.619e-01  g=3.625e-01
[step   9200]
  train: −ELBO=-1.3972e+01  NLL=-9.1499e+00  NLL_R=-8.1732e+00  NLL_ω=-9.7677e-01  MSE_R=7.5555e-04  MSE_ω=9.1589e-02
  test : −ELBO=-1.2075e+00  NLL=-2.1365e+00  NLL_R=-4.6467e+00  NLL_ω=2.5102e+00  MSE_R=2.5167e-03  MSE_ω=3.0409e-01
  sigma: σ_R=1.5807e-02  σ_ω=1.7457e-01  β=0.0000e+00
  PL   : train=-4.8220e+00  test=9.2899e-01  σ_φ̄(train)=3.8285e-01  σ_φ̄(test)=3.8312e-01  σ_obs_ω=1.0000e-02  λ_PL=1.00
  KL   : M=3.796e+03  V=7.331e+02  Dw=5.130e+03  g=7.217e+03  sigma=7.216e+02  total=1.760e+04
  subnet MSE  M=2.371e-03  V=1.074e-01  Dw=5.631e-01  g=3.648e-01
[step   9250]
  train: −ELBO=-1.3938e+01  NLL=-9.1645e+00  NLL_R=-8.1768e+00  NLL_ω=-9.8765e-01  MSE_R=7.5372e-04  MSE_ω=9.0926e-02
  test : −ELBO=-9.7832e-01  NLL=-2.1926e+00  NLL_R=-4.6938e+00  NLL_ω=2.5011e+00  MSE_R=2.5085e-03  MSE_ω=3.0350e-01
  sigma: σ_R=1.5874e-02  σ_ω=1.7454e-01  β=0.0000e+00
  PL   : train=-4.7736e+00  test=1.2143e+00  σ_φ̄(train)=3.7639e-01  σ_φ̄(test)=3.7193e-01  σ_obs_ω=1.0000e-02  λ_PL=1.00
  KL   : M=3.802e+03  V=7.354e+02  Dw=5.145e+03  g=7.236e+03  sigma=7.238e+02  total=1.764e+04
  subnet MSE  M=2.354e-03  V=1.050e-01  Dw=5.621e-01  g=3.648e-01
[step   9300]
  train: −ELBO=-1.3956e+01  NLL=-9.1825e+00  NLL_R=-8.1885e+00  NLL_ω=-9.9393e-01  MSE_R=7.4785e-04  MSE_ω=9.0544e-02
  test : −ELBO=-5.5561e-01  NLL=-2.1237e+00  NLL_R=-4.6503e+00  NLL_ω=2.5266e+00  MSE_R=2.5227e-03  MSE_ω=3.0490e-01
  sigma: σ_R=1.5838e-02  σ_ω=1.7448e-01  β=0.0000e+00
  PL   : train=-4.7736e+00  test=1.5681e+00  σ_φ̄(train)=3.7605e-01  σ_φ̄(test)=3.6727e-01  σ_obs_ω=1.0000e-02  λ_PL=1.00
  KL   : M=3.812e+03  V=7.389e+02  Dw=5.167e+03  g=7.264e+03  sigma=7.275e+02  total=1.771e+04
  subnet MSE  M=2.352e-03  V=9.923e-02  Dw=5.989e-01  g=3.638e-01
[step   9350]
  train: −ELBO=-1.3943e+01  NLL=-9.1825e+00  NLL_R=-8.1916e+00  NLL_ω=-9.9087e-01  MSE_R=7.4629e-04  MSE_ω=9.0731e-02
  test : −ELBO=-9.7529e-01  NLL=-2.2782e+00  NLL_R=-4.7296e+00  NLL_ω=2.4515e+00  MSE_R=2.4841e-03  MSE_ω=2.9992e-01
  sigma: σ_R=1.5844e-02  σ_ω=1.7431e-01  β=0.0000e+00
  PL   : train=-4.7602e+00  test=1.3029e+00  σ_φ̄(train)=3.7762e-01  σ_φ̄(test)=3.7206e-01  σ_obs_ω=1.0000e-02  λ_PL=1.00
  KL   : M=3.823e+03  V=7.433e+02  Dw=5.193e+03  g=7.299e+03  sigma=7.317e+02  total=1.779e+04
  subnet MSE  M=2.469e-03  V=1.076e-01  Dw=5.581e-01  g=3.605e-01
[step   9400]
  train: −ELBO=-1.3977e+01  NLL=-9.1647e+00  NLL_R=-8.1788e+00  NLL_ω=-9.8590e-01  MSE_R=7.5265e-04  MSE_ω=9.1033e-02
  test : −ELBO=-6.5743e-01  NLL=-2.1162e+00  NLL_R=-4.6307e+00  NLL_ω=2.5144e+00  MSE_R=2.5097e-03  MSE_ω=3.0356e-01
  sigma: σ_R=1.5734e-02  σ_ω=1.7424e-01  β=0.0000e+00
  PL   : train=-4.8124e+00  test=1.4588e+00  σ_φ̄(train)=3.8069e-01  σ_φ̄(test)=3.7313e-01  σ_obs_ω=1.0000e-02  λ_PL=1.00
  KL   : M=3.836e+03  V=7.477e+02  Dw=5.221e+03  g=7.334e+03  sigma=7.362e+02  total=1.787e+04
  subnet MSE  M=2.422e-03  V=1.090e-01  Dw=5.904e-01  g=3.630e-01
[step   9450]
  train: −ELBO=-1.3987e+01  NLL=-9.2286e+00  NLL_R=-8.2165e+00  NLL_ω=-1.0121e+00  MSE_R=7.3393e-04  MSE_ω=8.9446e-02
  test : −ELBO=-2.8239e-01  NLL=-2.0348e+00  NLL_R=-4.6052e+00  NLL_ω=2.5704e+00  MSE_R=2.5350e-03  MSE_ω=3.0641e-01
  sigma: σ_R=1.5789e-02  σ_ω=1.7402e-01  β=0.0000e+00
  PL   : train=-4.7581e+00  test=1.7524e+00  σ_φ̄(train)=3.7588e-01  σ_φ̄(test)=3.6898e-01  σ_obs_ω=1.0000e-02  λ_PL=1.00
  KL   : M=3.845e+03  V=7.510e+02  Dw=5.242e+03  g=7.361e+03  sigma=7.396e+02  total=1.794e+04
  subnet MSE  M=2.481e-03  V=1.124e-01  Dw=6.112e-01  g=3.621e-01
[step   9500]
  train: −ELBO=-1.3994e+01  NLL=-9.2131e+00  NLL_R=-8.2019e+00  NLL_ω=-1.0112e+00  MSE_R=7.4122e-04  MSE_ω=8.9504e-02
  test : −ELBO=-2.4597e-01  NLL=-1.9892e+00  NLL_R=-4.5880e+00  NLL_ω=2.5988e+00  MSE_R=2.5412e-03  MSE_ω=3.0773e-01
  sigma: σ_R=1.5782e-02  σ_ω=1.7386e-01  β=0.0000e+00
  PL   : train=-4.7811e+00  test=1.7432e+00  σ_φ̄(train)=3.7444e-01  σ_φ̄(test)=3.7005e-01  σ_obs_ω=1.0000e-02  λ_PL=1.00
  KL   : M=3.852e+03  V=7.534e+02  Dw=5.258e+03  g=7.381e+03  sigma=7.421e+02  total=1.799e+04
  subnet MSE  M=2.499e-03  V=1.026e-01  Dw=6.061e-01  g=3.657e-01
[step   9550]
  train: −ELBO=-1.3989e+01  NLL=-9.1181e+00  NLL_R=-8.1578e+00  NLL_ω=-9.6027e-01  MSE_R=7.6290e-04  MSE_ω=9.2577e-02
  test : −ELBO=-4.4038e-01  NLL=-1.9352e+00  NLL_R=-4.5434e+00  NLL_ω=2.6081e+00  MSE_R=2.5420e-03  MSE_ω=3.0775e-01
  sigma: σ_R=1.5678e-02  σ_ω=1.7364e-01  β=0.0000e+00
  PL   : train=-4.8705e+00  test=1.4949e+00  σ_φ̄(train)=3.8958e-01  σ_φ̄(test)=3.7512e-01  σ_obs_ω=1.0000e-02  λ_PL=1.00
  KL   : M=3.861e+03  V=7.564e+02  Dw=5.276e+03  g=7.405e+03  sigma=7.452e+02  total=1.804e+04
  subnet MSE  M=2.483e-03  V=9.879e-02  Dw=6.187e-01  g=3.656e-01
[step   9600]
  train: −ELBO=-1.4020e+01  NLL=-9.2030e+00  NLL_R=-8.1965e+00  NLL_ω=-1.0064e+00  MSE_R=7.4388e-04  MSE_ω=8.9795e-02
  test : −ELBO=-1.4621e-02  NLL=-1.8791e+00  NLL_R=-4.5179e+00  NLL_ω=2.6389e+00  MSE_R=2.5605e-03  MSE_ω=3.0921e-01
  sigma: σ_R=1.5712e-02  σ_ω=1.7349e-01  β=0.0000e+00
  PL   : train=-4.8173e+00  test=1.8645e+00  σ_φ̄(train)=3.7722e-01  σ_φ̄(test)=3.6926e-01  σ_obs_ω=1.0000e-02  λ_PL=1.00
  KL   : M=3.868e+03  V=7.590e+02  Dw=5.293e+03  g=7.426e+03  sigma=7.477e+02  total=1.809e+04
  subnet MSE  M=2.521e-03  V=1.033e-01  Dw=6.271e-01  g=3.661e-01
[step   9650]
  train: −ELBO=-1.4032e+01  NLL=-9.2306e+00  NLL_R=-8.2125e+00  NLL_ω=-1.0181e+00  MSE_R=7.3601e-04  MSE_ω=8.9093e-02
  test : −ELBO=1.1733e-01  NLL=-1.8297e+00  NLL_R=-4.4982e+00  NLL_ω=2.6685e+00  MSE_R=2.5646e-03  MSE_ω=3.1028e-01
  sigma: σ_R=1.5692e-02  σ_ω=1.7321e-01  β=0.0000e+00
  PL   : train=-4.8013e+00  test=1.9470e+00  σ_φ̄(train)=3.7506e-01  σ_φ̄(test)=3.6968e-01  σ_obs_ω=1.0000e-02  λ_PL=1.00
  KL   : M=3.881e+03  V=7.633e+02  Dw=5.320e+03  g=7.460e+03  sigma=7.519e+02  total=1.818e+04
  subnet MSE  M=2.599e-03  V=1.051e-01  Dw=6.373e-01  g=3.659e-01
[step   9700]
  train: −ELBO=-1.4034e+01  NLL=-9.1727e+00  NLL_R=-8.1851e+00  NLL_ω=-9.8754e-01  MSE_R=7.4951e-04  MSE_ω=9.0927e-02
  test : −ELBO=-1.8740e-01  NLL=-1.8129e+00  NLL_R=-4.4931e+00  NLL_ω=2.6803e+00  MSE_R=2.5718e-03  MSE_ω=3.1063e-01
  sigma: σ_R=1.5707e-02  σ_ω=1.7306e-01  β=0.0000e+00
  PL   : train=-4.8616e+00  test=1.6255e+00  σ_φ̄(train)=3.8500e-01  σ_φ̄(test)=3.7550e-01  σ_obs_ω=1.0000e-02  λ_PL=1.00
  KL   : M=3.890e+03  V=7.663e+02  Dw=5.339e+03  g=7.485e+03  sigma=7.551e+02  total=1.824e+04
  subnet MSE  M=2.550e-03  V=1.080e-01  Dw=6.320e-01  g=3.677e-01
[step   9750]
  train: −ELBO=-1.3990e+01  NLL=-9.1867e+00  NLL_R=-8.1890e+00  NLL_ω=-9.9774e-01  MSE_R=7.4762e-04  MSE_ω=9.0316e-02
  test : −ELBO=3.6976e-02  NLL=-1.8757e+00  NLL_R=-4.5310e+00  NLL_ω=2.6553e+00  MSE_R=2.5612e-03  MSE_ω=3.0900e-01
  sigma: σ_R=1.5741e-02  σ_ω=1.7301e-01  β=0.0000e+00
  PL   : train=-4.8033e+00  test=1.9127e+00  σ_φ̄(train)=3.7679e-01  σ_φ̄(test)=3.6966e-01  σ_obs_ω=1.0000e-02  λ_PL=1.00
  KL   : M=3.897e+03  V=7.686e+02  Dw=5.354e+03  g=7.503e+03  sigma=7.577e+02  total=1.828e+04
  subnet MSE  M=2.601e-03  V=1.203e-01  Dw=6.490e-01  g=3.641e-01
[step   9800]
  train: −ELBO=-1.4032e+01  NLL=-9.2280e+00  NLL_R=-8.2127e+00  NLL_ω=-1.0152e+00  MSE_R=7.3587e-04  MSE_ω=8.9268e-02
  test : −ELBO=-1.1679e-02  NLL=-1.9561e+00  NLL_R=-4.5635e+00  NLL_ω=2.6074e+00  MSE_R=2.5407e-03  MSE_ω=3.0647e-01
  sigma: σ_R=1.5728e-02  σ_ω=1.7314e-01  β=0.0000e+00
  PL   : train=-4.8043e+00  test=1.9444e+00  σ_φ̄(train)=3.7195e-01  σ_φ̄(test)=3.6685e-01  σ_obs_ω=1.0000e-02  λ_PL=1.00
  KL   : M=3.905e+03  V=7.716e+02  Dw=5.373e+03  g=7.527e+03  sigma=7.609e+02  total=1.834e+04
  subnet MSE  M=2.587e-03  V=1.020e-01  Dw=6.368e-01  g=3.671e-01
[step   9850]
  train: −ELBO=-1.4073e+01  NLL=-9.2403e+00  NLL_R=-8.2207e+00  NLL_ω=-1.0197e+00  MSE_R=7.3201e-04  MSE_ω=8.9003e-02
  test : −ELBO=4.8324e-01  NLL=-1.7127e+00  NLL_R=-4.4344e+00  NLL_ω=2.7217e+00  MSE_R=2.5890e-03  MSE_ω=3.1270e-01
  sigma: σ_R=1.5660e-02  σ_ω=1.7290e-01  β=0.0000e+00
  PL   : train=-4.8328e+00  test=2.1959e+00  σ_φ̄(train)=3.7817e-01  σ_φ̄(test)=3.6919e-01  σ_obs_ω=1.0000e-02  λ_PL=1.00
  KL   : M=3.918e+03  V=7.760e+02  Dw=5.401e+03  g=7.561e+03  sigma=7.655e+02  total=1.842e+04
  subnet MSE  M=2.665e-03  V=1.073e-01  Dw=6.811e-01  g=3.675e-01
[step   9900]
  train: −ELBO=-1.4051e+01  NLL=-9.1983e+00  NLL_R=-8.1967e+00  NLL_ω=-1.0016e+00  MSE_R=7.4372e-04  MSE_ω=9.0084e-02
  test : −ELBO=4.2488e-01  NLL=-1.7093e+00  NLL_R=-4.4311e+00  NLL_ω=2.7218e+00  MSE_R=2.5850e-03  MSE_ω=3.1222e-01
  sigma: σ_R=1.5634e-02  σ_ω=1.7272e-01  β=0.0000e+00
  PL   : train=-4.8528e+00  test=2.1341e+00  σ_φ̄(train)=3.7913e-01  σ_φ̄(test)=3.6865e-01  σ_obs_ω=1.0000e-02  λ_PL=1.00
  KL   : M=3.927e+03  V=7.791e+02  Dw=5.420e+03  g=7.585e+03  sigma=7.686e+02  total=1.848e+04
  subnet MSE  M=2.685e-03  V=1.064e-01  Dw=6.706e-01  g=3.699e-01
[step   9950]
  train: −ELBO=-1.4041e+01  NLL=-9.2250e+00  NLL_R=-8.2111e+00  NLL_ω=-1.0139e+00  MSE_R=7.3668e-04  MSE_ω=8.9352e-02
  test : −ELBO=5.3815e-01  NLL=-1.6993e+00  NLL_R=-4.4304e+00  NLL_ω=2.7311e+00  MSE_R=2.5916e-03  MSE_ω=3.1244e-01
  sigma: σ_R=1.5659e-02  σ_ω=1.7258e-01  β=0.0000e+00
  PL   : train=-4.8158e+00  test=2.2375e+00  σ_φ̄(train)=3.7418e-01  σ_φ̄(test)=3.6669e-01  σ_obs_ω=1.0000e-02  λ_PL=1.00
  KL   : M=3.936e+03  V=7.820e+02  Dw=5.438e+03  g=7.608e+03  sigma=7.715e+02  total=1.853e+04
  subnet MSE  M=2.699e-03  V=1.144e-01  Dw=6.805e-01  g=3.675e-01
[step  10000]
  train: −ELBO=-1.4067e+01  NLL=-9.2224e+00  NLL_R=-8.2040e+00  NLL_ω=-1.0184e+00  MSE_R=7.4016e-04  MSE_ω=8.9080e-02
  test : −ELBO=6.3891e-01  NLL=-1.5932e+00  NLL_R=-4.3759e+00  NLL_ω=2.7826e+00  MSE_R=2.6071e-03  MSE_ω=3.1512e-01
  sigma: σ_R=1.5609e-02  σ_ω=1.7244e-01  β=0.0000e+00
  PL   : train=-4.8448e+00  test=2.2321e+00  σ_φ̄(train)=3.7756e-01  σ_φ̄(test)=3.6670e-01  σ_obs_ω=1.0000e-02  λ_PL=1.00
  KL   : M=3.944e+03  V=7.852e+02  Dw=5.456e+03  g=7.631e+03  sigma=7.746e+02  total=1.859e+04
  subnet MSE  M=2.735e-03  V=1.108e-01  Dw=6.932e-01  g=3.693e-01

Final per-trajectory eval ...
Final trajectory train loss 1.0043e+02 +/- 6.6725e+01
Final trajectory test loss  1.1503e+02 +/- 7.3173e+01
Final trajectory train l2 loss 1.0012e+02 +/- 6.6701e+01
Final trajectory test l2 loss  1.1235e+02 +/- 7.1606e+01
Final trajectory train geo loss 3.1040e-01 +/- 3.2377e-01
Final trajectory test geo loss  2.6778e+00 +/- 4.0679e+00
Saved final stats:  /mnt/data/thribhuvan/Projects/stochastic_port_hamiltonian/Final/SPHNP v2/src/models/3D_SO3_Windy_Pendulum/ph_gp_sde/data/run_wp3d_jax/obs0_fric0p5_wind0p5_ext0-sine_lr0p001_s10000_np5_smp64_T20_seed0_randu7_G0p5-0p7-0p1_260626-214312/wp3d-so3hamGPSDE-5p-stats.pkl
