Run dir : /mnt/data/thribhuvan/Projects/stochastic_port_hamiltonian/Final/SPHNP v2/src/models/3D_SO3_Windy_Pendulum/ph_gp_sde/data/run_wp3d_jax/obs0p01_fric0p5_wind0p5_ext0-sine_lr0p001_s10000_np5_smp64_T20_seed0_randu7_G0p5-0p7-0p1_260626-214312
model contains 11582 parameters
Loaded data from /mnt/data/thribhuvan/Projects/stochastic_port_hamiltonian/Final/SPHNP v2/datasets/data/windy_pendulum_3d/wp3d_dataset_extforce-sine-std0p0_fric0p5_var_fricFalse_obs_noise0p01_wind_force0p5_random_uTrue_uScale7p0_G_0p5_0p7_0p1_steps20.pkl
  dt = 0.0500  h = 0.0050  n_outer (per window) = 4  n_substeps = 10
  train batch B = 2560, test batch B = 2560, T_obs = 5, N (= B·(T−1)) = 10240

Pretraining M_net for 200 steps (lr=0.001, target = 1.000·I₃)
  using 12800 q samples drawn from training data
  pretrain step    0: loss=2.049e+00
  pretrain step   20: loss=1.923e+00
  pretrain step   40: loss=1.788e+00
  pretrain step   60: loss=1.648e+00
  pretrain step   80: loss=1.508e+00
  pretrain step  100: loss=1.375e+00
  pretrain step  120: loss=1.249e+00
  pretrain step  140: loss=1.132e+00
  pretrain step  160: loss=1.024e+00
  pretrain step  180: loss=9.256e-01
  pretrain step  199: loss=8.409e-01
  pretrain done. initial loss=2.049e+00  final loss=8.409e-01  max|M(q₀) − target|=1.946e+00
[step      0]
  train: −ELBO=1.0308e+06  NLL=1.0308e+06  NLL_R=8.5919e+03  NLL_ω=1.0222e+06  MSE_R=1.7220e-02  MSE_ω=2.0444e+00
  test : −ELBO=9.0200e+05  NLL=9.0200e+05  NLL_R=7.2582e+03  NLL_ω=8.9474e+05  MSE_R=1.4582e-02  MSE_ω=1.7931e+00
  sigma: σ_R=1.0000e-03  σ_ω=1.0000e-03  β=0.0000e+00
  PL   : train=1.0561e+00  test=-1.1758e+00  σ_φ̄(train)=6.9971e-01  σ_φ̄(test)=6.9178e-01  σ_obs_ω=1.0000e-02  λ_PL=1.00
  KL   : M=2.003e+03  V=3.320e+02  Dw=1.992e+03  g=2.988e+03  sigma=3.320e+02  total=7.647e+03
  subnet MSE  M=8.707e-01  V=2.709e+01  Dw=6.555e-03  g=3.281e-01
[step     50]
  train: −ELBO=6.6863e+05  NLL=6.6863e+05  NLL_R=5.5487e+03  NLL_ω=6.6308e+05  MSE_R=1.2122e-02  MSE_ω=1.4440e+00
  test : −ELBO=5.9548e+05  NLL=5.9548e+05  NLL_R=4.7004e+03  NLL_ω=5.9078e+05  MSE_R=1.0296e-02  MSE_ω=1.2893e+00
  sigma: σ_R=1.0435e-03  σ_ω=1.0435e-03  β=0.0000e+00
  PL   : train=2.5956e+00  test=3.9709e-01  σ_φ̄(train)=5.4485e-01  σ_φ̄(test)=5.3632e-01  σ_obs_ω=1.0000e-02  λ_PL=1.00
  KL   : M=2.010e+03  V=3.333e+02  Dw=1.995e+03  g=3.000e+03  sigma=3.336e+02  total=7.673e+03
  subnet MSE  M=5.026e-01  V=2.686e+01  Dw=1.041e-02  g=2.840e-01
[step    100]
  train: −ELBO=4.5974e+05  NLL=4.5972e+05  NLL_R=3.8152e+03  NLL_ω=4.5591e+05  MSE_R=9.1336e-03  MSE_ω=1.0865e+00
  test : −ELBO=4.1700e+05  NLL=4.1699e+05  NLL_R=3.2445e+03  NLL_ω=4.1374e+05  MSE_R=7.7842e-03  MSE_ω=9.8732e-01
  sigma: σ_R=1.0915e-03  σ_ω=1.0916e-03  β=0.0000e+00
  PL   : train=1.4049e+01  test=8.5947e+00  σ_φ̄(train)=3.3648e-01  σ_φ̄(test)=3.2958e-01  σ_obs_ω=1.0000e-02  λ_PL=1.00
  KL   : M=2.018e+03  V=3.346e+02  Dw=1.998e+03  g=3.008e+03  sigma=3.353e+02  total=7.694e+03
  subnet MSE  M=3.761e-01  V=2.651e+01  Dw=1.676e-02  g=2.754e-01
[step    150]
  train: −ELBO=3.6990e+05  NLL=3.6986e+05  NLL_R=3.0969e+03  NLL_ω=3.6676e+05  MSE_R=7.9079e-03  MSE_ω=9.3116e-01
  test : −ELBO=3.4244e+05  NLL=3.4241e+05  NLL_R=2.6384e+03  NLL_ω=3.3977e+05  MSE_R=6.7523e-03  MSE_ω=8.6373e-01
  sigma: σ_R=1.1267e-03  σ_ω=1.1267e-03  β=0.0000e+00
  PL   : train=3.8331e+01  test=2.7224e+01  σ_φ̄(train)=2.2149e-01  σ_φ̄(test)=2.1455e-01  σ_obs_ω=1.0000e-02  λ_PL=1.00
  KL   : M=2.022e+03  V=3.354e+02  Dw=2.001e+03  g=3.012e+03  sigma=3.363e+02  total=7.707e+03
  subnet MSE  M=4.546e-01  V=2.600e+01  Dw=2.467e-02  g=2.760e-01
[step    200]
  train: −ELBO=2.9103e+05  NLL=2.9094e+05  NLL_R=2.4476e+03  NLL_ω=2.8849e+05  MSE_R=6.7188e-03  MSE_ω=7.8586e-01
  test : −ELBO=2.7536e+05  NLL=2.7529e+05  NLL_R=2.1042e+03  NLL_ω=2.7319e+05  MSE_R=5.7898e-03  MSE_ω=7.4503e-01
  sigma: σ_R=1.1674e-03  σ_ω=1.1670e-03  β=0.0000e+00
  PL   : train=8.8464e+01  test=6.9412e+01  σ_φ̄(train)=1.3725e-01  σ_φ̄(test)=1.3162e-01  σ_obs_ω=1.0000e-02  λ_PL=1.00
  KL   : M=2.026e+03  V=3.370e+02  Dw=2.004e+03  g=3.017e+03  sigma=3.374e+02  total=7.720e+03
  subnet MSE  M=5.776e-01  V=2.502e+01  Dw=3.928e-02  g=2.789e-01
[step    250]
  train: −ELBO=2.4420e+05  NLL=2.4408e+05  NLL_R=2.0692e+03  NLL_ω=2.4201e+05  MSE_R=5.9891e-03  MSE_ω=6.9371e-01
  test : −ELBO=2.3097e+05  NLL=2.3086e+05  NLL_R=1.7573e+03  NLL_ω=2.2910e+05  MSE_R=5.0993e-03  MSE_ω=6.5743e-01
  sigma: σ_R=1.1980e-03  σ_ω=1.1971e-03  β=0.0000e+00
  PL   : train=1.2455e+02  test=1.0583e+02  σ_φ̄(train)=1.0092e-01  σ_φ̄(test)=9.5218e-02  σ_obs_ω=1.0000e-02  λ_PL=1.00
  KL   : M=2.027e+03  V=3.383e+02  Dw=2.006e+03  g=3.019e+03  sigma=3.382e+02  total=7.729e+03
  subnet MSE  M=7.036e-01  V=2.388e+01  Dw=4.467e-02  g=2.804e-01
[step    300]
  train: −ELBO=2.1057e+05  NLL=2.1042e+05  NLL_R=1.8043e+03  NLL_ω=2.0861e+05  MSE_R=5.4918e-03  MSE_ω=6.2744e-01
  test : −ELBO=1.9882e+05  NLL=1.9869e+05  NLL_R=1.5139e+03  NLL_ω=1.9718e+05  MSE_R=4.6209e-03  MSE_ω=5.9361e-01
  sigma: σ_R=1.2278e-03  σ_ω=1.2263e-03  β=0.0000e+00
  PL   : train=1.5444e+02  test=1.3201e+02  σ_φ̄(train)=8.1528e-02  σ_φ̄(test)=7.8352e-02  σ_obs_ω=1.0000e-02  λ_PL=1.00
  KL   : M=2.029e+03  V=3.399e+02  Dw=2.009e+03  g=3.021e+03  sigma=3.384e+02  total=7.737e+03
  subnet MSE  M=8.592e-01  V=2.272e+01  Dw=5.150e-02  g=2.824e-01
[step    350]
  train: −ELBO=1.8855e+05  NLL=1.8837e+05  NLL_R=1.6280e+03  NLL_ω=1.8674e+05  MSE_R=5.1719e-03  MSE_ω=5.8491e-01
  test : −ELBO=1.7589e+05  NLL=1.7574e+05  NLL_R=1.3369e+03  NLL_ω=1.7440e+05  MSE_R=4.2595e-03  MSE_ω=5.4656e-01
  sigma: σ_R=1.2537e-03  σ_ω=1.2514e-03  β=0.0000e+00
  PL   : train=1.7476e+02  test=1.5336e+02  σ_φ̄(train)=6.7342e-02  σ_φ̄(test)=6.4661e-02  σ_obs_ω=1.0000e-02  λ_PL=1.00
  KL   : M=2.030e+03  V=3.413e+02  Dw=2.010e+03  g=3.023e+03  sigma=3.388e+02  total=7.743e+03
  subnet MSE  M=9.729e-01  V=2.201e+01  Dw=4.690e-02  g=2.811e-01
[step    400]
  train: −ELBO=1.7809e+05  NLL=1.7788e+05  NLL_R=1.5390e+03  NLL_ω=1.7634e+05  MSE_R=5.0320e-03  MSE_ω=5.6754e-01
  test : −ELBO=1.6349e+05  NLL=1.6330e+05  NLL_R=1.2418e+03  NLL_ω=1.6206e+05  MSE_R=4.0741e-03  MSE_ω=5.2196e-01
  sigma: σ_R=1.2715e-03  σ_ω=1.2685e-03  β=0.0000e+00
  PL   : train=2.0930e+02  test=1.9182e+02  σ_φ̄(train)=5.1720e-02  σ_φ̄(test)=4.7964e-02  σ_obs_ω=1.0000e-02  λ_PL=1.00
  KL   : M=2.031e+03  V=3.419e+02  Dw=2.011e+03  g=3.024e+03  sigma=3.391e+02  total=7.747e+03
  subnet MSE  M=1.011e+00  V=2.146e+01  Dw=4.642e-02  g=2.833e-01
[step    450]
  train: −ELBO=1.6137e+05  NLL=1.6115e+05  NLL_R=1.4003e+03  NLL_ω=1.5975e+05  MSE_R=4.7773e-03  MSE_ω=5.3510e-01
  test : −ELBO=1.4919e+05  NLL=1.4897e+05  NLL_R=1.1306e+03  NLL_ω=1.4784e+05  MSE_R=3.8710e-03  MSE_ω=4.9555e-01
  sigma: σ_R=1.2981e-03  σ_ω=1.2941e-03  β=0.0000e+00
  PL   : train=2.2355e+02  test=2.1606e+02  σ_φ̄(train)=4.0508e-02  σ_φ̄(test)=3.7215e-02  σ_obs_ω=1.0000e-02  λ_PL=1.00
  KL   : M=2.032e+03  V=3.429e+02  Dw=2.012e+03  g=3.026e+03  sigma=3.396e+02  total=7.752e+03
  subnet MSE  M=1.034e+00  V=2.091e+01  Dw=4.670e-02  g=2.917e-01
[step    500]
  train: −ELBO=1.5018e+05  NLL=1.4996e+05  NLL_R=1.3089e+03  NLL_ω=1.4865e+05  MSE_R=4.6301e-03  MSE_ω=5.1510e-01
  test : −ELBO=1.3959e+05  NLL=1.3938e+05  NLL_R=1.0565e+03  NLL_ω=1.3832e+05  MSE_R=3.7512e-03  MSE_ω=4.7959e-01
  sigma: σ_R=1.3213e-03  σ_ω=1.3162e-03  β=0.0000e+00
  PL   : train=2.2426e+02  test=2.1413e+02  σ_φ̄(train)=3.7647e-02  σ_φ̄(test)=3.4530e-02  σ_obs_ω=1.0000e-02  λ_PL=1.00
  KL   : M=2.033e+03  V=3.437e+02  Dw=2.013e+03  g=3.027e+03  sigma=3.397e+02  total=7.756e+03
  subnet MSE  M=1.063e+00  V=2.062e+01  Dw=4.420e-02  g=2.940e-01
[step    550]
  train: −ELBO=1.3950e+05  NLL=1.3928e+05  NLL_R=1.2185e+03  NLL_ω=1.3806e+05  MSE_R=4.4847e-03  MSE_ω=4.9646e-01
  test : −ELBO=1.2963e+05  NLL=1.2941e+05  NLL_R=9.8102e+02  NLL_ω=1.2843e+05  MSE_R=3.6261e-03  MSE_ω=4.6225e-01
  sigma: σ_R=1.3471e-03  σ_ω=1.3408e-03  β=0.0000e+00
  PL   : train=2.2837e+02  test=2.1846e+02  σ_φ̄(train)=3.3674e-02  σ_φ̄(test)=3.0794e-02  σ_obs_ω=1.0000e-02  λ_PL=1.00
  KL   : M=2.033e+03  V=3.446e+02  Dw=2.014e+03  g=3.027e+03  sigma=3.398e+02  total=7.759e+03
  subnet MSE  M=1.081e+00  V=1.990e+01  Dw=4.651e-02  g=2.993e-01
[step    600]
  train: −ELBO=1.2887e+05  NLL=1.2863e+05  NLL_R=1.1292e+03  NLL_ω=1.2750e+05  MSE_R=4.3572e-03  MSE_ω=4.7920e-01
  test : −ELBO=1.1892e+05  NLL=1.1868e+05  NLL_R=8.9895e+02  NLL_ω=1.1778e+05  MSE_R=3.4844e-03  MSE_ω=4.4297e-01
  sigma: σ_R=1.3787e-03  σ_ω=1.3707e-03  β=0.0000e+00
  PL   : train=2.4426e+02  test=2.3488e+02  σ_φ̄(train)=2.8650e-02  σ_φ̄(test)=2.6448e-02  σ_obs_ω=1.0000e-02  λ_PL=1.00
  KL   : M=2.034e+03  V=3.454e+02  Dw=2.015e+03  g=3.028e+03  sigma=3.400e+02  total=7.763e+03
  subnet MSE  M=1.139e+00  V=1.959e+01  Dw=4.837e-02  g=2.909e-01
[step    650]
  train: −ELBO=1.2300e+05  NLL=1.2275e+05  NLL_R=1.0774e+03  NLL_ω=1.2167e+05  MSE_R=4.3223e-03  MSE_ω=4.7423e-01
  test : −ELBO=1.1310e+05  NLL=1.1286e+05  NLL_R=8.5409e+02  NLL_ω=1.1201e+05  MSE_R=3.4433e-03  MSE_ω=4.3695e-01
  sigma: σ_R=1.4053e-03  σ_ω=1.3959e-03  β=0.0000e+00
  PL   : train=2.5289e+02  test=2.4137e+02  σ_φ̄(train)=2.4996e-02  σ_φ̄(test)=2.2706e-02  σ_obs_ω=1.0000e-02  λ_PL=1.00
  KL   : M=2.035e+03  V=3.461e+02  Dw=2.016e+03  g=3.029e+03  sigma=3.402e+02  total=7.766e+03
  subnet MSE  M=1.168e+00  V=1.940e+01  Dw=4.417e-02  g=2.896e-01
[step    700]
  train: −ELBO=1.1376e+05  NLL=1.1350e+05  NLL_R=9.9605e+02  NLL_ω=1.1250e+05  MSE_R=4.2313e-03  MSE_ω=4.6259e-01
  test : −ELBO=1.0412e+05  NLL=1.0387e+05  NLL_R=7.8430e+02  NLL_ω=1.0309e+05  MSE_R=3.3496e-03  MSE_ω=4.2425e-01
  sigma: σ_R=1.4452e-03  σ_ω=1.4337e-03  β=0.0000e+00
  PL   : train=2.5890e+02  test=2.4451e+02  σ_φ̄(train)=2.1071e-02  σ_φ̄(test)=1.9117e-02  σ_obs_ω=1.0000e-02  λ_PL=1.00
  KL   : M=2.036e+03  V=3.470e+02  Dw=2.017e+03  g=3.030e+03  sigma=3.403e+02  total=7.770e+03
  subnet MSE  M=1.189e+00  V=1.916e+01  Dw=4.292e-02  g=2.906e-01
[step    750]
  train: −ELBO=1.0820e+05  NLL=1.0793e+05  NLL_R=9.5015e+02  NLL_ω=1.0698e+05  MSE_R=4.2212e-03  MSE_ω=4.5880e-01
  test : −ELBO=9.8057e+04  NLL=9.7801e+04  NLL_R=7.3782e+02  NLL_ω=9.7063e+04  MSE_R=3.2982e-03  MSE_ω=4.1674e-01
  sigma: σ_R=1.4774e-03  σ_ω=1.4642e-03  β=0.0000e+00
  PL   : train=2.6700e+02  test=2.5610e+02  σ_φ̄(train)=2.2809e-02  σ_φ̄(test)=2.0718e-02  σ_obs_ω=1.0000e-02  λ_PL=1.00
  KL   : M=2.037e+03  V=3.478e+02  Dw=2.018e+03  g=3.031e+03  sigma=3.402e+02  total=7.773e+03
  subnet MSE  M=1.212e+00  V=1.892e+01  Dw=4.497e-02  g=2.815e-01
[step    800]
  train: −ELBO=9.8100e+04  NLL=9.7830e+04  NLL_R=8.6417e+02  NLL_ω=9.6966e+04  MSE_R=4.0724e-03  MSE_ω=4.3920e-01
  test : −ELBO=8.8665e+04  NLL=8.8411e+04  NLL_R=6.6572e+02  NLL_ω=8.7745e+04  MSE_R=3.1588e-03  MSE_ω=3.9790e-01
  sigma: σ_R=1.5204e-03  σ_ω=1.5048e-03  β=0.0000e+00
  PL   : train=2.7023e+02  test=2.5434e+02  σ_φ̄(train)=2.0078e-02  σ_φ̄(test)=1.8375e-02  σ_obs_ω=1.0000e-02  λ_PL=1.00
  KL   : M=2.038e+03  V=3.487e+02  Dw=2.019e+03  g=3.032e+03  sigma=3.403e+02  total=7.777e+03
  subnet MSE  M=1.242e+00  V=1.845e+01  Dw=5.112e-02  g=2.809e-01
[step    850]
  train: −ELBO=8.8260e+04  NLL=8.8009e+04  NLL_R=7.7902e+02  NLL_ω=8.7230e+04  MSE_R=3.9069e-03  MSE_ω=4.1847e-01
  test : −ELBO=7.9382e+04  NLL=7.9145e+04  NLL_R=5.9228e+02  NLL_ω=7.8553e+04  MSE_R=2.9935e-03  MSE_ω=3.7728e-01
  sigma: σ_R=1.5669e-03  σ_ω=1.5486e-03  β=0.0000e+00
  PL   : train=2.5105e+02  test=2.3657e+02  σ_φ̄(train)=2.0611e-02  σ_φ̄(test)=1.8979e-02  σ_obs_ω=1.0000e-02  λ_PL=1.00
  KL   : M=2.039e+03  V=3.494e+02  Dw=2.020e+03  g=3.034e+03  sigma=3.403e+02  total=7.783e+03
  subnet MSE  M=1.235e+00  V=1.826e+01  Dw=4.838e-02  g=2.883e-01
[step    900]
  train: −ELBO=8.3136e+04  NLL=8.2893e+04  NLL_R=7.3198e+02  NLL_ω=8.2161e+04  MSE_R=3.8776e-03  MSE_ω=4.1479e-01
  test : −ELBO=7.4630e+04  NLL=7.4400e+04  NLL_R=5.5530e+02  NLL_ω=7.3844e+04  MSE_R=2.9656e-03  MSE_ω=3.7321e-01
  sigma: σ_R=1.6094e-03  σ_ω=1.5886e-03  β=0.0000e+00
  PL   : train=2.4313e+02  test=2.3032e+02  σ_φ̄(train)=2.1448e-02  σ_φ̄(test)=1.9480e-02  σ_obs_ω=1.0000e-02  λ_PL=1.00
  KL   : M=2.040e+03  V=3.500e+02  Dw=2.021e+03  g=3.035e+03  sigma=3.404e+02  total=7.786e+03
  subnet MSE  M=1.213e+00  V=1.804e+01  Dw=4.569e-02  g=2.929e-01
[step    950]
  train: −ELBO=7.9809e+04  NLL=7.9555e+04  NLL_R=7.0103e+02  NLL_ω=7.8854e+04  MSE_R=3.8725e-03  MSE_ω=4.1402e-01
  test : −ELBO=7.1155e+04  NLL=7.0917e+04  NLL_R=5.2805e+02  NLL_ω=7.0389e+04  MSE_R=2.9409e-03  MSE_ω=3.6982e-01
  sigma: σ_R=1.6427e-03  σ_ω=1.6201e-03  β=0.0000e+00
  PL   : train=2.5365e+02  test=2.3782e+02  σ_φ̄(train)=2.0643e-02  σ_φ̄(test)=1.8604e-02  σ_obs_ω=1.0000e-02  λ_PL=1.00
  KL   : M=2.041e+03  V=3.506e+02  Dw=2.021e+03  g=3.036e+03  sigma=3.404e+02  total=7.789e+03
  subnet MSE  M=1.146e+00  V=1.781e+01  Dw=4.362e-02  g=2.872e-01
[step   1000]
  train: −ELBO=7.4434e+04  NLL=7.4194e+04  NLL_R=6.5364e+02  NLL_ω=7.3541e+04  MSE_R=3.7742e-03  MSE_ω=4.0226e-01
  test : −ELBO=6.6513e+04  NLL=6.6287e+04  NLL_R=4.9218e+02  NLL_ω=6.5795e+04  MSE_R=2.8690e-03  MSE_ω=3.6042e-01
  sigma: σ_R=1.6782e-03  σ_ω=1.6536e-03  β=0.0000e+00
  PL   : train=2.3915e+02  test=2.2591e+02  σ_φ̄(train)=2.0826e-02  σ_φ̄(test)=1.8932e-02  σ_obs_ω=1.0000e-02  λ_PL=1.00
  KL   : M=2.041e+03  V=3.510e+02  Dw=2.022e+03  g=3.037e+03  sigma=3.403e+02  total=7.792e+03
  subnet MSE  M=1.142e+00  V=1.751e+01  Dw=4.537e-02  g=2.946e-01
[step   1050]
  train: −ELBO=7.0855e+04  NLL=7.0609e+04  NLL_R=6.2147e+02  NLL_ω=6.9988e+04  MSE_R=3.7686e-03  MSE_ω=4.0081e-01
  test : −ELBO=6.3017e+04  NLL=6.2785e+04  NLL_R=4.6430e+02  NLL_ω=6.2321e+04  MSE_R=2.8425e-03  MSE_ω=3.5721e-01
  sigma: σ_R=1.7188e-03  σ_ω=1.6920e-03  β=0.0000e+00
  PL   : train=2.4573e+02  test=2.3246e+02  σ_φ̄(train)=1.8970e-02  σ_φ̄(test)=1.7326e-02  σ_obs_ω=1.0000e-02  λ_PL=1.00
  KL   : M=2.042e+03  V=3.514e+02  Dw=2.023e+03  g=3.038e+03  sigma=3.404e+02  total=7.795e+03
  subnet MSE  M=1.131e+00  V=1.723e+01  Dw=4.387e-02  g=2.943e-01
[step   1100]
  train: −ELBO=6.8991e+04  NLL=6.8739e+04  NLL_R=6.0220e+02  NLL_ω=6.8136e+04  MSE_R=3.8070e-03  MSE_ω=4.0585e-01
  test : −ELBO=6.1388e+04  NLL=6.1153e+04  NLL_R=4.5197e+02  NLL_ω=6.0701e+04  MSE_R=2.8859e-03  MSE_ω=3.6201e-01
  sigma: σ_R=1.7543e-03  σ_ω=1.7255e-03  β=0.0000e+00
  PL   : train=2.5229e+02  test=2.3532e+02  σ_φ̄(train)=2.1728e-02  σ_φ̄(test)=2.0185e-02  σ_obs_ω=1.0000e-02  λ_PL=1.00
  KL   : M=2.042e+03  V=3.518e+02  Dw=2.024e+03  g=3.038e+03  sigma=3.403e+02  total=7.797e+03
  subnet MSE  M=1.170e+00  V=1.696e+01  Dw=4.672e-02  g=2.905e-01
[step   1150]
  train: −ELBO=6.3890e+04  NLL=6.3653e+04  NLL_R=5.5635e+02  NLL_ω=6.3097e+04  MSE_R=3.7141e-03  MSE_ω=3.9533e-01
  test : −ELBO=5.7185e+04  NLL=5.6967e+04  NLL_R=4.1927e+02  NLL_ω=5.6548e+04  MSE_R=2.8282e-03  MSE_ω=3.5471e-01
  sigma: σ_R=1.8010e-03  σ_ω=1.7697e-03  β=0.0000e+00
  PL   : train=2.3711e+02  test=2.1758e+02  σ_φ̄(train)=2.3886e-02  σ_φ̄(test)=2.2442e-02  σ_obs_ω=1.0000e-02  λ_PL=1.00
  KL   : M=2.044e+03  V=3.525e+02  Dw=2.025e+03  g=3.039e+03  sigma=3.404e+02  total=7.801e+03
  subnet MSE  M=1.125e+00  V=1.703e+01  Dw=4.487e-02  g=2.984e-01
[step   1200]
  train: −ELBO=5.7113e+04  NLL=5.6894e+04  NLL_R=5.0026e+02  NLL_ω=5.6393e+04  MSE_R=3.5552e-03  MSE_ω=3.7423e-01
  test : −ELBO=5.1367e+04  NLL=5.1161e+04  NLL_R=3.7397e+02  NLL_ω=5.0787e+04  MSE_R=2.6892e-03  MSE_ω=3.3747e-01
  sigma: σ_R=1.8554e-03  σ_ω=1.8213e-03  β=0.0000e+00
  PL   : train=2.1887e+02  test=2.0654e+02  σ_φ̄(train)=2.4757e-02  σ_φ̄(test)=2.3347e-02  σ_obs_ω=1.0000e-02  λ_PL=1.00
  KL   : M=2.045e+03  V=3.532e+02  Dw=2.027e+03  g=3.039e+03  sigma=3.404e+02  total=7.805e+03
  subnet MSE  M=1.064e+00  V=1.683e+01  Dw=4.532e-02  g=2.995e-01
[step   1250]
  train: −ELBO=5.2686e+04  NLL=5.2473e+04  NLL_R=4.6176e+02  NLL_ω=5.2011e+04  MSE_R=3.4764e-03  MSE_ω=3.6399e-01
  test : −ELBO=4.7019e+04  NLL=4.6817e+04  NLL_R=3.4079e+02  NLL_ω=4.6477e+04  MSE_R=2.6009e-03  MSE_ω=3.2584e-01
  sigma: σ_R=1.9073e-03  σ_ω=1.8703e-03  β=0.0000e+00
  PL   : train=2.1358e+02  test=2.0168e+02  σ_φ̄(train)=2.7044e-02  σ_φ̄(test)=2.5317e-02  σ_obs_ω=1.0000e-02  λ_PL=1.00
  KL   : M=2.047e+03  V=3.536e+02  Dw=2.028e+03  g=3.040e+03  sigma=3.404e+02  total=7.808e+03
  subnet MSE  M=1.091e+00  V=1.644e+01  Dw=4.334e-02  g=2.969e-01
[step   1300]
  train: −ELBO=4.7501e+04  NLL=4.7275e+04  NLL_R=4.1640e+02  NLL_ω=4.6858e+04  MSE_R=3.3229e-03  MSE_ω=3.4564e-01
  test : −ELBO=4.3066e+04  NLL=4.2850e+04  NLL_R=3.1013e+02  NLL_ω=4.2540e+04  MSE_R=2.5092e-03  MSE_ω=3.1417e-01
  sigma: σ_R=1.9603e-03  σ_ω=1.9201e-03  β=0.0000e+00
  PL   : train=2.2614e+02  test=2.1575e+02  σ_φ̄(train)=2.0657e-02  σ_φ̄(test)=1.9147e-02  σ_obs_ω=1.0000e-02  λ_PL=1.00
  KL   : M=2.048e+03  V=3.541e+02  Dw=2.028e+03  g=3.041e+03  sigma=3.406e+02  total=7.813e+03
  subnet MSE  M=1.053e+00  V=1.645e+01  Dw=4.269e-02  g=2.929e-01
[step   1350]
  train: −ELBO=4.4302e+04  NLL=4.4068e+04  NLL_R=3.8845e+02  NLL_ω=4.3680e+04  MSE_R=3.2833e-03  MSE_ω=3.3964e-01
  test : −ELBO=3.9821e+04  NLL=3.9599e+04  NLL_R=2.8527e+02  NLL_ω=3.9314e+04  MSE_R=2.4480e-03  MSE_ω=3.0602e-01
  sigma: σ_R=2.0150e-03  σ_ω=1.9714e-03  β=0.0000e+00
  PL   : train=2.3404e+02  test=2.2184e+02  σ_φ̄(train)=1.7112e-02  σ_φ̄(test)=1.5652e-02  σ_obs_ω=1.0000e-02  λ_PL=1.00
  KL   : M=2.050e+03  V=3.546e+02  Dw=2.029e+03  g=3.042e+03  sigma=3.406e+02  total=7.817e+03
  subnet MSE  M=1.077e+00  V=1.634e+01  Dw=4.278e-02  g=2.941e-01
[step   1400]
  train: −ELBO=4.2584e+04  NLL=4.2342e+04  NLL_R=3.7225e+02  NLL_ω=4.1970e+04  MSE_R=3.2979e-03  MSE_ω=3.4090e-01
  test : −ELBO=3.8801e+04  NLL=3.8571e+04  NLL_R=2.7675e+02  NLL_ω=3.8294e+04  MSE_R=2.4891e-03  MSE_ω=3.1139e-01
  sigma: σ_R=2.0614e-03  σ_ω=2.0149e-03  β=0.0000e+00
  PL   : train=2.4227e+02  test=2.2991e+02  σ_φ̄(train)=1.4664e-02  σ_φ̄(test)=1.3314e-02  σ_obs_ω=1.0000e-02  λ_PL=1.00
  KL   : M=2.051e+03  V=3.550e+02  Dw=2.030e+03  g=3.043e+03  sigma=3.407e+02  total=7.820e+03
  subnet MSE  M=1.076e+00  V=1.605e+01  Dw=4.317e-02  g=2.936e-01
[step   1450]
  train: −ELBO=4.0762e+04  NLL=4.0524e+04  NLL_R=3.5557e+02  NLL_ω=4.0169e+04  MSE_R=3.2806e-03  MSE_ω=3.3867e-01
  test : −ELBO=3.7755e+04  NLL=3.7527e+04  NLL_R=2.6861e+02  NLL_ω=3.7259e+04  MSE_R=2.5145e-03  MSE_ω=3.1440e-01
  sigma: σ_R=2.1018e-03  σ_ω=2.0528e-03  β=0.0000e+00
  PL   : train=2.3798e+02  test=2.2763e+02  σ_φ̄(train)=1.5173e-02  σ_φ̄(test)=1.4086e-02  σ_obs_ω=1.0000e-02  λ_PL=1.00
  KL   : M=2.052e+03  V=3.553e+02  Dw=2.030e+03  g=3.044e+03  sigma=3.407e+02  total=7.822e+03
  subnet MSE  M=1.061e+00  V=1.602e+01  Dw=4.259e-02  g=2.924e-01
[step   1500]
  train: −ELBO=3.8540e+04  NLL=3.8307e+04  NLL_R=3.3612e+02  NLL_ω=3.7970e+04  MSE_R=3.2378e-03  MSE_ω=3.3294e-01
  test : −ELBO=3.5987e+04  NLL=3.5763e+04  NLL_R=2.5501e+02  NLL_ω=3.5508e+04  MSE_R=2.4942e-03  MSE_ω=3.1171e-01
  sigma: σ_R=2.1452e-03  σ_ω=2.0934e-03  β=0.0000e+00
  PL   : train=2.3325e+02  test=2.2376e+02  σ_φ̄(train)=1.6653e-02  σ_φ̄(test)=1.5411e-02  σ_obs_ω=1.0000e-02  λ_PL=1.00
  KL   : M=2.053e+03  V=3.557e+02  Dw=2.031e+03  g=3.044e+03  sigma=3.406e+02  total=7.825e+03
  subnet MSE  M=1.071e+00  V=1.594e+01  Dw=4.582e-02  g=2.924e-01
[step   1550]
  train: −ELBO=3.6606e+04  NLL=3.6371e+04  NLL_R=3.1778e+02  NLL_ω=3.6053e+04  MSE_R=3.2391e-03  MSE_ω=3.3303e-01
  test : −ELBO=3.3800e+04  NLL=3.3575e+04  NLL_R=2.3851e+02  NLL_ω=3.3336e+04  MSE_R=2.4719e-03  MSE_ω=3.0831e-01
  sigma: σ_R=2.2041e-03  σ_ω=2.1486e-03  β=0.0000e+00
  PL   : train=2.3535e+02  test=2.2523e+02  σ_φ̄(train)=1.6024e-02  σ_φ̄(test)=1.4739e-02  σ_obs_ω=1.0000e-02  λ_PL=1.00
  KL   : M=2.054e+03  V=3.562e+02  Dw=2.032e+03  g=3.045e+03  sigma=3.407e+02  total=7.828e+03
  subnet MSE  M=1.073e+00  V=1.607e+01  Dw=4.442e-02  g=2.913e-01
[step   1600]
  train: −ELBO=3.4153e+04  NLL=3.3914e+04  NLL_R=2.9617e+02  NLL_ω=3.3618e+04  MSE_R=3.1890e-03  MSE_ω=3.2639e-01
  test : −ELBO=3.1039e+04  NLL=3.0803e+04  NLL_R=2.1788e+02  NLL_ω=3.0586e+04  MSE_R=2.3912e-03  MSE_ω=2.9735e-01
  sigma: σ_R=2.2618e-03  σ_ω=2.2028e-03  β=0.0000e+00
  PL   : train=2.3894e+02  test=2.3551e+02  σ_φ̄(train)=1.4721e-02  σ_φ̄(test)=1.3545e-02  σ_obs_ω=1.0000e-02  λ_PL=1.00
  KL   : M=2.056e+03  V=3.566e+02  Dw=2.033e+03  g=3.046e+03  sigma=3.407e+02  total=7.832e+03
  subnet MSE  M=1.138e+00  V=1.571e+01  Dw=4.684e-02  g=2.920e-01
[step   1650]
  train: −ELBO=3.2738e+04  NLL=3.2489e+04  NLL_R=2.8315e+02  NLL_ω=3.2206e+04  MSE_R=3.1922e-03  MSE_ω=3.2616e-01
  test : −ELBO=2.9732e+04  NLL=2.9496e+04  NLL_R=2.0792e+02  NLL_ω=2.9288e+04  MSE_R=2.3894e-03  MSE_ω=2.9679e-01
  sigma: σ_R=2.3120e-03  σ_ω=2.2497e-03  β=0.0000e+00
  PL   : train=2.4926e+02  test=2.3639e+02  σ_φ̄(train)=1.3922e-02  σ_φ̄(test)=1.2917e-02  σ_obs_ω=1.0000e-02  λ_PL=1.00
  KL   : M=2.057e+03  V=3.571e+02  Dw=2.033e+03  g=3.047e+03  sigma=3.408e+02  total=7.835e+03
  subnet MSE  M=1.141e+00  V=1.546e+01  Dw=4.487e-02  g=2.877e-01
[step   1700]
  train: −ELBO=3.0740e+04  NLL=3.0487e+04  NLL_R=2.6550e+02  NLL_ω=3.0222e+04  MSE_R=3.1329e-03  MSE_ω=3.1881e-01
  test : −ELBO=2.8068e+04  NLL=2.7837e+04  NLL_R=1.9542e+02  NLL_ω=2.7641e+04  MSE_R=2.3533e-03  MSE_ω=2.9184e-01
  sigma: σ_R=2.3615e-03  σ_ω=2.2960e-03  β=0.0000e+00
  PL   : train=2.5281e+02  test=2.3077e+02  σ_φ̄(train)=1.4605e-02  σ_φ̄(test)=1.3667e-02  σ_obs_ω=1.0000e-02  λ_PL=1.00
  KL   : M=2.058e+03  V=3.575e+02  Dw=2.034e+03  g=3.048e+03  sigma=3.408e+02  total=7.838e+03
  subnet MSE  M=1.115e+00  V=1.544e+01  Dw=4.029e-02  g=2.865e-01
[step   1750]
  train: −ELBO=2.9371e+04  NLL=2.9110e+04  NLL_R=2.5334e+02  NLL_ω=2.8856e+04  MSE_R=3.1146e-03  MSE_ω=3.1592e-01
  test : −ELBO=2.6838e+04  NLL=2.6605e+04  NLL_R=1.8571e+02  NLL_ω=2.6419e+04  MSE_R=2.3319e-03  MSE_ω=2.8941e-01
  sigma: σ_R=2.4075e-03  σ_ω=2.3390e-03  β=0.0000e+00
  PL   : train=2.6122e+02  test=2.3335e+02  σ_φ̄(train)=1.4133e-02  σ_φ̄(test)=1.3255e-02  σ_obs_ω=1.0000e-02  λ_PL=1.00
  KL   : M=2.059e+03  V=3.578e+02  Dw=2.035e+03  g=3.049e+03  sigma=3.409e+02  total=7.841e+03
  subnet MSE  M=1.114e+00  V=1.541e+01  Dw=4.209e-02  g=2.854e-01
[step   1800]
  train: −ELBO=2.9426e+04  NLL=2.9162e+04  NLL_R=2.5229e+02  NLL_ω=2.8910e+04  MSE_R=3.2294e-03  MSE_ω=3.2904e-01
  test : −ELBO=2.6943e+04  NLL=2.6694e+04  NLL_R=1.8646e+02  NLL_ω=2.6508e+04  MSE_R=2.4371e-03  MSE_ω=3.0199e-01
  sigma: σ_R=2.4566e-03  σ_ω=2.3849e-03  β=0.0000e+00
  PL   : train=2.6446e+02  test=2.4891e+02  σ_φ̄(train)=1.5101e-02  σ_φ̄(test)=1.4080e-02  σ_obs_ω=1.0000e-02  λ_PL=1.00
  KL   : M=2.060e+03  V=3.583e+02  Dw=2.035e+03  g=3.050e+03  sigma=3.410e+02  total=7.845e+03
  subnet MSE  M=1.123e+00  V=1.534e+01  Dw=4.350e-02  g=2.803e-01
[step   1850]
  train: −ELBO=2.9393e+04  NLL=2.9112e+04  NLL_R=2.5060e+02  NLL_ω=2.8862e+04  MSE_R=3.3262e-03  MSE_ω=3.4019e-01
  test : −ELBO=2.7301e+04  NLL=2.7039e+04  NLL_R=1.8891e+02  NLL_ω=2.6851e+04  MSE_R=2.5563e-03  MSE_ω=3.1675e-01
  sigma: σ_R=2.5013e-03  σ_ω=2.4270e-03  β=0.0000e+00
  PL   : train=2.8089e+02  test=2.6179e+02  σ_φ̄(train)=1.3800e-02  σ_φ̄(test)=1.2764e-02  σ_obs_ω=1.0000e-02  λ_PL=1.00
  KL   : M=2.061e+03  V=3.587e+02  Dw=2.037e+03  g=3.051e+03  sigma=3.411e+02  total=7.848e+03
  subnet MSE  M=1.058e+00  V=1.532e+01  Dw=3.678e-02  g=2.792e-01
[step   1900]
  train: −ELBO=2.7169e+04  NLL=2.6905e+04  NLL_R=2.3086e+02  NLL_ω=2.6674e+04  MSE_R=3.2194e-03  MSE_ω=3.2848e-01
  test : −ELBO=2.5351e+04  NLL=2.5102e+04  NLL_R=1.7372e+02  NLL_ω=2.4928e+04  MSE_R=2.4737e-03  MSE_ω=3.0725e-01
  sigma: σ_R=2.5580e-03  σ_ω=2.4807e-03  β=0.0000e+00
  PL   : train=2.6423e+02  test=2.4860e+02  σ_φ̄(train)=1.3276e-02  σ_φ̄(test)=1.2086e-02  σ_obs_ω=1.0000e-02  λ_PL=1.00
  KL   : M=2.062e+03  V=3.592e+02  Dw=2.038e+03  g=3.052e+03  sigma=3.410e+02  total=7.852e+03
  subnet MSE  M=1.027e+00  V=1.535e+01  Dw=3.887e-02  g=2.853e-01
[step   1950]
  train: −ELBO=2.4573e+04  NLL=2.4324e+04  NLL_R=2.0864e+02  NLL_ω=2.4115e+04  MSE_R=3.0859e-03  MSE_ω=3.1256e-01
  test : −ELBO=2.2570e+04  NLL=2.2336e+04  NLL_R=1.5298e+02  NLL_ω=2.2183e+04  MSE_R=2.3208e-03  MSE_ω=2.8786e-01
  sigma: σ_R=2.6262e-03  σ_ω=2.5449e-03  β=0.0000e+00
  PL   : train=2.4924e+02  test=2.3371e+02  σ_φ̄(train)=1.2156e-02  σ_φ̄(test)=1.1201e-02  σ_obs_ω=1.0000e-02  λ_PL=1.00
  KL   : M=2.064e+03  V=3.597e+02  Dw=2.038e+03  g=3.053e+03  sigma=3.412e+02  total=7.856e+03
  subnet MSE  M=1.057e+00  V=1.527e+01  Dw=4.188e-02  g=2.908e-01
[step   2000]
  train: −ELBO=2.3702e+04  NLL=2.3438e+04  NLL_R=2.0015e+02  NLL_ω=2.3238e+04  MSE_R=3.1235e-03  MSE_ω=3.1646e-01
  test : −ELBO=2.2160e+04  NLL=2.1912e+04  NLL_R=1.4938e+02  NLL_ω=2.1762e+04  MSE_R=2.3885e-03  MSE_ω=2.9664e-01
  sigma: σ_R=2.6943e-03  σ_ω=2.6086e-03  β=0.0000e+00
  PL   : train=2.6408e+02  test=2.4815e+02  σ_φ̄(train)=9.9840e-03  σ_φ̄(test)=9.0240e-03  σ_obs_ω=1.0000e-02  λ_PL=1.00
  KL   : M=2.065e+03  V=3.600e+02  Dw=2.039e+03  g=3.055e+03  sigma=3.412e+02  total=7.860e+03
  subnet MSE  M=1.051e+00  V=1.519e+01  Dw=4.382e-02  g=2.878e-01
[step   2050]
  train: −ELBO=2.0921e+04  NLL=2.0674e+04  NLL_R=1.7636e+02  NLL_ω=2.0497e+04  MSE_R=2.9823e-03  MSE_ω=2.9925e-01
  test : −ELBO=1.9285e+04  NLL=1.9056e+04  NLL_R=1.2788e+02  NLL_ω=1.8928e+04  MSE_R=2.2293e-03  MSE_ω=2.7673e-01
  sigma: σ_R=2.7923e-03  σ_ω=2.7008e-03  β=0.0000e+00
  PL   : train=2.4738e+02  test=2.2910e+02  σ_φ̄(train)=9.2954e-03  σ_φ̄(test)=8.3730e-03  σ_obs_ω=1.0000e-02  λ_PL=1.00
  KL   : M=2.067e+03  V=3.607e+02  Dw=2.040e+03  g=3.057e+03  sigma=3.413e+02  total=7.865e+03
  subnet MSE  M=1.053e+00  V=1.522e+01  Dw=4.353e-02  g=2.920e-01
[step   2100]
  train: −ELBO=1.7871e+04  NLL=1.7648e+04  NLL_R=1.5058e+02  NLL_ω=1.7497e+04  MSE_R=2.7797e-03  MSE_ω=2.7473e-01
  test : −ELBO=1.6582e+04  NLL=1.6369e+04  NLL_R=1.0773e+02  NLL_ω=1.6261e+04  MSE_R=2.0615e-03  MSE_ω=2.5559e-01
  sigma: σ_R=2.8992e-03  σ_ω=2.8007e-03  β=0.0000e+00
  PL   : train=2.2316e+02  test=2.1344e+02  σ_φ̄(train)=1.0659e-02  σ_φ̄(test)=9.6142e-03  σ_obs_ω=1.0000e-02  λ_PL=1.00
  KL   : M=2.069e+03  V=3.615e+02  Dw=2.041e+03  g=3.059e+03  sigma=3.410e+02  total=7.871e+03
  subnet MSE  M=1.091e+00  V=1.507e+01  Dw=4.535e-02  g=2.929e-01
[step   2150]
  train: −ELBO=1.6092e+04  NLL=1.5874e+04  NLL_R=1.3478e+02  NLL_ω=1.5739e+04  MSE_R=2.7080e-03  MSE_ω=2.6564e-01
  test : −ELBO=1.4803e+04  NLL=1.4592e+04  NLL_R=9.4609e+01  NLL_ω=1.4498e+04  MSE_R=1.9823e-03  MSE_ω=2.4498e-01
  sigma: σ_R=3.0100e-03  σ_ω=2.9036e-03  β=0.0000e+00
  PL   : train=2.1773e+02  test=2.1031e+02  σ_φ̄(train)=1.0330e-02  σ_φ̄(test)=9.4064e-03  σ_obs_ω=1.0000e-02  λ_PL=1.00
  KL   : M=2.071e+03  V=3.623e+02  Dw=2.041e+03  g=3.060e+03  sigma=3.411e+02  total=7.876e+03
  subnet MSE  M=1.141e+00  V=1.495e+01  Dw=4.442e-02  g=2.941e-01
[step   2200]
  train: −ELBO=1.5091e+04  NLL=1.4864e+04  NLL_R=1.2544e+02  NLL_ω=1.4739e+04  MSE_R=2.6917e-03  MSE_ω=2.6333e-01
  test : −ELBO=1.3795e+04  NLL=1.3579e+04  NLL_R=8.7056e+01  NLL_ω=1.3492e+04  MSE_R=1.9565e-03  MSE_ω=2.4138e-01
  sigma: σ_R=3.1004e-03  σ_ω=2.9873e-03  β=0.0000e+00
  PL   : train=2.2660e+02  test=2.1613e+02  σ_φ̄(train)=9.3861e-03  σ_φ̄(test)=8.5272e-03  σ_obs_ω=1.0000e-02  λ_PL=1.00
  KL   : M=2.073e+03  V=3.630e+02  Dw=2.042e+03  g=3.061e+03  sigma=3.411e+02  total=7.880e+03
  subnet MSE  M=1.141e+00  V=1.485e+01  Dw=4.375e-02  g=2.897e-01
[step   2250]
  train: −ELBO=1.3558e+04  NLL=1.3340e+04  NLL_R=1.1195e+02  NLL_ω=1.3228e+04  MSE_R=2.5975e-03  MSE_ω=2.5192e-01
  test : −ELBO=1.2543e+04  NLL=1.2335e+04  NLL_R=7.7727e+01  NLL_ω=1.2257e+04  MSE_R=1.8981e-03  MSE_ω=2.3390e-01
  sigma: σ_R=3.2051e-03  σ_ω=3.0841e-03  β=0.0000e+00
  PL   : train=2.1830e+02  test=2.0835e+02  σ_φ̄(train)=8.4351e-03  σ_φ̄(test)=7.6298e-03  σ_obs_ω=1.0000e-02  λ_PL=1.00
  KL   : M=2.075e+03  V=3.640e+02  Dw=2.044e+03  g=3.062e+03  sigma=3.412e+02  total=7.886e+03
  subnet MSE  M=1.177e+00  V=1.467e+01  Dw=4.651e-02  g=2.925e-01
[step   2300]
  train: −ELBO=1.2045e+04  NLL=1.1830e+04  NLL_R=9.8615e+01  NLL_ω=1.1731e+04  MSE_R=2.5154e-03  MSE_ω=2.4135e-01
  test : −ELBO=1.1284e+04  NLL=1.1079e+04  NLL_R=6.8349e+01  NLL_ω=1.1010e+04  MSE_R=1.8450e-03  MSE_ω=2.2696e-01
  sigma: σ_R=3.3366e-03  σ_ω=3.2053e-03  β=0.0000e+00
  PL   : train=2.1569e+02  test=2.0550e+02  σ_φ̄(train)=9.9291e-03  σ_φ̄(test)=9.1465e-03  σ_obs_ω=1.0000e-02  λ_PL=1.00
  KL   : M=2.077e+03  V=3.649e+02  Dw=2.046e+03  g=3.064e+03  sigma=3.413e+02  total=7.893e+03
  subnet MSE  M=1.218e+00  V=1.442e+01  Dw=4.719e-02  g=2.905e-01
[step   2350]
  train: −ELBO=1.1045e+04  NLL=1.0834e+04  NLL_R=8.9604e+01  NLL_ω=1.0744e+04  MSE_R=2.4704e-03  MSE_ω=2.3548e-01
  test : −ELBO=1.0420e+04  NLL=1.0218e+04  NLL_R=6.1892e+01  NLL_ω=1.0156e+04  MSE_R=1.8134e-03  MSE_ω=2.2286e-01
  sigma: σ_R=3.4487e-03  σ_ω=3.3082e-03  β=0.0000e+00
  PL   : train=2.1074e+02  test=2.0274e+02  σ_φ̄(train)=1.0372e-02  σ_φ̄(test)=9.5988e-03  σ_obs_ω=1.0000e-02  λ_PL=1.00
  KL   : M=2.079e+03  V=3.657e+02  Dw=2.047e+03  g=3.065e+03  sigma=3.413e+02  total=7.898e+03
  subnet MSE  M=1.181e+00  V=1.444e+01  Dw=4.182e-02  g=2.888e-01
[step   2400]
  train: −ELBO=9.9405e+03  NLL=9.7293e+03  NLL_R=7.9943e+01  NLL_ω=9.6494e+03  MSE_R=2.4079e-03  MSE_ω=2.2686e-01
  test : −ELBO=9.4538e+03  NLL=9.2489e+03  NLL_R=5.4710e+01  NLL_ω=9.1942e+03  MSE_R=1.7646e-03  MSE_ω=2.1647e-01
  sigma: σ_R=3.5772e-03  σ_ω=3.4261e-03  β=0.0000e+00
  PL   : train=2.1117e+02  test=2.0490e+02  σ_φ̄(train)=1.0998e-02  σ_φ̄(test)=1.0195e-02  σ_obs_ω=1.0000e-02  λ_PL=1.00
  KL   : M=2.082e+03  V=3.666e+02  Dw=2.048e+03  g=3.066e+03  sigma=3.414e+02  total=7.904e+03
  subnet MSE  M=1.184e+00  V=1.430e+01  Dw=4.181e-02  g=2.875e-01
[step   2450]
  train: −ELBO=9.5393e+03  NLL=9.3350e+03  NLL_R=7.5843e+01  NLL_ω=9.2591e+03  MSE_R=2.3993e-03  MSE_ω=2.2655e-01
  test : −ELBO=9.1206e+03  NLL=8.9209e+03  NLL_R=5.2112e+01  NLL_ω=8.8687e+03  MSE_R=1.7676e-03  MSE_ω=2.1720e-01
  sigma: σ_R=3.6525e-03  σ_ω=3.4950e-03  β=0.0000e+00
  PL   : train=2.0437e+02  test=1.9973e+02  σ_φ̄(train)=1.0847e-02  σ_φ̄(test)=9.9945e-03  σ_obs_ω=1.0000e-02  λ_PL=1.00
  KL   : M=2.083e+03  V=3.671e+02  Dw=2.049e+03  g=3.068e+03  sigma=3.415e+02  total=7.908e+03
  subnet MSE  M=1.193e+00  V=1.439e+01  Dw=4.029e-02  g=2.893e-01
[step   2500]
  train: −ELBO=9.0063e+03  NLL=8.7991e+03  NLL_R=7.1223e+01  NLL_ω=8.7279e+03  MSE_R=2.3733e-03  MSE_ω=2.2246e-01
  test : −ELBO=8.6329e+03  NLL=8.4316e+03  NLL_R=4.8488e+01  NLL_ω=8.3831e+03  MSE_R=1.7423e-03  MSE_ω=2.1392e-01
  sigma: σ_R=3.7311e-03  σ_ω=3.5670e-03  β=0.0000e+00
  PL   : train=2.0718e+02  test=2.0131e+02  σ_φ̄(train)=8.3895e-03  σ_φ̄(test)=7.6556e-03  σ_obs_ω=1.0000e-02  λ_PL=1.00
  KL   : M=2.084e+03  V=3.677e+02  Dw=2.050e+03  g=3.068e+03  sigma=3.415e+02  total=7.911e+03
  subnet MSE  M=1.185e+00  V=1.438e+01  Dw=3.884e-02  g=2.882e-01
[step   2550]
  train: −ELBO=7.9523e+03  NLL=7.7492e+03  NLL_R=6.2244e+01  NLL_ω=7.6870e+03  MSE_R=2.2566e-03  MSE_ω=2.0792e-01
  test : −ELBO=7.6369e+03  NLL=7.4424e+03  NLL_R=4.1220e+01  NLL_ω=7.4011e+03  MSE_R=1.6348e-03  MSE_ω=2.0033e-01
  sigma: σ_R=3.8488e-03  σ_ω=3.6742e-03  β=0.0000e+00
  PL   : train=2.0311e+02  test=1.9459e+02  σ_φ̄(train)=8.1767e-03  σ_φ̄(test)=7.4551e-03  σ_obs_ω=1.0000e-02  λ_PL=1.00
  KL   : M=2.086e+03  V=3.685e+02  Dw=2.051e+03  g=3.070e+03  sigma=3.416e+02  total=7.916e+03
  subnet MSE  M=1.203e+00  V=1.410e+01  Dw=3.885e-02  g=2.885e-01
[step   2600]
  train: −ELBO=7.0218e+03  NLL=6.8335e+03  NLL_R=5.4047e+01  NLL_ω=6.7794e+03  MSE_R=2.1781e-03  MSE_ω=1.9792e-01
  test : −ELBO=6.7867e+03  NLL=6.6016e+03  NLL_R=3.4799e+01  NLL_ω=6.5668e+03  MSE_R=1.5631e-03  MSE_ω=1.9207e-01
  sigma: σ_R=4.0064e-03  σ_ω=3.8167e-03  β=0.0000e+00
  PL   : train=1.8827e+02  test=1.8516e+02  σ_φ̄(train)=8.4002e-03  σ_φ̄(test)=7.6358e-03  σ_obs_ω=1.0000e-02  λ_PL=1.00
  KL   : M=2.088e+03  V=3.695e+02  Dw=2.052e+03  g=3.071e+03  sigma=3.416e+02  total=7.923e+03
  subnet MSE  M=1.191e+00  V=1.421e+01  Dw=3.681e-02  g=2.908e-01
[step   2650]
  train: −ELBO=5.7608e+03  NLL=5.5841e+03  NLL_R=4.2751e+01  NLL_ω=5.5414e+03  MSE_R=2.0261e-03  MSE_ω=1.8010e-01
  test : −ELBO=5.5909e+03  NLL=5.4152e+03  NLL_R=2.6141e+01  NLL_ω=5.3891e+03  MSE_R=1.4321e-03  MSE_ω=1.7550e-01
  sigma: σ_R=4.2387e-03  σ_ω=4.0261e-03  β=0.0000e+00
  PL   : train=1.7667e+02  test=1.7569e+02  σ_φ̄(train)=7.7407e-03  σ_φ̄(test)=6.9722e-03  σ_obs_ω=1.0000e-02  λ_PL=1.00
  KL   : M=2.091e+03  V=3.711e+02  Dw=2.055e+03  g=3.073e+03  sigma=3.416e+02  total=7.932e+03
  subnet MSE  M=1.222e+00  V=1.394e+01  Dw=3.668e-02  g=2.947e-01
[step   2700]
  train: −ELBO=4.7993e+03  NLL=4.6296e+03  NLL_R=3.4051e+01  NLL_ω=4.5956e+03  MSE_R=1.9298e-03  MSE_ω=1.6783e-01
  test : −ELBO=4.6416e+03  NLL=4.4697e+03  NLL_R=1.9268e+01  NLL_ω=4.4504e+03  MSE_R=1.3319e-03  MSE_ω=1.6287e-01
  sigma: σ_R=4.5070e-03  σ_ω=4.2669e-03  β=0.0000e+00
  PL   : train=1.6964e+02  test=1.7194e+02  σ_φ̄(train)=6.6974e-03  σ_φ̄(test)=6.0187e-03  σ_obs_ω=1.0000e-02  λ_PL=1.00
  KL   : M=2.095e+03  V=3.729e+02  Dw=2.057e+03  g=3.075e+03  sigma=3.418e+02  total=7.942e+03
  subnet MSE  M=1.243e+00  V=1.380e+01  Dw=3.401e-02  g=2.958e-01
[step   2750]
  train: −ELBO=4.1352e+03  NLL=3.9699e+03  NLL_R=2.7959e+01  NLL_ω=3.9420e+03  MSE_R=1.8668e-03  MSE_ω=1.5953e-01
  test : −ELBO=4.0341e+03  NLL=3.8687e+03  NLL_R=1.4909e+01  NLL_ω=3.8537e+03  MSE_R=1.2790e-03  MSE_ω=1.5633e-01
  sigma: σ_R=4.7570e-03  σ_ω=4.4907e-03  β=0.0000e+00
  PL   : train=1.6524e+02  test=1.6543e+02  σ_φ̄(train)=6.1387e-03  σ_φ̄(test)=5.5025e-03  σ_obs_ω=1.0000e-02  λ_PL=1.00
  KL   : M=2.098e+03  V=3.746e+02  Dw=2.060e+03  g=3.077e+03  sigma=3.418e+02  total=7.951e+03
  subnet MSE  M=1.269e+00  V=1.381e+01  Dw=3.403e-02  g=2.965e-01
[step   2800]
  train: −ELBO=3.3652e+03  NLL=3.1985e+03  NLL_R=2.0880e+01  NLL_ω=3.1776e+03  MSE_R=1.7669e-03  MSE_ω=1.4686e-01
  test : −ELBO=3.3082e+03  NLL=3.1408e+03  NLL_R=9.7932e+00  NLL_ω=3.1311e+03  MSE_R=1.1948e-03  MSE_ω=1.4531e-01
  sigma: σ_R=5.1006e-03  σ_ω=4.7971e-03  β=0.0000e+00
  PL   : train=1.6668e+02  test=1.6735e+02  σ_φ̄(train)=5.5845e-03  σ_φ̄(test)=4.9611e-03  σ_obs_ω=1.0000e-02  λ_PL=1.00
  KL   : M=2.103e+03  V=3.767e+02  Dw=2.063e+03  g=3.079e+03  sigma=3.419e+02  total=7.964e+03
  subnet MSE  M=1.291e+00  V=1.356e+01  Dw=3.260e-02  g=2.904e-01
[step   2850]
  train: −ELBO=2.7441e+03  NLL=2.5833e+03  NLL_R=1.5019e+01  NLL_ω=2.5682e+03  MSE_R=1.6978e-03  MSE_ω=1.3809e-01
  test : −ELBO=2.7007e+03  NLL=2.5394e+03  NLL_R=5.6032e+00  NLL_ω=2.5338e+03  MSE_R=1.1278e-03  MSE_ω=1.3673e-01
  sigma: σ_R=5.5199e-03  σ_ω=5.1719e-03  β=0.0000e+00
  PL   : train=1.6081e+02  test=1.6139e+02  σ_φ̄(train)=5.0545e-03  σ_φ̄(test)=4.4989e-03  σ_obs_ω=1.0000e-02  λ_PL=1.00
  KL   : M=2.108e+03  V=3.794e+02  Dw=2.068e+03  g=3.081e+03  sigma=3.421e+02  total=7.979e+03
  subnet MSE  M=1.344e+00  V=1.339e+01  Dw=3.221e-02  g=2.930e-01
[step   2900]
  train: −ELBO=2.3044e+03  NLL=2.1454e+03  NLL_R=1.0783e+01  NLL_ω=2.1347e+03  MSE_R=1.6495e-03  MSE_ω=1.3212e-01
  test : −ELBO=2.2843e+03  NLL=2.1241e+03  NLL_R=2.7667e+00  NLL_ω=2.1213e+03  MSE_R=1.0865e-03  MSE_ω=1.3154e-01
  sigma: σ_R=5.9361e-03  σ_ω=5.5463e-03  β=0.0000e+00
  PL   : train=1.5897e+02  test=1.6025e+02  σ_φ̄(train)=4.6936e-03  σ_φ̄(test)=4.2134e-03  σ_obs_ω=1.0000e-02  λ_PL=1.00
  KL   : M=2.113e+03  V=3.821e+02  Dw=2.072e+03  g=3.084e+03  sigma=3.421e+02  total=7.993e+03
  subnet MSE  M=1.370e+00  V=1.339e+01  Dw=3.172e-02  g=2.918e-01
[step   2950]
  train: −ELBO=1.9672e+03  NLL=1.8111e+03  NLL_R=7.6255e+00  NLL_ω=1.8035e+03  MSE_R=1.6036e-03  MSE_ω=1.2622e-01
  test : −ELBO=1.9943e+03  NLL=1.8351e+03  NLL_R=8.1783e-01  NLL_ω=1.8343e+03  MSE_R=1.0622e-03  MSE_ω=1.2874e-01
  sigma: σ_R=6.3222e-03  σ_ω=5.8949e-03  β=0.0000e+00
  PL   : train=1.5604e+02  test=1.5915e+02  σ_φ̄(train)=4.4703e-03  σ_φ̄(test)=3.9616e-03  σ_obs_ω=1.0000e-02  λ_PL=1.00
  KL   : M=2.117e+03  V=3.843e+02  Dw=2.077e+03  g=3.086e+03  sigma=3.422e+02  total=8.006e+03
  subnet MSE  M=1.377e+00  V=1.326e+01  Dw=3.059e-02  g=2.920e-01
[step   3000]
  train: −ELBO=1.5906e+03  NLL=1.4385e+03  NLL_R=4.0594e+00  NLL_ω=1.4345e+03  MSE_R=1.5542e-03  MSE_ω=1.1997e-01
  test : −ELBO=1.6186e+03  NLL=1.4632e+03  NLL_R=-1.5933e+00  NLL_ω=1.4648e+03  MSE_R=1.0151e-03  MSE_ω=1.2283e-01
  sigma: σ_R=6.9212e-03  σ_ω=6.4390e-03  β=0.0000e+00
  PL   : train=1.5205e+02  test=1.5544e+02  σ_φ̄(train)=4.8471e-03  σ_φ̄(test)=4.4063e-03  σ_obs_ω=1.0000e-02  λ_PL=1.00
  KL   : M=2.123e+03  V=3.877e+02  Dw=2.084e+03  g=3.090e+03  sigma=3.422e+02  total=8.027e+03
  subnet MSE  M=1.421e+00  V=1.321e+01  Dw=3.042e-02  g=2.924e-01
[step   3050]
  train: −ELBO=1.3213e+03  NLL=1.1729e+03  NLL_R=1.5350e+00  NLL_ω=1.1713e+03  MSE_R=1.5110e-03  MSE_ω=1.1470e-01
  test : −ELBO=1.3658e+03  NLL=1.2112e+03  NLL_R=-3.1491e+00  NLL_ω=1.2143e+03  MSE_R=9.8739e-04  MSE_ω=1.1919e-01
  sigma: σ_R=7.4919e-03  σ_ω=6.9613e-03  β=0.0000e+00
  PL   : train=1.4837e+02  test=1.5458e+02  σ_φ̄(train)=5.7033e-03  σ_φ̄(test)=5.1899e-03  σ_obs_ω=1.0000e-02  λ_PL=1.00
  KL   : M=2.129e+03  V=3.908e+02  Dw=2.091e+03  g=3.093e+03  sigma=3.421e+02  total=8.045e+03
  subnet MSE  M=1.456e+00  V=1.309e+01  Dw=3.043e-02  g=2.928e-01
[step   3100]
  train: −ELBO=1.1623e+03  NLL=1.0163e+03  NLL_R=6.7477e-02  NLL_ω=1.0162e+03  MSE_R=1.4916e-03  MSE_ω=1.1196e-01
  test : −ELBO=1.2032e+03  NLL=1.0526e+03  NLL_R=-4.1081e+00  NLL_ω=1.0567e+03  MSE_R=9.6563e-04  MSE_ω=1.1654e-01
  sigma: σ_R=7.9445e-03  σ_ω=7.3788e-03  β=0.0000e+00
  PL   : train=1.4601e+02  test=1.5057e+02  σ_φ̄(train)=6.0864e-03  σ_φ̄(test)=5.4950e-03  σ_obs_ω=1.0000e-02  λ_PL=1.00
  KL   : M=2.133e+03  V=3.930e+02  Dw=2.097e+03  g=3.096e+03  sigma=3.421e+02  total=8.061e+03
  subnet MSE  M=1.497e+00  V=1.298e+01  Dw=3.111e-02  g=2.946e-01
[step   3150]
  train: −ELBO=1.0102e+03  NLL=8.6536e+02  NLL_R=-1.3400e+00  NLL_ω=8.6670e+02  MSE_R=1.4659e-03  MSE_ω=1.0876e-01
  test : −ELBO=1.0641e+03  NLL=9.1259e+02  NLL_R=-4.9022e+00  NLL_ω=9.1749e+02  MSE_R=9.5621e-04  MSE_ω=1.1527e-01
  sigma: σ_R=8.4698e-03  σ_ω=7.8680e-03  β=0.0000e+00
  PL   : train=1.4479e+02  test=1.5151e+02  σ_φ̄(train)=9.3976e-03  σ_φ̄(test)=8.7314e-03  σ_obs_ω=1.0000e-02  λ_PL=1.00
  KL   : M=2.137e+03  V=3.954e+02  Dw=2.104e+03  g=3.099e+03  sigma=3.420e+02  total=8.078e+03
  subnet MSE  M=1.498e+00  V=1.299e+01  Dw=3.262e-02  g=2.908e-01
[step   3200]
  train: −ELBO=8.9611e+02  NLL=7.6627e+02  NLL_R=-2.2887e+00  NLL_ω=7.6856e+02  MSE_R=1.4632e-03  MSE_ω=1.0845e-01
  test : −ELBO=9.4985e+02  NLL=8.1335e+02  NLL_R=-5.4280e+00  NLL_ω=8.1877e+02  MSE_R=9.6013e-04  MSE_ω=1.1574e-01
  sigma: σ_R=8.9678e-03  σ_ω=8.3369e-03  β=0.0000e+00
  PL   : train=1.2984e+02  test=1.3651e+02  σ_φ̄(train)=1.9624e-02  σ_φ̄(test)=1.8737e-02  σ_obs_ω=1.0000e-02  λ_PL=1.00
  KL   : M=2.141e+03  V=3.975e+02  Dw=2.112e+03  g=3.101e+03  sigma=3.418e+02  total=8.094e+03
  subnet MSE  M=1.509e+00  V=1.293e+01  Dw=3.241e-02  g=2.941e-01
[step   3250]
  train: −ELBO=7.7390e+02  NLL=6.6572e+02  NLL_R=-3.2003e+00  NLL_ω=6.6892e+02  MSE_R=1.4709e-03  MSE_ω=1.0879e-01
  test : −ELBO=8.3174e+02  NLL=7.1429e+02  NLL_R=-5.9063e+00  NLL_ω=7.2020e+02  MSE_R=9.7377e-04  MSE_ω=1.1726e-01
  sigma: σ_R=9.5994e-03  σ_ω=8.9416e-03  β=0.0000e+00
  PL   : train=1.0817e+02  test=1.1745e+02  σ_φ̄(train)=3.6187e-02  σ_φ̄(test)=3.3575e-02  σ_obs_ω=1.0000e-02  λ_PL=1.00
  KL   : M=2.147e+03  V=4.000e+02  Dw=2.121e+03  g=3.105e+03  sigma=3.430e+02  total=8.115e+03
  subnet MSE  M=1.534e+00  V=1.296e+01  Dw=3.258e-02  g=2.932e-01
[step   3300]
  train: −ELBO=6.8089e+02  NLL=5.7996e+02  NLL_R=-3.9532e+00  NLL_ω=5.8391e+02  MSE_R=1.4657e-03  MSE_ω=1.0801e-01
  test : −ELBO=7.3771e+02  NLL=6.2869e+02  NLL_R=-6.3156e+00  NLL_ω=6.3501e+02  MSE_R=9.7525e-04  MSE_ω=1.1745e-01
  sigma: σ_R=1.0198e-02  σ_ω=9.5260e-03  β=0.0000e+00
  PL   : train=1.0093e+02  test=1.0902e+02  σ_φ̄(train)=4.0629e-02  σ_φ̄(test)=3.8285e-02  σ_obs_ω=1.0000e-02  λ_PL=1.00
  KL   : M=2.151e+03  V=4.020e+02  Dw=2.131e+03  g=3.108e+03  sigma=3.462e+02  total=8.138e+03
  subnet MSE  M=1.519e+00  V=1.289e+01  Dw=3.392e-02  g=2.932e-01
[step   3350]
  train: −ELBO=6.1495e+02  NLL=5.2671e+02  NLL_R=-4.4347e+00  NLL_ω=5.3114e+02  MSE_R=1.4752e-03  MSE_ω=1.0950e-01
  test : −ELBO=6.6787e+02  NLL=5.7260e+02  NLL_R=-6.5397e+00  NLL_ω=5.7914e+02  MSE_R=9.9279e-04  MSE_ω=1.1953e-01
  sigma: σ_R=1.0723e-02  σ_ω=1.0049e-02  β=0.0000e+00
  PL   : train=8.8240e+01  test=9.5271e+01  σ_φ̄(train)=4.8564e-02  σ_φ̄(test)=4.6086e-02  σ_obs_ω=1.0000e-02  λ_PL=1.00
  KL   : M=2.155e+03  V=4.037e+02  Dw=2.139e+03  g=3.111e+03  sigma=3.494e+02  total=8.158e+03
  subnet MSE  M=1.509e+00  V=1.288e+01  Dw=3.331e-02  g=2.948e-01
[step   3400]
  train: −ELBO=5.4237e+02  NLL=4.6325e+02  NLL_R=-4.9447e+00  NLL_ω=4.6819e+02  MSE_R=1.4744e-03  MSE_ω=1.0904e-01
  test : −ELBO=5.9832e+02  NLL=5.1179e+02  NLL_R=-6.7915e+00  NLL_ω=5.1858e+02  MSE_R=1.0016e-03  MSE_ω=1.2087e-01
  sigma: σ_R=1.1335e-02  σ_ω=1.0668e-02  β=0.0000e+00
  PL   : train=7.9126e+01  test=8.6531e+01  σ_φ̄(train)=5.4458e-02  σ_φ̄(test)=5.1368e-02  σ_obs_ω=1.0000e-02  λ_PL=1.00
  KL   : M=2.160e+03  V=4.055e+02  Dw=2.149e+03  g=3.114e+03  sigma=3.533e+02  total=8.181e+03
  subnet MSE  M=1.515e+00  V=1.281e+01  Dw=3.311e-02  g=2.953e-01
[step   3450]
  train: −ELBO=4.8326e+02  NLL=4.1225e+02  NLL_R=-5.3493e+00  NLL_ω=4.1760e+02  MSE_R=1.4802e-03  MSE_ω=1.0969e-01
  test : −ELBO=5.3968e+02  NLL=4.6055e+02  NLL_R=-6.9636e+00  NLL_ω=4.6751e+02  MSE_R=1.0194e-03  MSE_ω=1.2275e-01
  sigma: σ_R=1.1963e-02  σ_ω=1.1316e-02  β=0.0000e+00
  PL   : train=7.1011e+01  test=7.9135e+01  σ_φ̄(train)=6.1037e-02  σ_φ̄(test)=5.7737e-02  σ_obs_ω=1.0000e-02  λ_PL=1.00
  KL   : M=2.165e+03  V=4.073e+02  Dw=2.159e+03  g=3.118e+03  sigma=3.573e+02  total=8.206e+03
  subnet MSE  M=1.508e+00  V=1.276e+01  Dw=3.367e-02  g=2.932e-01
[step   3500]
  train: −ELBO=4.2602e+02  NLL=3.6049e+02  NLL_R=-5.7410e+00  NLL_ω=3.6623e+02  MSE_R=1.4819e-03  MSE_ω=1.0994e-01
  test : −ELBO=4.7843e+02  NLL=4.0595e+02  NLL_R=-7.1512e+00  NLL_ω=4.1310e+02  MSE_R=1.0293e-03  MSE_ω=1.2395e-01
  sigma: σ_R=1.2686e-02  σ_ω=1.2079e-02  β=0.0000e+00
  PL   : train=6.5526e+01  test=7.2481e+01  σ_φ̄(train)=6.4141e-02  σ_φ̄(test)=6.1509e-02  σ_obs_ω=1.0000e-02  λ_PL=1.00
  KL   : M=2.171e+03  V=4.093e+02  Dw=2.170e+03  g=3.122e+03  sigma=3.619e+02  total=8.234e+03
  subnet MSE  M=1.458e+00  V=1.269e+01  Dw=3.352e-02  g=2.958e-01
[step   3550]
  train: −ELBO=3.7924e+02  NLL=3.2069e+02  NLL_R=-6.0214e+00  NLL_ω=3.2671e+02  MSE_R=1.4892e-03  MSE_ω=1.1078e-01
  test : −ELBO=4.3540e+02  NLL=3.6947e+02  NLL_R=-7.2341e+00  NLL_ω=3.7671e+02  MSE_R=1.0563e-03  MSE_ω=1.2739e-01
  sigma: σ_R=1.3369e-02  σ_ω=1.2820e-02  β=0.0000e+00
  PL   : train=5.8554e+01  test=6.5929e+01  σ_φ̄(train)=7.0594e-02  σ_φ̄(test)=6.8216e-02  σ_obs_ω=1.0000e-02  λ_PL=1.00
  KL   : M=2.177e+03  V=4.110e+02  Dw=2.181e+03  g=3.126e+03  sigma=3.657e+02  total=8.262e+03
  subnet MSE  M=1.407e+00  V=1.264e+01  Dw=3.295e-02  g=2.938e-01
[step   3600]
  train: −ELBO=3.4774e+02  NLL=2.9271e+02  NLL_R=-6.1951e+00  NLL_ω=2.9890e+02  MSE_R=1.4922e-03  MSE_ω=1.1050e-01
  test : −ELBO=4.0235e+02  NLL=3.4123e+02  NLL_R=-7.3030e+00  NLL_ω=3.4853e+02  MSE_R=1.0676e-03  MSE_ω=1.2855e-01
  sigma: σ_R=1.3859e-02  σ_ω=1.3370e-02  β=0.0000e+00
  PL   : train=5.5028e+01  test=6.1118e+01  σ_φ̄(train)=7.3590e-02  σ_φ̄(test)=7.1984e-02  σ_obs_ω=1.0000e-02  λ_PL=1.00
  KL   : M=2.182e+03  V=4.121e+02  Dw=2.189e+03  g=3.129e+03  sigma=3.684e+02  total=8.281e+03
  subnet MSE  M=1.391e+00  V=1.254e+01  Dw=3.272e-02  g=2.937e-01
[step   3650]
  train: −ELBO=3.1288e+02  NLL=2.6208e+02  NLL_R=-6.3867e+00  NLL_ω=2.6847e+02  MSE_R=1.4946e-03  MSE_ω=1.1069e-01
  test : −ELBO=3.6603e+02  NLL=3.0912e+02  NLL_R=-7.3791e+00  NLL_ω=3.1650e+02  MSE_R=1.0785e-03  MSE_ω=1.3000e-01
  sigma: σ_R=1.4490e-02  σ_ω=1.4097e-02  β=0.0000e+00
  PL   : train=5.0791e+01  test=5.6909e+01  σ_φ̄(train)=7.7632e-02  σ_φ̄(test)=7.5697e-02  σ_obs_ω=1.0000e-02  λ_PL=1.00
  KL   : M=2.189e+03  V=4.136e+02  Dw=2.199e+03  g=3.133e+03  sigma=3.717e+02  total=8.306e+03
  subnet MSE  M=1.369e+00  V=1.233e+01  Dw=3.274e-02  g=2.938e-01
[step   3700]
  train: −ELBO=2.8461e+02  NLL=2.3654e+02  NLL_R=-6.5474e+00  NLL_ω=2.4308e+02  MSE_R=1.4895e-03  MSE_ω=1.1057e-01
  test : −ELBO=3.3703e+02  NLL=2.8255e+02  NLL_R=-7.4291e+00  NLL_ω=2.8998e+02  MSE_R=1.0901e-03  MSE_ω=1.3135e-01
  sigma: σ_R=1.5063e-02  σ_ω=1.4783e-02  β=0.0000e+00
  PL   : train=4.8070e+01  test=5.4477e+01  σ_φ̄(train)=7.9807e-02  σ_φ̄(test)=7.7725e-02  σ_obs_ω=1.0000e-02  λ_PL=1.00
  KL   : M=2.194e+03  V=4.150e+02  Dw=2.207e+03  g=3.138e+03  sigma=3.747e+02  total=8.329e+03
  subnet MSE  M=1.292e+00  V=1.220e+01  Dw=3.269e-02  g=2.945e-01
[step   3750]
  train: −ELBO=2.5808e+02  NLL=2.1578e+02  NLL_R=-6.6566e+00  NLL_ω=2.2244e+02  MSE_R=1.4986e-03  MSE_ω=1.1178e-01
  test : −ELBO=3.0775e+02  NLL=2.5953e+02  NLL_R=-7.4574e+00  NLL_ω=2.6699e+02  MSE_R=1.1066e-03  MSE_ω=1.3343e-01
  sigma: σ_R=1.5655e-02  σ_ω=1.5515e-02  β=0.0000e+00
  PL   : train=4.2299e+01  test=4.8216e+01  σ_φ̄(train)=8.5825e-02  σ_φ̄(test)=8.3938e-02  σ_obs_ω=1.0000e-02  λ_PL=1.00
  KL   : M=2.201e+03  V=4.162e+02  Dw=2.216e+03  g=3.142e+03  sigma=3.774e+02  total=8.353e+03
  subnet MSE  M=1.227e+00  V=1.204e+01  Dw=3.088e-02  g=2.949e-01
[step   3800]
  train: −ELBO=2.2906e+02  NLL=1.8901e+02  NLL_R=-6.7937e+00  NLL_ω=1.9580e+02  MSE_R=1.4966e-03  MSE_ω=1.1158e-01
  test : −ELBO=2.7683e+02  NLL=2.3075e+02  NLL_R=-7.4919e+00  NLL_ω=2.3824e+02  MSE_R=1.1212e-03  MSE_ω=1.3496e-01
  sigma: σ_R=1.6408e-02  σ_ω=1.6482e-02  β=0.0000e+00
  PL   : train=4.0052e+01  test=4.6079e+01  σ_φ̄(train)=8.8944e-02  σ_φ̄(test)=8.6897e-02  σ_obs_ω=1.0000e-02  λ_PL=1.00
  KL   : M=2.211e+03  V=4.179e+02  Dw=2.228e+03  g=3.148e+03  sigma=3.808e+02  total=8.386e+03
  subnet MSE  M=1.070e+00  V=1.163e+01  Dw=3.114e-02  g=2.935e-01
[step   3850]
  train: −ELBO=2.1064e+02  NLL=1.7827e+02  NLL_R=-6.8165e+00  NLL_ω=1.8509e+02  MSE_R=1.5276e-03  MSE_ω=1.1528e-01
  test : −ELBO=2.5430e+02  NLL=2.1637e+02  NLL_R=-7.4770e+00  NLL_ω=2.2384e+02  MSE_R=1.1486e-03  MSE_ω=1.3843e-01
  sigma: σ_R=1.6946e-02  σ_ω=1.7214e-02  β=0.0000e+00
  PL   : train=3.2365e+01  test=3.7929e+01  σ_φ̄(train)=1.0087e-01  σ_φ̄(test)=9.8693e-02  σ_obs_ω=1.0000e-02  λ_PL=1.00
  KL   : M=2.219e+03  V=4.191e+02  Dw=2.236e+03  g=3.153e+03  sigma=3.830e+02  total=8.410e+03
  subnet MSE  M=9.688e-01  V=1.112e+01  Dw=3.007e-02  g=2.905e-01
[step   3900]
  train: −ELBO=1.8983e+02  NLL=1.5919e+02  NLL_R=-6.9153e+00  NLL_ω=1.6610e+02  MSE_R=1.5075e-03  MSE_ω=1.1322e-01
  test : −ELBO=2.3509e+02  NLL=1.9904e+02  NLL_R=-7.4899e+00  NLL_ω=2.0653e+02  MSE_R=1.1570e-03  MSE_ω=1.3952e-01
  sigma: σ_R=1.7469e-02  σ_ω=1.7965e-02  β=0.0000e+00
  PL   : train=3.0646e+01  test=3.6049e+01  σ_φ̄(train)=1.0314e-01  σ_φ̄(test)=1.0185e-01  σ_obs_ω=1.0000e-02  λ_PL=1.00
  KL   : M=2.228e+03  V=4.203e+02  Dw=2.244e+03  g=3.157e+03  sigma=3.849e+02  total=8.434e+03
  subnet MSE  M=7.687e-01  V=1.062e+01  Dw=2.870e-02  g=2.893e-01
[step   3950]
  train: −ELBO=1.7696e+02  NLL=1.4946e+02  NLL_R=-6.9424e+00  NLL_ω=1.5640e+02  MSE_R=1.5144e-03  MSE_ω=1.1358e-01
  test : −ELBO=2.1689e+02  NLL=1.8513e+02  NLL_R=-7.5131e+00  NLL_ω=1.9265e+02  MSE_R=1.1516e-03  MSE_ω=1.3871e-01
  sigma: σ_R=1.7834e-02  σ_ω=1.8518e-02  β=0.0000e+00
  PL   : train=2.7497e+01  test=3.1757e+01  σ_φ̄(train)=1.0990e-01  σ_φ̄(test)=1.0915e-01  σ_obs_ω=1.0000e-02  λ_PL=1.00
  KL   : M=2.235e+03  V=4.211e+02  Dw=2.249e+03  g=3.160e+03  sigma=3.862e+02  total=8.453e+03
  subnet MSE  M=6.970e-01  V=1.004e+01  Dw=2.769e-02  g=2.853e-01
[step   4000]
  train: −ELBO=1.6193e+02  NLL=1.4014e+02  NLL_R=-6.9627e+00  NLL_ω=1.4710e+02  MSE_R=1.5264e-03  MSE_ω=1.1496e-01
  test : −ELBO=2.0117e+02  NLL=1.7508e+02  NLL_R=-7.4938e+00  NLL_ω=1.8258e+02  MSE_R=1.1727e-03  MSE_ω=1.4131e-01
  sigma: σ_R=1.8252e-02  σ_ω=1.9183e-02  β=0.0000e+00
  PL   : train=2.1788e+01  test=2.6091e+01  σ_φ̄(train)=1.2187e-01  σ_φ̄(test)=1.1978e-01  σ_obs_ω=1.0000e-02  λ_PL=1.00
  KL   : M=2.245e+03  V=4.221e+02  Dw=2.255e+03  g=3.164e+03  sigma=3.876e+02  total=8.475e+03
  subnet MSE  M=5.561e-01  V=9.362e+00  Dw=2.589e-02  g=2.842e-01
[step   4050]
  train: −ELBO=1.4696e+02  NLL=1.2775e+02  NLL_R=-7.0010e+00  NLL_ω=1.3475e+02  MSE_R=1.5270e-03  MSE_ω=1.1525e-01
  test : −ELBO=1.8277e+02  NLL=1.5956e+02  NLL_R=-7.5067e+00  NLL_ω=1.6706e+02  MSE_R=1.1716e-03  MSE_ω=1.4133e-01
  sigma: σ_R=1.8749e-02  σ_ω=2.0023e-02  β=0.0000e+00
  PL   : train=1.9214e+01  test=2.3213e+01  σ_φ̄(train)=1.2836e-01  σ_φ̄(test)=1.2631e-01  σ_obs_ω=1.0000e-02  λ_PL=1.00
  KL   : M=2.259e+03  V=4.233e+02  Dw=2.262e+03  g=3.169e+03  sigma=3.892e+02  total=8.503e+03
  subnet MSE  M=4.266e-01  V=8.511e+00  Dw=2.470e-02  g=2.822e-01
[step   4100]
  train: −ELBO=1.3576e+02  NLL=1.1798e+02  NLL_R=-7.0345e+00  NLL_ω=1.2502e+02  MSE_R=1.5184e-03  MSE_ω=1.1369e-01
  test : −ELBO=1.7045e+02  NLL=1.4930e+02  NLL_R=-7.5162e+00  NLL_ω=1.5682e+02  MSE_R=1.1680e-03  MSE_ω=1.4086e-01
  sigma: σ_R=1.9070e-02  σ_ω=2.0604e-02  β=0.0000e+00
  PL   : train=1.7772e+01  test=2.1146e+01  σ_φ̄(train)=1.3267e-01  σ_φ̄(test)=1.3177e-01  σ_obs_ω=1.0000e-02  λ_PL=1.00
  KL   : M=2.269e+03  V=4.241e+02  Dw=2.267e+03  g=3.173e+03  sigma=3.902e+02  total=8.523e+03
  subnet MSE  M=3.327e-01  V=7.798e+00  Dw=2.394e-02  g=2.785e-01
[step   4150]
  train: −ELBO=1.2486e+02  NLL=1.0965e+02  NLL_R=-7.0548e+00  NLL_ω=1.1670e+02  MSE_R=1.5176e-03  MSE_ω=1.1335e-01
  test : −ELBO=1.5766e+02  NLL=1.3916e+02  NLL_R=-7.5226e+00  NLL_ω=1.4669e+02  MSE_R=1.1652e-03  MSE_ω=1.4063e-01
  sigma: σ_R=1.9405e-02  σ_ω=2.1251e-02  β=0.0000e+00
  PL   : train=1.5215e+01  test=1.8496e+01  σ_φ̄(train)=1.4150e-01  σ_φ̄(test)=1.4025e-01  σ_obs_ω=1.0000e-02  λ_PL=1.00
  KL   : M=2.280e+03  V=4.250e+02  Dw=2.271e+03  g=3.176e+03  sigma=3.912e+02  total=8.544e+03
  subnet MSE  M=2.731e-01  V=6.961e+00  Dw=2.318e-02  g=2.742e-01
[step   4200]
  train: −ELBO=1.1437e+02  NLL=1.0180e+02  NLL_R=-7.0745e+00  NLL_ω=1.0887e+02  MSE_R=1.5167e-03  MSE_ω=1.1437e-01
  test : −ELBO=1.4302e+02  NLL=1.2753e+02  NLL_R=-7.5289e+00  NLL_ω=1.3505e+02  MSE_R=1.1608e-03  MSE_ω=1.4002e-01
  sigma: σ_R=1.9789e-02  σ_ω=2.2056e-02  β=0.0000e+00
  PL   : train=1.2568e+01  test=1.5497e+01  σ_φ̄(train)=1.5153e-01  σ_φ̄(test)=1.4988e-01  σ_obs_ω=1.0000e-02  λ_PL=1.00
  KL   : M=2.294e+03  V=4.260e+02  Dw=2.277e+03  g=3.181e+03  sigma=3.923e+02  total=8.571e+03
  subnet MSE  M=2.014e-01  V=6.166e+00  Dw=2.223e-02  g=2.716e-01
[step   4250]
  train: −ELBO=1.0279e+02  NLL=9.1125e+01  NLL_R=-7.1064e+00  NLL_ω=9.8232e+01  MSE_R=1.5032e-03  MSE_ω=1.1235e-01
  test : −ELBO=1.3111e+02  NLL=1.1648e+02  NLL_R=-7.5300e+00  NLL_ω=1.2401e+02  MSE_R=1.1585e-03  MSE_ω=1.3977e-01
  sigma: σ_R=2.0170e-02  σ_ω=2.2934e-02  β=0.0000e+00
  PL   : train=1.1662e+01  test=1.4622e+01  σ_φ̄(train)=1.5544e-01  σ_φ̄(test)=1.5409e-01  σ_obs_ω=1.0000e-02  λ_PL=1.00
  KL   : M=2.310e+03  V=4.271e+02  Dw=2.283e+03  g=3.186e+03  sigma=3.934e+02  total=8.600e+03
  subnet MSE  M=1.557e-01  V=5.291e+00  Dw=2.144e-02  g=2.664e-01
[step   4300]
  train: −ELBO=9.2600e+01  NLL=8.4184e+01  NLL_R=-7.0989e+00  NLL_ω=9.1283e+01  MSE_R=1.5191e-03  MSE_ω=1.1366e-01
  test : −ELBO=1.1847e+02  NLL=1.0762e+02  NLL_R=-7.5112e+00  NLL_ω=1.1513e+02  MSE_R=1.1713e-03  MSE_ω=1.4102e-01
  sigma: σ_R=2.0536e-02  σ_ω=2.3871e-02  β=0.0000e+00
  PL   : train=8.4160e+00  test=1.0852e+01  σ_φ̄(train)=1.7452e-01  σ_φ̄(test)=1.7253e-01  σ_obs_ω=1.0000e-02  λ_PL=1.00
  KL   : M=2.326e+03  V=4.283e+02  Dw=2.289e+03  g=3.192e+03  sigma=3.944e+02  total=8.630e+03
  subnet MSE  M=1.259e-01  V=4.458e+00  Dw=2.087e-02  g=2.584e-01
[step   4350]
  train: −ELBO=8.3582e+01  NLL=7.6371e+01  NLL_R=-7.1187e+00  NLL_ω=8.3490e+01  MSE_R=1.5091e-03  MSE_ω=1.1287e-01
  test : −ELBO=1.0727e+02  NLL=9.7913e+01  NLL_R=-7.5209e+00  NLL_ω=1.0543e+02  MSE_R=1.1593e-03  MSE_ω=1.4004e-01
  sigma: σ_R=2.0849e-02  σ_ω=2.4791e-02  β=0.0000e+00
  PL   : train=7.2112e+00  test=9.3572e+00  σ_φ̄(train)=1.8027e-01  σ_φ̄(test)=1.7939e-01  σ_obs_ω=1.0000e-02  λ_PL=1.00
  KL   : M=2.342e+03  V=4.292e+02  Dw=2.295e+03  g=3.198e+03  sigma=3.953e+02  total=8.659e+03
  subnet MSE  M=8.999e-02  V=3.856e+00  Dw=2.085e-02  g=2.589e-01
[step   4400]
  train: −ELBO=7.3201e+01  NLL=6.6578e+01  NLL_R=-7.1516e+00  NLL_ω=7.3729e+01  MSE_R=1.4855e-03  MSE_ω=1.1050e-01
  test : −ELBO=9.5988e+01  NLL=8.7213e+01  NLL_R=-7.5243e+00  NLL_ω=9.4737e+01  MSE_R=1.1508e-03  MSE_ω=1.3908e-01
  sigma: σ_R=2.1188e-02  σ_ω=2.5969e-02  β=0.0000e+00
  PL   : train=6.6229e+00  test=8.7753e+00  σ_φ̄(train)=1.8362e-01  σ_φ̄(test)=1.8259e-01  σ_obs_ω=1.0000e-02  λ_PL=1.00
  KL   : M=2.361e+03  V=4.305e+02  Dw=2.303e+03  g=3.205e+03  sigma=3.963e+02  total=8.695e+03
  subnet MSE  M=6.195e-02  V=3.189e+00  Dw=2.079e-02  g=2.555e-01
[step   4450]
  train: −ELBO=6.4093e+01  NLL=5.9296e+01  NLL_R=-7.1483e+00  NLL_ω=6.6444e+01  MSE_R=1.4921e-03  MSE_ω=1.1093e-01
  test : −ELBO=8.5250e+01  NLL=7.8353e+01  NLL_R=-7.5117e+00  NLL_ω=8.5864e+01  MSE_R=1.1562e-03  MSE_ω=1.4006e-01
  sigma: σ_R=2.1495e-02  σ_ω=2.7287e-02  β=0.0000e+00
  PL   : train=4.7969e+00  test=6.8973e+00  σ_φ̄(train)=1.9796e-01  σ_φ̄(test)=1.9556e-01  σ_obs_ω=1.0000e-02  λ_PL=1.00
  KL   : M=2.380e+03  V=4.318e+02  Dw=2.312e+03  g=3.213e+03  sigma=3.973e+02  total=8.734e+03
  subnet MSE  M=4.447e-02  V=2.653e+00  Dw=2.263e-02  g=2.517e-01
[step   4500]
  train: −ELBO=5.6284e+01  NLL=5.2240e+01  NLL_R=-7.1580e+00  NLL_ω=5.9398e+01  MSE_R=1.4849e-03  MSE_ω=1.1046e-01
  test : −ELBO=7.5035e+01  NLL=6.9212e+01  NLL_R=-7.5113e+00  NLL_ω=7.6723e+01  MSE_R=1.1510e-03  MSE_ω=1.3923e-01
  sigma: σ_R=2.1737e-02  σ_ω=2.8647e-02  β=0.0000e+00
  PL   : train=4.0440e+00  test=5.8233e+00  σ_φ̄(train)=2.0402e-01  σ_φ̄(test)=2.0296e-01  σ_obs_ω=1.0000e-02  λ_PL=1.00
  KL   : M=2.400e+03  V=4.332e+02  Dw=2.322e+03  g=3.221e+03  sigma=3.984e+02  total=8.774e+03
  subnet MSE  M=3.406e-02  V=2.143e+00  Dw=2.268e-02  g=2.510e-01
[step   4550]
  train: −ELBO=5.0457e+01  NLL=4.6429e+01  NLL_R=-7.1641e+00  NLL_ω=5.3593e+01  MSE_R=1.4801e-03  MSE_ω=1.1002e-01
  test : −ELBO=6.8975e+01  NLL=6.3164e+01  NLL_R=-7.4928e+00  NLL_ω=7.0657e+01  MSE_R=1.1642e-03  MSE_ω=1.4080e-01
  sigma: σ_R=2.1914e-02  σ_ω=2.9941e-02  β=0.0000e+00
  PL   : train=4.0282e+00  test=5.8105e+00  σ_φ̄(train)=2.0283e-01  σ_φ̄(test)=2.0236e-01  σ_obs_ω=1.0000e-02  λ_PL=1.00
  KL   : M=2.416e+03  V=4.343e+02  Dw=2.331e+03  g=3.229e+03  sigma=3.993e+02  total=8.810e+03
  subnet MSE  M=2.345e-02  V=1.862e+00  Dw=2.426e-02  g=2.514e-01
[step   4600]
  train: −ELBO=4.4264e+01  NLL=4.1811e+01  NLL_R=-7.1560e+00  NLL_ω=4.8967e+01  MSE_R=1.4883e-03  MSE_ω=1.1034e-01
  test : −ELBO=6.1093e+01  NLL=5.6794e+01  NLL_R=-7.4916e+00  NLL_ω=6.4286e+01  MSE_R=1.1622e-03  MSE_ω=1.4041e-01
  sigma: σ_R=2.2039e-02  σ_ω=3.1218e-02  β=0.0000e+00
  PL   : train=2.4533e+00  test=4.2992e+00  σ_φ̄(train)=2.2042e-01  σ_φ̄(test)=2.1743e-01  σ_obs_ω=1.0000e-02  λ_PL=1.00
  KL   : M=2.432e+03  V=4.355e+02  Dw=2.340e+03  g=3.237e+03  sigma=4.001e+02  total=8.844e+03
  subnet MSE  M=1.992e-02  V=1.510e+00  Dw=2.619e-02  g=2.479e-01
[step   4650]
  train: −ELBO=3.8378e+01  NLL=3.6819e+01  NLL_R=-7.1591e+00  NLL_ω=4.3978e+01  MSE_R=1.4855e-03  MSE_ω=1.1017e-01
  test : −ELBO=5.4309e+01  NLL=5.1147e+01  NLL_R=-7.4757e+00  NLL_ω=5.8623e+01  MSE_R=1.1753e-03  MSE_ω=1.4175e-01
  sigma: σ_R=2.2132e-02  σ_ω=3.2711e-02  β=0.0000e+00
  PL   : train=1.5595e+00  test=3.1615e+00  σ_φ̄(train)=2.3022e-01  σ_φ̄(test)=2.2892e-01  σ_obs_ω=1.0000e-02  λ_PL=1.00
  KL   : M=2.448e+03  V=4.368e+02  Dw=2.351e+03  g=3.246e+03  sigma=4.009e+02  total=8.883e+03
  subnet MSE  M=1.594e-02  V=1.225e+00  Dw=2.684e-02  g=2.484e-01
[step   4700]
  train: −ELBO=3.4050e+01  NLL=3.2898e+01  NLL_R=-7.1618e+00  NLL_ω=4.0059e+01  MSE_R=1.4828e-03  MSE_ω=1.0962e-01
  test : −ELBO=4.9553e+01  NLL=4.6805e+01  NLL_R=-7.4731e+00  NLL_ω=5.4279e+01  MSE_R=1.1767e-03  MSE_ω=1.4266e-01
  sigma: σ_R=2.2173e-02  σ_ω=3.3987e-02  β=0.0000e+00
  PL   : train=1.1520e+00  test=2.7471e+00  σ_φ̄(train)=2.3696e-01  σ_φ̄(test)=2.3517e-01  σ_obs_ω=1.0000e-02  λ_PL=1.00
  KL   : M=2.461e+03  V=4.380e+02  Dw=2.360e+03  g=3.254e+03  sigma=4.016e+02  total=8.915e+03
  subnet MSE  M=1.212e-02  V=1.106e+00  Dw=2.901e-02  g=2.440e-01
[step   4750]
  train: −ELBO=2.9309e+01  NLL=2.8622e+01  NLL_R=-7.1697e+00  NLL_ω=3.5791e+01  MSE_R=1.4750e-03  MSE_ω=1.0868e-01
  test : −ELBO=4.3837e+01  NLL=4.1591e+01  NLL_R=-7.4700e+00  NLL_ω=4.9061e+01  MSE_R=1.1792e-03  MSE_ω=1.4252e-01
  sigma: σ_R=2.2194e-02  σ_ω=3.5529e-02  β=0.0000e+00
  PL   : train=6.8711e-01  test=2.2463e+00  σ_φ̄(train)=2.4305e-01  σ_φ̄(test)=2.4090e-01  σ_obs_ω=1.0000e-02  λ_PL=1.00
  KL   : M=2.476e+03  V=4.393e+02  Dw=2.371e+03  g=3.263e+03  sigma=4.023e+02  total=8.952e+03
  subnet MSE  M=1.017e-02  V=8.909e-01  Dw=2.993e-02  g=2.446e-01
[step   4800]
  train: −ELBO=2.3339e+01  NLL=2.3159e+01  NLL_R=-7.1763e+00  NLL_ω=3.0335e+01  MSE_R=1.4685e-03  MSE_ω=1.0802e-01
  test : −ELBO=3.6692e+01  NLL=3.4984e+01  NLL_R=-7.4662e+00  NLL_ω=4.2450e+01  MSE_R=1.1829e-03  MSE_ω=1.4318e-01
  sigma: σ_R=2.2199e-02  σ_ω=3.8008e-02  β=0.0000e+00
  PL   : train=1.7995e-01  test=1.7078e+00  σ_φ̄(train)=2.5255e-01  σ_φ̄(test)=2.5024e-01  σ_obs_ω=1.0000e-02  λ_PL=1.00
  KL   : M=2.499e+03  V=4.414e+02  Dw=2.388e+03  g=3.279e+03  sigma=4.036e+02  total=9.011e+03
  subnet MSE  M=7.006e-03  V=6.850e-01  Dw=3.266e-02  g=2.409e-01
[step   4850]
  train: −ELBO=1.9370e+01  NLL=1.9875e+01  NLL_R=-7.1687e+00  NLL_ω=2.7044e+01  MSE_R=1.4760e-03  MSE_ω=1.0929e-01
  test : −ELBO=3.1437e+01  NLL=3.0530e+01  NLL_R=-7.4527e+00  NLL_ω=3.7983e+01  MSE_R=1.1963e-03  MSE_ω=1.4475e-01
  sigma: σ_R=2.2190e-02  σ_ω=4.0128e-02  β=0.0000e+00
  PL   : train=-5.0531e-01  test=9.0708e-01  σ_φ̄(train)=2.6478e-01  σ_φ̄(test)=2.6297e-01  σ_obs_ω=1.0000e-02  λ_PL=1.00
  KL   : M=2.517e+03  V=4.432e+02  Dw=2.404e+03  g=3.292e+03  sigma=4.045e+02  total=9.060e+03
  subnet MSE  M=5.865e-03  V=5.458e-01  Dw=3.539e-02  g=2.422e-01
[step   4900]
  train: −ELBO=1.6268e+01  NLL=1.7180e+01  NLL_R=-7.1637e+00  NLL_ω=2.4343e+01  MSE_R=1.4810e-03  MSE_ω=1.0935e-01
  test : −ELBO=2.7592e+01  NLL=2.7136e+01  NLL_R=-7.4427e+00  NLL_ω=3.4578e+01  MSE_R=1.2064e-03  MSE_ω=1.4574e-01
  sigma: σ_R=2.2179e-02  σ_ω=4.1927e-02  β=0.0000e+00
  PL   : train=-9.1176e-01  test=4.5578e-01  σ_φ̄(train)=2.7287e-01  σ_φ̄(test)=2.7088e-01  σ_obs_ω=1.0000e-02  λ_PL=1.00
  KL   : M=2.531e+03  V=4.445e+02  Dw=2.416e+03  g=3.303e+03  sigma=4.053e+02  total=9.100e+03
  subnet MSE  M=4.364e-03  V=4.396e-01  Dw=3.802e-02  g=2.429e-01
[step   4950]
  train: −ELBO=1.2654e+01  NLL=1.3832e+01  NLL_R=-7.1611e+00  NLL_ω=2.0993e+01  MSE_R=1.4835e-03  MSE_ω=1.1021e-01
  test : −ELBO=2.3515e+01  NLL=2.3312e+01  NLL_R=-7.4132e+00  NLL_ω=3.0725e+01  MSE_R=1.2354e-03  MSE_ω=1.4945e-01
  sigma: σ_R=2.2185e-02  σ_ω=4.4717e-02  β=0.0000e+00
  PL   : train=-1.1780e+00  test=2.0374e-01  σ_φ̄(train)=2.7926e-01  σ_φ̄(test)=2.7702e-01  σ_obs_ω=1.0000e-02  λ_PL=1.00
  KL   : M=2.551e+03  V=4.465e+02  Dw=2.436e+03  g=3.321e+03  sigma=4.065e+02  total=9.161e+03
  subnet MSE  M=3.345e-03  V=3.497e-01  Dw=4.208e-02  g=2.438e-01
[step   5000]
  train: −ELBO=1.0468e+01  NLL=1.2143e+01  NLL_R=-7.1463e+00  NLL_ω=1.9289e+01  MSE_R=1.4982e-03  MSE_ω=1.1155e-01
  test : −ELBO=2.0647e+01  NLL=2.1039e+01  NLL_R=-7.4012e+00  NLL_ω=2.8441e+01  MSE_R=1.2456e-03  MSE_ω=1.5134e-01
  sigma: σ_R=2.2257e-02  σ_ω=4.6556e-02  β=0.0000e+00
  PL   : train=-1.6743e+00  test=-3.9259e-01  σ_φ̄(train)=2.9299e-01  σ_φ̄(test)=2.9107e-01  σ_obs_ω=1.0000e-02  λ_PL=1.00
  KL   : M=2.563e+03  V=4.478e+02  Dw=2.449e+03  g=3.333e+03  sigma=4.071e+02  total=9.200e+03
  subnet MSE  M=2.823e-03  V=3.359e-01  Dw=4.464e-02  g=2.443e-01
[step   5050]
  train: −ELBO=6.9315e+00  NLL=8.7253e+00  NLL_R=-7.1739e+00  NLL_ω=1.5899e+01  MSE_R=1.4709e-03  MSE_ω=1.0879e-01
  test : −ELBO=1.6632e+01  NLL=1.7107e+01  NLL_R=-7.3942e+00  NLL_ω=2.4501e+01  MSE_R=1.2540e-03  MSE_ω=1.5152e-01
  sigma: σ_R=2.2190e-02  σ_ω=4.9548e-02  β=0.0000e+00
  PL   : train=-1.7937e+00  test=-4.7509e-01  σ_φ̄(train)=2.9388e-01  σ_φ̄(test)=2.9211e-01  σ_obs_ω=1.0000e-02  λ_PL=1.00
  KL   : M=2.581e+03  V=4.500e+02  Dw=2.469e+03  g=3.352e+03  sigma=4.083e+02  total=9.261e+03
  subnet MSE  M=2.451e-03  V=2.377e-01  Dw=4.737e-02  g=2.455e-01
[step   5100]
  train: −ELBO=3.7274e+00  NLL=5.9003e+00  NLL_R=-7.1673e+00  NLL_ω=1.3068e+01  MSE_R=1.4774e-03  MSE_ω=1.0915e-01
  test : −ELBO=1.2558e+01  NLL=1.3382e+01  NLL_R=-7.3819e+00  NLL_ω=2.0764e+01  MSE_R=1.2661e-03  MSE_ω=1.5367e-01
  sigma: σ_R=2.2188e-02  σ_ω=5.3458e-02  β=0.0000e+00
  PL   : train=-2.1729e+00  test=-8.2406e-01  σ_φ̄(train)=3.0475e-01  σ_φ̄(test)=3.0180e-01  σ_obs_ω=1.0000e-02  λ_PL=1.00
  KL   : M=2.604e+03  V=4.527e+02  Dw=2.496e+03  g=3.379e+03  sigma=4.099e+02  total=9.341e+03
  subnet MSE  M=1.848e-03  V=1.691e-01  Dw=5.081e-02  g=2.473e-01
[step   5150]
  train: −ELBO=1.4417e+00  NLL=3.7978e+00  NLL_R=-7.1648e+00  NLL_ω=1.0963e+01  MSE_R=1.4799e-03  MSE_ω=1.0927e-01
  test : −ELBO=9.6859e+00  NLL=1.0703e+01  NLL_R=-7.3633e+00  NLL_ω=1.8067e+01  MSE_R=1.2838e-03  MSE_ω=1.5572e-01
  sigma: σ_R=2.2221e-02  σ_ω=5.7030e-02  β=0.0000e+00
  PL   : train=-2.3560e+00  test=-1.0176e+00  σ_φ̄(train)=3.1145e-01  σ_φ̄(test)=3.0890e-01  σ_obs_ω=1.0000e-02  λ_PL=1.00
  KL   : M=2.624e+03  V=4.551e+02  Dw=2.520e+03  g=3.404e+03  sigma=4.113e+02  total=9.413e+03
  subnet MSE  M=1.509e-03  V=1.477e-01  Dw=5.489e-02  g=2.470e-01
[step   5200]
  train: −ELBO=-1.5721e-01  NLL=2.4813e+00  NLL_R=-7.1616e+00  NLL_ω=9.6430e+00  MSE_R=1.4830e-03  MSE_ω=1.0993e-01
  test : −ELBO=7.7021e+00  NLL=9.0110e+00  NLL_R=-7.3422e+00  NLL_ω=1.6353e+01  MSE_R=1.3043e-03  MSE_ω=1.5841e-01
  sigma: σ_R=2.2244e-02  σ_ω=5.9873e-02  β=0.0000e+00
  PL   : train=-2.6385e+00  test=-1.3088e+00  σ_φ̄(train)=3.2039e-01  σ_φ̄(test)=3.1722e-01  σ_obs_ω=1.0000e-02  λ_PL=1.00
  KL   : M=2.638e+03  V=4.570e+02  Dw=2.539e+03  g=3.423e+03  sigma=4.124e+02  total=9.469e+03
  subnet MSE  M=1.404e-03  V=1.143e-01  Dw=5.819e-02  g=2.508e-01
[step   5250]
  train: −ELBO=-1.8754e+00  NLL=9.1212e-01  NLL_R=-7.1598e+00  NLL_ω=8.0719e+00  MSE_R=1.4848e-03  MSE_ω=1.0979e-01
  test : −ELBO=5.5029e+00  NLL=7.0329e+00  NLL_R=-7.3215e+00  NLL_ω=1.4354e+01  MSE_R=1.3243e-03  MSE_ω=1.6089e-01
  sigma: σ_R=2.2275e-02  σ_ω=6.3575e-02  β=0.0000e+00
  PL   : train=-2.7876e+00  test=-1.5299e+00  σ_φ̄(train)=3.2654e-01  σ_φ̄(test)=3.2571e-01  σ_obs_ω=1.0000e-02  λ_PL=1.00
  KL   : M=2.656e+03  V=4.595e+02  Dw=2.563e+03  g=3.448e+03  sigma=4.138e+02  total=9.540e+03
  subnet MSE  M=1.287e-03  V=9.880e-02  Dw=6.272e-02  g=2.513e-01
[step   5300]
  train: −ELBO=-3.0630e+00  NLL=-4.4394e-02  NLL_R=-7.1460e+00  NLL_ω=7.1016e+00  MSE_R=1.4985e-03  MSE_ω=1.1110e-01
  test : −ELBO=3.8933e+00  NLL=5.5703e+00  NLL_R=-7.3038e+00  NLL_ω=1.2874e+01  MSE_R=1.3418e-03  MSE_ω=1.6285e-01
  sigma: σ_R=2.2277e-02  σ_ω=6.6756e-02  β=0.0000e+00
  PL   : train=-3.0186e+00  test=-1.6770e+00  σ_φ̄(train)=3.3559e-01  σ_φ̄(test)=3.3193e-01  σ_obs_ω=1.0000e-02  λ_PL=1.00
  KL   : M=2.670e+03  V=4.614e+02  Dw=2.584e+03  g=3.470e+03  sigma=4.149e+02  total=9.601e+03
  subnet MSE  M=1.134e-03  V=8.051e-02  Dw=6.521e-02  g=2.545e-01
[step   5350]
  train: −ELBO=-4.5688e+00  NLL=-1.4222e+00  NLL_R=-7.1550e+00  NLL_ω=5.7328e+00  MSE_R=1.4896e-03  MSE_ω=1.1027e-01
  test : −ELBO=1.9015e+00  NLL=3.7268e+00  NLL_R=-7.2955e+00  NLL_ω=1.1022e+01  MSE_R=1.3501e-03  MSE_ω=1.6410e-01
  sigma: σ_R=2.2277e-02  σ_ω=7.1099e-02  β=0.0000e+00
  PL   : train=-3.1466e+00  test=-1.8253e+00  σ_φ̄(train)=3.4080e-01  σ_φ̄(test)=3.3844e-01  σ_obs_ω=1.0000e-02  λ_PL=1.00
  KL   : M=2.689e+03  V=4.641e+02  Dw=2.612e+03  g=3.501e+03  sigma=4.166e+02  total=9.682e+03
  subnet MSE  M=1.001e-03  V=6.066e-02  Dw=7.196e-02  g=2.559e-01
[step   5400]
  train: −ELBO=-5.7343e+00  NLL=-2.4211e+00  NLL_R=-7.1481e+00  NLL_ω=4.7270e+00  MSE_R=1.4965e-03  MSE_ω=1.1111e-01
  test : −ELBO=3.9740e-01  NLL=2.4078e+00  NLL_R=-7.2566e+00  NLL_ω=9.6644e+00  MSE_R=1.3885e-03  MSE_ω=1.6798e-01
  sigma: σ_R=2.2303e-02  σ_ω=7.5614e-02  β=0.0000e+00
  PL   : train=-3.3132e+00  test=-2.0104e+00  σ_φ̄(train)=3.4925e-01  σ_φ̄(test)=3.4710e-01  σ_obs_ω=1.0000e-02  λ_PL=1.00
  KL   : M=2.708e+03  V=4.667e+02  Dw=2.641e+03  g=3.533e+03  sigma=4.184e+02  total=9.767e+03
  subnet MSE  M=9.660e-04  V=5.237e-02  Dw=7.610e-02  g=2.585e-01
[step   5450]
  train: −ELBO=-6.7837e+00  NLL=-3.3611e+00  NLL_R=-7.1551e+00  NLL_ω=3.7940e+00  MSE_R=1.4895e-03  MSE_ω=1.1061e-01
  test : −ELBO=-9.1396e-01  NLL=1.0598e+00  NLL_R=-7.2507e+00  NLL_ω=8.3105e+00  MSE_R=1.3942e-03  MSE_ω=1.6919e-01
  sigma: σ_R=2.2334e-02  σ_ω=8.0151e-02  β=0.0000e+00
  PL   : train=-3.4226e+00  test=-1.9738e+00  σ_φ̄(train)=3.5336e-01  σ_φ̄(test)=3.5099e-01  σ_obs_ω=1.0000e-02  λ_PL=1.00
  KL   : M=2.727e+03  V=4.692e+02  Dw=2.671e+03  g=3.565e+03  sigma=4.203e+02  total=9.852e+03
  subnet MSE  M=9.042e-04  V=4.726e-02  Dw=8.115e-02  g=2.611e-01
[step   5500]
  train: −ELBO=-7.6994e+00  NLL=-4.0927e+00  NLL_R=-7.1445e+00  NLL_ω=3.0518e+00  MSE_R=1.5000e-03  MSE_ω=1.1245e-01
  test : −ELBO=-2.2926e+00  NLL=-3.5863e-02  NLL_R=-7.2156e+00  NLL_ω=7.1798e+00  MSE_R=1.4289e-03  MSE_ω=1.7324e-01
  sigma: σ_R=2.2369e-02  σ_ω=8.5629e-02  β=0.0000e+00
  PL   : train=-3.6066e+00  test=-2.2567e+00  σ_φ̄(train)=3.6190e-01  σ_φ̄(test)=3.5876e-01  σ_obs_ω=1.0000e-02  λ_PL=1.00
  KL   : M=2.749e+03  V=4.723e+02  Dw=2.707e+03  g=3.604e+03  sigma=4.227e+02  total=9.954e+03
  subnet MSE  M=8.631e-04  V=4.133e-02  Dw=8.779e-02  g=2.675e-01
[step   5550]
  train: −ELBO=-8.3120e+00  NLL=-4.6205e+00  NLL_R=-7.1489e+00  NLL_ω=2.5284e+00  MSE_R=1.4956e-03  MSE_ω=1.1218e-01
  test : −ELBO=-3.1647e+00  NLL=-8.0164e-01  NLL_R=-7.2054e+00  NLL_ω=6.4037e+00  MSE_R=1.4391e-03  MSE_ω=1.7442e-01
  sigma: σ_R=2.2374e-02  σ_ω=8.9419e-02  β=0.0000e+00
  PL   : train=-3.6915e+00  test=-2.3631e+00  σ_φ̄(train)=3.6916e-01  σ_φ̄(test)=3.6564e-01  σ_obs_ω=1.0000e-02  λ_PL=1.00
  KL   : M=2.763e+03  V=4.744e+02  Dw=2.731e+03  g=3.631e+03  sigma=4.244e+02  total=1.002e+04
  subnet MSE  M=8.334e-04  V=3.940e-02  Dw=8.710e-02  g=2.662e-01
[step   5600]
  train: −ELBO=-8.8362e+00  NLL=-5.0619e+00  NLL_R=-7.1363e+00  NLL_ω=2.0744e+00  MSE_R=1.5083e-03  MSE_ω=1.1265e-01
  test : −ELBO=-3.9280e+00  NLL=-1.5099e+00  NLL_R=-7.1913e+00  NLL_ω=5.6814e+00  MSE_R=1.4531e-03  MSE_ω=1.7625e-01
  sigma: σ_R=2.2391e-02  σ_ω=9.3653e-02  β=0.0000e+00
  PL   : train=-3.7743e+00  test=-2.4180e+00  σ_φ̄(train)=3.7326e-01  σ_φ̄(test)=3.6959e-01  σ_obs_ω=1.0000e-02  λ_PL=1.00
  KL   : M=2.779e+03  V=4.767e+02  Dw=2.759e+03  g=3.662e+03  sigma=4.264e+02  total=1.010e+04
  subnet MSE  M=8.118e-04  V=3.392e-02  Dw=9.557e-02  g=2.691e-01
[step   5650]
  train: −ELBO=-9.4281e+00  NLL=-5.5391e+00  NLL_R=-7.1308e+00  NLL_ω=1.5917e+00  MSE_R=1.5138e-03  MSE_ω=1.1338e-01
  test : −ELBO=-4.6879e+00  NLL=-2.1745e+00  NLL_R=-7.1582e+00  NLL_ω=4.9837e+00  MSE_R=1.4862e-03  MSE_ω=1.8038e-01
  sigma: σ_R=2.2430e-02  σ_ω=9.9133e-02  β=0.0000e+00
  PL   : train=-3.8890e+00  test=-2.5134e+00  σ_φ̄(train)=3.8069e-01  σ_φ̄(test)=3.7666e-01  σ_obs_ω=1.0000e-02  λ_PL=1.00
  KL   : M=2.799e+03  V=4.797e+02  Dw=2.794e+03  g=3.702e+03  sigma=4.292e+02  total=1.020e+04
  subnet MSE  M=8.155e-04  V=3.573e-02  Dw=1.029e-01  g=2.720e-01
[step   5700]
  train: −ELBO=-9.9148e+00  NLL=-5.9684e+00  NLL_R=-7.1362e+00  NLL_ω=1.1678e+00  MSE_R=1.5084e-03  MSE_ω=1.1303e-01
  test : −ELBO=-5.3056e+00  NLL=-2.7291e+00  NLL_R=-7.1319e+00  NLL_ω=4.4028e+00  MSE_R=1.5127e-03  MSE_ω=1.8366e-01
  sigma: σ_R=2.2451e-02  σ_ω=1.0433e-01  β=0.0000e+00
  PL   : train=-3.9465e+00  test=-2.5765e+00  σ_φ̄(train)=3.8350e-01  σ_φ̄(test)=3.8018e-01  σ_obs_ω=1.0000e-02  λ_PL=1.00
  KL   : M=2.818e+03  V=4.825e+02  Dw=2.828e+03  g=3.741e+03  sigma=4.320e+02  total=1.030e+04
  subnet MSE  M=7.712e-04  V=3.648e-02  Dw=1.099e-01  g=2.756e-01
[step   5750]
  train: −ELBO=-1.0284e+01  NLL=-6.2333e+00  NLL_R=-7.1316e+00  NLL_ω=8.9837e-01  MSE_R=1.5129e-03  MSE_ω=1.1409e-01
  test : −ELBO=-5.8863e+00  NLL=-3.2152e+00  NLL_R=-7.1162e+00  NLL_ω=3.9011e+00  MSE_R=1.5285e-03  MSE_ω=1.8592e-01
  sigma: σ_R=2.2492e-02  σ_ω=1.0918e-01  β=0.0000e+00
  PL   : train=-4.0505e+00  test=-2.6712e+00  σ_φ̄(train)=3.9274e-01  σ_φ̄(test)=3.8814e-01  σ_obs_ω=1.0000e-02  λ_PL=1.00
  KL   : M=2.836e+03  V=4.852e+02  Dw=2.860e+03  g=3.777e+03  sigma=4.348e+02  total=1.039e+04
  subnet MSE  M=7.991e-04  V=3.445e-02  Dw=1.140e-01  g=2.767e-01
[step   5800]
  train: −ELBO=-1.0569e+01  NLL=-6.4888e+00  NLL_R=-7.1282e+00  NLL_ω=6.3941e-01  MSE_R=1.5164e-03  MSE_ω=1.1387e-01
  test : −ELBO=-6.2287e+00  NLL=-3.5584e+00  NLL_R=-7.0907e+00  NLL_ω=3.5323e+00  MSE_R=1.5544e-03  MSE_ω=1.8881e-01
  sigma: σ_R=2.2500e-02  σ_ω=1.1368e-01  β=0.0000e+00
  PL   : train=-4.0805e+00  test=-2.6703e+00  σ_φ̄(train)=3.9337e-01  σ_φ̄(test)=3.9035e-01  σ_obs_ω=1.0000e-02  λ_PL=1.00
  KL   : M=2.851e+03  V=4.877e+02  Dw=2.890e+03  g=3.812e+03  sigma=4.375e+02  total=1.048e+04
  subnet MSE  M=8.282e-04  V=3.034e-02  Dw=1.218e-01  g=2.786e-01
[step   5850]
  train: −ELBO=-1.0816e+01  NLL=-6.6920e+00  NLL_R=-7.1339e+00  NLL_ω=4.4189e-01  MSE_R=1.5107e-03  MSE_ω=1.1387e-01
  test : −ELBO=-6.5863e+00  NLL=-3.8853e+00  NLL_R=-7.0761e+00  NLL_ω=3.1908e+00  MSE_R=1.5690e-03  MSE_ω=1.9043e-01
  sigma: σ_R=2.2460e-02  σ_ω=1.1783e-01  β=0.0000e+00
  PL   : train=-4.1237e+00  test=-2.7010e+00  σ_φ̄(train)=3.9555e-01  σ_φ̄(test)=3.9282e-01  σ_obs_ω=1.0000e-02  λ_PL=1.00
  KL   : M=2.866e+03  V=4.901e+02  Dw=2.917e+03  g=3.846e+03  sigma=4.402e+02  total=1.056e+04
  subnet MSE  M=7.946e-04  V=3.036e-02  Dw=1.276e-01  g=2.833e-01
[step   5900]
  train: −ELBO=-1.1141e+01  NLL=-6.9334e+00  NLL_R=-7.1247e+00  NLL_ω=1.9125e-01  MSE_R=1.5200e-03  MSE_ω=1.1441e-01
  test : −ELBO=-7.1104e+00  NLL=-4.3389e+00  NLL_R=-7.0554e+00  NLL_ω=2.7165e+00  MSE_R=1.5899e-03  MSE_ω=1.9327e-01
  sigma: σ_R=2.2474e-02  σ_ω=1.2467e-01  β=0.0000e+00
  PL   : train=-4.2080e+00  test=-2.7715e+00  σ_φ̄(train)=4.0195e-01  σ_φ̄(test)=4.0008e-01  σ_obs_ω=1.0000e-02  λ_PL=1.00
  KL   : M=2.889e+03  V=4.941e+02  Dw=2.964e+03  g=3.905e+03  sigma=4.448e+02  total=1.070e+04
  subnet MSE  M=7.954e-04  V=3.029e-02  Dw=1.361e-01  g=2.851e-01
[step   5950]
  train: −ELBO=-1.1454e+01  NLL=-7.1729e+00  NLL_R=-7.1334e+00  NLL_ω=-3.9492e-02  MSE_R=1.5112e-03  MSE_ω=1.1439e-01
  test : −ELBO=-7.5058e+00  NLL=-4.6932e+00  NLL_R=-7.0233e+00  NLL_ω=2.3301e+00  MSE_R=1.6221e-03  MSE_ω=1.9743e-01
  sigma: σ_R=2.2440e-02  σ_ω=1.3215e-01  β=0.0000e+00
  PL   : train=-4.2812e+00  test=-2.8126e+00  σ_φ̄(train)=4.0880e-01  σ_φ̄(test)=4.0629e-01  σ_obs_ω=1.0000e-02  λ_PL=1.00
  KL   : M=2.915e+03  V=4.987e+02  Dw=3.017e+03  g=3.973e+03  sigma=4.504e+02  total=1.085e+04
  subnet MSE  M=7.917e-04  V=2.996e-02  Dw=1.480e-01  g=2.881e-01
[step   6000]
  train: −ELBO=-1.1605e+01  NLL=-7.2311e+00  NLL_R=-7.1113e+00  NLL_ω=-1.1973e-01  MSE_R=1.5334e-03  MSE_ω=1.1604e-01
  test : −ELBO=-7.7619e+00  NLL=-4.8297e+00  NLL_R=-6.9842e+00  NLL_ω=2.1544e+00  MSE_R=1.6614e-03  MSE_ω=2.0181e-01
  sigma: σ_R=2.2453e-02  σ_ω=1.3720e-01  β=0.0000e+00
  PL   : train=-4.3734e+00  test=-2.9322e+00  σ_φ̄(train)=4.1780e-01  σ_φ̄(test)=4.1679e-01  σ_obs_ω=1.0000e-02  λ_PL=1.00
  KL   : M=2.933e+03  V=5.021e+02  Dw=3.055e+03  g=4.023e+03  sigma=4.544e+02  total=1.097e+04
  subnet MSE  M=7.954e-04  V=3.010e-02  Dw=1.576e-01  g=2.928e-01
[step   6050]
  train: −ELBO=-1.1757e+01  NLL=-7.3792e+00  NLL_R=-7.1280e+00  NLL_ω=-2.5116e-01  MSE_R=1.5166e-03  MSE_ω=1.1480e-01
  test : −ELBO=-7.9028e+00  NLL=-5.0610e+00  NLL_R=-6.9785e+00  NLL_ω=1.9175e+00  MSE_R=1.6674e-03  MSE_ω=2.0234e-01
  sigma: σ_R=2.2458e-02  σ_ω=1.4193e-01  β=0.0000e+00
  PL   : train=-4.3776e+00  test=-2.8418e+00  σ_φ̄(train)=4.1497e-01  σ_φ̄(test)=4.1231e-01  σ_obs_ω=1.0000e-02  λ_PL=1.00
  KL   : M=2.950e+03  V=5.054e+02  Dw=3.092e+03  g=4.073e+03  sigma=4.582e+02  total=1.108e+04
  subnet MSE  M=8.066e-04  V=3.160e-02  Dw=1.616e-01  g=2.947e-01
[step   6100]
  train: −ELBO=-1.1849e+01  NLL=-7.4728e+00  NLL_R=-7.1371e+00  NLL_ω=-3.3570e-01  MSE_R=1.5074e-03  MSE_ω=1.1453e-01
  test : −ELBO=-8.0111e+00  NLL=-5.2251e+00  NLL_R=-6.9672e+00  NLL_ω=1.7421e+00  MSE_R=1.6794e-03  MSE_ω=2.0381e-01
  sigma: σ_R=2.2504e-02  σ_ω=1.4640e-01  β=0.0000e+00
  PL   : train=-4.3758e+00  test=-2.7860e+00  σ_φ̄(train)=4.1356e-01  σ_φ̄(test)=4.1113e-01  σ_obs_ω=1.0000e-02  λ_PL=1.00
  KL   : M=2.966e+03  V=5.087e+02  Dw=3.127e+03  g=4.122e+03  sigma=4.619e+02  total=1.119e+04
  subnet MSE  M=8.487e-04  V=3.093e-02  Dw=1.679e-01  g=2.948e-01
[step   6150]
  train: −ELBO=-1.1985e+01  NLL=-7.5599e+00  NLL_R=-7.1312e+00  NLL_ω=-4.2879e-01  MSE_R=1.5134e-03  MSE_ω=1.1432e-01
  test : −ELBO=-8.1565e+00  NLL=-5.3517e+00  NLL_R=-6.9310e+00  NLL_ω=1.5793e+00  MSE_R=1.7151e-03  MSE_ω=2.0802e-01
  sigma: σ_R=2.2450e-02  σ_ω=1.5263e-01  β=0.0000e+00
  PL   : train=-4.4250e+00  test=-2.8048e+00  σ_φ̄(train)=4.1756e-01  σ_φ̄(test)=4.1469e-01  σ_obs_ω=1.0000e-02  λ_PL=1.00
  KL   : M=2.989e+03  V=5.138e+02  Dw=3.180e+03  g=4.195e+03  sigma=4.674e+02  total=1.134e+04
  subnet MSE  M=8.576e-04  V=3.203e-02  Dw=1.751e-01  g=2.993e-01
[step   6200]
  train: −ELBO=-1.2064e+01  NLL=-7.6086e+00  NLL_R=-7.1325e+00  NLL_ω=-4.7604e-01  MSE_R=1.5121e-03  MSE_ω=1.1500e-01
  test : −ELBO=-8.2661e+00  NLL=-5.4936e+00  NLL_R=-6.9155e+00  NLL_ω=1.4219e+00  MSE_R=1.7309e-03  MSE_ω=2.1003e-01
  sigma: σ_R=2.2447e-02  σ_ω=1.5808e-01  β=0.0000e+00
  PL   : train=-4.4553e+00  test=-2.7726e+00  σ_φ̄(train)=4.1873e-01  σ_φ̄(test)=4.1549e-01  σ_obs_ω=1.0000e-02  λ_PL=1.00
  KL   : M=3.010e+03  V=5.189e+02  Dw=3.228e+03  g=4.265e+03  sigma=4.723e+02  total=1.149e+04
  subnet MSE  M=8.653e-04  V=3.381e-02  Dw=1.791e-01  g=3.016e-01
[step   6250]
  train: −ELBO=-1.2139e+01  NLL=-7.6554e+00  NLL_R=-7.1368e+00  NLL_ω=-5.1866e-01  MSE_R=1.5078e-03  MSE_ω=1.1460e-01
  test : −ELBO=-8.3558e+00  NLL=-5.5655e+00  NLL_R=-6.9027e+00  NLL_ω=1.3372e+00  MSE_R=1.7438e-03  MSE_ω=2.1190e-01
  sigma: σ_R=2.2452e-02  σ_ω=1.6181e-01  β=0.0000e+00
  PL   : train=-4.4834e+00  test=-2.7903e+00  σ_φ̄(train)=4.2093e-01  σ_φ̄(test)=4.1825e-01  σ_obs_ω=1.0000e-02  λ_PL=1.00
  KL   : M=3.025e+03  V=5.230e+02  Dw=3.265e+03  g=4.317e+03  sigma=4.761e+02  total=1.161e+04
  subnet MSE  M=8.880e-04  V=3.243e-02  Dw=1.830e-01  g=3.033e-01
[step   6300]
  train: −ELBO=-1.2222e+01  NLL=-7.7182e+00  NLL_R=-7.1437e+00  NLL_ω=-5.7452e-01  MSE_R=1.5008e-03  MSE_ω=1.1369e-01
  test : −ELBO=-8.4135e+00  NLL=-5.6738e+00  NLL_R=-6.8863e+00  NLL_ω=1.2125e+00  MSE_R=1.7601e-03  MSE_ω=2.1358e-01
  sigma: σ_R=2.2441e-02  σ_ω=1.6706e-01  β=0.0000e+00
  PL   : train=-4.5034e+00  test=-2.7396e+00  σ_φ̄(train)=4.2079e-01  σ_φ̄(test)=4.1808e-01  σ_obs_ω=1.0000e-02  λ_PL=1.00
  KL   : M=3.048e+03  V=5.294e+02  Dw=3.320e+03  g=4.396e+03  sigma=4.817e+02  total=1.177e+04
  subnet MSE  M=9.199e-04  V=3.467e-02  Dw=1.937e-01  g=3.054e-01
[step   6350]
  train: −ELBO=-1.2278e+01  NLL=-7.7479e+00  NLL_R=-7.1495e+00  NLL_ω=-5.9837e-01  MSE_R=1.4950e-03  MSE_ω=1.1353e-01
  test : −ELBO=-8.4052e+00  NLL=-5.6853e+00  NLL_R=-6.8583e+00  NLL_ω=1.1731e+00  MSE_R=1.7866e-03  MSE_ω=2.1677e-01
  sigma: σ_R=2.2374e-02  σ_ω=1.7065e-01  β=0.0000e+00
  PL   : train=-4.5301e+00  test=-2.7199e+00  σ_φ̄(train)=4.2218e-01  σ_φ̄(test)=4.1985e-01  σ_obs_ω=1.0000e-02  λ_PL=1.00
  KL   : M=3.065e+03  V=5.344e+02  Dw=3.362e+03  g=4.456e+03  sigma=4.860e+02  total=1.190e+04
  subnet MSE  M=9.276e-04  V=3.470e-02  Dw=1.998e-01  g=3.084e-01
[step   6400]
  train: −ELBO=-1.2304e+01  NLL=-7.7784e+00  NLL_R=-7.1535e+00  NLL_ω=-6.2487e-01  MSE_R=1.4910e-03  MSE_ω=1.1297e-01
  test : −ELBO=-8.2852e+00  NLL=-5.7242e+00  NLL_R=-6.8408e+00  NLL_ω=1.1166e+00  MSE_R=1.8040e-03  MSE_ω=2.1886e-01
  sigma: σ_R=2.2364e-02  σ_ω=1.7429e-01  β=0.0000e+00
  PL   : train=-4.5254e+00  test=-2.5611e+00  σ_φ̄(train)=4.1970e-01  σ_φ̄(test)=4.1549e-01  σ_obs_ω=1.0000e-02  λ_PL=1.00
  KL   : M=3.084e+03  V=5.403e+02  Dw=3.409e+03  g=4.524e+03  sigma=4.907e+02  total=1.205e+04
  subnet MSE  M=9.548e-04  V=3.494e-02  Dw=2.219e-01  g=3.071e-01
[step   6450]
  train: −ELBO=-1.2341e+01  NLL=-7.7711e+00  NLL_R=-7.1472e+00  NLL_ω=-6.2390e-01  MSE_R=1.4973e-03  MSE_ω=1.1367e-01
  test : −ELBO=-8.4052e+00  NLL=-5.7479e+00  NLL_R=-6.8296e+00  NLL_ω=1.0817e+00  MSE_R=1.8171e-03  MSE_ω=2.2065e-01
  sigma: σ_R=2.2434e-02  σ_ω=1.7700e-01  β=0.0000e+00
  PL   : train=-4.5700e+00  test=-2.6573e+00  σ_φ̄(train)=4.2596e-01  σ_φ̄(test)=4.2072e-01  σ_obs_ω=1.0000e-02  λ_PL=1.00
  KL   : M=3.099e+03  V=5.450e+02  Dw=3.447e+03  g=4.580e+03  sigma=4.949e+02  total=1.217e+04
  subnet MSE  M=9.740e-04  V=3.663e-02  Dw=2.079e-01  g=3.110e-01
[step   6500]
  train: −ELBO=-1.2363e+01  NLL=-7.7957e+00  NLL_R=-7.1521e+00  NLL_ω=-6.4357e-01  MSE_R=1.4924e-03  MSE_ω=1.1294e-01
  test : −ELBO=-8.3504e+00  NLL=-5.7651e+00  NLL_R=-6.8137e+00  NLL_ω=1.0486e+00  MSE_R=1.8305e-03  MSE_ω=2.2212e-01
  sigma: σ_R=2.2344e-02  σ_ω=1.7957e-01  β=0.0000e+00
  PL   : train=-4.5674e+00  test=-2.5853e+00  σ_φ̄(train)=4.2244e-01  σ_φ̄(test)=4.1920e-01  σ_obs_ω=1.0000e-02  λ_PL=1.00
  KL   : M=3.115e+03  V=5.499e+02  Dw=3.487e+03  g=4.639e+03  sigma=4.991e+02  total=1.229e+04
  subnet MSE  M=9.767e-04  V=3.585e-02  Dw=2.167e-01  g=3.106e-01
[step   6550]
  train: −ELBO=-1.2391e+01  NLL=-7.8002e+00  NLL_R=-7.1551e+00  NLL_ω=-6.4510e-01  MSE_R=1.4895e-03  MSE_ω=1.1313e-01
  test : −ELBO=-8.3595e+00  NLL=-5.7724e+00  NLL_R=-6.8043e+00  NLL_ω=1.0319e+00  MSE_R=1.8382e-03  MSE_ω=2.2348e-01
  sigma: σ_R=2.2283e-02  σ_ω=1.8131e-01  β=0.0000e+00
  PL   : train=-4.5904e+00  test=-2.5871e+00  σ_φ̄(train)=4.2301e-01  σ_φ̄(test)=4.1965e-01  σ_obs_ω=1.0000e-02  λ_PL=1.00
  KL   : M=3.128e+03  V=5.535e+02  Dw=3.518e+03  g=4.684e+03  sigma=5.025e+02  total=1.239e+04
  subnet MSE  M=1.006e-03  V=3.635e-02  Dw=2.245e-01  g=3.151e-01
[step   6600]
  train: −ELBO=-1.2416e+01  NLL=-7.8262e+00  NLL_R=-7.1635e+00  NLL_ω=-6.6263e-01  MSE_R=1.4810e-03  MSE_ω=1.1226e-01
  test : −ELBO=-8.3128e+00  NLL=-5.7894e+00  NLL_R=-6.7934e+00  NLL_ω=1.0041e+00  MSE_R=1.8504e-03  MSE_ω=2.2442e-01
  sigma: σ_R=2.2337e-02  σ_ω=1.8340e-01  β=0.0000e+00
  PL   : train=-4.5894e+00  test=-2.5234e+00  σ_φ̄(train)=4.2260e-01  σ_φ̄(test)=4.1829e-01  σ_obs_ω=1.0000e-02  λ_PL=1.00
  KL   : M=3.144e+03  V=5.585e+02  Dw=3.560e+03  g=4.746e+03  sigma=5.070e+02  total=1.252e+04
  subnet MSE  M=1.011e-03  V=3.877e-02  Dw=2.285e-01  g=3.142e-01
[step   6650]
  train: −ELBO=-1.2402e+01  NLL=-7.7879e+00  NLL_R=-7.1496e+00  NLL_ω=-6.3835e-01  MSE_R=1.4950e-03  MSE_ω=1.1405e-01
  test : −ELBO=-8.2634e+00  NLL=-5.7341e+00  NLL_R=-6.7645e+00  NLL_ω=1.0304e+00  MSE_R=1.8772e-03  MSE_ω=2.2772e-01
  sigma: σ_R=2.2272e-02  σ_ω=1.8454e-01  β=0.0000e+00
  PL   : train=-4.6140e+00  test=-2.5293e+00  σ_φ̄(train)=4.2571e-01  σ_φ̄(test)=4.2085e-01  σ_obs_ω=1.0000e-02  λ_PL=1.00
  KL   : M=3.154e+03  V=5.614e+02  Dw=3.586e+03  g=4.785e+03  sigma=5.098e+02  total=1.260e+04
  subnet MSE  M=1.049e-03  V=3.756e-02  Dw=2.374e-01  g=3.186e-01
[step   6700]
  train: −ELBO=-1.2440e+01  NLL=-7.8242e+00  NLL_R=-7.1570e+00  NLL_ω=-6.6719e-01  MSE_R=1.4876e-03  MSE_ω=1.1216e-01
  test : −ELBO=-8.2719e+00  NLL=-5.7624e+00  NLL_R=-6.7715e+00  NLL_ω=1.0091e+00  MSE_R=1.8699e-03  MSE_ω=2.2719e-01
  sigma: σ_R=2.2263e-02  σ_ω=1.8522e-01  β=0.0000e+00
  PL   : train=-4.6157e+00  test=-2.5095e+00  σ_φ̄(train)=4.2366e-01  σ_φ̄(test)=4.1953e-01  σ_obs_ω=1.0000e-02  λ_PL=1.00
  KL   : M=3.161e+03  V=5.636e+02  Dw=3.604e+03  g=4.810e+03  sigma=5.117e+02  total=1.265e+04
  subnet MSE  M=1.024e-03  V=3.961e-02  Dw=2.364e-01  g=3.179e-01
[step   6750]
  train: −ELBO=-1.2471e+01  NLL=-7.8481e+00  NLL_R=-7.1685e+00  NLL_ω=-6.7956e-01  MSE_R=1.4762e-03  MSE_ω=1.1138e-01
  test : −ELBO=-8.1830e+00  NLL=-5.7444e+00  NLL_R=-6.7575e+00  NLL_ω=1.0131e+00  MSE_R=1.8808e-03  MSE_ω=2.2859e-01
  sigma: σ_R=2.2186e-02  σ_ω=1.8604e-01  β=0.0000e+00
  PL   : train=-4.6227e+00  test=-2.4386e+00  σ_φ̄(train)=4.2368e-01  σ_φ̄(test)=4.1779e-01  σ_obs_ω=1.0000e-02  λ_PL=1.00
  KL   : M=3.169e+03  V=5.662e+02  Dw=3.627e+03  g=4.845e+03  sigma=5.143e+02  total=1.272e+04
  subnet MSE  M=1.060e-03  V=3.878e-02  Dw=2.419e-01  g=3.180e-01
[step   6800]
  train: −ELBO=-1.2466e+01  NLL=-7.8291e+00  NLL_R=-7.1599e+00  NLL_ω=-6.6920e-01  MSE_R=1.4847e-03  MSE_ω=1.1217e-01
  test : −ELBO=-8.1514e+00  NLL=-5.7176e+00  NLL_R=-6.7411e+00  NLL_ω=1.0235e+00  MSE_R=1.8979e-03  MSE_ω=2.3051e-01
  sigma: σ_R=2.2209e-02  σ_ω=1.8695e-01  β=0.0000e+00
  PL   : train=-4.6368e+00  test=-2.4339e+00  σ_φ̄(train)=4.2402e-01  σ_φ̄(test)=4.1973e-01  σ_obs_ω=1.0000e-02  λ_PL=1.00
  KL   : M=3.181e+03  V=5.695e+02  Dw=3.657e+03  g=4.888e+03  sigma=5.175e+02  total=1.281e+04
  subnet MSE  M=1.096e-03  V=4.095e-02  Dw=2.552e-01  g=3.192e-01
[step   6850]
  train: −ELBO=-1.2484e+01  NLL=-7.8401e+00  NLL_R=-7.1671e+00  NLL_ω=-6.7308e-01  MSE_R=1.4777e-03  MSE_ω=1.1194e-01
  test : −ELBO=-8.1431e+00  NLL=-5.7170e+00  NLL_R=-6.7338e+00  NLL_ω=1.0168e+00  MSE_R=1.9040e-03  MSE_ω=2.3083e-01
  sigma: σ_R=2.2179e-02  σ_ω=1.8754e-01  β=0.0000e+00
  PL   : train=-4.6437e+00  test=-2.4261e+00  σ_φ̄(train)=4.2487e-01  σ_φ̄(test)=4.1971e-01  σ_obs_ω=1.0000e-02  λ_PL=1.00
  KL   : M=3.189e+03  V=5.718e+02  Dw=3.678e+03  g=4.921e+03  sigma=5.201e+02  total=1.288e+04
  subnet MSE  M=1.071e-03  V=4.330e-02  Dw=2.529e-01  g=3.201e-01
[step   6900]
  train: −ELBO=-1.2508e+01  NLL=-7.8685e+00  NLL_R=-7.1752e+00  NLL_ω=-6.9326e-01  MSE_R=1.4696e-03  MSE_ω=1.1055e-01
  test : −ELBO=-8.0681e+00  NLL=-5.6990e+00  NLL_R=-6.7237e+00  NLL_ω=1.0246e+00  MSE_R=1.9134e-03  MSE_ω=2.3216e-01
  sigma: σ_R=2.2167e-02  σ_ω=1.8812e-01  β=0.0000e+00
  PL   : train=-4.6398e+00  test=-2.3690e+00  σ_φ̄(train)=4.2152e-01  σ_φ̄(test)=4.1725e-01  σ_obs_ω=1.0000e-02  λ_PL=1.00
  KL   : M=3.198e+03  V=5.745e+02  Dw=3.703e+03  g=4.957e+03  sigma=5.230e+02  total=1.296e+04
  subnet MSE  M=1.109e-03  V=4.179e-02  Dw=2.592e-01  g=3.211e-01
[step   6950]
  train: −ELBO=-1.2519e+01  NLL=-7.8694e+00  NLL_R=-7.1760e+00  NLL_ω=-6.9341e-01  MSE_R=1.4688e-03  MSE_ω=1.1057e-01
  test : −ELBO=-8.0498e+00  NLL=-5.6819e+00  NLL_R=-6.7123e+00  NLL_ω=1.0305e+00  MSE_R=1.9241e-03  MSE_ω=2.3346e-01
  sigma: σ_R=2.2160e-02  σ_ω=1.8878e-01  β=0.0000e+00
  PL   : train=-4.6495e+00  test=-2.3680e+00  σ_φ̄(train)=4.2300e-01  σ_φ̄(test)=4.1944e-01  σ_obs_ω=1.0000e-02  λ_PL=1.00
  KL   : M=3.209e+03  V=5.779e+02  Dw=3.734e+03  g=5.004e+03  sigma=5.266e+02  total=1.305e+04
  subnet MSE  M=1.106e-03  V=3.893e-02  Dw=2.585e-01  g=3.217e-01
[step   7000]
  train: −ELBO=-1.2545e+01  NLL=-7.8785e+00  NLL_R=-7.1776e+00  NLL_ω=-7.0088e-01  MSE_R=1.4673e-03  MSE_ω=1.1005e-01
  test : −ELBO=-8.0122e+00  NLL=-5.6584e+00  NLL_R=-6.7002e+00  NLL_ω=1.0418e+00  MSE_R=1.9330e-03  MSE_ω=2.3485e-01
  sigma: σ_R=2.2088e-02  σ_ω=1.8922e-01  β=0.0000e+00
  PL   : train=-4.6669e+00  test=-2.3538e+00  σ_φ̄(train)=4.2454e-01  σ_φ̄(test)=4.1993e-01  σ_obs_ω=1.0000e-02  λ_PL=1.00
  KL   : M=3.219e+03  V=5.805e+02  Dw=3.759e+03  g=5.042e+03  sigma=5.297e+02  total=1.313e+04
  subnet MSE  M=1.159e-03  V=4.201e-02  Dw=2.660e-01  g=3.226e-01
[step   7050]
  train: −ELBO=-1.2529e+01  NLL=-7.8717e+00  NLL_R=-7.1787e+00  NLL_ω=-6.9296e-01  MSE_R=1.4662e-03  MSE_ω=1.1063e-01
  test : −ELBO=-7.9907e+00  NLL=-5.6689e+00  NLL_R=-6.6980e+00  NLL_ω=1.0291e+00  MSE_R=1.9367e-03  MSE_ω=2.3442e-01
  sigma: σ_R=2.2119e-02  σ_ω=1.8958e-01  β=0.0000e+00
  PL   : train=-4.6572e+00  test=-2.3218e+00  σ_φ̄(train)=4.2257e-01  σ_φ̄(test)=4.1795e-01  σ_obs_ω=1.0000e-02  λ_PL=1.00
  KL   : M=3.229e+03  V=5.832e+02  Dw=3.784e+03  g=5.081e+03  sigma=5.328e+02  total=1.321e+04
  subnet MSE  M=1.169e-03  V=4.239e-02  Dw=2.680e-01  g=3.217e-01
[step   7100]
  train: −ELBO=-1.2552e+01  NLL=-7.8864e+00  NLL_R=-7.1860e+00  NLL_ω=-7.0033e-01  MSE_R=1.4591e-03  MSE_ω=1.1011e-01
  test : −ELBO=-7.9141e+00  NLL=-5.6343e+00  NLL_R=-6.6802e+00  NLL_ω=1.0459e+00  MSE_R=1.9523e-03  MSE_ω=2.3601e-01
  sigma: σ_R=2.2085e-02  σ_ω=1.8986e-01  β=0.0000e+00
  PL   : train=-4.6659e+00  test=-2.2798e+00  σ_φ̄(train)=4.2173e-01  σ_φ̄(test)=4.1671e-01  σ_obs_ω=1.0000e-02  λ_PL=1.00
  KL   : M=3.238e+03  V=5.858e+02  Dw=3.808e+03  g=5.118e+03  sigma=5.358e+02  total=1.329e+04
  subnet MSE  M=1.147e-03  V=4.141e-02  Dw=2.812e-01  g=3.239e-01
[step   7150]
  train: −ELBO=-1.2555e+01  NLL=-7.9046e+00  NLL_R=-7.1952e+00  NLL_ω=-7.0937e-01  MSE_R=1.4502e-03  MSE_ω=1.0946e-01
  test : −ELBO=-7.7698e+00  NLL=-5.6452e+00  NLL_R=-6.6855e+00  NLL_ω=1.0404e+00  MSE_R=1.9451e-03  MSE_ω=2.3591e-01
  sigma: σ_R=2.2041e-02  σ_ω=1.9009e-01  β=0.0000e+00
  PL   : train=-4.6500e+00  test=-2.1246e+00  σ_φ̄(train)=4.1692e-01  σ_φ̄(test)=4.1058e-01  σ_obs_ω=1.0000e-02  λ_PL=1.00
  KL   : M=3.247e+03  V=5.884e+02  Dw=3.831e+03  g=5.153e+03  sigma=5.388e+02  total=1.336e+04
  subnet MSE  M=1.204e-03  V=4.142e-02  Dw=2.824e-01  g=3.250e-01
[step   7200]
  train: −ELBO=-1.2575e+01  NLL=-7.8939e+00  NLL_R=-7.1903e+00  NLL_ω=-7.0352e-01  MSE_R=1.4549e-03  MSE_ω=1.0988e-01
  test : −ELBO=-7.8009e+00  NLL=-5.6050e+00  NLL_R=-6.6662e+00  NLL_ω=1.0612e+00  MSE_R=1.9656e-03  MSE_ω=2.3769e-01
  sigma: σ_R=2.2078e-02  σ_ω=1.9029e-01  β=0.0000e+00
  PL   : train=-4.6815e+00  test=-2.1958e+00  σ_φ̄(train)=4.2281e-01  σ_φ̄(test)=4.1723e-01  σ_obs_ω=1.0000e-02  λ_PL=1.00
  KL   : M=3.258e+03  V=5.916e+02  Dw=3.861e+03  g=5.199e+03  sigma=5.425e+02  total=1.345e+04
  subnet MSE  M=1.233e-03  V=4.474e-02  Dw=2.888e-01  g=3.246e-01
[step   7250]
  train: −ELBO=-1.2578e+01  NLL=-7.9083e+00  NLL_R=-7.1935e+00  NLL_ω=-7.1473e-01  MSE_R=1.4518e-03  MSE_ω=1.0907e-01
  test : −ELBO=-7.7520e+00  NLL=-5.6114e+00  NLL_R=-6.6662e+00  NLL_ω=1.0549e+00  MSE_R=1.9625e-03  MSE_ω=2.3734e-01
  sigma: σ_R=2.2006e-02  σ_ω=1.9037e-01  β=0.0000e+00
  PL   : train=-4.6696e+00  test=-2.1407e+00  σ_φ̄(train)=4.1856e-01  σ_φ̄(test)=4.1260e-01  σ_obs_ω=1.0000e-02  λ_PL=1.00
  KL   : M=3.264e+03  V=5.934e+02  Dw=3.877e+03  g=5.224e+03  sigma=5.446e+02  total=1.350e+04
  subnet MSE  M=1.214e-03  V=4.265e-02  Dw=2.855e-01  g=3.257e-01
[step   7300]
  train: −ELBO=-1.2581e+01  NLL=-7.8952e+00  NLL_R=-7.1868e+00  NLL_ω=-7.0840e-01  MSE_R=1.4583e-03  MSE_ω=1.0953e-01
  test : −ELBO=-7.8000e+00  NLL=-5.5909e+00  NLL_R=-6.6577e+00  NLL_ω=1.0668e+00  MSE_R=1.9714e-03  MSE_ω=2.3833e-01
  sigma: σ_R=2.2026e-02  σ_ω=1.9047e-01  β=0.0000e+00
  PL   : train=-4.6858e+00  test=-2.2091e+00  σ_φ̄(train)=4.2270e-01  σ_φ̄(test)=4.1714e-01  σ_obs_ω=1.0000e-02  λ_PL=1.00
  KL   : M=3.273e+03  V=5.960e+02  Dw=3.902e+03  g=5.261e+03  sigma=5.478e+02  total=1.358e+04
  subnet MSE  M=1.215e-03  V=4.797e-02  Dw=2.919e-01  g=3.260e-01
[step   7350]
  train: −ELBO=-1.2606e+01  NLL=-7.9189e+00  NLL_R=-7.1985e+00  NLL_ω=-7.2036e-01  MSE_R=1.4469e-03  MSE_ω=1.0866e-01
  test : −ELBO=-7.7059e+00  NLL=-5.5733e+00  NLL_R=-6.6524e+00  NLL_ω=1.0791e+00  MSE_R=1.9761e-03  MSE_ω=2.3929e-01
  sigma: σ_R=2.2011e-02  σ_ω=1.9052e-01  β=0.0000e+00
  PL   : train=-4.6874e+00  test=-2.1326e+00  σ_φ̄(train)=4.1989e-01  σ_φ̄(test)=4.1485e-01  σ_obs_ω=1.0000e-02  λ_PL=1.00
  KL   : M=3.281e+03  V=5.982e+02  Dw=3.923e+03  g=5.293e+03  sigma=5.506e+02  total=1.365e+04
  subnet MSE  M=1.251e-03  V=4.363e-02  Dw=2.930e-01  g=3.275e-01
[step   7400]
  train: −ELBO=-1.2603e+01  NLL=-7.9115e+00  NLL_R=-7.1913e+00  NLL_ω=-7.2018e-01  MSE_R=1.4539e-03  MSE_ω=1.0868e-01
  test : −ELBO=-7.6924e+00  NLL=-5.5703e+00  NLL_R=-6.6470e+00  NLL_ω=1.0766e+00  MSE_R=1.9816e-03  MSE_ω=2.3914e-01
  sigma: σ_R=2.2020e-02  σ_ω=1.9054e-01  β=0.0000e+00
  PL   : train=-4.6912e+00  test=-2.1220e+00  σ_φ̄(train)=4.1973e-01  σ_φ̄(test)=4.1381e-01  σ_obs_ω=1.0000e-02  λ_PL=1.00
  KL   : M=3.289e+03  V=6.004e+02  Dw=3.943e+03  g=5.325e+03  sigma=5.533e+02  total=1.371e+04
  subnet MSE  M=1.263e-03  V=4.541e-02  Dw=2.953e-01  g=3.274e-01
[step   7450]
  train: −ELBO=-1.2611e+01  NLL=-7.9144e+00  NLL_R=-7.1948e+00  NLL_ω=-7.1964e-01  MSE_R=1.4506e-03  MSE_ω=1.0871e-01
  test : −ELBO=-7.6026e+00  NLL=-5.5432e+00  NLL_R=-6.6413e+00  NLL_ω=1.0981e+00  MSE_R=1.9864e-03  MSE_ω=2.4067e-01
  sigma: σ_R=2.1998e-02  σ_ω=1.9051e-01  β=0.0000e+00
  PL   : train=-4.6965e+00  test=-2.0594e+00  σ_φ̄(train)=4.1947e-01  σ_φ̄(test)=4.1191e-01  σ_obs_ω=1.0000e-02  λ_PL=1.00
  KL   : M=3.297e+03  V=6.029e+02  Dw=3.966e+03  g=5.359e+03  sigma=5.564e+02  total=1.378e+04
  subnet MSE  M=1.261e-03  V=4.645e-02  Dw=3.003e-01  g=3.279e-01
[step   7500]
  train: −ELBO=-1.2603e+01  NLL=-7.9193e+00  NLL_R=-7.1944e+00  NLL_ω=-7.2494e-01  MSE_R=1.4510e-03  MSE_ω=1.0833e-01
  test : −ELBO=-7.6545e+00  NLL=-5.5918e+00  NLL_R=-6.6636e+00  NLL_ω=1.0717e+00  MSE_R=1.9653e-03  MSE_ω=2.3869e-01
  sigma: σ_R=2.2007e-02  σ_ω=1.9047e-01  β=0.0000e+00
  PL   : train=-4.6839e+00  test=-2.0627e+00  σ_φ̄(train)=4.1802e-01  σ_φ̄(test)=4.1114e-01  σ_obs_ω=1.0000e-02  λ_PL=1.00
  KL   : M=3.307e+03  V=6.055e+02  Dw=3.989e+03  g=5.394e+03  sigma=5.595e+02  total=1.385e+04
  subnet MSE  M=1.256e-03  V=5.182e-02  Dw=3.025e-01  g=3.253e-01
[step   7550]
  train: −ELBO=-1.2620e+01  NLL=-7.9145e+00  NLL_R=-7.1956e+00  NLL_ω=-7.1894e-01  MSE_R=1.4498e-03  MSE_ω=1.0877e-01
  test : −ELBO=-7.4925e+00  NLL=-5.4851e+00  NLL_R=-6.6163e+00  NLL_ω=1.1311e+00  MSE_R=2.0082e-03  MSE_ω=2.4293e-01
  sigma: σ_R=2.1950e-02  σ_ω=1.9042e-01  β=0.0000e+00
  PL   : train=-4.7054e+00  test=-2.0073e+00  σ_φ̄(train)=4.1925e-01  σ_φ̄(test)=4.1263e-01  σ_obs_ω=1.0000e-02  λ_PL=1.00
  KL   : M=3.312e+03  V=6.069e+02  Dw=4.002e+03  g=5.415e+03  sigma=5.615e+02  total=1.390e+04
  subnet MSE  M=1.252e-03  V=5.222e-02  Dw=3.165e-01  g=3.309e-01
[step   7600]
  train: −ELBO=-1.2625e+01  NLL=-7.9204e+00  NLL_R=-7.1988e+00  NLL_ω=-7.2161e-01  MSE_R=1.4467e-03  MSE_ω=1.0857e-01
  test : −ELBO=-7.4771e+00  NLL=-5.4958e+00  NLL_R=-6.6193e+00  NLL_ω=1.1235e+00  MSE_R=2.0043e-03  MSE_ω=2.4231e-01
  sigma: σ_R=2.1941e-02  σ_ω=1.9038e-01  β=0.0000e+00
  PL   : train=-4.7044e+00  test=-1.9813e+00  σ_φ̄(train)=4.1918e-01  σ_φ̄(test)=4.1223e-01  σ_obs_ω=1.0000e-02  λ_PL=1.00
  KL   : M=3.318e+03  V=6.088e+02  Dw=4.018e+03  g=5.439e+03  sigma=5.639e+02  total=1.395e+04
  subnet MSE  M=1.303e-03  V=4.926e-02  Dw=3.184e-01  g=3.287e-01
[step   7650]
  train: −ELBO=-1.2629e+01  NLL=-7.8985e+00  NLL_R=-7.1871e+00  NLL_ω=-7.1132e-01  MSE_R=1.4579e-03  MSE_ω=1.0932e-01
  test : −ELBO=-7.6590e+00  NLL=-5.4775e+00  NLL_R=-6.6136e+00  NLL_ω=1.1362e+00  MSE_R=2.0097e-03  MSE_ω=2.4312e-01
  sigma: σ_R=2.1935e-02  σ_ω=1.9030e-01  β=0.0000e+00
  PL   : train=-4.7302e+00  test=-2.1816e+00  σ_φ̄(train)=4.2665e-01  σ_φ̄(test)=4.2174e-01  σ_obs_ω=1.0000e-02  λ_PL=1.00
  KL   : M=3.328e+03  V=6.117e+02  Dw=4.043e+03  g=5.476e+03  sigma=5.677e+02  total=1.403e+04
  subnet MSE  M=1.344e-03  V=4.925e-02  Dw=2.998e-01  g=3.287e-01
[step   7700]
  train: −ELBO=-1.2663e+01  NLL=-7.9672e+00  NLL_R=-7.2154e+00  NLL_ω=-7.5178e-01  MSE_R=1.4307e-03  MSE_ω=1.0639e-01
  test : −ELBO=-7.3959e+00  NLL=-5.4677e+00  NLL_R=-6.6103e+00  NLL_ω=1.1426e+00  MSE_R=2.0133e-03  MSE_ω=2.4352e-01
  sigma: σ_R=2.1946e-02  σ_ω=1.9025e-01  β=0.0000e+00
  PL   : train=-4.6959e+00  test=-1.9282e+00  σ_φ̄(train)=4.1463e-01  σ_φ̄(test)=4.0940e-01  σ_obs_ω=1.0000e-02  λ_PL=1.00
  KL   : M=3.335e+03  V=6.136e+02  Dw=4.061e+03  g=5.501e+03  sigma=5.704e+02  total=1.408e+04
  subnet MSE  M=1.330e-03  V=5.033e-02  Dw=3.146e-01  g=3.314e-01
[step   7750]
  train: −ELBO=-1.2673e+01  NLL=-7.9724e+00  NLL_R=-7.2202e+00  NLL_ω=-7.5226e-01  MSE_R=1.4262e-03  MSE_ω=1.0636e-01
  test : −ELBO=-7.3820e+00  NLL=-5.4594e+00  NLL_R=-6.6067e+00  NLL_ω=1.1473e+00  MSE_R=2.0146e-03  MSE_ω=2.4361e-01
  sigma: σ_R=2.1896e-02  σ_ω=1.9008e-01  β=0.0000e+00
  PL   : train=-4.7006e+00  test=-1.9226e+00  σ_φ̄(train)=4.1571e-01  σ_φ̄(test)=4.0967e-01  σ_obs_ω=1.0000e-02  λ_PL=1.00
  KL   : M=3.345e+03  V=6.164e+02  Dw=4.085e+03  g=5.539e+03  sigma=5.744e+02  total=1.416e+04
  subnet MSE  M=1.353e-03  V=5.137e-02  Dw=3.246e-01  g=3.308e-01
[step   7800]
  train: −ELBO=-1.2647e+01  NLL=-7.9387e+00  NLL_R=-7.2076e+00  NLL_ω=-7.3108e-01  MSE_R=1.4382e-03  MSE_ω=1.0789e-01
  test : −ELBO=-7.3780e+00  NLL=-5.4548e+00  NLL_R=-6.6090e+00  NLL_ω=1.1542e+00  MSE_R=2.0151e-03  MSE_ω=2.4387e-01
  sigma: σ_R=2.1946e-02  σ_ω=1.8991e-01  β=0.0000e+00
  PL   : train=-4.7086e+00  test=-1.9232e+00  σ_φ̄(train)=4.1467e-01  σ_φ̄(test)=4.0712e-01  σ_obs_ω=1.0000e-02  λ_PL=1.00
  KL   : M=3.354e+03  V=6.189e+02  Dw=4.107e+03  g=5.571e+03  sigma=5.778e+02  total=1.423e+04
  subnet MSE  M=1.373e-03  V=5.221e-02  Dw=3.215e-01  g=3.335e-01
[step   7850]
  train: −ELBO=-1.2680e+01  NLL=-7.9599e+00  NLL_R=-7.2132e+00  NLL_ω=-7.4663e-01  MSE_R=1.4328e-03  MSE_ω=1.0677e-01
  test : −ELBO=-7.2893e+00  NLL=-5.3892e+00  NLL_R=-6.5813e+00  NLL_ω=1.1920e+00  MSE_R=2.0369e-03  MSE_ω=2.4633e-01
  sigma: σ_R=2.1867e-02  σ_ω=1.8973e-01  β=0.0000e+00
  PL   : train=-4.7199e+00  test=-1.9001e+00  σ_φ̄(train)=4.1674e-01  σ_φ̄(test)=4.1114e-01  σ_obs_ω=1.0000e-02  λ_PL=1.00
  KL   : M=3.365e+03  V=6.217e+02  Dw=4.133e+03  g=5.611e+03  sigma=5.819e+02  total=1.431e+04
  subnet MSE  M=1.397e-03  V=5.115e-02  Dw=3.329e-01  g=3.321e-01
[step   7900]
  train: −ELBO=-1.2687e+01  NLL=-7.9661e+00  NLL_R=-7.2141e+00  NLL_ω=-7.5204e-01  MSE_R=1.4320e-03  MSE_ω=1.0638e-01
  test : −ELBO=-7.2093e+00  NLL=-5.3705e+00  NLL_R=-6.5743e+00  NLL_ω=1.2039e+00  MSE_R=2.0407e-03  MSE_ω=2.4677e-01
  sigma: σ_R=2.1810e-02  σ_ω=1.8945e-01  β=0.0000e+00
  PL   : train=-4.7207e+00  test=-1.8389e+00  σ_φ̄(train)=4.1506e-01  σ_φ̄(test)=4.0929e-01  σ_obs_ω=1.0000e-02  λ_PL=1.00
  KL   : M=3.376e+03  V=6.248e+02  Dw=4.161e+03  g=5.652e+03  sigma=5.864e+02  total=1.440e+04
  subnet MSE  M=1.372e-03  V=5.758e-02  Dw=3.378e-01  g=3.340e-01
[step   7950]
  train: −ELBO=-1.2698e+01  NLL=-7.9697e+00  NLL_R=-7.2197e+00  NLL_ω=-7.5008e-01  MSE_R=1.4267e-03  MSE_ω=1.0653e-01
  test : −ELBO=-7.2408e+00  NLL=-5.3777e+00  NLL_R=-6.5812e+00  NLL_ω=1.2035e+00  MSE_R=2.0354e-03  MSE_ω=2.4643e-01
  sigma: σ_R=2.1831e-02  σ_ω=1.8923e-01  β=0.0000e+00
  PL   : train=-4.7284e+00  test=-1.8631e+00  σ_φ̄(train)=4.1665e-01  σ_φ̄(test)=4.1043e-01  σ_obs_ω=1.0000e-02  λ_PL=1.00
  KL   : M=3.386e+03  V=6.276e+02  Dw=4.185e+03  g=5.688e+03  sigma=5.904e+02  total=1.448e+04
  subnet MSE  M=1.410e-03  V=5.634e-02  Dw=3.399e-01  g=3.328e-01
[step   8000]
  train: −ELBO=-1.2704e+01  NLL=-7.9734e+00  NLL_R=-7.2183e+00  NLL_ω=-7.5502e-01  MSE_R=1.4280e-03  MSE_ω=1.0618e-01
  test : −ELBO=-7.1028e+00  NLL=-5.2952e+00  NLL_R=-6.5525e+00  NLL_ω=1.2572e+00  MSE_R=2.0640e-03  MSE_ω=2.4988e-01
  sigma: σ_R=2.1856e-02  σ_ω=1.8897e-01  β=0.0000e+00
  PL   : train=-4.7310e+00  test=-1.8076e+00  σ_φ̄(train)=4.1624e-01  σ_φ̄(test)=4.0980e-01  σ_obs_ω=1.0000e-02  λ_PL=1.00
  KL   : M=3.397e+03  V=6.307e+02  Dw=4.212e+03  g=5.728e+03  sigma=5.950e+02  total=1.456e+04
  subnet MSE  M=1.440e-03  V=5.602e-02  Dw=3.469e-01  g=3.340e-01
[step   8050]
  train: −ELBO=-1.2737e+01  NLL=-8.0206e+00  NLL_R=-7.2389e+00  NLL_ω=-7.8168e-01  MSE_R=1.4085e-03  MSE_ω=1.0428e-01
  test : −ELBO=-7.0317e+00  NLL=-5.2741e+00  NLL_R=-6.5415e+00  NLL_ω=1.2674e+00  MSE_R=2.0706e-03  MSE_ω=2.5022e-01
  sigma: σ_R=2.1801e-02  σ_ω=1.8872e-01  β=0.0000e+00
  PL   : train=-4.7167e+00  test=-1.7576e+00  σ_φ̄(train)=4.1020e-01  σ_φ̄(test)=4.0839e-01  σ_obs_ω=1.0000e-02  λ_PL=1.00
  KL   : M=3.408e+03  V=6.338e+02  Dw=4.237e+03  g=5.766e+03  sigma=5.994e+02  total=1.464e+04
  subnet MSE  M=1.455e-03  V=5.549e-02  Dw=3.522e-01  g=3.358e-01
[step   8100]
  train: −ELBO=-1.2749e+01  NLL=-8.0064e+00  NLL_R=-7.2340e+00  NLL_ω=-7.7244e-01  MSE_R=1.4131e-03  MSE_ω=1.0494e-01
  test : −ELBO=-6.9786e+00  NLL=-5.2647e+00  NLL_R=-6.5397e+00  NLL_ω=1.2751e+00  MSE_R=2.0720e-03  MSE_ω=2.5038e-01
  sigma: σ_R=2.1786e-02  σ_ω=1.8846e-01  β=0.0000e+00
  PL   : train=-4.7424e+00  test=-1.7139e+00  σ_φ̄(train)=4.1458e-01  σ_φ̄(test)=4.0813e-01  σ_obs_ω=1.0000e-02  λ_PL=1.00
  KL   : M=3.419e+03  V=6.369e+02  Dw=4.263e+03  g=5.805e+03  sigma=6.037e+02  total=1.473e+04
  subnet MSE  M=1.505e-03  V=5.530e-02  Dw=3.620e-01  g=3.348e-01
[step   8150]
  train: −ELBO=-1.2729e+01  NLL=-7.9964e+00  NLL_R=-7.2280e+00  NLL_ω=-7.6842e-01  MSE_R=1.4188e-03  MSE_ω=1.0523e-01
  test : −ELBO=-6.8589e+00  NLL=-5.2025e+00  NLL_R=-6.5141e+00  NLL_ω=1.3116e+00  MSE_R=2.0934e-03  MSE_ω=2.5268e-01
  sigma: σ_R=2.1738e-02  σ_ω=1.8827e-01  β=0.0000e+00
  PL   : train=-4.7330e+00  test=-1.6563e+00  σ_φ̄(train)=4.1226e-01  σ_φ̄(test)=4.0621e-01  σ_obs_ω=1.0000e-02  λ_PL=1.00
  KL   : M=3.427e+03  V=6.391e+02  Dw=4.282e+03  g=5.833e+03  sigma=6.067e+02  total=1.479e+04
  subnet MSE  M=1.502e-03  V=5.311e-02  Dw=3.593e-01  g=3.362e-01
[step   8200]
  train: −ELBO=-1.2749e+01  NLL=-8.0157e+00  NLL_R=-7.2371e+00  NLL_ω=-7.7857e-01  MSE_R=1.4102e-03  MSE_ω=1.0451e-01
  test : −ELBO=-6.8432e+00  NLL=-5.1976e+00  NLL_R=-6.5165e+00  NLL_ω=1.3189e+00  MSE_R=2.0894e-03  MSE_ω=2.5290e-01
  sigma: σ_R=2.1710e-02  σ_ω=1.8808e-01  β=0.0000e+00
  PL   : train=-4.7330e+00  test=-1.6456e+00  σ_φ̄(train)=4.1269e-01  σ_φ̄(test)=4.0621e-01  σ_obs_ω=1.0000e-02  λ_PL=1.00
  KL   : M=3.435e+03  V=6.414e+02  Dw=4.302e+03  g=5.862e+03  sigma=6.099e+02  total=1.485e+04
  subnet MSE  M=1.540e-03  V=5.876e-02  Dw=3.617e-01  g=3.359e-01
[step   8250]
  train: −ELBO=-1.2763e+01  NLL=-8.0194e+00  NLL_R=-7.2389e+00  NLL_ω=-7.8051e-01  MSE_R=1.4085e-03  MSE_ω=1.0438e-01
  test : −ELBO=-6.8028e+00  NLL=-5.1707e+00  NLL_R=-6.5076e+00  NLL_ω=1.3369e+00  MSE_R=2.0984e-03  MSE_ω=2.5385e-01
  sigma: σ_R=2.1719e-02  σ_ω=1.8787e-01  β=0.0000e+00
  PL   : train=-4.7440e+00  test=-1.6322e+00  σ_φ̄(train)=4.1391e-01  σ_φ̄(test)=4.0745e-01  σ_obs_ω=1.0000e-02  λ_PL=1.00
  KL   : M=3.443e+03  V=6.437e+02  Dw=4.320e+03  g=5.889e+03  sigma=6.131e+02  total=1.491e+04
  subnet MSE  M=1.530e-03  V=5.460e-02  Dw=3.671e-01  g=3.363e-01
[step   8300]
  train: −ELBO=-1.2769e+01  NLL=-8.0233e+00  NLL_R=-7.2385e+00  NLL_ω=-7.8481e-01  MSE_R=1.4089e-03  MSE_ω=1.0408e-01
  test : −ELBO=-6.7487e+00  NLL=-5.1815e+00  NLL_R=-6.5146e+00  NLL_ω=1.3331e+00  MSE_R=2.0913e-03  MSE_ω=2.5326e-01
  sigma: σ_R=2.1705e-02  σ_ω=1.8767e-01  β=0.0000e+00
  PL   : train=-4.7461e+00  test=-1.5673e+00  σ_φ̄(train)=4.1113e-01  σ_φ̄(test)=4.0436e-01  σ_obs_ω=1.0000e-02  λ_PL=1.00
  KL   : M=3.451e+03  V=6.461e+02  Dw=4.339e+03  g=5.918e+03  sigma=6.167e+02  total=1.497e+04
  subnet MSE  M=1.523e-03  V=6.123e-02  Dw=3.650e-01  g=3.382e-01
[step   8350]
  train: −ELBO=-1.2743e+01  NLL=-7.9919e+00  NLL_R=-7.2274e+00  NLL_ω=-7.6457e-01  MSE_R=1.4194e-03  MSE_ω=1.0551e-01
  test : −ELBO=-6.7200e+00  NLL=-5.1557e+00  NLL_R=-6.5033e+00  NLL_ω=1.3476e+00  MSE_R=2.1006e-03  MSE_ω=2.5378e-01
  sigma: σ_R=2.1682e-02  σ_ω=1.8736e-01  β=0.0000e+00
  PL   : train=-4.7511e+00  test=-1.5643e+00  σ_φ̄(train)=4.1357e-01  σ_φ̄(test)=4.0540e-01  σ_obs_ω=1.0000e-02  λ_PL=1.00
  KL   : M=3.462e+03  V=6.493e+02  Dw=4.367e+03  g=5.959e+03  sigma=6.215e+02  total=1.506e+04
  subnet MSE  M=1.524e-03  V=6.209e-02  Dw=3.736e-01  g=3.366e-01
[step   8400]
  train: −ELBO=-1.2786e+01  NLL=-8.0234e+00  NLL_R=-7.2412e+00  NLL_ω=-7.8219e-01  MSE_R=1.4064e-03  MSE_ω=1.0427e-01
  test : −ELBO=-6.6757e+00  NLL=-5.1115e+00  NLL_R=-6.4894e+00  NLL_ω=1.3779e+00  MSE_R=2.1145e-03  MSE_ω=2.5559e-01
  sigma: σ_R=2.1700e-02  σ_ω=1.8715e-01  β=0.0000e+00
  PL   : train=-4.7623e+00  test=-1.5642e+00  σ_φ̄(train)=4.1321e-01  σ_φ̄(test)=4.0641e-01  σ_obs_ω=1.0000e-02  λ_PL=1.00
  KL   : M=3.470e+03  V=6.515e+02  Dw=4.386e+03  g=5.987e+03  sigma=6.249e+02  total=1.512e+04
  subnet MSE  M=1.533e-03  V=5.840e-02  Dw=3.776e-01  g=3.389e-01
[step   8450]
  train: −ELBO=-1.2776e+01  NLL=-8.0178e+00  NLL_R=-7.2366e+00  NLL_ω=-7.8119e-01  MSE_R=1.4107e-03  MSE_ω=1.0434e-01
  test : −ELBO=-6.6076e+00  NLL=-5.0834e+00  NLL_R=-6.4775e+00  NLL_ω=1.3941e+00  MSE_R=2.1230e-03  MSE_ω=2.5641e-01
  sigma: σ_R=2.1657e-02  σ_ω=1.8696e-01  β=0.0000e+00
  PL   : train=-4.7581e+00  test=-1.5243e+00  σ_φ̄(train)=4.1227e-01  σ_φ̄(test)=4.0611e-01  σ_obs_ω=1.0000e-02  λ_PL=1.00
  KL   : M=3.478e+03  V=6.537e+02  Dw=4.403e+03  g=6.014e+03  sigma=6.282e+02  total=1.518e+04
  subnet MSE  M=1.568e-03  V=5.870e-02  Dw=3.772e-01  g=3.379e-01
[step   8500]
  train: −ELBO=-1.2800e+01  NLL=-8.0456e+00  NLL_R=-7.2481e+00  NLL_ω=-7.9755e-01  MSE_R=1.3999e-03  MSE_ω=1.0320e-01
  test : −ELBO=-6.5260e+00  NLL=-5.0888e+00  NLL_R=-6.4819e+00  NLL_ω=1.3931e+00  MSE_R=2.1205e-03  MSE_ω=2.5610e-01
  sigma: σ_R=2.1683e-02  σ_ω=1.8681e-01  β=0.0000e+00
  PL   : train=-4.7540e+00  test=-1.4372e+00  σ_φ̄(train)=4.1084e-01  σ_φ̄(test)=4.0383e-01  σ_obs_ω=1.0000e-02  λ_PL=1.00
  KL   : M=3.485e+03  V=6.558e+02  Dw=4.421e+03  g=6.040e+03  sigma=6.314e+02  total=1.523e+04
  subnet MSE  M=1.575e-03  V=6.087e-02  Dw=3.879e-01  g=3.376e-01
[step   8550]
  train: −ELBO=-1.2798e+01  NLL=-8.0464e+00  NLL_R=-7.2490e+00  NLL_ω=-7.9742e-01  MSE_R=1.3991e-03  MSE_ω=1.0321e-01
  test : −ELBO=-6.5015e+00  NLL=-5.0460e+00  NLL_R=-6.4642e+00  NLL_ω=1.4182e+00  MSE_R=2.1326e-03  MSE_ω=2.5756e-01
  sigma: σ_R=2.1625e-02  σ_ω=1.8665e-01  β=0.0000e+00
  PL   : train=-4.7517e+00  test=-1.4555e+00  σ_φ̄(train)=4.1091e-01  σ_φ̄(test)=4.0529e-01  σ_obs_ω=1.0000e-02  λ_PL=1.00
  KL   : M=3.493e+03  V=6.579e+02  Dw=4.439e+03  g=6.066e+03  sigma=6.349e+02  total=1.529e+04
  subnet MSE  M=1.592e-03  V=5.651e-02  Dw=3.929e-01  g=3.371e-01
[step   8600]
  train: −ELBO=-1.2787e+01  NLL=-8.0236e+00  NLL_R=-7.2380e+00  NLL_ω=-7.8553e-01  MSE_R=1.4094e-03  MSE_ω=1.0404e-01
  test : −ELBO=-6.4834e+00  NLL=-5.0736e+00  NLL_R=-6.4775e+00  NLL_ω=1.4039e+00  MSE_R=2.1223e-03  MSE_ω=2.5630e-01
  sigma: σ_R=2.1643e-02  σ_ω=1.8647e-01  β=0.0000e+00
  PL   : train=-4.7633e+00  test=-1.4098e+00  σ_φ̄(train)=4.0994e-01  σ_φ̄(test)=4.0232e-01  σ_obs_ω=1.0000e-02  λ_PL=1.00
  KL   : M=3.502e+03  V=6.605e+02  Dw=4.462e+03  g=6.099e+03  sigma=6.391e+02  total=1.536e+04
  subnet MSE  M=1.588e-03  V=6.236e-02  Dw=3.897e-01  g=3.401e-01
[step   8650]
  train: −ELBO=-1.2819e+01  NLL=-8.0584e+00  NLL_R=-7.2540e+00  NLL_ω=-8.0435e-01  MSE_R=1.3944e-03  MSE_ω=1.0274e-01
  test : −ELBO=-6.3803e+00  NLL=-5.0475e+00  NLL_R=-6.4690e+00  NLL_ω=1.4215e+00  MSE_R=2.1279e-03  MSE_ω=2.5720e-01
  sigma: σ_R=2.1621e-02  σ_ω=1.8628e-01  β=0.0000e+00
  PL   : train=-4.7610e+00  test=-1.3328e+00  σ_φ̄(train)=4.0734e-01  σ_φ̄(test)=4.0110e-01  σ_obs_ω=1.0000e-02  λ_PL=1.00
  KL   : M=3.511e+03  V=6.632e+02  Dw=4.484e+03  g=6.132e+03  sigma=6.432e+02  total=1.543e+04
  subnet MSE  M=1.632e-03  V=6.023e-02  Dw=3.933e-01  g=3.396e-01
[step   8700]
  train: −ELBO=-1.2813e+01  NLL=-8.0401e+00  NLL_R=-7.2442e+00  NLL_ω=-7.9595e-01  MSE_R=1.4036e-03  MSE_ω=1.0332e-01
  test : −ELBO=-6.2749e+00  NLL=-4.9583e+00  NLL_R=-6.4353e+00  NLL_ω=1.4771e+00  MSE_R=2.1569e-03  MSE_ω=2.6063e-01
  sigma: σ_R=2.1582e-02  σ_ω=1.8602e-01  β=0.0000e+00
  PL   : train=-4.7729e+00  test=-1.3166e+00  σ_φ̄(train)=4.0964e-01  σ_φ̄(test)=4.0271e-01  σ_obs_ω=1.0000e-02  λ_PL=1.00
  KL   : M=3.520e+03  V=6.659e+02  Dw=4.506e+03  g=6.164e+03  sigma=6.473e+02  total=1.550e+04
  subnet MSE  M=1.646e-03  V=5.792e-02  Dw=3.972e-01  g=3.407e-01
[step   8750]
  train: −ELBO=-1.2807e+01  NLL=-8.0988e+00  NLL_R=-7.2680e+00  NLL_ω=-8.3087e-01  MSE_R=1.3813e-03  MSE_ω=1.0091e-01
  test : −ELBO=-6.0467e+00  NLL=-4.9483e+00  NLL_R=-6.4389e+00  NLL_ω=1.4907e+00  MSE_R=2.1569e-03  MSE_ω=2.6113e-01
  sigma: σ_R=2.1626e-02  σ_ω=1.8576e-01  β=0.0000e+00
  PL   : train=-4.7078e+00  test=-1.0984e+00  σ_φ̄(train)=3.9890e-01  σ_φ̄(test)=3.9620e-01  σ_obs_ω=1.0000e-02  λ_PL=1.00
  KL   : M=3.530e+03  V=6.690e+02  Dw=4.530e+03  g=6.198e+03  sigma=6.519e+02  total=1.558e+04
  subnet MSE  M=1.695e-03  V=5.864e-02  Dw=4.137e-01  g=3.375e-01
[step   8800]
  train: −ELBO=-1.2826e+01  NLL=-8.0442e+00  NLL_R=-7.2468e+00  NLL_ω=-7.9743e-01  MSE_R=1.4011e-03  MSE_ω=1.0322e-01
  test : −ELBO=-6.2108e+00  NLL=-4.9370e+00  NLL_R=-6.4284e+00  NLL_ω=1.4914e+00  MSE_R=2.1608e-03  MSE_ω=2.6086e-01
  sigma: σ_R=2.1537e-02  σ_ω=1.8558e-01  β=0.0000e+00
  PL   : train=-4.7815e+00  test=-1.2738e+00  σ_φ̄(train)=4.1111e-01  σ_φ̄(test)=4.0363e-01  σ_obs_ω=1.0000e-02  λ_PL=1.00
  KL   : M=3.537e+03  V=6.710e+02  Dw=4.546e+03  g=6.222e+03  sigma=6.550e+02  total=1.563e+04
  subnet MSE  M=1.728e-03  V=6.081e-02  Dw=4.050e-01  g=3.401e-01
[step   8850]
  train: −ELBO=-1.2843e+01  NLL=-8.0614e+00  NLL_R=-7.2593e+00  NLL_ω=-8.0211e-01  MSE_R=1.3895e-03  MSE_ω=1.0290e-01
  test : −ELBO=-6.1541e+00  NLL=-4.8995e+00  NLL_R=-6.4161e+00  NLL_ω=1.5166e+00  MSE_R=2.1710e-03  MSE_ω=2.6233e-01
  sigma: σ_R=2.1529e-02  σ_ω=1.8542e-01  β=0.0000e+00
  PL   : train=-4.7820e+00  test=-1.2546e+00  σ_φ̄(train)=4.0937e-01  σ_φ̄(test)=4.0285e-01  σ_obs_ω=1.0000e-02  λ_PL=1.00
  KL   : M=3.544e+03  V=6.730e+02  Dw=4.562e+03  g=6.245e+03  sigma=6.580e+02  total=1.568e+04
  subnet MSE  M=1.725e-03  V=6.144e-02  Dw=4.082e-01  g=3.427e-01
[step   8900]
  train: −ELBO=-1.2818e+01  NLL=-8.0524e+00  NLL_R=-7.2481e+00  NLL_ω=-8.0430e-01  MSE_R=1.3999e-03  MSE_ω=1.0275e-01
  test : −ELBO=-6.1284e+00  NLL=-4.8656e+00  NLL_R=-6.4019e+00  NLL_ω=1.5363e+00  MSE_R=2.1873e-03  MSE_ω=2.6345e-01
  sigma: σ_R=2.1566e-02  σ_ω=1.8528e-01  β=0.0000e+00
  PL   : train=-4.7652e+00  test=-1.2628e+00  σ_φ̄(train)=4.0999e-01  σ_φ̄(test)=4.0272e-01  σ_obs_ω=1.0000e-02  λ_PL=1.00
  KL   : M=3.551e+03  V=6.751e+02  Dw=4.579e+03  g=6.270e+03  sigma=6.611e+02  total=1.574e+04
  subnet MSE  M=1.710e-03  V=6.818e-02  Dw=4.197e-01  g=3.410e-01
[step   8950]
  train: −ELBO=-1.2842e+01  NLL=-8.0622e+00  NLL_R=-7.2530e+00  NLL_ω=-8.0917e-01  MSE_R=1.3953e-03  MSE_ω=1.0242e-01
  test : −ELBO=-6.0086e+00  NLL=-4.8574e+00  NLL_R=-6.4024e+00  NLL_ω=1.5450e+00  MSE_R=2.1842e-03  MSE_ω=2.6388e-01
  sigma: σ_R=2.1532e-02  σ_ω=1.8519e-01  β=0.0000e+00
  PL   : train=-4.7794e+00  test=-1.1513e+00  σ_φ̄(train)=4.0726e-01  σ_φ̄(test)=3.9953e-01  σ_obs_ω=1.0000e-02  λ_PL=1.00
  KL   : M=3.556e+03  V=6.767e+02  Dw=4.592e+03  g=6.287e+03  sigma=6.636e+02  total=1.578e+04
  subnet MSE  M=1.747e-03  V=6.204e-02  Dw=4.182e-01  g=3.421e-01
[step   9000]
  train: −ELBO=-1.2851e+01  NLL=-8.0750e+00  NLL_R=-7.2589e+00  NLL_ω=-8.1608e-01  MSE_R=1.3898e-03  MSE_ω=1.0194e-01
  test : −ELBO=-5.9712e+00  NLL=-4.8571e+00  NLL_R=-6.4040e+00  NLL_ω=1.5468e+00  MSE_R=2.1823e-03  MSE_ω=2.6368e-01
  sigma: σ_R=2.1526e-02  σ_ω=1.8500e-01  β=0.0000e+00
  PL   : train=-4.7761e+00  test=-1.1141e+00  σ_φ̄(train)=4.0713e-01  σ_φ̄(test)=3.9938e-01  σ_obs_ω=1.0000e-02  λ_PL=1.00
  KL   : M=3.565e+03  V=6.794e+02  Dw=4.613e+03  g=6.318e+03  sigma=6.679e+02  total=1.584e+04
  subnet MSE  M=1.750e-03  V=6.765e-02  Dw=4.259e-01  g=3.426e-01
[step   9050]
  train: −ELBO=-1.2874e+01  NLL=-8.1088e+00  NLL_R=-7.2733e+00  NLL_ω=-8.3549e-01  MSE_R=1.3765e-03  MSE_ω=1.0062e-01
  test : −ELBO=-6.0292e+00  NLL=-4.8872e+00  NLL_R=-6.4194e+00  NLL_ω=1.5322e+00  MSE_R=2.1699e-03  MSE_ω=2.6247e-01
  sigma: σ_R=2.1568e-02  σ_ω=1.8489e-01  β=0.0000e+00
  PL   : train=-4.7652e+00  test=-1.1421e+00  σ_φ̄(train)=4.0358e-01  σ_φ̄(test)=4.0003e-01  σ_obs_ω=1.0000e-02  λ_PL=1.00
  KL   : M=3.575e+03  V=6.822e+02  Dw=4.636e+03  g=6.350e+03  sigma=6.724e+02  total=1.592e+04
  subnet MSE  M=1.747e-03  V=6.387e-02  Dw=4.255e-01  g=3.421e-01
[step   9100]
  train: −ELBO=-1.2877e+01  NLL=-8.0894e+00  NLL_R=-7.2650e+00  NLL_ω=-8.2435e-01  MSE_R=1.3842e-03  MSE_ω=1.0138e-01
  test : −ELBO=-5.9389e+00  NLL=-4.8156e+00  NLL_R=-6.3905e+00  NLL_ω=1.5749e+00  MSE_R=2.1946e-03  MSE_ω=2.6504e-01
  sigma: σ_R=2.1529e-02  σ_ω=1.8468e-01  β=0.0000e+00
  PL   : train=-4.7879e+00  test=-1.1233e+00  σ_φ̄(train)=4.0662e-01  σ_φ̄(test)=4.0059e-01  σ_obs_ω=1.0000e-02  λ_PL=1.00
  KL   : M=3.585e+03  V=6.850e+02  Dw=4.659e+03  g=6.382e+03  sigma=6.768e+02  total=1.599e+04
  subnet MSE  M=1.788e-03  V=6.296e-02  Dw=4.315e-01  g=3.439e-01
[step   9150]
  train: −ELBO=-1.2854e+01  NLL=-8.0592e+00  NLL_R=-7.2519e+00  NLL_ω=-8.0727e-01  MSE_R=1.3964e-03  MSE_ω=1.0255e-01
  test : −ELBO=-5.8281e+00  NLL=-4.7947e+00  NLL_R=-6.3850e+00  NLL_ω=1.5903e+00  MSE_R=2.2001e-03  MSE_ω=2.6594e-01
  sigma: σ_R=2.1517e-02  σ_ω=1.8459e-01  β=0.0000e+00
  PL   : train=-4.7945e+00  test=-1.0334e+00  σ_φ̄(train)=4.0838e-01  σ_φ̄(test)=3.9849e-01  σ_obs_ω=1.0000e-02  λ_PL=1.00
  KL   : M=3.590e+03  V=6.865e+02  Dw=4.670e+03  g=6.399e+03  sigma=6.793e+02  total=1.603e+04
  subnet MSE  M=1.815e-03  V=6.764e-02  Dw=4.362e-01  g=3.448e-01
[step   9200]
  train: −ELBO=-1.2870e+01  NLL=-8.0910e+00  NLL_R=-7.2657e+00  NLL_ω=-8.2535e-01  MSE_R=1.3836e-03  MSE_ω=1.0131e-01
  test : −ELBO=-5.7537e+00  NLL=-4.7701e+00  NLL_R=-6.3740e+00  NLL_ω=1.6039e+00  MSE_R=2.2095e-03  MSE_ω=2.6671e-01
  sigma: σ_R=2.1520e-02  σ_ω=1.8451e-01  β=0.0000e+00
  PL   : train=-4.7791e+00  test=-9.8362e-01  σ_φ̄(train)=4.0253e-01  σ_φ̄(test)=3.9719e-01  σ_obs_ω=1.0000e-02  λ_PL=1.00
  KL   : M=3.599e+03  V=6.891e+02  Dw=4.690e+03  g=6.426e+03  sigma=6.833e+02  total=1.609e+04
  subnet MSE  M=1.814e-03  V=6.578e-02  Dw=4.345e-01  g=3.450e-01
[step   9250]
  train: −ELBO=-1.2885e+01  NLL=-8.0886e+00  NLL_R=-7.2629e+00  NLL_ω=-8.2573e-01  MSE_R=1.3862e-03  MSE_ω=1.0129e-01
  test : −ELBO=-5.6776e+00  NLL=-4.7224e+00  NLL_R=-6.3552e+00  NLL_ω=1.6328e+00  MSE_R=2.2223e-03  MSE_ω=2.6820e-01
  sigma: σ_R=2.1464e-02  σ_ω=1.8424e-01  β=0.0000e+00
  PL   : train=-4.7961e+00  test=-9.5514e-01  σ_φ̄(train)=4.0440e-01  σ_φ̄(test)=3.9560e-01  σ_obs_ω=1.0000e-02  λ_PL=1.00
  KL   : M=3.611e+03  V=6.922e+02  Dw=4.714e+03  g=6.460e+03  sigma=6.881e+02  total=1.616e+04
  subnet MSE  M=1.846e-03  V=7.119e-02  Dw=4.426e-01  g=3.470e-01
[step   9300]
  train: −ELBO=-1.2884e+01  NLL=-8.0962e+00  NLL_R=-7.2654e+00  NLL_ω=-8.3083e-01  MSE_R=1.3839e-03  MSE_ω=1.0094e-01
  test : −ELBO=-5.6656e+00  NLL=-4.7722e+00  NLL_R=-6.3817e+00  NLL_ω=1.6095e+00  MSE_R=2.2032e-03  MSE_ω=2.6658e-01
  sigma: σ_R=2.1532e-02  σ_ω=1.8422e-01  β=0.0000e+00
  PL   : train=-4.7874e+00  test=-8.9336e-01  σ_φ̄(train)=4.0263e-01  σ_φ̄(test)=3.9496e-01  σ_obs_ω=1.0000e-02  λ_PL=1.00
  KL   : M=3.620e+03  V=6.947e+02  Dw=4.732e+03  g=6.486e+03  sigma=6.917e+02  total=1.622e+04
  subnet MSE  M=1.847e-03  V=6.476e-02  Dw=4.500e-01  g=3.443e-01
[step   9350]
  train: −ELBO=-1.2920e+01  NLL=-8.1183e+00  NLL_R=-7.2792e+00  NLL_ω=-8.3915e-01  MSE_R=1.3712e-03  MSE_ω=1.0038e-01
  test : −ELBO=-5.6086e+00  NLL=-4.7044e+00  NLL_R=-6.3481e+00  NLL_ω=1.6436e+00  MSE_R=2.2284e-03  MSE_ω=2.6859e-01
  sigma: σ_R=2.1458e-02  σ_ω=1.8406e-01  β=0.0000e+00
  PL   : train=-4.8016e+00  test=-9.0418e-01  σ_φ̄(train)=4.0596e-01  σ_φ̄(test)=3.9752e-01  σ_obs_ω=1.0000e-02  λ_PL=1.00
  KL   : M=3.631e+03  V=6.974e+02  Dw=4.753e+03  g=6.515e+03  sigma=6.960e+02  total=1.629e+04
  subnet MSE  M=1.843e-03  V=6.326e-02  Dw=4.539e-01  g=3.427e-01
[step   9400]
  train: −ELBO=-1.2911e+01  NLL=-8.1090e+00  NLL_R=-7.2731e+00  NLL_ω=-8.3595e-01  MSE_R=1.3768e-03  MSE_ω=1.0060e-01
  test : −ELBO=-5.4955e+00  NLL=-4.6794e+00  NLL_R=-6.3442e+00  NLL_ω=1.6648e+00  MSE_R=2.2333e-03  MSE_ω=2.6960e-01
  sigma: σ_R=2.1475e-02  σ_ω=1.8383e-01  β=0.0000e+00
  PL   : train=-4.8015e+00  test=-8.1606e-01  σ_φ̄(train)=4.0387e-01  σ_φ̄(test)=3.9460e-01  σ_obs_ω=1.0000e-02  λ_PL=1.00
  KL   : M=3.641e+03  V=7.001e+02  Dw=4.773e+03  g=6.544e+03  sigma=7.005e+02  total=1.636e+04
  subnet MSE  M=1.929e-03  V=6.439e-02  Dw=4.613e-01  g=3.450e-01
[step   9450]
  train: −ELBO=-1.2897e+01  NLL=-8.1244e+00  NLL_R=-7.2826e+00  NLL_ω=-8.4184e-01  MSE_R=1.3680e-03  MSE_ω=1.0020e-01
  test : −ELBO=-5.5571e+00  NLL=-4.6790e+00  NLL_R=-6.3470e+00  NLL_ω=1.6679e+00  MSE_R=2.2317e-03  MSE_ω=2.6969e-01
  sigma: σ_R=2.1491e-02  σ_ω=1.8376e-01  β=0.0000e+00
  PL   : train=-4.7730e+00  test=-8.7804e-01  σ_φ̄(train)=3.9964e-01  σ_φ̄(test)=3.9617e-01  σ_obs_ω=1.0000e-02  λ_PL=1.00
  KL   : M=3.649e+03  V=7.023e+02  Dw=4.789e+03  g=6.567e+03  sigma=7.037e+02  total=1.641e+04
  subnet MSE  M=1.886e-03  V=6.498e-02  Dw=4.584e-01  g=3.455e-01
[step   9500]
  train: −ELBO=-1.2911e+01  NLL=-8.0846e+00  NLL_R=-7.2606e+00  NLL_ω=-8.2398e-01  MSE_R=1.3882e-03  MSE_ω=1.0141e-01
  test : −ELBO=-5.4787e+00  NLL=-4.5786e+00  NLL_R=-6.3074e+00  NLL_ω=1.7289e+00  MSE_R=2.2645e-03  MSE_ω=2.7354e-01
  sigma: σ_R=2.1433e-02  σ_ω=1.8362e-01  β=0.0000e+00
  PL   : train=-4.8266e+00  test=-9.0013e-01  σ_φ̄(train)=4.0965e-01  σ_φ̄(test)=4.0052e-01  σ_obs_ω=1.0000e-02  λ_PL=1.00
  KL   : M=3.657e+03  V=7.044e+02  Dw=4.805e+03  g=6.589e+03  sigma=7.070e+02  total=1.646e+04
  subnet MSE  M=1.898e-03  V=6.486e-02  Dw=4.728e-01  g=3.458e-01
[step   9550]
  train: −ELBO=-1.2929e+01  NLL=-8.1313e+00  NLL_R=-7.2801e+00  NLL_ω=-8.5125e-01  MSE_R=1.3704e-03  MSE_ω=9.9575e-02
  test : −ELBO=-5.3546e+00  NLL=-4.6147e+00  NLL_R=-6.3216e+00  NLL_ω=1.7069e+00  MSE_R=2.2472e-03  MSE_ω=2.7163e-01
  sigma: σ_R=2.1389e-02  σ_ω=1.8339e-01  β=0.0000e+00
  PL   : train=-4.7981e+00  test=-7.3992e-01  σ_φ̄(train)=4.0488e-01  σ_φ̄(test)=3.9661e-01  σ_obs_ω=1.0000e-02  λ_PL=1.00
  KL   : M=3.667e+03  V=7.069e+02  Dw=4.824e+03  g=6.616e+03  sigma=7.111e+02  total=1.652e+04
  subnet MSE  M=1.926e-03  V=6.567e-02  Dw=4.713e-01  g=3.461e-01
[step   9600]
  train: −ELBO=-1.2888e+01  NLL=-8.1058e+00  NLL_R=-7.2690e+00  NLL_ω=-8.3684e-01  MSE_R=1.3806e-03  MSE_ω=1.0054e-01
  test : −ELBO=-5.1454e+00  NLL=-4.5771e+00  NLL_R=-6.3072e+00  NLL_ω=1.7302e+00  MSE_R=2.2643e-03  MSE_ω=2.7291e-01
  sigma: σ_R=2.1433e-02  σ_ω=1.8323e-01  β=0.0000e+00
  PL   : train=-4.7821e+00  test=-5.6830e-01  σ_φ̄(train)=4.0291e-01  σ_φ̄(test)=3.9485e-01  σ_obs_ω=1.0000e-02  λ_PL=1.00
  KL   : M=3.676e+03  V=7.095e+02  Dw=4.843e+03  g=6.642e+03  sigma=7.151e+02  total=1.659e+04
  subnet MSE  M=1.960e-03  V=8.751e-02  Dw=4.798e-01  g=3.435e-01
[step   9650]
  train: −ELBO=-1.2935e+01  NLL=-8.1151e+00  NLL_R=-7.2763e+00  NLL_ω=-8.3877e-01  MSE_R=1.3739e-03  MSE_ω=1.0041e-01
  test : −ELBO=-5.0907e+00  NLL=-4.5866e+00  NLL_R=-6.3173e+00  NLL_ω=1.7307e+00  MSE_R=2.2548e-03  MSE_ω=2.7269e-01
  sigma: σ_R=2.1423e-02  σ_ω=1.8309e-01  β=0.0000e+00
  PL   : train=-4.8195e+00  test=-5.0415e-01  σ_φ̄(train)=4.0551e-01  σ_φ̄(test)=3.8846e-01  σ_obs_ω=1.0000e-02  λ_PL=1.00
  KL   : M=3.689e+03  V=7.126e+02  Dw=4.866e+03  g=6.674e+03  sigma=7.199e+02  total=1.666e+04
  subnet MSE  M=2.032e-03  V=6.729e-02  Dw=4.803e-01  g=3.447e-01
[step   9700]
  train: −ELBO=-1.2953e+01  NLL=-8.1132e+00  NLL_R=-7.2763e+00  NLL_ω=-8.3692e-01  MSE_R=1.3738e-03  MSE_ω=1.0054e-01
  test : −ELBO=-5.2318e+00  NLL=-4.4865e+00  NLL_R=-6.2719e+00  NLL_ω=1.7854e+00  MSE_R=2.2849e-03  MSE_ω=2.7607e-01
  sigma: σ_R=2.1297e-02  σ_ω=1.8295e-01  β=0.0000e+00
  PL   : train=-4.8397e+00  test=-7.4523e-01  σ_φ̄(train)=4.0923e-01  σ_φ̄(test)=4.0114e-01  σ_obs_ω=1.0000e-02  λ_PL=1.00
  KL   : M=3.704e+03  V=7.163e+02  Dw=4.893e+03  g=6.713e+03  sigma=7.254e+02  total=1.675e+04
  subnet MSE  M=1.992e-03  V=6.733e-02  Dw=4.852e-01  g=3.471e-01
[step   9750]
  train: −ELBO=-1.2935e+01  NLL=-8.1043e+00  NLL_R=-7.2682e+00  NLL_ω=-8.3606e-01  MSE_R=1.3813e-03  MSE_ω=1.0060e-01
  test : −ELBO=-5.0311e+00  NLL=-4.4691e+00  NLL_R=-6.2703e+00  NLL_ω=1.8012e+00  MSE_R=2.2948e-03  MSE_ω=2.7687e-01
  sigma: σ_R=2.1389e-02  σ_ω=1.8281e-01  β=0.0000e+00
  PL   : train=-4.8308e+00  test=-5.6205e-01  σ_φ̄(train)=4.0405e-01  σ_φ̄(test)=3.9402e-01  σ_obs_ω=1.0000e-02  λ_PL=1.00
  KL   : M=3.717e+03  V=7.198e+02  Dw=4.919e+03  g=6.749e+03  sigma=7.304e+02  total=1.684e+04
  subnet MSE  M=2.117e-03  V=7.264e-02  Dw=4.830e-01  g=3.512e-01
[step   9800]
  train: −ELBO=-1.2953e+01  NLL=-8.1278e+00  NLL_R=-7.2816e+00  NLL_ω=-8.4627e-01  MSE_R=1.3690e-03  MSE_ω=9.9914e-02
  test : −ELBO=-5.0464e+00  NLL=-4.4971e+00  NLL_R=-6.2807e+00  NLL_ω=1.7835e+00  MSE_R=2.2837e-03  MSE_ω=2.7563e-01
  sigma: σ_R=2.1372e-02  σ_ω=1.8278e-01  β=0.0000e+00
  PL   : train=-4.8253e+00  test=-5.4923e-01  σ_φ̄(train)=4.0555e-01  σ_φ̄(test)=3.9540e-01  σ_obs_ω=1.0000e-02  λ_PL=1.00
  KL   : M=3.727e+03  V=7.221e+02  Dw=4.936e+03  g=6.772e+03  sigma=7.338e+02  total=1.689e+04
  subnet MSE  M=2.006e-03  V=6.697e-02  Dw=4.957e-01  g=3.472e-01
[step   9850]
  train: −ELBO=-1.2979e+01  NLL=-8.1512e+00  NLL_R=-7.2869e+00  NLL_ω=-8.6427e-01  MSE_R=1.3642e-03  MSE_ω=9.8714e-02
  test : −ELBO=-4.9738e+00  NLL=-4.4698e+00  NLL_R=-6.2727e+00  NLL_ω=1.8029e+00  MSE_R=2.2879e-03  MSE_ω=2.7653e-01
  sigma: σ_R=2.1343e-02  σ_ω=1.8258e-01  β=0.0000e+00
  PL   : train=-4.8274e+00  test=-5.0402e-01  σ_φ̄(train)=4.0315e-01  σ_φ̄(test)=3.9464e-01  σ_obs_ω=1.0000e-02  λ_PL=1.00
  KL   : M=3.737e+03  V=7.244e+02  Dw=4.953e+03  g=6.796e+03  sigma=7.371e+02  total=1.695e+04
  subnet MSE  M=2.033e-03  V=7.125e-02  Dw=4.996e-01  g=3.470e-01
[step   9900]
  train: −ELBO=-1.2959e+01  NLL=-8.1334e+00  NLL_R=-7.2831e+00  NLL_ω=-8.5029e-01  MSE_R=1.3676e-03  MSE_ω=9.9647e-02
  test : −ELBO=-4.8420e+00  NLL=-4.4298e+00  NLL_R=-6.2621e+00  NLL_ω=1.8324e+00  MSE_R=2.3007e-03  MSE_ω=2.7807e-01
  sigma: σ_R=2.1379e-02  σ_ω=1.8236e-01  β=0.0000e+00
  PL   : train=-4.8255e+00  test=-4.1220e-01  σ_φ̄(train)=4.0205e-01  σ_φ̄(test)=3.9301e-01  σ_obs_ω=1.0000e-02  λ_PL=1.00
  KL   : M=3.749e+03  V=7.272e+02  Dw=4.972e+03  g=6.824e+03  sigma=7.410e+02  total=1.701e+04
  subnet MSE  M=2.079e-03  V=7.715e-02  Dw=5.039e-01  g=3.488e-01
[step   9950]
  train: −ELBO=-1.2971e+01  NLL=-8.1481e+00  NLL_R=-7.2893e+00  NLL_ω=-8.5878e-01  MSE_R=1.3620e-03  MSE_ω=9.9083e-02
  test : −ELBO=-4.7454e+00  NLL=-4.4193e+00  NLL_R=-6.2519e+00  NLL_ω=1.8326e+00  MSE_R=2.3074e-03  MSE_ω=2.7795e-01
  sigma: σ_R=2.1344e-02  σ_ω=1.8229e-01  β=0.0000e+00
  PL   : train=-4.8231e+00  test=-3.2608e-01  σ_φ̄(train)=4.0044e-01  σ_φ̄(test)=3.9071e-01  σ_obs_ω=1.0000e-02  λ_PL=1.00
  KL   : M=3.755e+03  V=7.285e+02  Dw=4.983e+03  g=6.838e+03  sigma=7.431e+02  total=1.705e+04
  subnet MSE  M=2.095e-03  V=7.034e-02  Dw=5.130e-01  g=3.493e-01
[step  10000]
  train: −ELBO=-1.2973e+01  NLL=-8.1355e+00  NLL_R=-7.2819e+00  NLL_ω=-8.5367e-01  MSE_R=1.3688e-03  MSE_ω=9.9423e-02
  test : −ELBO=-4.7127e+00  NLL=-4.3683e+00  NLL_R=-6.2367e+00  NLL_ω=1.8685e+00  MSE_R=2.3175e-03  MSE_ω=2.7983e-01
  sigma: σ_R=2.1299e-02  σ_ω=1.8204e-01  β=0.0000e+00
  PL   : train=-4.8373e+00  test=-3.4440e-01  σ_φ̄(train)=4.0220e-01  σ_φ̄(test)=3.9229e-01  σ_obs_ω=1.0000e-02  λ_PL=1.00
  KL   : M=3.770e+03  V=7.319e+02  Dw=5.008e+03  g=6.874e+03  sigma=7.480e+02  total=1.713e+04
  subnet MSE  M=2.180e-03  V=7.260e-02  Dw=5.206e-01  g=3.496e-01

Final per-trajectory eval ...
Final trajectory train loss 1.0088e+02 +/- 6.6608e+01
Final trajectory test loss  1.1148e+02 +/- 6.9923e+01
Final trajectory train l2 loss 1.0050e+02 +/- 6.6600e+01
Final trajectory test l2 loss  1.0929e+02 +/- 6.9134e+01
Final trajectory train geo loss 3.7593e-01 +/- 4.1847e-01
Final trajectory test geo loss  2.1885e+00 +/- 3.4668e+00
Saved final stats:  /mnt/data/thribhuvan/Projects/stochastic_port_hamiltonian/Final/SPHNP v2/src/models/3D_SO3_Windy_Pendulum/ph_gp_sde/data/run_wp3d_jax/obs0p01_fric0p5_wind0p5_ext0-sine_lr0p001_s10000_np5_smp64_T20_seed0_randu7_G0p5-0p7-0p1_260626-214312/wp3d-so3hamGPSDE-5p-stats.pkl
