Run dir : /mnt/data/thribhuvan/Projects/stochastic_port_hamiltonian/Final/SPHNP v2/src/models/3D_SO3_Windy_Pendulum/ph_gp_sde/data/run_wp3d_jax/obs0p1_fric0p5_wind0p5_ext0-sine_lr0p001_s10000_np5_smp64_T20_seed0_randu7_G0p5-0p7-0p1_260627-013929
model contains 11582 parameters
Loaded data from /mnt/data/thribhuvan/Projects/stochastic_port_hamiltonian/Final/SPHNP v2/datasets/data/windy_pendulum_3d/wp3d_dataset_extforce-sine-std0p0_fric0p5_var_fricFalse_obs_noise0p1_wind_force0p5_random_uTrue_uScale7p0_G_0p5_0p7_0p1_steps20.pkl
  dt = 0.0500  h = 0.0050  n_outer (per window) = 4  n_substeps = 10
  train batch B = 2560, test batch B = 2560, T_obs = 5, N (= B·(T−1)) = 10240

Pretraining M_net for 200 steps (lr=0.001, target = 1.000·I₃)
  using 12800 q samples drawn from training data
  pretrain step    0: loss=2.049e+00
  pretrain step   20: loss=1.924e+00
  pretrain step   40: loss=1.789e+00
  pretrain step   60: loss=1.648e+00
  pretrain step   80: loss=1.509e+00
  pretrain step  100: loss=1.376e+00
  pretrain step  120: loss=1.250e+00
  pretrain step  140: loss=1.133e+00
  pretrain step  160: loss=1.026e+00
  pretrain step  180: loss=9.271e-01
  pretrain step  199: loss=8.424e-01
  pretrain done. initial loss=2.049e+00  final loss=8.424e-01  max|M(q₀) − target|=2.072e+00
[step      0]
  train: −ELBO=1.0903e+06  NLL=1.0903e+06  NLL_R=3.7823e+04  NLL_ω=1.0524e+06  MSE_R=7.5683e-02  MSE_ω=2.1049e+00
  test : −ELBO=9.0248e+05  NLL=9.0248e+05  NLL_R=7.2623e+03  NLL_ω=8.9522e+05  MSE_R=1.4590e-02  MSE_ω=1.7941e+00
  sigma: σ_R=1.0000e-03  σ_ω=1.0000e-03  β=0.0000e+00
  PL   : train=2.3313e+00  test=-1.1699e+00  σ_φ̄(train)=6.9961e-01  σ_φ̄(test)=6.9181e-01  σ_obs_ω=1.0000e-02  λ_PL=1.00
  KL   : M=2.003e+03  V=3.320e+02  Dw=1.992e+03  g=2.988e+03  sigma=3.320e+02  total=7.647e+03
  subnet MSE  M=8.715e-01  V=2.709e+01  Dw=6.557e-03  g=3.295e-01
[step     50]
  train: −ELBO=7.1533e+05  NLL=7.1532e+05  NLL_R=3.2046e+04  NLL_ω=6.8328e+05  MSE_R=7.0442e-02  MSE_ω=1.4988e+00
  test : −ELBO=5.8319e+05  NLL=5.8319e+05  NLL_R=4.5920e+03  NLL_ω=5.7859e+05  MSE_R=1.0152e-02  MSE_ω=1.2722e+00
  sigma: σ_R=1.0481e-03  σ_ω=1.0473e-03  β=0.0000e+00
  PL   : train=4.8855e+00  test=4.9877e-01  σ_φ̄(train)=5.4268e-01  σ_φ̄(test)=5.3257e-01  σ_obs_ω=1.0000e-02  λ_PL=1.00
  KL   : M=2.010e+03  V=3.331e+02  Dw=1.994e+03  g=2.998e+03  sigma=3.334e+02  total=7.669e+03
  subnet MSE  M=4.571e-01  V=2.686e+01  Dw=1.125e-02  g=2.865e-01
[step    100]
  train: −ELBO=5.0112e+05  NLL=5.0110e+05  NLL_R=2.7678e+04  NLL_ω=4.7342e+05  MSE_R=6.7420e-02  MSE_ω=1.1412e+00
  test : −ELBO=4.0795e+05  NLL=4.0794e+05  NLL_R=3.1350e+03  NLL_ω=4.0481e+05  MSE_R=7.6890e-03  MSE_ω=9.7740e-01
  sigma: σ_R=1.1032e-03  σ_ω=1.0978e-03  β=0.0000e+00
  PL   : train=2.0571e+01  test=8.7910e+00  σ_φ̄(train)=3.3426e-01  σ_φ̄(test)=3.2516e-01  σ_obs_ω=1.0000e-02  λ_PL=1.00
  KL   : M=2.017e+03  V=3.341e+02  Dw=1.997e+03  g=3.004e+03  sigma=3.349e+02  total=7.687e+03
  subnet MSE  M=3.632e-01  V=2.655e+01  Dw=1.986e-02  g=2.839e-01
[step    150]
  train: −ELBO=3.9203e+05  NLL=3.9196e+05  NLL_R=2.4600e+04  NLL_ω=3.6736e+05  MSE_R=6.5903e-02  MSE_ω=9.6077e-01
  test : −ELBO=3.2083e+05  NLL=3.2080e+05  NLL_R=2.4056e+03  NLL_ω=3.1839e+05  MSE_R=6.4994e-03  MSE_ω=8.3408e-01
  sigma: σ_R=1.1569e-03  σ_ω=1.1435e-03  β=0.0000e+00
  PL   : train=6.8460e+01  test=3.5965e+01  σ_φ̄(train)=1.9507e-01  σ_φ̄(test)=1.8773e-01  σ_obs_ω=1.0000e-02  λ_PL=1.00
  KL   : M=2.022e+03  V=3.350e+02  Dw=2.001e+03  g=3.008e+03  sigma=3.362e+02  total=7.702e+03
  subnet MSE  M=4.375e-01  V=2.588e+01  Dw=3.556e-02  g=2.821e-01
[step    200]
  train: −ELBO=3.2488e+05  NLL=3.2475e+05  NLL_R=2.2259e+04  NLL_ω=3.0249e+05  MSE_R=6.4865e-02  MSE_ω=8.4869e-01
  test : −ELBO=2.6995e+05  NLL=2.6988e+05  NLL_R=1.9875e+03  NLL_ω=2.6789e+05  MSE_R=5.8469e-03  MSE_ω=7.5254e-01
  sigma: σ_R=1.2066e-03  σ_ω=1.1844e-03  β=0.0000e+00
  PL   : train=1.3393e+02  test=7.6740e+01  σ_φ̄(train)=1.2893e-01  σ_φ̄(test)=1.2329e-01  σ_obs_ω=1.0000e-02  λ_PL=1.00
  KL   : M=2.025e+03  V=3.363e+02  Dw=2.004e+03  g=3.012e+03  sigma=3.372e+02  total=7.714e+03
  subnet MSE  M=5.576e-01  V=2.512e+01  Dw=4.324e-02  g=2.817e-01
[step    250]
  train: −ELBO=2.7990e+05  NLL=2.7970e+05  NLL_R=2.0473e+04  NLL_ω=2.5923e+05  MSE_R=6.4199e-02  MSE_ω=7.7127e-01
  test : −ELBO=2.3347e+05  NLL=2.3334e+05  NLL_R=1.6901e+03  NLL_ω=2.3165e+05  MSE_R=5.3581e-03  MSE_ω=6.9011e-01
  sigma: σ_R=1.2516e-03  σ_ω=1.2196e-03  β=0.0000e+00
  PL   : train=1.9585e+02  test=1.2057e+02  σ_φ̄(train)=9.4669e-02  σ_φ̄(test)=8.9357e-02  σ_obs_ω=1.0000e-02  λ_PL=1.00
  KL   : M=2.027e+03  V=3.375e+02  Dw=2.006e+03  g=3.015e+03  sigma=3.378e+02  total=7.722e+03
  subnet MSE  M=6.630e-01  V=2.421e+01  Dw=4.585e-02  g=2.842e-01
[step    300]
  train: −ELBO=2.4478e+05  NLL=2.4455e+05  NLL_R=1.8867e+04  NLL_ω=2.2568e+05  MSE_R=6.3619e-02  MSE_ω=7.1030e-01
  test : −ELBO=2.0192e+05  NLL=2.0178e+05  NLL_R=1.4382e+03  NLL_ω=2.0034e+05  MSE_R=4.9111e-03  MSE_ω=6.3133e-01
  sigma: σ_R=1.2979e-03  σ_ω=1.2544e-03  β=0.0000e+00
  PL   : train=2.3338e+02  test=1.4621e+02  σ_φ̄(train)=7.5604e-02  σ_φ̄(test)=7.1243e-02  σ_obs_ω=1.0000e-02  λ_PL=1.00
  KL   : M=2.029e+03  V=3.388e+02  Dw=2.008e+03  g=3.017e+03  sigma=3.381e+02  total=7.731e+03
  subnet MSE  M=7.714e-01  V=2.330e+01  Dw=4.851e-02  g=2.924e-01
[step    350]
  train: −ELBO=2.1656e+05  NLL=2.1631e+05  NLL_R=1.7499e+04  NLL_ω=1.9881e+05  MSE_R=6.3247e-02  MSE_ω=6.5975e-01
  test : −ELBO=1.7921e+05  NLL=1.7905e+05  NLL_R=1.2539e+03  NLL_ω=1.7780e+05  MSE_R=4.5953e-03  MSE_ω=5.9063e-01
  sigma: σ_R=1.3437e-03  σ_ω=1.2881e-03  β=0.0000e+00
  PL   : train=2.5341e+02  test=1.5688e+02  σ_φ̄(train)=6.7059e-02  σ_φ̄(test)=6.4356e-02  σ_obs_ω=1.0000e-02  λ_PL=1.00
  KL   : M=2.030e+03  V=3.397e+02  Dw=2.010e+03  g=3.018e+03  sigma=3.385e+02  total=7.737e+03
  subnet MSE  M=8.862e-01  V=2.253e+01  Dw=5.397e-02  g=2.948e-01
[step    400]
  train: −ELBO=1.9322e+05  NLL=1.9295e+05  NLL_R=1.6451e+04  NLL_ω=1.7650e+05  MSE_R=6.2719e-02  MSE_ω=6.0929e-01
  test : −ELBO=1.5434e+05  NLL=1.5418e+05  NLL_R=1.0654e+03  NLL_ω=1.5311e+05  MSE_R=4.1279e-03  MSE_ω=5.2906e-01
  sigma: σ_R=1.3800e-03  σ_ω=1.3137e-03  β=0.0000e+00
  PL   : train=2.6493e+02  test=1.6479e+02  σ_φ̄(train)=5.8828e-02  σ_φ̄(test)=5.5888e-02  σ_obs_ω=1.0000e-02  λ_PL=1.00
  KL   : M=2.031e+03  V=3.407e+02  Dw=2.011e+03  g=3.019e+03  sigma=3.387e+02  total=7.741e+03
  subnet MSE  M=9.411e-01  V=2.141e+01  Dw=5.232e-02  g=2.988e-01
[step    450]
  train: −ELBO=1.7181e+05  NLL=1.7151e+05  NLL_R=1.5227e+04  NLL_ω=1.5629e+05  MSE_R=6.2256e-02  MSE_ω=5.6719e-01
  test : −ELBO=1.3533e+05  NLL=1.3514e+05  NLL_R=9.1514e+02  NLL_ω=1.3422e+05  MSE_R=3.8115e-03  MSE_ω=4.8760e-01
  sigma: σ_R=1.4290e-03  σ_ω=1.3470e-03  β=0.0000e+00
  PL   : train=2.9952e+02  test=1.8818e+02  σ_φ̄(train)=4.6110e-02  σ_φ̄(test)=4.3164e-02  σ_obs_ω=1.0000e-02  λ_PL=1.00
  KL   : M=2.032e+03  V=3.419e+02  Dw=2.013e+03  g=3.020e+03  sigma=3.390e+02  total=7.746e+03
  subnet MSE  M=9.921e-01  V=2.041e+01  Dw=4.922e-02  g=2.985e-01
[step    500]
  train: −ELBO=1.5644e+05  NLL=1.5612e+05  NLL_R=1.4226e+04  NLL_ω=1.4190e+05  MSE_R=6.1995e-02  MSE_ω=5.3894e-01
  test : −ELBO=1.2187e+05  NLL=1.2167e+05  NLL_R=8.0981e+02  NLL_ω=1.2086e+05  MSE_R=3.6026e-03  MSE_ω=4.5947e-01
  sigma: σ_R=1.4753e-03  σ_ω=1.3780e-03  β=0.0000e+00
  PL   : train=3.1382e+02  test=1.9467e+02  σ_φ̄(train)=4.1929e-02  σ_φ̄(test)=3.9382e-02  σ_obs_ω=1.0000e-02  λ_PL=1.00
  KL   : M=2.033e+03  V=3.431e+02  Dw=2.014e+03  g=3.021e+03  sigma=3.391e+02  total=7.750e+03
  subnet MSE  M=1.023e+00  V=1.975e+01  Dw=5.381e-02  g=2.940e-01
[step    550]
  train: −ELBO=1.4185e+05  NLL=1.4154e+05  NLL_R=1.3304e+04  NLL_ω=1.2823e+05  MSE_R=6.1649e-02  MSE_ω=5.0872e-01
  test : −ELBO=1.0669e+05  NLL=1.0649e+05  NLL_R=6.9741e+02  NLL_ω=1.0579e+05  MSE_R=3.3102e-03  MSE_ω=4.2019e-01
  sigma: σ_R=1.5212e-03  σ_ω=1.4083e-03  β=0.0000e+00
  PL   : train=3.1818e+02  test=1.9923e+02  σ_φ̄(train)=3.9171e-02  σ_φ̄(test)=3.6417e-02  σ_obs_ω=1.0000e-02  λ_PL=1.00
  KL   : M=2.033e+03  V=3.441e+02  Dw=2.015e+03  g=3.022e+03  sigma=3.393e+02  total=7.754e+03
  subnet MSE  M=1.012e+00  V=1.891e+01  Dw=5.963e-02  g=2.898e-01
[step    600]
  train: −ELBO=1.3142e+05  NLL=1.3108e+05  NLL_R=1.2508e+04  NLL_ω=1.1857e+05  MSE_R=6.1449e-02  MSE_ω=4.9023e-01
  test : −ELBO=9.7015e+04  NLL=9.6803e+04  NLL_R=6.2417e+02  NLL_ω=9.6179e+04  MSE_R=3.1465e-03  MSE_ω=3.9790e-01
  sigma: σ_R=1.5662e-03  σ_ω=1.4377e-03  β=0.0000e+00
  PL   : train=3.4334e+02  test=2.1175e+02  σ_φ̄(train)=3.2986e-02  σ_φ̄(test)=3.0942e-02  σ_obs_ω=1.0000e-02  λ_PL=1.00
  KL   : M=2.035e+03  V=3.449e+02  Dw=2.016e+03  g=3.023e+03  sigma=3.395e+02  total=7.758e+03
  subnet MSE  M=1.075e+00  V=1.831e+01  Dw=6.127e-02  g=2.857e-01
[step    650]
  train: −ELBO=1.2272e+05  NLL=1.2237e+05  NLL_R=1.1865e+04  NLL_ω=1.1051e+05  MSE_R=6.1226e-02  MSE_ω=4.7289e-01
  test : −ELBO=8.8234e+04  NLL=8.8018e+04  NLL_R=5.5939e+02  NLL_ω=8.7459e+04  MSE_R=2.9715e-03  MSE_ω=3.7460e-01
  sigma: σ_R=1.6052e-03  σ_ω=1.4626e-03  β=0.0000e+00
  PL   : train=3.5151e+02  test=2.1624e+02  σ_φ̄(train)=2.8773e-02  σ_φ̄(test)=2.6914e-02  σ_obs_ω=1.0000e-02  λ_PL=1.00
  KL   : M=2.035e+03  V=3.456e+02  Dw=2.016e+03  g=3.025e+03  sigma=3.396e+02  total=7.761e+03
  subnet MSE  M=1.048e+00  V=1.784e+01  Dw=6.700e-02  g=2.882e-01
[step    700]
  train: −ELBO=1.1427e+05  NLL=1.1391e+05  NLL_R=1.1143e+04  NLL_ω=1.0276e+05  MSE_R=6.1032e-02  MSE_ω=4.5841e-01
  test : −ELBO=8.1132e+04  NLL=8.0912e+04  NLL_R=5.0642e+02  NLL_ω=8.0405e+04  MSE_R=2.8629e-03  MSE_ω=3.5899e-01
  sigma: σ_R=1.6536e-03  σ_ω=1.4933e-03  β=0.0000e+00
  PL   : train=3.5998e+02  test=2.2000e+02  σ_φ̄(train)=2.5883e-02  σ_φ̄(test)=2.3905e-02  σ_obs_ω=1.0000e-02  λ_PL=1.00
  KL   : M=2.037e+03  V=3.463e+02  Dw=2.016e+03  g=3.026e+03  sigma=3.397e+02  total=7.765e+03
  subnet MSE  M=1.147e+00  V=1.739e+01  Dw=6.404e-02  g=2.885e-01
[step    750]
  train: −ELBO=1.0776e+05  NLL=1.0740e+05  NLL_R=1.0517e+04  NLL_ω=9.6880e+04  MSE_R=6.1004e-02  MSE_ω=4.5009e-01
  test : −ELBO=7.6707e+04  NLL=7.6481e+04  NLL_R=4.6935e+02  NLL_ω=7.6011e+04  MSE_R=2.8162e-03  MSE_ω=3.5344e-01
  sigma: σ_R=1.7017e-03  σ_ω=1.5240e-03  β=0.0000e+00
  PL   : train=3.6739e+02  test=2.2619e+02  σ_φ̄(train)=2.5519e-02  σ_φ̄(test)=2.3693e-02  σ_obs_ω=1.0000e-02  λ_PL=1.00
  KL   : M=2.037e+03  V=3.470e+02  Dw=2.017e+03  g=3.027e+03  sigma=3.397e+02  total=7.768e+03
  subnet MSE  M=1.147e+00  V=1.732e+01  Dw=5.700e-02  g=2.788e-01
[step    800]
  train: −ELBO=1.0089e+05  NLL=1.0052e+05  NLL_R=9.9736e+03  NLL_ω=9.0547e+04  MSE_R=6.0797e-02  MSE_ω=4.3579e-01
  test : −ELBO=7.0119e+04  NLL=6.9897e+04  NLL_R=4.2165e+02  NLL_ω=6.9475e+04  MSE_R=2.6680e-03  MSE_ω=3.3463e-01
  sigma: σ_R=1.7444e-03  σ_ω=1.5511e-03  β=0.0000e+00
  PL   : train=3.6829e+02  test=2.2229e+02  σ_φ̄(train)=2.4253e-02  σ_φ̄(test)=2.2615e-02  σ_obs_ω=1.0000e-02  λ_PL=1.00
  KL   : M=2.038e+03  V=3.476e+02  Dw=2.018e+03  g=3.027e+03  sigma=3.397e+02  total=7.771e+03
  subnet MSE  M=1.147e+00  V=1.680e+01  Dw=5.218e-02  g=2.807e-01
[step    850]
  train: −ELBO=9.6638e+04  NLL=9.6271e+04  NLL_R=9.5374e+03  NLL_ω=8.6734e+04  MSE_R=6.0723e-02  MSE_ω=4.3060e-01
  test : −ELBO=6.5937e+04  NLL=6.5718e+04  NLL_R=3.9055e+02  NLL_ω=6.5327e+04  MSE_R=2.5870e-03  MSE_ω=3.2448e-01
  sigma: σ_R=1.7827e-03  σ_ω=1.5754e-03  β=0.0000e+00
  PL   : train=3.6668e+02  test=2.1879e+02  σ_φ̄(train)=2.2738e-02  σ_φ̄(test)=2.1295e-02  σ_obs_ω=1.0000e-02  λ_PL=1.00
  KL   : M=2.039e+03  V=3.481e+02  Dw=2.019e+03  g=3.028e+03  sigma=3.399e+02  total=7.774e+03
  subnet MSE  M=1.150e+00  V=1.661e+01  Dw=5.033e-02  g=2.811e-01
[step    900]
  train: −ELBO=9.1368e+04  NLL=9.0996e+04  NLL_R=9.0504e+03  NLL_ω=8.1946e+04  MSE_R=6.0689e-02  MSE_ω=4.2245e-01
  test : −ELBO=6.1466e+04  NLL=6.1234e+04  NLL_R=3.5838e+02  NLL_ω=6.0875e+04  MSE_R=2.5092e-03  MSE_ω=3.1405e-01
  sigma: σ_R=1.8294e-03  σ_ω=1.6053e-03  β=0.0000e+00
  PL   : train=3.7198e+02  test=2.3179e+02  σ_φ̄(train)=2.1339e-02  σ_φ̄(test)=1.9612e-02  σ_obs_ω=1.0000e-02  λ_PL=1.00
  KL   : M=2.040e+03  V=3.487e+02  Dw=2.019e+03  g=3.029e+03  sigma=3.400e+02  total=7.777e+03
  subnet MSE  M=1.137e+00  V=1.639e+01  Dw=5.001e-02  g=2.788e-01
[step    950]
  train: −ELBO=8.6333e+04  NLL=8.5959e+04  NLL_R=8.6692e+03  NLL_ω=7.7290e+04  MSE_R=6.0685e-02  MSE_ω=4.1118e-01
  test : −ELBO=5.9098e+04  NLL=5.8880e+04  NLL_R=3.3942e+02  NLL_ω=5.8540e+04  MSE_R=2.4855e-03  MSE_ω=3.1159e-01
  sigma: σ_R=1.8691e-03  σ_ω=1.6308e-03  β=0.0000e+00
  PL   : train=3.7365e+02  test=2.1865e+02  σ_φ̄(train)=1.9778e-02  σ_φ̄(test)=1.8072e-02  σ_obs_ω=1.0000e-02  λ_PL=1.00
  KL   : M=2.041e+03  V=3.493e+02  Dw=2.020e+03  g=3.030e+03  sigma=3.400e+02  total=7.780e+03
  subnet MSE  M=1.106e+00  V=1.624e+01  Dw=5.208e-02  g=2.848e-01
[step   1000]
  train: −ELBO=8.2036e+04  NLL=8.1673e+04  NLL_R=8.2885e+03  NLL_ω=7.3384e+04  MSE_R=6.0519e-02  MSE_ω=4.0256e-01
  test : −ELBO=5.5777e+04  NLL=5.5560e+04  NLL_R=3.1540e+02  NLL_ω=5.5245e+04  MSE_R=2.4177e-03  MSE_ω=3.0330e-01
  sigma: σ_R=1.9089e-03  σ_ω=1.6560e-03  β=0.0000e+00
  PL   : train=3.6369e+02  test=2.1725e+02  σ_φ̄(train)=1.8571e-02  σ_φ̄(test)=1.7070e-02  σ_obs_ω=1.0000e-02  λ_PL=1.00
  KL   : M=2.042e+03  V=3.499e+02  Dw=2.021e+03  g=3.030e+03  sigma=3.401e+02  total=7.783e+03
  subnet MSE  M=1.105e+00  V=1.605e+01  Dw=5.239e-02  g=2.879e-01
[step   1050]
  train: −ELBO=7.5773e+04  NLL=7.5407e+04  NLL_R=7.7563e+03  NLL_ω=6.7651e+04  MSE_R=6.0409e-02  MSE_ω=3.8914e-01
  test : −ELBO=5.0561e+04  NLL=5.0347e+04  NLL_R=2.7992e+02  NLL_ω=5.0067e+04  MSE_R=2.3034e-03  MSE_ω=2.8838e-01
  sigma: σ_R=1.9714e-03  σ_ω=1.6957e-03  β=0.0000e+00
  PL   : train=3.6580e+02  test=2.1416e+02  σ_φ̄(train)=1.6971e-02  σ_φ̄(test)=1.5523e-02  σ_obs_ω=1.0000e-02  λ_PL=1.00
  KL   : M=2.043e+03  V=3.508e+02  Dw=2.022e+03  g=3.031e+03  sigma=3.402e+02  total=7.787e+03
  subnet MSE  M=1.121e+00  V=1.595e+01  Dw=5.053e-02  g=2.868e-01
[step   1100]
  train: −ELBO=6.4965e+04  NLL=6.4606e+04  NLL_R=6.8569e+03  NLL_ω=5.7749e+04  MSE_R=6.0186e-02  MSE_ω=3.6339e-01
  test : −ELBO=4.3114e+04  NLL=4.2908e+04  NLL_R=2.2933e+02  NLL_ω=4.2679e+04  MSE_R=2.1521e-03  MSE_ω=2.6914e-01
  sigma: σ_R=2.0925e-03  σ_ω=1.7735e-03  β=0.0000e+00
  PL   : train=3.5891e+02  test=2.0629e+02  σ_φ̄(train)=1.5097e-02  σ_φ̄(test)=1.3719e-02  σ_obs_ω=1.0000e-02  λ_PL=1.00
  KL   : M=2.045e+03  V=3.521e+02  Dw=2.024e+03  g=3.033e+03  sigma=3.404e+02  total=7.795e+03
  subnet MSE  M=1.147e+00  V=1.596e+01  Dw=4.867e-02  g=2.872e-01
[step   1150]
  train: −ELBO=5.8145e+04  NLL=5.7797e+04  NLL_R=6.2096e+03  NLL_ω=5.1587e+04  MSE_R=5.9973e-02  MSE_ω=3.4919e-01
  test : −ELBO=3.7957e+04  NLL=3.7760e+04  NLL_R=1.9550e+02  NLL_ω=3.7565e+04  MSE_R=2.0374e-03  MSE_ω=2.5465e-01
  sigma: σ_R=2.1948e-03  σ_ω=1.8394e-03  β=0.0000e+00
  PL   : train=3.4839e+02  test=1.9663e+02  σ_φ̄(train)=1.4586e-02  σ_φ̄(test)=1.3338e-02  σ_obs_ω=1.0000e-02  λ_PL=1.00
  KL   : M=2.047e+03  V=3.532e+02  Dw=2.026e+03  g=3.034e+03  sigma=3.404e+02  total=7.801e+03
  subnet MSE  M=1.142e+00  V=1.571e+01  Dw=4.546e-02  g=2.910e-01
[step   1200]
  train: −ELBO=5.2487e+04  NLL=5.2139e+04  NLL_R=5.6420e+03  NLL_ω=4.6497e+04  MSE_R=5.9974e-02  MSE_ω=3.3896e-01
  test : −ELBO=3.4152e+04  NLL=3.3956e+04  NLL_R=1.7071e+02  NLL_ω=3.3785e+04  MSE_R=1.9771e-03  MSE_ω=2.4666e-01
  sigma: σ_R=2.3023e-03  σ_ω=1.9088e-03  β=0.0000e+00
  PL   : train=3.4773e+02  test=1.9587e+02  σ_φ̄(train)=1.4017e-02  σ_φ̄(test)=1.2731e-02  σ_obs_ω=1.0000e-02  λ_PL=1.00
  KL   : M=2.049e+03  V=3.541e+02  Dw=2.028e+03  g=3.035e+03  sigma=3.405e+02  total=7.807e+03
  subnet MSE  M=1.113e+00  V=1.552e+01  Dw=4.339e-02  g=2.893e-01
[step   1250]
  train: −ELBO=4.5354e+04  NLL=4.5009e+04  NLL_R=4.9760e+03  NLL_ω=4.0033e+04  MSE_R=5.9779e-02  MSE_ω=3.2172e-01
  test : −ELBO=2.8796e+04  NLL=2.8605e+04  NLL_R=1.3814e+02  NLL_ω=2.8467e+04  MSE_R=1.8416e-03  MSE_ω=2.2922e-01
  sigma: σ_R=2.4471e-03  σ_ω=2.0042e-03  β=0.0000e+00
  PL   : train=3.4480e+02  test=1.9050e+02  σ_φ̄(train)=1.2123e-02  σ_φ̄(test)=1.0978e-02  σ_obs_ω=1.0000e-02  λ_PL=1.00
  KL   : M=2.052e+03  V=3.558e+02  Dw=2.030e+03  g=3.037e+03  sigma=3.406e+02  total=7.816e+03
  subnet MSE  M=1.189e+00  V=1.514e+01  Dw=4.281e-02  g=2.913e-01
[step   1300]
  train: −ELBO=3.8813e+04  NLL=3.8468e+04  NLL_R=4.3852e+03  NLL_ω=3.4083e+04  MSE_R=5.9574e-02  MSE_ω=3.0234e-01
  test : −ELBO=2.4068e+04  NLL=2.3879e+04  NLL_R=1.1026e+02  NLL_ω=2.3768e+04  MSE_R=1.7006e-03  MSE_ω=2.1123e-01
  sigma: σ_R=2.6018e-03  σ_ω=2.1055e-03  β=0.0000e+00
  PL   : train=3.4494e+02  test=1.8934e+02  σ_φ̄(train)=1.0740e-02  σ_φ̄(test)=9.7148e-03  σ_obs_ω=1.0000e-02  λ_PL=1.00
  KL   : M=2.055e+03  V=3.574e+02  Dw=2.033e+03  g=3.039e+03  sigma=3.406e+02  total=7.824e+03
  subnet MSE  M=1.174e+00  V=1.492e+01  Dw=4.132e-02  g=2.870e-01
[step   1350]
  train: −ELBO=3.2481e+04  NLL=3.2144e+04  NLL_R=3.7925e+03  NLL_ω=2.8351e+04  MSE_R=5.9425e-02  MSE_ω=2.8239e-01
  test : −ELBO=1.9665e+04  NLL=1.9483e+04  NLL_R=8.5091e+01  NLL_ω=1.9398e+04  MSE_R=1.5656e-03  MSE_ω=1.9381e-01
  sigma: σ_R=2.7935e-03  σ_ω=2.2310e-03  β=0.0000e+00
  PL   : train=3.3686e+02  test=1.8212e+02  σ_φ̄(train)=9.8763e-03  σ_φ̄(test)=8.9110e-03  σ_obs_ω=1.0000e-02  λ_PL=1.00
  KL   : M=2.058e+03  V=3.594e+02  Dw=2.036e+03  g=3.041e+03  sigma=3.408e+02  total=7.835e+03
  subnet MSE  M=1.244e+00  V=1.474e+01  Dw=3.877e-02  g=2.881e-01
[step   1400]
  train: −ELBO=2.6694e+04  NLL=2.6362e+04  NLL_R=3.2191e+03  NLL_ω=2.3143e+04  MSE_R=5.9232e-02  MSE_ω=2.6309e-01
  test : −ELBO=1.5492e+04  NLL=1.5317e+04  NLL_R=6.2144e+01  NLL_ω=1.5255e+04  MSE_R=1.4100e-03  MSE_ω=1.7384e-01
  sigma: σ_R=3.0263e-03  σ_ω=2.3833e-03  β=0.0000e+00
  PL   : train=3.3116e+02  test=1.7467e+02  σ_φ̄(train)=8.8875e-03  σ_φ̄(test)=7.8793e-03  σ_obs_ω=1.0000e-02  λ_PL=1.00
  KL   : M=2.062e+03  V=3.619e+02  Dw=2.040e+03  g=3.043e+03  sigma=3.409e+02  total=7.848e+03
  subnet MSE  M=1.290e+00  V=1.426e+01  Dw=3.702e-02  g=2.891e-01
[step   1450]
  train: −ELBO=2.2568e+04  NLL=2.2239e+04  NLL_R=2.7734e+03  NLL_ω=1.9465e+04  MSE_R=5.9094e-02  MSE_ω=2.4994e-01
  test : −ELBO=1.2907e+04  NLL=1.2735e+04  NLL_R=4.8064e+01  NLL_ω=1.2687e+04  MSE_R=1.3271e-03  MSE_ω=1.6324e-01
  sigma: σ_R=3.2555e-03  σ_ω=2.5328e-03  β=0.0000e+00
  PL   : train=3.2900e+02  test=1.7197e+02  σ_φ̄(train)=7.9592e-03  σ_φ̄(test)=7.1529e-03  σ_obs_ω=1.0000e-02  λ_PL=1.00
  KL   : M=2.065e+03  V=3.644e+02  Dw=2.043e+03  g=3.046e+03  sigma=3.411e+02  total=7.860e+03
  subnet MSE  M=1.327e+00  V=1.406e+01  Dw=3.528e-02  g=2.885e-01
[step   1500]
  train: −ELBO=1.9293e+04  NLL=1.8968e+04  NLL_R=2.4154e+03  NLL_ω=1.6552e+04  MSE_R=5.9022e-02  MSE_ω=2.3873e-01
  test : −ELBO=1.1024e+04  NLL=1.0853e+04  NLL_R=3.8096e+01  NLL_ω=1.0815e+04  MSE_R=1.2730e-03  MSE_ω=1.5629e-01
  sigma: σ_R=3.4851e-03  σ_ω=2.6842e-03  β=0.0000e+00
  PL   : train=3.2547e+02  test=1.7103e+02  σ_φ̄(train)=7.2610e-03  σ_φ̄(test)=6.4860e-03  σ_obs_ω=1.0000e-02  λ_PL=1.00
  KL   : M=2.068e+03  V=3.669e+02  Dw=2.047e+03  g=3.049e+03  sigma=3.411e+02  total=7.872e+03
  subnet MSE  M=1.346e+00  V=1.403e+01  Dw=3.462e-02  g=2.879e-01
[step   1550]
  train: −ELBO=1.6711e+04  NLL=1.6383e+04  NLL_R=2.1334e+03  NLL_ω=1.4250e+04  MSE_R=5.8903e-02  MSE_ω=2.2814e-01
  test : −ELBO=9.2403e+03  NLL=9.0684e+03  NLL_R=2.9121e+01  NLL_ω=9.0392e+03  MSE_R=1.1885e-03  MSE_ω=1.4531e-01
  sigma: σ_R=3.7034e-03  σ_ω=2.8278e-03  β=0.0000e+00
  PL   : train=3.2761e+02  test=1.7198e+02  σ_φ̄(train)=6.2233e-03  σ_φ̄(test)=5.5296e-03  σ_obs_ω=1.0000e-02  λ_PL=1.00
  KL   : M=2.071e+03  V=3.691e+02  Dw=2.051e+03  g=3.051e+03  sigma=3.413e+02  total=7.884e+03
  subnet MSE  M=1.394e+00  V=1.379e+01  Dw=3.281e-02  g=2.846e-01
[step   1600]
  train: −ELBO=1.3466e+04  NLL=1.3149e+04  NLL_R=1.7583e+03  NLL_ω=1.1391e+04  MSE_R=5.8786e-02  MSE_ω=2.1549e-01
  test : −ELBO=7.3170e+03  NLL=7.1554e+03  NLL_R=1.9620e+01  NLL_ω=7.1358e+03  MSE_R=1.1111e-03  MSE_ω=1.3555e-01
  sigma: σ_R=4.0727e-03  σ_ω=3.0736e-03  β=0.0000e+00
  PL   : train=3.1649e+02  test=1.6157e+02  σ_φ̄(train)=5.5794e-03  σ_φ̄(test)=4.9738e-03  σ_obs_ω=1.0000e-02  λ_PL=1.00
  KL   : M=2.076e+03  V=3.730e+02  Dw=2.057e+03  g=3.056e+03  sigma=3.414e+02  total=7.904e+03
  subnet MSE  M=1.431e+00  V=1.357e+01  Dw=3.165e-02  g=2.900e-01
[step   1650]
  train: −ELBO=1.0818e+04  NLL=1.0504e+04  NLL_R=1.4438e+03  NLL_ω=9.0607e+03  MSE_R=5.8710e-02  MSE_ω=2.0402e-01
  test : −ELBO=5.8085e+03  NLL=5.6493e+03  NLL_R=1.2466e+01  NLL_ω=5.6369e+03  MSE_R=1.0477e-03  MSE_ω=1.2740e-01
  sigma: σ_R=4.4883e-03  σ_ω=3.3527e-03  β=0.0000e+00
  PL   : train=3.1376e+02  test=1.5918e+02  σ_φ̄(train)=5.0907e-03  σ_φ̄(test)=4.5226e-03  σ_obs_ω=1.0000e-02  λ_PL=1.00
  KL   : M=2.080e+03  V=3.770e+02  Dw=2.065e+03  g=3.061e+03  sigma=3.415e+02  total=7.926e+03
  subnet MSE  M=1.506e+00  V=1.342e+01  Dw=3.111e-02  g=2.898e-01
[step   1700]
  train: −ELBO=8.8718e+03  NLL=8.5580e+03  NLL_R=1.1971e+03  NLL_ω=7.3609e+03  MSE_R=5.8646e-02  MSE_ω=1.9607e-01
  test : −ELBO=4.7824e+03  NLL=4.6209e+03  NLL_R=7.7485e+00  NLL_ω=4.6132e+03  MSE_R=1.0205e-03  MSE_ω=1.2377e-01
  sigma: σ_R=4.9222e-03  σ_ω=3.6459e-03  β=0.0000e+00
  PL   : train=3.1375e+02  test=1.6142e+02  σ_φ̄(train)=4.8700e-03  σ_φ̄(test)=4.3044e-03  σ_obs_ω=1.0000e-02  λ_PL=1.00
  KL   : M=2.084e+03  V=3.810e+02  Dw=2.074e+03  g=3.068e+03  sigma=3.416e+02  total=7.949e+03
  subnet MSE  M=1.552e+00  V=1.343e+01  Dw=3.036e-02  g=2.869e-01
[step   1750]
  train: −ELBO=7.3202e+03  NLL=7.0113e+03  NLL_R=9.9475e+02  NLL_ω=6.0165e+03  MSE_R=5.8609e-02  MSE_ω=1.8999e-01
  test : −ELBO=3.9484e+03  NLL=3.7906e+03  NLL_R=4.0907e+00  NLL_ω=3.7865e+03  MSE_R=9.9277e-04  MSE_ω=1.2021e-01
  sigma: σ_R=5.3927e-03  σ_ω=3.9690e-03  β=0.0000e+00
  PL   : train=3.0892e+02  test=1.5786e+02  σ_φ̄(train)=4.8972e-03  σ_φ̄(test)=4.4069e-03  σ_obs_ω=1.0000e-02  λ_PL=1.00
  KL   : M=2.089e+03  V=3.850e+02  Dw=2.085e+03  g=3.075e+03  sigma=3.416e+02  total=7.976e+03
  subnet MSE  M=1.613e+00  V=1.336e+01  Dw=3.084e-02  g=2.896e-01
[step   1800]
  train: −ELBO=5.9516e+03  NLL=5.6461e+03  NLL_R=8.1127e+02  NLL_ω=4.8349e+03  MSE_R=5.8589e-02  MSE_ω=1.8452e-01
  test : −ELBO=3.2466e+03  NLL=3.0891e+03  NLL_R=1.1190e+00  NLL_ω=3.0879e+03  MSE_R=9.7967e-04  MSE_ω=1.1847e-01
  sigma: σ_R=5.9630e-03  σ_ω=4.3622e-03  β=0.0000e+00
  PL   : train=3.0549e+02  test=1.5754e+02  σ_φ̄(train)=5.4210e-03  σ_φ̄(test)=4.8515e-03  σ_obs_ω=1.0000e-02  λ_PL=1.00
  KL   : M=2.093e+03  V=3.893e+02  Dw=2.101e+03  g=3.085e+03  sigma=3.416e+02  total=8.010e+03
  subnet MSE  M=1.672e+00  V=1.333e+01  Dw=3.057e-02  g=2.897e-01
[step   1850]
  train: −ELBO=5.1866e+03  NLL=4.8818e+03  NLL_R=7.0666e+02  NLL_ω=4.1751e+03  MSE_R=5.8579e-02  MSE_ω=1.8121e-01
  test : −ELBO=2.8739e+03  NLL=2.7154e+03  NLL_R=-4.0211e-01  NLL_ω=2.7158e+03  MSE_R=9.8009e-04  MSE_ω=1.1836e-01
  sigma: σ_R=6.3822e-03  σ_ω=4.6510e-03  β=0.0000e+00
  PL   : train=3.0483e+02  test=1.5846e+02  σ_φ̄(train)=5.8396e-03  σ_φ̄(test)=5.2662e-03  σ_obs_ω=1.0000e-02  λ_PL=1.00
  KL   : M=2.096e+03  V=3.920e+02  Dw=2.112e+03  g=3.093e+03  sigma=3.415e+02  total=8.034e+03
  subnet MSE  M=1.698e+00  V=1.326e+01  Dw=3.096e-02  g=2.893e-01
[step   1900]
  train: −ELBO=4.5625e+03  NLL=4.2639e+03  NLL_R=6.1842e+02  NLL_ω=3.6455e+03  MSE_R=5.8552e-02  MSE_ω=1.7917e-01
  test : −ELBO=2.5603e+03  NLL=2.4049e+03  NLL_R=-1.6455e+00  NLL_ω=2.4066e+03  MSE_R=9.8287e-04  MSE_ω=1.1877e-01
  sigma: σ_R=6.8134e-03  σ_ω=4.9483e-03  β=0.0000e+00
  PL   : train=2.9859e+02  test=1.5531e+02  σ_φ̄(train)=7.4556e-03  σ_φ̄(test)=6.7798e-03  σ_obs_ω=1.0000e-02  λ_PL=1.00
  KL   : M=2.098e+03  V=3.943e+02  Dw=2.123e+03  g=3.102e+03  sigma=3.414e+02  total=8.059e+03
  subnet MSE  M=1.695e+00  V=1.332e+01  Dw=3.168e-02  g=2.917e-01
[step   1950]
  train: −ELBO=3.9382e+03  NLL=3.6501e+03  NLL_R=5.2954e+02  NLL_ω=3.1206e+03  MSE_R=5.8531e-02  MSE_ω=1.7743e-01
  test : −ELBO=2.2440e+03  NLL=2.0926e+03  NLL_R=-2.8359e+00  NLL_ω=2.0954e+03  MSE_R=9.9096e-04  MSE_ω=1.1972e-01
  sigma: σ_R=7.3514e-03  σ_ω=5.3209e-03  β=0.0000e+00
  PL   : train=2.8810e+02  test=1.5140e+02  σ_φ̄(train)=1.2763e-02  σ_φ̄(test)=1.2031e-02  σ_obs_ω=1.0000e-02  λ_PL=1.00
  KL   : M=2.102e+03  V=3.971e+02  Dw=2.138e+03  g=3.114e+03  sigma=3.412e+02  total=8.091e+03
  subnet MSE  M=1.725e+00  V=1.333e+01  Dw=3.136e-02  g=2.915e-01
[step   2000]
  train: −ELBO=3.3663e+03  NLL=3.1056e+03  NLL_R=4.4899e+02  NLL_ω=2.6566e+03  MSE_R=5.8528e-02  MSE_ω=1.7659e-01
  test : −ELBO=1.9734e+03  NLL=1.8330e+03  NLL_R=-3.7578e+00  NLL_ω=1.8368e+03  MSE_R=1.0158e-03  MSE_ω=1.2262e-01
  sigma: σ_R=7.9697e-03  σ_ω=5.7512e-03  β=0.0000e+00
  PL   : train=2.6066e+02  test=1.4037e+02  σ_φ̄(train)=2.4287e-02  σ_φ̄(test)=2.2540e-02  σ_obs_ω=1.0000e-02  λ_PL=1.00
  KL   : M=2.106e+03  V=4.000e+02  Dw=2.155e+03  g=3.128e+03  sigma=3.420e+02  total=8.132e+03
  subnet MSE  M=1.738e+00  V=1.325e+01  Dw=3.057e-02  g=2.906e-01
[step   2050]
  train: −ELBO=2.9681e+03  NLL=2.7403e+03  NLL_R=3.9440e+02  NLL_ω=2.3459e+03  MSE_R=5.8538e-02  MSE_ω=1.7647e-01
  test : −ELBO=1.7688e+03  NLL=1.6468e+03  NLL_R=-4.3936e+00  NLL_ω=1.6512e+03  MSE_R=1.0341e-03  MSE_ω=1.2482e-01
  sigma: σ_R=8.4912e-03  σ_ω=6.1166e-03  β=0.0000e+00
  PL   : train=2.2778e+02  test=1.2202e+02  σ_φ̄(train)=3.5356e-02  σ_φ̄(test)=3.3832e-02  σ_obs_ω=1.0000e-02  λ_PL=1.00
  KL   : M=2.110e+03  V=4.022e+02  Dw=2.170e+03  g=3.142e+03  sigma=3.448e+02  total=8.168e+03
  subnet MSE  M=1.724e+00  V=1.325e+01  Dw=3.145e-02  g=2.922e-01
[step   2100]
  train: −ELBO=2.6640e+03  NLL=2.4564e+03  NLL_R=3.5218e+02  NLL_ω=2.1042e+03  MSE_R=5.8557e-02  MSE_ω=1.7646e-01
  test : −ELBO=1.6043e+03  NLL=1.4934e+03  NLL_R=-4.9112e+00  NLL_ω=1.4983e+03  MSE_R=1.0441e-03  MSE_ω=1.2620e-01
  sigma: σ_R=8.9740e-03  σ_ω=6.4563e-03  β=0.0000e+00
  PL   : train=2.0755e+02  test=1.1100e+02  σ_φ̄(train)=4.1351e-02  σ_φ̄(test)=3.9331e-02  σ_obs_ω=1.0000e-02  λ_PL=1.00
  KL   : M=2.113e+03  V=4.041e+02  Dw=2.183e+03  g=3.154e+03  sigma=3.485e+02  total=8.203e+03
  subnet MSE  M=1.728e+00  V=1.317e+01  Dw=3.150e-02  g=2.941e-01
[step   2150]
  train: −ELBO=2.4059e+03  NLL=2.2094e+03  NLL_R=3.1784e+02  NLL_ω=1.8916e+03  MSE_R=5.8537e-02  MSE_ω=1.7495e-01
  test : −ELBO=1.4806e+03  NLL=1.3742e+03  NLL_R=-5.2892e+00  NLL_ω=1.3795e+03  MSE_R=1.0599e-03  MSE_ω=1.2825e-01
  sigma: σ_R=9.4309e-03  σ_ω=6.7785e-03  β=0.0000e+00
  PL   : train=1.9649e+02  test=1.0639e+02  σ_φ̄(train)=4.5333e-02  σ_φ̄(test)=4.3500e-02  σ_obs_ω=1.0000e-02  λ_PL=1.00
  KL   : M=2.117e+03  V=4.057e+02  Dw=2.195e+03  g=3.167e+03  sigma=3.523e+02  total=8.237e+03
  subnet MSE  M=1.708e+00  V=1.319e+01  Dw=3.169e-02  g=2.922e-01
[step   2200]
  train: −ELBO=2.1806e+03  NLL=2.0032e+03  NLL_R=2.8498e+02  NLL_ω=1.7182e+03  MSE_R=5.8525e-02  MSE_ω=1.7637e-01
  test : −ELBO=1.3560e+03  NLL=1.2600e+03  NLL_R=-5.6242e+00  NLL_ω=1.2656e+03  MSE_R=1.0789e-03  MSE_ω=1.3043e-01
  sigma: σ_R=9.9418e-03  σ_ω=7.1392e-03  β=0.0000e+00
  PL   : train=1.7741e+02  test=9.6028e+01  σ_φ̄(train)=5.1799e-02  σ_φ̄(test)=4.9832e-02  σ_obs_ω=1.0000e-02  λ_PL=1.00
  KL   : M=2.122e+03  V=4.075e+02  Dw=2.207e+03  g=3.180e+03  sigma=3.567e+02  total=8.274e+03
  subnet MSE  M=1.726e+00  V=1.308e+01  Dw=3.172e-02  g=2.925e-01
[step   2250]
  train: −ELBO=1.9392e+03  NLL=1.7717e+03  NLL_R=2.5294e+02  NLL_ω=1.5188e+03  MSE_R=5.8535e-02  MSE_ω=1.7482e-01
  test : −ELBO=1.2301e+03  NLL=1.1395e+03  NLL_R=-5.9792e+00  NLL_ω=1.1455e+03  MSE_R=1.0947e-03  MSE_ω=1.3259e-01
  sigma: σ_R=1.0532e-02  σ_ω=7.5568e-03  β=0.0000e+00
  PL   : train=1.6746e+02  test=9.0604e+01  σ_φ̄(train)=5.4957e-02  σ_φ̄(test)=5.3499e-02  σ_obs_ω=1.0000e-02  λ_PL=1.00
  KL   : M=2.128e+03  V=4.094e+02  Dw=2.222e+03  g=3.195e+03  sigma=3.613e+02  total=8.316e+03
  subnet MSE  M=1.699e+00  V=1.310e+01  Dw=3.126e-02  g=2.929e-01
[step   2300]
  train: −ELBO=1.7145e+03  NLL=1.5621e+03  NLL_R=2.2164e+02  NLL_ω=1.3404e+03  MSE_R=5.8537e-02  MSE_ω=1.7510e-01
  test : −ELBO=1.1050e+03  NLL=1.0226e+03  NLL_R=-6.2833e+00  NLL_ω=1.0289e+03  MSE_R=1.1177e-03  MSE_ω=1.3508e-01
  sigma: σ_R=1.1224e-02  σ_ω=8.0467e-03  β=0.0000e+00
  PL   : train=1.5245e+02  test=8.2415e+01  σ_φ̄(train)=6.0403e-02  σ_φ̄(test)=5.9106e-02  σ_obs_ω=1.0000e-02  λ_PL=1.00
  KL   : M=2.135e+03  V=4.115e+02  Dw=2.239e+03  g=3.214e+03  sigma=3.662e+02  total=8.366e+03
  subnet MSE  M=1.698e+00  V=1.304e+01  Dw=3.139e-02  g=2.932e-01
[step   2350]
  train: −ELBO=1.5232e+03  NLL=1.3796e+03  NLL_R=1.9587e+02  NLL_ω=1.1838e+03  MSE_R=5.8533e-02  MSE_ω=1.7406e-01
  test : −ELBO=1.0012e+03  NLL=9.2392e+02  NLL_R=-6.5369e+00  NLL_ω=9.3045e+02  MSE_R=1.1356e-03  MSE_ω=1.3752e-01
  sigma: σ_R=1.1908e-02  σ_ω=8.5329e-03  β=0.0000e+00
  PL   : train=1.4361e+02  test=7.7311e+01  σ_φ̄(train)=6.3161e-02  σ_φ̄(test)=6.2252e-02  σ_obs_ω=1.0000e-02  λ_PL=1.00
  KL   : M=2.142e+03  V=4.133e+02  Dw=2.255e+03  g=3.232e+03  sigma=3.707e+02  total=8.413e+03
  subnet MSE  M=1.671e+00  V=1.302e+01  Dw=3.084e-02  g=2.949e-01
[step   2400]
  train: −ELBO=1.3591e+03  NLL=1.2239e+03  NLL_R=1.7287e+02  NLL_ω=1.0511e+03  MSE_R=5.8578e-02  MSE_ω=1.7428e-01
  test : −ELBO=9.0088e+02  NLL=8.2912e+02  NLL_R=-6.7599e+00  NLL_ω=8.3588e+02  MSE_R=1.1515e-03  MSE_ω=1.3942e-01
  sigma: σ_R=1.2643e-02  σ_ω=9.0566e-03  β=0.0000e+00
  PL   : train=1.3518e+02  test=7.1765e+01  σ_φ̄(train)=6.6621e-02  σ_φ̄(test)=6.6944e-02  σ_obs_ω=1.0000e-02  λ_PL=1.00
  KL   : M=2.151e+03  V=4.152e+02  Dw=2.271e+03  g=3.251e+03  sigma=3.751e+02  total=8.463e+03
  subnet MSE  M=1.634e+00  V=1.293e+01  Dw=3.065e-02  g=2.942e-01
[step   2450]
  train: −ELBO=1.2184e+03  NLL=1.0993e+03  NLL_R=1.5434e+02  NLL_ω=9.4494e+02  MSE_R=5.8567e-02  MSE_ω=1.7456e-01
  test : −ELBO=8.3191e+02  NLL=7.6658e+02  NLL_R=-6.8694e+00  NLL_ω=7.7345e+02  MSE_R=1.1846e-03  MSE_ω=1.4351e-01
  sigma: σ_R=1.3341e-02  σ_ω=9.5543e-03  β=0.0000e+00
  PL   : train=1.1911e+02  test=6.5334e+01  σ_φ̄(train)=7.4033e-02  σ_φ̄(test)=7.2774e-02  σ_obs_ω=1.0000e-02  λ_PL=1.00
  KL   : M=2.160e+03  V=4.168e+02  Dw=2.287e+03  g=3.268e+03  sigma=3.789e+02  total=8.510e+03
  subnet MSE  M=1.583e+00  V=1.285e+01  Dw=3.081e-02  g=2.936e-01
[step   2500]
  train: −ELBO=1.1185e+03  NLL=1.0052e+03  NLL_R=1.3981e+02  NLL_ω=8.6543e+02  MSE_R=5.8573e-02  MSE_ω=1.7571e-01
  test : −ELBO=7.7613e+02  NLL=7.1367e+02  NLL_R=-6.9547e+00  NLL_ω=7.2063e+02  MSE_R=1.2122e-03  MSE_ω=1.4690e-01
  sigma: σ_R=1.3979e-02  σ_ω=1.0012e-02  β=0.0000e+00
  PL   : train=1.1330e+02  test=6.2455e+01  σ_φ̄(train)=7.6361e-02  σ_φ̄(test)=7.5438e-02  σ_obs_ω=1.0000e-02  λ_PL=1.00
  KL   : M=2.168e+03  V=4.183e+02  Dw=2.301e+03  g=3.283e+03  sigma=3.820e+02  total=8.552e+03
  subnet MSE  M=1.551e+00  V=1.274e+01  Dw=3.026e-02  g=2.951e-01
[step   2550]
  train: −ELBO=1.0222e+03  NLL=9.1797e+02  NLL_R=1.2725e+02  NLL_ω=7.9072e+02  MSE_R=5.8574e-02  MSE_ω=1.7565e-01
  test : −ELBO=7.1955e+02  NLL=6.6270e+02  NLL_R=-7.0423e+00  NLL_ω=6.6974e+02  MSE_R=1.2305e-03  MSE_ω=1.4947e-01
  sigma: σ_R=1.4612e-02  σ_ω=1.0467e-02  β=0.0000e+00
  PL   : train=1.0428e+02  test=5.6849e+01  σ_φ̄(train)=8.1241e-02  σ_φ̄(test)=8.1079e-02  σ_obs_ω=1.0000e-02  λ_PL=1.00
  KL   : M=2.177e+03  V=4.196e+02  Dw=2.313e+03  g=3.298e+03  sigma=3.847e+02  total=8.592e+03
  subnet MSE  M=1.473e+00  V=1.255e+01  Dw=3.052e-02  g=2.944e-01
[step   2600]
  train: −ELBO=9.3481e+02  NLL=8.3767e+02  NLL_R=1.1493e+02  NLL_ω=7.2274e+02  MSE_R=5.8611e-02  MSE_ω=1.7699e-01
  test : −ELBO=6.5896e+02  NLL=6.0523e+02  NLL_R=-7.1356e+00  NLL_ω=6.1236e+02  MSE_R=1.2422e-03  MSE_ω=1.5057e-01
  sigma: σ_R=1.5330e-02  σ_ω=1.0984e-02  β=0.0000e+00
  PL   : train=9.7145e+01  test=5.3736e+01  σ_φ̄(train)=8.5206e-02  σ_φ̄(test)=8.3926e-02  σ_obs_ω=1.0000e-02  λ_PL=1.00
  KL   : M=2.187e+03  V=4.211e+02  Dw=2.326e+03  g=3.314e+03  sigma=3.876e+02  total=8.636e+03
  subnet MSE  M=1.362e+00  V=1.234e+01  Dw=2.934e-02  g=2.940e-01
[step   2650]
  train: −ELBO=8.6777e+02  NLL=7.7729e+02  NLL_R=1.0610e+02  NLL_ω=6.7119e+02  MSE_R=5.8589e-02  MSE_ω=1.7730e-01
  test : −ELBO=6.1700e+02  NLL=5.6672e+02  NLL_R=-7.1819e+00  NLL_ω=5.7391e+02  MSE_R=1.2580e-03  MSE_ω=1.5222e-01
  sigma: σ_R=1.5908e-02  σ_ω=1.1402e-02  β=0.0000e+00
  PL   : train=9.0480e+01  test=5.0274e+01  σ_φ̄(train)=9.0055e-02  σ_φ̄(test)=8.9308e-02  σ_obs_ω=1.0000e-02  λ_PL=1.00
  KL   : M=2.196e+03  V=4.223e+02  Dw=2.336e+03  g=3.327e+03  sigma=3.897e+02  total=8.671e+03
  subnet MSE  M=1.257e+00  V=1.188e+01  Dw=2.949e-02  g=2.906e-01
[step   2700]
  train: −ELBO=7.9394e+02  NLL=7.1486e+02  NLL_R=9.7075e+01  NLL_ω=6.1779e+02  MSE_R=5.8637e-02  MSE_ω=1.7769e-01
  test : −ELBO=5.7103e+02  NLL=5.2840e+02  NLL_R=-7.2195e+00  NLL_ω=5.3562e+02  MSE_R=1.2778e-03  MSE_ω=1.5474e-01
  sigma: σ_R=1.6583e-02  σ_ω=1.1891e-02  β=0.0000e+00
  PL   : train=7.9078e+01  test=4.2631e+01  σ_φ̄(train)=9.7172e-02  σ_φ̄(test)=9.7043e-02  σ_obs_ω=1.0000e-02  λ_PL=1.00
  KL   : M=2.207e+03  V=4.237e+02  Dw=2.347e+03  g=3.340e+03  sigma=3.920e+02  total=8.709e+03
  subnet MSE  M=1.065e+00  V=1.150e+01  Dw=2.805e-02  g=2.925e-01
[step   2750]
  train: −ELBO=7.4362e+02  NLL=6.7054e+02  NLL_R=9.0649e+01  NLL_ω=5.7989e+02  MSE_R=5.8584e-02  MSE_ω=1.7778e-01
  test : −ELBO=5.4434e+02  NLL=5.0474e+02  NLL_R=-7.2253e+00  NLL_ω=5.1196e+02  MSE_R=1.3015e-03  MSE_ω=1.5752e-01
  sigma: σ_R=1.7107e-02  σ_ω=1.2271e-02  β=0.0000e+00
  PL   : train=7.3078e+01  test=3.9604e+01  σ_φ̄(train)=1.0233e-01  σ_φ̄(test)=1.0197e-01  σ_obs_ω=1.0000e-02  λ_PL=1.00
  KL   : M=2.218e+03  V=4.247e+02  Dw=2.355e+03  g=3.349e+03  sigma=3.936e+02  total=8.740e+03
  subnet MSE  M=9.150e-01  V=1.091e+01  Dw=2.737e-02  g=2.912e-01
[step   2800]
  train: −ELBO=7.0292e+02  NLL=6.3676e+02  NLL_R=8.5418e+01  NLL_ω=5.5134e+02  MSE_R=5.8637e-02  MSE_ω=1.7894e-01
  test : −ELBO=5.1096e+02  NLL=4.7484e+02  NLL_R=-7.2694e+00  NLL_ω=4.8211e+02  MSE_R=1.2968e-03  MSE_ω=1.5709e-01
  sigma: σ_R=1.7588e-02  σ_ω=1.2621e-02  β=0.0000e+00
  PL   : train=6.6159e+01  test=3.6114e+01  σ_φ̄(train)=1.0883e-01  σ_φ̄(test)=1.0791e-01  σ_obs_ω=1.0000e-02  λ_PL=1.00
  KL   : M=2.229e+03  V=4.256e+02  Dw=2.362e+03  g=3.358e+03  sigma=3.948e+02  total=8.768e+03
  subnet MSE  M=7.655e-01  V=1.035e+01  Dw=2.732e-02  g=2.865e-01
[step   2850]
  train: −ELBO=6.5658e+02  NLL=5.9806e+02  NLL_R=7.9942e+01  NLL_ω=5.1812e+02  MSE_R=5.8633e-02  MSE_ω=1.7896e-01
  test : −ELBO=4.7804e+02  NLL=4.4651e+02  NLL_R=-7.2950e+00  NLL_ω=4.5381e+02  MSE_R=1.3012e-03  MSE_ω=1.5741e-01
  sigma: σ_R=1.8127e-02  σ_ω=1.3013e-02  β=0.0000e+00
  PL   : train=5.8518e+01  test=3.1532e+01  σ_φ̄(train)=1.1638e-01  σ_φ̄(test)=1.1533e-01  σ_obs_ω=1.0000e-02  λ_PL=1.00
  KL   : M=2.241e+03  V=4.266e+02  Dw=2.369e+03  g=3.367e+03  sigma=3.961e+02  total=8.800e+03
  subnet MSE  M=6.400e-01  V=9.475e+00  Dw=2.608e-02  g=2.864e-01
[step   2900]
  train: −ELBO=6.1118e+02  NLL=5.5628e+02  NLL_R=7.4573e+01  NLL_ω=4.8171e+02  MSE_R=5.8635e-02  MSE_ω=1.7762e-01
  test : −ELBO=4.4281e+02  NLL=4.1334e+02  NLL_R=-7.3442e+00  NLL_ω=4.2068e+02  MSE_R=1.2850e-03  MSE_ω=1.5572e-01
  sigma: σ_R=1.8710e-02  σ_ω=1.3437e-02  β=0.0000e+00
  PL   : train=5.4892e+01  test=2.9472e+01  σ_φ̄(train)=1.2082e-01  σ_φ̄(test)=1.1969e-01  σ_obs_ω=1.0000e-02  λ_PL=1.00
  KL   : M=2.257e+03  V=4.277e+02  Dw=2.376e+03  g=3.378e+03  sigma=3.974e+02  total=8.835e+03
  subnet MSE  M=5.055e-01  V=8.572e+00  Dw=2.522e-02  g=2.817e-01
[step   2950]
  train: −ELBO=5.7856e+02  NLL=5.3154e+02  NLL_R=7.0512e+01  NLL_ω=4.6103e+02  MSE_R=5.8631e-02  MSE_ω=1.7909e-01
  test : −ELBO=4.2318e+02  NLL=3.9828e+02  NLL_R=-7.3293e+00  NLL_ω=4.0561e+02  MSE_R=1.3068e-03  MSE_ω=1.5821e-01
  sigma: σ_R=1.9189e-02  σ_ω=1.3787e-02  β=0.0000e+00
  PL   : train=4.7018e+01  test=2.4899e+01  σ_φ̄(train)=1.3110e-01  σ_φ̄(test)=1.2997e-01  σ_obs_ω=1.0000e-02  λ_PL=1.00
  KL   : M=2.270e+03  V=4.286e+02  Dw=2.381e+03  g=3.386e+03  sigma=3.982e+02  total=8.864e+03
  subnet MSE  M=4.111e-01  V=7.873e+00  Dw=2.469e-02  g=2.806e-01
[step   3000]
  train: −ELBO=5.4473e+02  NLL=5.0314e+02  NLL_R=6.6519e+01  NLL_ω=4.3662e+02  MSE_R=5.8676e-02  MSE_ω=1.7920e-01
  test : −ELBO=3.9577e+02  NLL=3.7446e+02  NLL_R=-7.3505e+00  NLL_ω=3.8181e+02  MSE_R=1.2996e-03  MSE_ω=1.5737e-01
  sigma: σ_R=1.9707e-02  σ_ω=1.4164e-02  β=0.0000e+00
  PL   : train=4.1592e+01  test=2.1314e+01  σ_φ̄(train)=1.3961e-01  σ_φ̄(test)=1.3977e-01  σ_obs_ω=1.0000e-02  λ_PL=1.00
  KL   : M=2.284e+03  V=4.296e+02  Dw=2.388e+03  g=3.394e+03  sigma=3.990e+02  total=8.895e+03
  subnet MSE  M=3.256e-01  V=7.190e+00  Dw=2.387e-02  g=2.764e-01
[step   3050]
  train: −ELBO=5.1646e+02  NLL=4.7652e+02  NLL_R=6.2958e+01  NLL_ω=4.1357e+02  MSE_R=5.8691e-02  MSE_ω=1.7865e-01
  test : −ELBO=3.8106e+02  NLL=3.6020e+02  NLL_R=-7.3387e+00  NLL_ω=3.6754e+02  MSE_R=1.3145e-03  MSE_ω=1.5936e-01
  sigma: σ_R=2.0201e-02  σ_ω=1.4523e-02  β=0.0000e+00
  PL   : train=3.9931e+01  test=2.0861e+01  σ_φ̄(train)=1.4254e-01  σ_φ̄(test)=1.4218e-01  σ_obs_ω=1.0000e-02  λ_PL=1.00
  KL   : M=2.298e+03  V=4.305e+02  Dw=2.393e+03  g=3.401e+03  sigma=3.999e+02  total=8.922e+03
  subnet MSE  M=2.695e-01  V=6.552e+00  Dw=2.433e-02  g=2.738e-01
[step   3100]
  train: −ELBO=4.8475e+02  NLL=4.5068e+02  NLL_R=5.9408e+01  NLL_ω=3.9127e+02  MSE_R=5.8650e-02  MSE_ω=1.7818e-01
  test : −ELBO=3.5928e+02  NLL=3.3954e+02  NLL_R=-7.3458e+00  NLL_ω=3.4688e+02  MSE_R=1.3115e-03  MSE_ω=1.5859e-01
  sigma: σ_R=2.0724e-02  σ_ω=1.4903e-02  β=0.0000e+00
  PL   : train=3.4070e+01  test=1.9738e+01  σ_φ̄(train)=1.5387e-01  σ_φ̄(test)=1.5284e-01  σ_obs_ω=1.0000e-02  λ_PL=1.00
  KL   : M=2.311e+03  V=4.313e+02  Dw=2.399e+03  g=3.409e+03  sigma=4.006e+02  total=8.951e+03
  subnet MSE  M=2.324e-01  V=5.861e+00  Dw=2.417e-02  g=2.712e-01
[step   3150]
  train: −ELBO=4.5670e+02  NLL=4.2492e+02  NLL_R=5.5878e+01  NLL_ω=3.6904e+02  MSE_R=5.8670e-02  MSE_ω=1.7782e-01
  test : −ELBO=3.3397e+02  NLL=3.1832e+02  NLL_R=-7.3575e+00  NLL_ω=3.2568e+02  MSE_R=1.3000e-03  MSE_ω=1.5778e-01
  sigma: σ_R=2.1298e-02  σ_ω=1.5320e-02  β=0.0000e+00
  PL   : train=3.1777e+01  test=1.5646e+01  σ_φ̄(train)=1.5832e-01  σ_φ̄(test)=1.5791e-01  σ_obs_ω=1.0000e-02  λ_PL=1.00
  KL   : M=2.326e+03  V=4.322e+02  Dw=2.404e+03  g=3.418e+03  sigma=4.014e+02  total=8.982e+03
  subnet MSE  M=1.660e-01  V=5.367e+00  Dw=2.516e-02  g=2.697e-01
[step   3200]
  train: −ELBO=4.3076e+02  NLL=4.0134e+02  NLL_R=5.2499e+01  NLL_ω=3.4884e+02  MSE_R=5.8659e-02  MSE_ω=1.7788e-01
  test : −ELBO=3.1491e+02  NLL=3.0028e+02  NLL_R=-7.3502e+00  NLL_ω=3.0763e+02  MSE_R=1.3014e-03  MSE_ω=1.5763e-01
  sigma: σ_R=2.1890e-02  σ_ω=1.5750e-02  β=0.0000e+00
  PL   : train=2.9414e+01  test=1.4630e+01  σ_φ̄(train)=1.6414e-01  σ_φ̄(test)=1.6265e-01  σ_obs_ω=1.0000e-02  λ_PL=1.00
  KL   : M=2.341e+03  V=4.331e+02  Dw=2.410e+03  g=3.426e+03  sigma=4.022e+02  total=9.012e+03
  subnet MSE  M=1.382e-01  V=4.793e+00  Dw=2.718e-02  g=2.668e-01
[step   3250]
  train: −ELBO=3.9815e+02  NLL=3.7062e+02  NLL_R=4.8463e+01  NLL_ω=3.2216e+02  MSE_R=5.8649e-02  MSE_ω=1.7656e-01
  test : −ELBO=2.9021e+02  NLL=2.7693e+02  NLL_R=-7.3444e+00  NLL_ω=2.8428e+02  MSE_R=1.2937e-03  MSE_ω=1.5658e-01
  sigma: σ_R=2.2669e-02  σ_ω=1.6312e-02  β=0.0000e+00
  PL   : train=2.7523e+01  test=1.3274e+01  σ_φ̄(train)=1.6948e-01  σ_φ̄(test)=1.6922e-01  σ_obs_ω=1.0000e-02  λ_PL=1.00
  KL   : M=2.358e+03  V=4.342e+02  Dw=2.418e+03  g=3.435e+03  sigma=4.030e+02  total=9.049e+03
  subnet MSE  M=1.136e-01  V=4.171e+00  Dw=2.585e-02  g=2.622e-01
[step   3300]
  train: −ELBO=3.7303e+02  NLL=3.4855e+02  NLL_R=4.5286e+01  NLL_ω=3.0326e+02  MSE_R=5.8640e-02  MSE_ω=1.7659e-01
  test : −ELBO=2.7502e+02  NLL=2.6353e+02  NLL_R=-7.3123e+00  NLL_ω=2.7084e+02  MSE_R=1.3104e-03  MSE_ω=1.5870e-01
  sigma: σ_R=2.3344e-02  σ_ω=1.6802e-02  β=0.0000e+00
  PL   : train=2.4478e+01  test=1.1488e+01  σ_φ̄(train)=1.7783e-01  σ_φ̄(test)=1.7766e-01  σ_obs_ω=1.0000e-02  λ_PL=1.00
  KL   : M=2.373e+03  V=4.352e+02  Dw=2.425e+03  g=3.443e+03  sigma=4.036e+02  total=9.079e+03
  subnet MSE  M=8.619e-02  V=3.683e+00  Dw=2.813e-02  g=2.620e-01
[step   3350]
  train: −ELBO=3.4087e+02  NLL=3.2170e+02  NLL_R=4.0765e+01  NLL_ω=2.8093e+02  MSE_R=5.8617e-02  MSE_ω=1.7947e-01
  test : −ELBO=2.5531e+02  NLL=2.4656e+02  NLL_R=-7.2506e+00  NLL_ω=2.5381e+02  MSE_R=1.3468e-03  MSE_ω=1.6290e-01
  sigma: σ_R=2.4421e-02  σ_ω=1.7582e-02  β=0.0000e+00
  PL   : train=1.9176e+01  test=8.7487e+00  σ_φ̄(train)=1.9787e-01  σ_φ̄(test)=1.9661e-01  σ_obs_ω=1.0000e-02  λ_PL=1.00
  KL   : M=2.393e+03  V=4.368e+02  Dw=2.435e+03  g=3.456e+03  sigma=4.047e+02  total=9.126e+03
  subnet MSE  M=7.686e-02  V=2.911e+00  Dw=3.028e-02  g=2.548e-01
[step   3400]
  train: −ELBO=3.1970e+02  NLL=3.0014e+02  NLL_R=3.8348e+01  NLL_ω=2.6179e+02  MSE_R=5.8673e-02  MSE_ω=1.7682e-01
  test : −ELBO=2.3749e+02  NLL=2.2864e+02  NLL_R=-7.2508e+00  NLL_ω=2.3589e+02  MSE_R=1.3196e-03  MSE_ω=1.6012e-01
  sigma: σ_R=2.5077e-02  σ_ω=1.8060e-02  β=0.0000e+00
  PL   : train=1.9563e+01  test=8.8534e+00  σ_φ̄(train)=1.9448e-01  σ_φ̄(test)=1.9361e-01  σ_obs_ω=1.0000e-02  λ_PL=1.00
  KL   : M=2.405e+03  V=4.376e+02  Dw=2.441e+03  g=3.464e+03  sigma=4.053e+02  total=9.153e+03
  subnet MSE  M=5.185e-02  V=2.644e+00  Dw=3.177e-02  g=2.585e-01
[step   3450]
  train: −ELBO=2.8665e+02  NLL=2.7009e+02  NLL_R=3.4149e+01  NLL_ω=2.3594e+02  MSE_R=5.8664e-02  MSE_ω=1.7633e-01
  test : −ELBO=2.1212e+02  NLL=2.0520e+02  NLL_R=-7.2023e+00  NLL_ω=2.1240e+02  MSE_R=1.3187e-03  MSE_ω=1.5965e-01
  sigma: σ_R=2.6332e-02  σ_ω=1.8967e-02  β=0.0000e+00
  PL   : train=1.6563e+01  test=6.9174e+00  σ_φ̄(train)=2.0745e-01  σ_φ̄(test)=2.0690e-01  σ_obs_ω=1.0000e-02  λ_PL=1.00
  KL   : M=2.426e+03  V=4.390e+02  Dw=2.453e+03  g=3.477e+03  sigma=4.063e+02  total=9.202e+03
  subnet MSE  M=3.616e-02  V=2.076e+00  Dw=3.574e-02  g=2.526e-01
[step   3500]
  train: −ELBO=2.6373e+02  NLL=2.4797e+02  NLL_R=3.1027e+01  NLL_ω=2.1694e+02  MSE_R=5.8616e-02  MSE_ω=1.7598e-01
  test : −ELBO=1.9143e+02  NLL=1.8505e+02  NLL_R=-7.1709e+00  NLL_ω=1.9222e+02  MSE_R=1.2963e-03  MSE_ω=1.5698e-01
  sigma: σ_R=2.7391e-02  σ_ω=1.9734e-02  β=0.0000e+00
  PL   : train=1.5764e+01  test=6.3848e+00  σ_φ̄(train)=2.1105e-01  σ_φ̄(test)=2.1025e-01  σ_obs_ω=1.0000e-02  λ_PL=1.00
  KL   : M=2.443e+03  V=4.402e+02  Dw=2.463e+03  g=3.488e+03  sigma=4.071e+02  total=9.241e+03
  subnet MSE  M=2.734e-02  V=1.713e+00  Dw=3.756e-02  g=2.518e-01
[step   3550]
  train: −ELBO=2.3996e+02  NLL=2.2707e+02  NLL_R=2.7965e+01  NLL_ω=1.9911e+02  MSE_R=5.8610e-02  MSE_ω=1.7644e-01
  test : −ELBO=1.7558e+02  NLL=1.7075e+02  NLL_R=-7.1057e+00  NLL_ω=1.7786e+02  MSE_R=1.3093e-03  MSE_ω=1.5866e-01
  sigma: σ_R=2.8582e-02  σ_ω=2.0595e-02  β=0.0000e+00
  PL   : train=1.2891e+01  test=4.8242e+00  σ_φ̄(train)=2.2702e-01  σ_φ̄(test)=2.2579e-01  σ_obs_ω=1.0000e-02  λ_PL=1.00
  KL   : M=2.460e+03  V=4.415e+02  Dw=2.474e+03  g=3.500e+03  sigma=4.079e+02  total=9.283e+03
  subnet MSE  M=2.024e-02  V=1.385e+00  Dw=4.138e-02  g=2.467e-01
[step   3600]
  train: −ELBO=2.1013e+02  NLL=1.9871e+02  NLL_R=2.4195e+01  NLL_ω=1.7451e+02  MSE_R=5.8669e-02  MSE_ω=1.7489e-01
  test : −ELBO=1.5424e+02  NLL=1.5033e+02  NLL_R=-7.0159e+00  NLL_ω=1.5735e+02  MSE_R=1.3127e-03  MSE_ω=1.5884e-01
  sigma: σ_R=3.0311e-02  σ_ω=2.1846e-02  β=0.0000e+00
  PL   : train=1.1422e+01  test=3.9086e+00  σ_φ̄(train)=2.3538e-01  σ_φ̄(test)=2.3436e-01  σ_obs_ω=1.0000e-02  λ_PL=1.00
  KL   : M=2.483e+03  V=4.432e+02  Dw=2.489e+03  g=3.516e+03  sigma=4.090e+02  total=9.340e+03
  subnet MSE  M=1.278e-02  V=1.024e+00  Dw=4.729e-02  g=2.471e-01
[step   3650]
  train: −ELBO=1.8926e+02  NLL=1.7900e+02  NLL_R=2.1371e+01  NLL_ω=1.5763e+02  MSE_R=5.8642e-02  MSE_ω=1.7494e-01
  test : −ELBO=1.3829e+02  NLL=1.3511e+02  NLL_R=-6.9375e+00  NLL_ω=1.4205e+02  MSE_R=1.3105e-03  MSE_ω=1.5881e-01
  sigma: σ_R=3.1821e-02  σ_ω=2.2941e-02  β=0.0000e+00
  PL   : train=1.0258e+01  test=3.1771e+00  σ_φ̄(train)=2.4364e-01  σ_φ̄(test)=2.4311e-01  σ_obs_ω=1.0000e-02  λ_PL=1.00
  KL   : M=2.501e+03  V=4.446e+02  Dw=2.502e+03  g=3.530e+03  sigma=4.098e+02  total=9.387e+03
  subnet MSE  M=1.064e-02  V=8.352e-01  Dw=4.924e-02  g=2.456e-01
[step   3700]
  train: −ELBO=1.7081e+02  NLL=1.6182e+02  NLL_R=1.8876e+01  NLL_ω=1.4295e+02  MSE_R=5.8612e-02  MSE_ω=1.7534e-01
  test : −ELBO=1.2676e+02  NLL=1.2413e+02  NLL_R=-6.8420e+00  NLL_ω=1.3097e+02  MSE_R=1.3357e-03  MSE_ω=1.6179e-01
  sigma: σ_R=3.3369e-02  σ_ω=2.4066e-02  β=0.0000e+00
  PL   : train=8.9900e+00  test=2.6276e+00  σ_φ̄(train)=2.5343e-01  σ_φ̄(test)=2.5147e-01  σ_obs_ω=1.0000e-02  λ_PL=1.00
  KL   : M=2.518e+03  V=4.461e+02  Dw=2.516e+03  g=3.544e+03  sigma=4.105e+02  total=9.434e+03
  subnet MSE  M=7.779e-03  V=7.059e-01  Dw=5.426e-02  g=2.459e-01
[step   3750]
  train: −ELBO=1.5154e+02  NLL=1.4334e+02  NLL_R=1.6367e+01  NLL_ω=1.2698e+02  MSE_R=5.8603e-02  MSE_ω=1.7454e-01
  test : −ELBO=1.1333e+02  NLL=1.1127e+02  NLL_R=-6.7374e+00  NLL_ω=1.1800e+02  MSE_R=1.3485e-03  MSE_ω=1.6326e-01
  sigma: σ_R=3.5199e-02  σ_ω=2.5403e-02  β=0.0000e+00
  PL   : train=8.1960e+00  test=2.0677e+00  σ_φ̄(train)=2.5971e-01  σ_φ̄(test)=2.6011e-01  σ_obs_ω=1.0000e-02  λ_PL=1.00
  KL   : M=2.537e+03  V=4.478e+02  Dw=2.531e+03  g=3.560e+03  sigma=4.115e+02  total=9.487e+03
  subnet MSE  M=6.185e-03  V=5.520e-01  Dw=5.974e-02  g=2.474e-01
[step   3800]
  train: −ELBO=1.3355e+02  NLL=1.2632e+02  NLL_R=1.3920e+01  NLL_ω=1.1240e+02  MSE_R=5.8601e-02  MSE_ω=1.7518e-01
  test : −ELBO=9.9194e+01  NLL=9.7595e+01  NLL_R=-6.6194e+00  NLL_ω=1.0421e+02  MSE_R=1.3532e-03  MSE_ω=1.6364e-01
  sigma: σ_R=3.7329e-02  σ_ω=2.6963e-02  β=0.0000e+00
  PL   : train=7.2336e+00  test=1.5988e+00  σ_φ̄(train)=2.6893e-01  σ_φ̄(test)=2.6794e-01  σ_obs_ω=1.0000e-02  λ_PL=1.00
  KL   : M=2.557e+03  V=4.496e+02  Dw=2.548e+03  g=3.578e+03  sigma=4.126e+02  total=9.545e+03
  subnet MSE  M=4.863e-03  V=4.391e-01  Dw=6.486e-02  g=2.441e-01
[step   3850]
  train: −ELBO=1.1904e+02  NLL=1.1243e+02  NLL_R=1.2019e+01  NLL_ω=1.0041e+02  MSE_R=5.8596e-02  MSE_ω=1.7490e-01
  test : −ELBO=8.8520e+01  NLL=8.7278e+01  NLL_R=-6.5113e+00  NLL_ω=9.3789e+01  MSE_R=1.3587e-03  MSE_ω=1.6448e-01
  sigma: σ_R=3.9297e-02  σ_ω=2.8410e-02  β=0.0000e+00
  PL   : train=6.6019e+00  test=1.2418e+00  σ_φ̄(train)=2.7526e-01  σ_φ̄(test)=2.7468e-01  σ_obs_ω=1.0000e-02  λ_PL=1.00
  KL   : M=2.573e+03  V=4.511e+02  Dw=2.564e+03  g=3.594e+03  sigma=4.135e+02  total=9.596e+03
  subnet MSE  M=3.966e-03  V=3.773e-01  Dw=6.661e-02  g=2.433e-01
[step   3900]
  train: −ELBO=1.0717e+02  NLL=1.0144e+02  NLL_R=1.0502e+01  NLL_ω=9.0937e+01  MSE_R=5.8590e-02  MSE_ω=1.7492e-01
  test : −ELBO=7.9583e+01  NLL=7.8884e+01  NLL_R=-6.4106e+00  NLL_ω=8.5295e+01  MSE_R=1.3649e-03  MSE_ω=1.6528e-01
  sigma: σ_R=4.1129e-02  σ_ω=2.9764e-02  β=0.0000e+00
  PL   : train=5.7260e+00  test=6.9895e-01  σ_φ̄(train)=2.8476e-01  σ_φ̄(test)=2.8452e-01  σ_obs_ω=1.0000e-02  λ_PL=1.00
  KL   : M=2.588e+03  V=4.526e+02  Dw=2.578e+03  g=3.608e+03  sigma=4.143e+02  total=9.641e+03
  subnet MSE  M=3.319e-03  V=3.165e-01  Dw=7.073e-02  g=2.429e-01
[step   3950]
  train: −ELBO=9.2547e+01  NLL=8.7875e+01  NLL_R=8.6330e+00  NLL_ω=7.9242e+01  MSE_R=5.8601e-02  MSE_ω=1.7520e-01
  test : −ELBO=6.8923e+01  NLL=6.8813e+01  NLL_R=-6.2643e+00  NLL_ω=7.5077e+01  MSE_R=1.3799e-03  MSE_ω=1.6717e-01
  sigma: σ_R=4.3820e-02  σ_ω=3.1762e-02  β=0.0000e+00
  PL   : train=4.6723e+00  test=1.0992e-01  σ_φ̄(train)=2.9798e-01  σ_φ̄(test)=2.9780e-01  σ_obs_ω=1.0000e-02  λ_PL=1.00
  KL   : M=2.608e+03  V=4.546e+02  Dw=2.598e+03  g=3.629e+03  sigma=4.155e+02  total=9.705e+03
  subnet MSE  M=2.552e-03  V=2.649e-01  Dw=7.507e-02  g=2.426e-01
[step   4000]
  train: −ELBO=8.1628e+01  NLL=7.7654e+01  NLL_R=7.2737e+00  NLL_ω=7.0380e+01  MSE_R=5.8608e-02  MSE_ω=1.7491e-01
  test : −ELBO=6.1231e+01  NLL=6.1426e+01  NLL_R=-6.1396e+00  NLL_ω=6.7565e+01  MSE_R=1.3952e-03  MSE_ω=1.6891e-01
  sigma: σ_R=4.6177e-02  σ_ω=3.3526e-02  β=0.0000e+00
  PL   : train=3.9744e+00  test=-1.9455e-01  σ_φ̄(train)=3.0748e-01  σ_φ̄(test)=3.0547e-01  σ_obs_ω=1.0000e-02  λ_PL=1.00
  KL   : M=2.624e+03  V=4.564e+02  Dw=2.615e+03  g=3.647e+03  sigma=4.165e+02  total=9.759e+03
  subnet MSE  M=2.190e-03  V=2.247e-01  Dw=7.905e-02  g=2.438e-01
[step   4050]
  train: −ELBO=7.3455e+01  NLL=6.9665e+01  NLL_R=6.1850e+00  NLL_ω=6.3480e+01  MSE_R=5.8610e-02  MSE_ω=1.7531e-01
  test : −ELBO=5.4598e+01  NLL=5.4894e+01  NLL_R=-6.0280e+00  NLL_ω=6.0922e+01  MSE_R=1.3968e-03  MSE_ω=1.6928e-01
  sigma: σ_R=4.8393e-02  σ_ω=3.5195e-02  β=0.0000e+00
  PL   : train=3.7901e+00  test=-2.9605e-01  σ_φ̄(train)=3.0947e-01  σ_φ̄(test)=3.0752e-01  σ_obs_ω=1.0000e-02  λ_PL=1.00
  KL   : M=2.638e+03  V=4.580e+02  Dw=2.630e+03  g=3.664e+03  sigma=4.175e+02  total=9.807e+03
  subnet MSE  M=1.925e-03  V=2.314e-01  Dw=8.155e-02  g=2.459e-01
[step   4100]
  train: −ELBO=6.6510e+01  NLL=6.3336e+01  NLL_R=5.2962e+00  NLL_ω=5.8039e+01  MSE_R=5.8644e-02  MSE_ω=1.7656e-01
  test : −ELBO=5.0041e+01  NLL=5.0701e+01  NLL_R=-5.9181e+00  NLL_ω=5.6619e+01  MSE_R=1.4291e-03  MSE_ω=1.7302e-01
  sigma: σ_R=5.0502e-02  σ_ω=3.6800e-02  β=0.0000e+00
  PL   : train=3.1748e+00  test=-6.6043e-01  σ_φ̄(train)=3.1931e-01  σ_φ̄(test)=3.1951e-01  σ_obs_ω=1.0000e-02  λ_PL=1.00
  KL   : M=2.650e+03  V=4.595e+02  Dw=2.645e+03  g=3.679e+03  sigma=4.184e+02  total=9.852e+03
  subnet MSE  M=1.800e-03  V=1.886e-01  Dw=8.815e-02  g=2.456e-01
[step   4150]
  train: −ELBO=5.9929e+01  NLL=5.7279e+01  NLL_R=4.5255e+00  NLL_ω=5.2753e+01  MSE_R=5.8699e-02  MSE_ω=1.7645e-01
  test : −ELBO=4.5379e+01  NLL=4.6307e+01  NLL_R=-5.8147e+00  NLL_ω=5.2122e+01  MSE_R=1.4445e-03  MSE_ω=1.7487e-01
  sigma: σ_R=5.2612e-02  σ_ω=3.8418e-02  β=0.0000e+00
  PL   : train=2.6503e+00  test=-9.2766e-01  σ_φ̄(train)=3.2861e-01  σ_φ̄(test)=3.2832e-01  σ_obs_ω=1.0000e-02  λ_PL=1.00
  KL   : M=2.662e+03  V=4.609e+02  Dw=2.659e+03  g=3.695e+03  sigma=4.192e+02  total=9.895e+03
  subnet MSE  M=1.746e-03  V=1.811e-01  Dw=9.058e-02  g=2.465e-01
[step   4200]
  train: −ELBO=5.4302e+01  NLL=5.1892e+01  NLL_R=3.7737e+00  NLL_ω=4.8118e+01  MSE_R=5.8633e-02  MSE_ω=1.7772e-01
  test : −ELBO=4.0382e+01  NLL=4.1398e+01  NLL_R=-5.7077e+00  NLL_ω=4.7105e+01  MSE_R=1.4434e-03  MSE_ω=1.7478e-01
  sigma: σ_R=5.4911e-02  σ_ω=4.0194e-02  β=0.0000e+00
  PL   : train=2.4097e+00  test=-1.0157e+00  σ_φ̄(train)=3.3298e-01  σ_φ̄(test)=3.3131e-01  σ_obs_ω=1.0000e-02  λ_PL=1.00
  KL   : M=2.674e+03  V=4.625e+02  Dw=2.674e+03  g=3.711e+03  sigma=4.201e+02  total=9.941e+03
  subnet MSE  M=1.525e-03  V=1.744e-01  Dw=9.261e-02  g=2.461e-01
[step   4250]
  train: −ELBO=4.7978e+01  NLL=4.5965e+01  NLL_R=3.0400e+00  NLL_ω=4.2925e+01  MSE_R=5.8660e-02  MSE_ω=1.7749e-01
  test : −ELBO=3.6577e+01  NLL=3.7776e+01  NLL_R=-5.5809e+00  NLL_ω=4.3357e+01  MSE_R=1.4823e-03  MSE_ω=1.7941e-01
  sigma: σ_R=5.7578e-02  σ_ω=4.2274e-02  β=0.0000e+00
  PL   : train=2.0131e+00  test=-1.1990e+00  σ_φ̄(train)=3.4047e-01  σ_φ̄(test)=3.3894e-01  σ_obs_ω=1.0000e-02  λ_PL=1.00
  KL   : M=2.687e+03  V=4.644e+02  Dw=2.690e+03  g=3.730e+03  sigma=4.212e+02  total=9.993e+03
  subnet MSE  M=1.417e-03  V=1.560e-01  Dw=9.852e-02  g=2.489e-01
[step   4300]
  train: −ELBO=4.2446e+01  NLL=4.1015e+01  NLL_R=2.3727e+00  NLL_ω=3.8643e+01  MSE_R=5.8678e-02  MSE_ω=1.7927e-01
  test : −ELBO=3.2253e+01  NLL=3.3771e+01  NLL_R=-5.4533e+00  NLL_ω=3.9225e+01  MSE_R=1.5048e-03  MSE_ω=1.8197e-01
  sigma: σ_R=6.0428e-02  σ_ω=4.4521e-02  β=0.0000e+00
  PL   : train=1.4305e+00  test=-1.5184e+00  σ_φ̄(train)=3.5320e-01  σ_φ̄(test)=3.5208e-01  σ_obs_ω=1.0000e-02  λ_PL=1.00
  KL   : M=2.701e+03  V=4.663e+02  Dw=2.708e+03  g=3.750e+03  sigma=4.224e+02  total=1.005e+04
  subnet MSE  M=1.289e-03  V=1.367e-01  Dw=1.024e-01  g=2.490e-01
[step   4350]
  train: −ELBO=3.7539e+01  NLL=3.6488e+01  NLL_R=1.7907e+00  NLL_ω=3.4698e+01  MSE_R=5.8675e-02  MSE_ω=1.8056e-01
  test : −ELBO=2.7961e+01  NLL=2.9727e+01  NLL_R=-5.3306e+00  NLL_ω=3.5058e+01  MSE_R=1.5072e-03  MSE_ω=1.8248e-01
  sigma: σ_R=6.3345e-02  σ_ω=4.6855e-02  β=0.0000e+00
  PL   : train=1.0503e+00  test=-1.7660e+00  σ_φ̄(train)=3.6216e-01  σ_φ̄(test)=3.6081e-01  σ_obs_ω=1.0000e-02  λ_PL=1.00
  KL   : M=2.715e+03  V=4.682e+02  Dw=2.725e+03  g=3.770e+03  sigma=4.237e+02  total=1.010e+04
  subnet MSE  M=1.304e-03  V=1.319e-01  Dw=1.069e-01  g=2.484e-01
[step   4400]
  train: −ELBO=3.2757e+01  NLL=3.2019e+01  NLL_R=1.2645e+00  NLL_ω=3.0755e+01  MSE_R=5.8693e-02  MSE_ω=1.8065e-01
  test : −ELBO=2.4717e+01  NLL=2.6601e+01  NLL_R=-5.2002e+00  NLL_ω=3.1801e+01  MSE_R=1.5349e-03  MSE_ω=1.8604e-01
  sigma: σ_R=6.6479e-02  σ_ω=4.9395e-02  β=0.0000e+00
  PL   : train=7.3762e-01  test=-1.8843e+00  σ_φ̄(train)=3.7074e-01  σ_φ̄(test)=3.6973e-01  σ_obs_ω=1.0000e-02  λ_PL=1.00
  KL   : M=2.729e+03  V=4.702e+02  Dw=2.743e+03  g=3.791e+03  sigma=4.250e+02  total=1.016e+04
  subnet MSE  M=1.246e-03  V=1.230e-01  Dw=1.108e-01  g=2.483e-01
[step   4450]
  train: −ELBO=2.9675e+01  NLL=2.9238e+01  NLL_R=9.2927e-01  NLL_ω=2.8308e+01  MSE_R=5.8721e-02  MSE_ω=1.8145e-01
  test : −ELBO=2.2152e+01  NLL=2.4228e+01  NLL_R=-5.1077e+00  NLL_ω=2.9336e+01  MSE_R=1.5422e-03  MSE_ω=1.8716e-01
  sigma: σ_R=6.8805e-02  σ_ω=5.1309e-02  β=0.0000e+00
  PL   : train=4.3739e-01  test=-2.0761e+00  σ_φ̄(train)=3.7832e-01  σ_φ̄(test)=3.7708e-01  σ_obs_ω=1.0000e-02  λ_PL=1.00
  KL   : M=2.739e+03  V=4.716e+02  Dw=2.756e+03  g=3.807e+03  sigma=4.259e+02  total=1.020e+04
  subnet MSE  M=1.126e-03  V=1.156e-01  Dw=1.141e-01  g=2.512e-01
[step   4500]
  train: −ELBO=2.6063e+01  NLL=2.5913e+01  NLL_R=5.2546e-01  NLL_ω=2.5387e+01  MSE_R=5.8688e-02  MSE_ω=1.8281e-01
  test : −ELBO=1.9437e+01  NLL=2.1623e+01  NLL_R=-4.9829e+00  NLL_ω=2.6605e+01  MSE_R=1.5709e-03  MSE_ω=1.9029e-01
  sigma: σ_R=7.1987e-02  σ_ω=5.3963e-02  β=0.0000e+00
  PL   : train=1.5019e-01  test=-2.1860e+00  σ_φ̄(train)=3.8659e-01  σ_φ̄(test)=3.8545e-01  σ_obs_ω=1.0000e-02  λ_PL=1.00
  KL   : M=2.751e+03  V=4.734e+02  Dw=2.773e+03  g=3.828e+03  sigma=4.272e+02  total=1.025e+04
  subnet MSE  M=1.116e-03  V=9.979e-02  Dw=1.211e-01  g=2.543e-01
[step   4550]
  train: −ELBO=2.3269e+01  NLL=2.3304e+01  NLL_R=2.3275e-01  NLL_ω=2.3071e+01  MSE_R=5.8676e-02  MSE_ω=1.8323e-01
  test : −ELBO=1.7303e+01  NLL=1.9570e+01  NLL_R=-4.8819e+00  NLL_ω=2.4451e+01  MSE_R=1.5914e-03  MSE_ω=1.9226e-01
  sigma: σ_R=7.4689e-02  σ_ω=5.6257e-02  β=0.0000e+00
  PL   : train=-3.4917e-02  test=-2.2667e+00  σ_φ̄(train)=3.9217e-01  σ_φ̄(test)=3.9004e-01  σ_obs_ω=1.0000e-02  λ_PL=1.00
  KL   : M=2.762e+03  V=4.750e+02  Dw=2.788e+03  g=3.846e+03  sigma=4.284e+02  total=1.030e+04
  subnet MSE  M=1.109e-03  V=9.868e-02  Dw=1.224e-01  g=2.551e-01
[step   4600]
  train: −ELBO=2.1054e+01  NLL=2.1239e+01  NLL_R=-2.2006e-04  NLL_ω=2.1239e+01  MSE_R=5.8719e-02  MSE_ω=1.8430e-01
  test : −ELBO=1.5305e+01  NLL=1.7636e+01  NLL_R=-4.7919e+00  NLL_ω=2.2428e+01  MSE_R=1.5937e-03  MSE_ω=1.9271e-01
  sigma: σ_R=7.7191e-02  σ_ω=5.8417e-02  β=0.0000e+00
  PL   : train=-1.8503e-01  test=-2.3308e+00  σ_φ̄(train)=3.9734e-01  σ_φ̄(test)=3.9494e-01  σ_obs_ω=1.0000e-02  λ_PL=1.00
  KL   : M=2.771e+03  V=4.765e+02  Dw=2.801e+03  g=3.863e+03  sigma=4.295e+02  total=1.034e+04
  subnet MSE  M=1.122e-03  V=1.009e-01  Dw=1.270e-01  g=2.555e-01
[step   4650]
  train: −ELBO=1.8287e+01  NLL=1.8784e+01  NLL_R=-2.6625e-01  NLL_ω=1.9051e+01  MSE_R=5.8738e-02  MSE_ω=1.8535e-01
  test : −ELBO=1.3035e+01  NLL=1.5572e+01  NLL_R=-4.6767e+00  NLL_ω=2.0249e+01  MSE_R=1.6132e-03  MSE_ω=1.9467e-01
  sigma: σ_R=8.0456e-02  σ_ω=6.1290e-02  β=0.0000e+00
  PL   : train=-4.9720e-01  test=-2.5369e+00  σ_φ̄(train)=4.0778e-01  σ_φ̄(test)=4.0631e-01  σ_obs_ω=1.0000e-02  λ_PL=1.00
  KL   : M=2.783e+03  V=4.784e+02  Dw=2.818e+03  g=3.884e+03  sigma=4.308e+02  total=1.039e+04
  subnet MSE  M=1.056e-03  V=9.585e-02  Dw=1.292e-01  g=2.569e-01
[step   4700]
  train: −ELBO=1.5773e+01  NLL=1.6468e+01  NLL_R=-5.0498e-01  NLL_ω=1.6973e+01  MSE_R=5.8691e-02  MSE_ω=1.8584e-01
  test : −ELBO=1.1217e+01  NLL=1.3840e+01  NLL_R=-4.5606e+00  NLL_ω=1.8400e+01  MSE_R=1.6330e-03  MSE_ω=1.9812e-01
  sigma: σ_R=8.3841e-02  σ_ω=6.4340e-02  β=0.0000e+00
  PL   : train=-6.9549e-01  test=-2.6222e+00  σ_φ̄(train)=4.1545e-01  σ_φ̄(test)=4.1460e-01  σ_obs_ω=1.0000e-02  λ_PL=1.00
  KL   : M=2.795e+03  V=4.803e+02  Dw=2.836e+03  g=3.906e+03  sigma=4.322e+02  total=1.045e+04
  subnet MSE  M=1.090e-03  V=8.760e-02  Dw=1.373e-01  g=2.590e-01
[step   4750]
  train: −ELBO=1.3362e+01  NLL=1.4399e+01  NLL_R=-7.1498e-01  NLL_ω=1.5114e+01  MSE_R=5.8732e-02  MSE_ω=1.8734e-01
  test : −ELBO=9.3724e+00  NLL=1.2188e+01  NLL_R=-4.4417e+00  NLL_ω=1.6630e+01  MSE_R=1.6675e-03  MSE_ω=2.0148e-01
  sigma: σ_R=8.7481e-02  σ_ω=6.7703e-02  β=0.0000e+00
  PL   : train=-1.0370e+00  test=-2.8161e+00  σ_φ̄(train)=4.2966e-01  σ_φ̄(test)=4.2781e-01  σ_obs_ω=1.0000e-02  λ_PL=1.00
  KL   : M=2.808e+03  V=4.823e+02  Dw=2.855e+03  g=3.931e+03  sigma=4.337e+02  total=1.051e+04
  subnet MSE  M=1.098e-03  V=7.041e-02  Dw=1.417e-01  g=2.610e-01
[step   4800]
  train: −ELBO=1.1861e+01  NLL=1.3022e+01  NLL_R=-8.4562e-01  NLL_ω=1.3867e+01  MSE_R=5.8765e-02  MSE_ω=1.8819e-01
  test : −ELBO=8.3329e+00  NLL=1.1178e+01  NLL_R=-4.3570e+00  NLL_ω=1.5535e+01  MSE_R=1.6957e-03  MSE_ω=2.0488e-01
  sigma: σ_R=9.0129e-02  σ_ω=7.0229e-02  β=0.0000e+00
  PL   : train=-1.1607e+00  test=-2.8449e+00  σ_φ̄(train)=4.3532e-01  σ_φ̄(test)=4.3374e-01  σ_obs_ω=1.0000e-02  λ_PL=1.00
  KL   : M=2.817e+03  V=4.838e+02  Dw=2.869e+03  g=3.948e+03  sigma=4.349e+02  total=1.055e+04
  subnet MSE  M=1.134e-03  V=8.846e-02  Dw=1.485e-01  g=2.623e-01
[step   4850]
  train: −ELBO=1.0516e+01  NLL=1.1776e+01  NLL_R=-9.6565e-01  NLL_ω=1.2741e+01  MSE_R=5.8707e-02  MSE_ω=1.8925e-01
  test : −ELBO=6.9848e+00  NLL=9.8684e+00  NLL_R=-4.2755e+00  NLL_ω=1.4144e+01  MSE_R=1.6919e-03  MSE_ω=2.0448e-01
  sigma: σ_R=9.2777e-02  σ_ω=7.2821e-02  β=0.0000e+00
  PL   : train=-1.2595e+00  test=-2.8836e+00  σ_φ̄(train)=4.3880e-01  σ_φ̄(test)=4.3624e-01  σ_obs_ω=1.0000e-02  λ_PL=1.00
  KL   : M=2.826e+03  V=4.852e+02  Dw=2.883e+03  g=3.966e+03  sigma=4.361e+02  total=1.060e+04
  subnet MSE  M=1.103e-03  V=7.612e-02  Dw=1.488e-01  g=2.656e-01
[step   4900]
  train: −ELBO=8.9500e+00  NLL=1.0408e+01  NLL_R=-1.0872e+00  NLL_ω=1.1495e+01  MSE_R=5.8797e-02  MSE_ω=1.9103e-01
  test : −ELBO=5.6172e+00  NLL=8.6395e+00  NLL_R=-4.1757e+00  NLL_ω=1.2815e+01  MSE_R=1.7145e-03  MSE_ω=2.0663e-01
  sigma: σ_R=9.6106e-02  σ_ω=7.6172e-02  β=0.0000e+00
  PL   : train=-1.4576e+00  test=-3.0223e+00  σ_φ̄(train)=4.4972e-01  σ_φ̄(test)=4.4847e-01  σ_obs_ω=1.0000e-02  λ_PL=1.00
  KL   : M=2.837e+03  V=4.869e+02  Dw=2.900e+03  g=3.988e+03  sigma=4.378e+02  total=1.065e+04
  subnet MSE  M=1.124e-03  V=8.319e-02  Dw=1.526e-01  g=2.646e-01
[step   4950]
  train: −ELBO=7.5296e+00  NLL=9.0716e+00  NLL_R=-1.1976e+00  NLL_ω=1.0269e+01  MSE_R=5.8747e-02  MSE_ω=1.9169e-01
  test : −ELBO=4.6329e+00  NLL=7.6359e+00  NLL_R=-4.0767e+00  NLL_ω=1.1713e+01  MSE_R=1.7448e-03  MSE_ω=2.1047e-01
  sigma: σ_R=9.9452e-02  σ_ω=7.9665e-02  β=0.0000e+00
  PL   : train=-1.5420e+00  test=-3.0030e+00  σ_φ̄(train)=4.5411e-01  σ_φ̄(test)=4.5145e-01  σ_obs_ω=1.0000e-02  λ_PL=1.00
  KL   : M=2.848e+03  V=4.888e+02  Dw=2.917e+03  g=4.010e+03  sigma=4.393e+02  total=1.070e+04
  subnet MSE  M=1.106e-03  V=7.555e-02  Dw=1.650e-01  g=2.654e-01
[step   5000]
  train: −ELBO=6.2880e+00  NLL=8.0074e+00  NLL_R=-1.2846e+00  NLL_ω=9.2920e+00  MSE_R=5.8825e-02  MSE_ω=1.9411e-01
  test : −ELBO=3.5317e+00  NLL=6.6246e+00  NLL_R=-3.9831e+00  NLL_ω=1.0608e+01  MSE_R=1.7558e-03  MSE_ω=2.1277e-01
  sigma: σ_R=1.0279e-01  σ_ω=8.3287e-02  β=0.0000e+00
  PL   : train=-1.7194e+00  test=-3.0929e+00  σ_φ̄(train)=4.6316e-01  σ_φ̄(test)=4.6061e-01  σ_obs_ω=1.0000e-02  λ_PL=1.00
  KL   : M=2.858e+03  V=4.906e+02  Dw=2.934e+03  g=4.032e+03  sigma=4.407e+02  total=1.076e+04
  subnet MSE  M=1.113e-03  V=7.622e-02  Dw=1.691e-01  g=2.691e-01
[step   5050]
  train: −ELBO=5.0226e+00  NLL=6.8935e+00  NLL_R=-1.3658e+00  NLL_ω=8.2594e+00  MSE_R=5.8766e-02  MSE_ω=1.9493e-01
  test : −ELBO=2.5842e+00  NLL=5.7457e+00  NLL_R=-3.8885e+00  NLL_ω=9.6341e+00  MSE_R=1.7958e-03  MSE_ω=2.1616e-01
  sigma: σ_R=1.0623e-01  σ_ω=8.7188e-02  β=0.0000e+00
  PL   : train=-1.8709e+00  test=-3.1615e+00  σ_φ̄(train)=4.7261e-01  σ_φ̄(test)=4.6986e-01  σ_obs_ω=1.0000e-02  λ_PL=1.00
  KL   : M=2.870e+03  V=4.926e+02  Dw=2.953e+03  g=4.056e+03  sigma=4.424e+02  total=1.081e+04
  subnet MSE  M=1.147e-03  V=6.500e-02  Dw=1.751e-01  g=2.699e-01
[step   5100]
  train: −ELBO=4.1838e+00  NLL=6.0921e+00  NLL_R=-1.4160e+00  NLL_ω=7.5081e+00  MSE_R=5.8806e-02  MSE_ω=1.9548e-01
  test : −ELBO=1.9357e+00  NLL=5.0934e+00  NLL_R=-3.8172e+00  NLL_ω=8.9106e+00  MSE_R=1.8080e-03  MSE_ω=2.1871e-01
  sigma: σ_R=1.0891e-01  σ_ω=9.0393e-02  β=0.0000e+00
  PL   : train=-1.9083e+00  test=-3.1576e+00  σ_φ̄(train)=4.7382e-01  σ_φ̄(test)=4.7180e-01  σ_obs_ω=1.0000e-02  λ_PL=1.00
  KL   : M=2.879e+03  V=4.940e+02  Dw=2.968e+03  g=4.076e+03  sigma=4.438e+02  total=1.086e+04
  subnet MSE  M=1.142e-03  V=6.765e-02  Dw=1.813e-01  g=2.718e-01
[step   5150]
  train: −ELBO=3.3449e+00  NLL=5.4643e+00  NLL_R=-1.4614e+00  NLL_ω=6.9257e+00  MSE_R=5.8820e-02  MSE_ω=1.9850e-01
  test : −ELBO=1.1658e+00  NLL=4.4435e+00  NLL_R=-3.7446e+00  NLL_ω=8.1882e+00  MSE_R=1.8296e-03  MSE_ω=2.2112e-01
  sigma: σ_R=1.1167e-01  σ_ω=9.3856e-02  β=0.0000e+00
  PL   : train=-2.1194e+00  test=-3.2778e+00  σ_φ̄(train)=4.8924e-01  σ_φ̄(test)=4.8577e-01  σ_obs_ω=1.0000e-02  λ_PL=1.00
  KL   : M=2.888e+03  V=4.955e+02  Dw=2.983e+03  g=4.096e+03  sigma=4.451e+02  total=1.091e+04
  subnet MSE  M=1.183e-03  V=7.323e-02  Dw=1.787e-01  g=2.729e-01
[step   5200]
  train: −ELBO=2.5533e+00  NLL=4.7056e+00  NLL_R=-1.5002e+00  NLL_ω=6.2058e+00  MSE_R=5.8822e-02  MSE_ω=1.9829e-01
  test : −ELBO=6.0121e-01  NLL=3.8833e+00  NLL_R=-3.6745e+00  NLL_ω=7.5578e+00  MSE_R=1.8557e-03  MSE_ω=2.2433e-01
  sigma: σ_R=1.1441e-01  σ_ω=9.7483e-02  β=0.0000e+00
  PL   : train=-2.1522e+00  test=-3.2821e+00  σ_φ̄(train)=4.9143e-01  σ_φ̄(test)=4.9031e-01  σ_obs_ω=1.0000e-02  λ_PL=1.00
  KL   : M=2.897e+03  V=4.971e+02  Dw=3.000e+03  g=4.117e+03  sigma=4.466e+02  total=1.096e+04
  subnet MSE  M=1.230e-03  V=5.992e-02  Dw=1.894e-01  g=2.738e-01
[step   5250]
  train: −ELBO=1.7807e+00  NLL=4.0419e+00  NLL_R=-1.5330e+00  NLL_ω=5.5749e+00  MSE_R=5.8860e-02  MSE_ω=1.9947e-01
  test : −ELBO=2.2652e-02  NLL=3.3272e+00  NLL_R=-3.6033e+00  NLL_ω=6.9305e+00  MSE_R=1.8849e-03  MSE_ω=2.2768e-01
  sigma: σ_R=1.1727e-01  σ_ω=1.0150e-01  β=0.0000e+00
  PL   : train=-2.2612e+00  test=-3.3046e+00  σ_φ̄(train)=4.9938e-01  σ_φ̄(test)=4.9659e-01  σ_obs_ω=1.0000e-02  λ_PL=1.00
  KL   : M=2.906e+03  V=4.989e+02  Dw=3.017e+03  g=4.140e+03  sigma=4.483e+02  total=1.101e+04
  subnet MSE  M=1.205e-03  V=6.818e-02  Dw=1.970e-01  g=2.765e-01
[step   5300]
  train: −ELBO=1.2218e+00  NLL=3.5832e+00  NLL_R=-1.5556e+00  NLL_ω=5.1388e+00  MSE_R=5.8893e-02  MSE_ω=2.0173e-01
  test : −ELBO=-5.3260e-01  NLL=2.8183e+00  NLL_R=-3.5460e+00  NLL_ω=6.3643e+00  MSE_R=1.8977e-03  MSE_ω=2.2904e-01
  sigma: σ_R=1.1962e-01  σ_ω=1.0504e-01  β=0.0000e+00
  PL   : train=-2.3614e+00  test=-3.3509e+00  σ_φ̄(train)=5.0696e-01  σ_φ̄(test)=5.0385e-01  σ_obs_ω=1.0000e-02  λ_PL=1.00
  KL   : M=2.915e+03  V=5.004e+02  Dw=3.032e+03  g=4.160e+03  sigma=4.498e+02  total=1.106e+04
  subnet MSE  M=1.275e-03  V=6.508e-02  Dw=2.088e-01  g=2.770e-01
[step   5350]
  train: −ELBO=5.6974e-01  NLL=3.0269e+00  NLL_R=-1.5777e+00  NLL_ω=4.6046e+00  MSE_R=5.8886e-02  MSE_ω=2.0243e-01
  test : −ELBO=-1.1208e+00  NLL=2.2538e+00  NLL_R=-3.4847e+00  NLL_ω=5.7385e+00  MSE_R=1.9024e-03  MSE_ω=2.2984e-01
  sigma: σ_R=1.2218e-01  σ_ω=1.0917e-01  β=0.0000e+00
  PL   : train=-2.4572e+00  test=-3.3746e+00  σ_φ̄(train)=5.1546e-01  σ_φ̄(test)=5.1144e-01  σ_obs_ω=1.0000e-02  λ_PL=1.00
  KL   : M=2.924e+03  V=5.021e+02  Dw=3.049e+03  g=4.183e+03  sigma=4.516e+02  total=1.111e+04
  subnet MSE  M=1.233e-03  V=6.144e-02  Dw=2.099e-01  g=2.784e-01
[step   5400]
  train: −ELBO=2.8973e-02  NLL=2.5823e+00  NLL_R=-1.5953e+00  NLL_ω=4.1776e+00  MSE_R=5.8897e-02  MSE_ω=2.0535e-01
  test : −ELBO=-1.5686e+00  NLL=1.8690e+00  NLL_R=-3.4237e+00  NLL_ω=5.2927e+00  MSE_R=1.9500e-03  MSE_ω=2.3445e-01
  sigma: σ_R=1.2476e-01  σ_ω=1.1369e-01  β=0.0000e+00
  PL   : train=-2.5533e+00  test=-3.4376e+00  σ_φ̄(train)=5.2294e-01  σ_φ̄(test)=5.1918e-01  σ_obs_ω=1.0000e-02  λ_PL=1.00
  KL   : M=2.934e+03  V=5.038e+02  Dw=3.067e+03  g=4.209e+03  sigma=4.536e+02  total=1.117e+04
  subnet MSE  M=1.272e-03  V=6.263e-02  Dw=2.141e-01  g=2.818e-01
[step   5450]
  train: −ELBO=-5.6459e-01  NLL=2.0850e+00  NLL_R=-1.6097e+00  NLL_ω=3.6947e+00  MSE_R=5.8889e-02  MSE_ω=2.0627e-01
  test : −ELBO=-1.9933e+00  NLL=1.4614e+00  NLL_R=-3.3653e+00  NLL_ω=4.8267e+00  MSE_R=1.9769e-03  MSE_ω=2.3843e-01
  sigma: σ_R=1.2727e-01  σ_ω=1.1858e-01  β=0.0000e+00
  PL   : train=-2.6496e+00  test=-3.4546e+00  σ_φ̄(train)=5.3203e-01  σ_φ̄(test)=5.2794e-01  σ_obs_ω=1.0000e-02  λ_PL=1.00
  KL   : M=2.945e+03  V=5.057e+02  Dw=3.087e+03  g=4.235e+03  sigma=4.558e+02  total=1.123e+04
  subnet MSE  M=1.305e-03  V=6.300e-02  Dw=2.336e-01  g=2.834e-01
[step   5500]
  train: −ELBO=-9.1029e-01  NLL=1.7887e+00  NLL_R=-1.6192e+00  NLL_ω=3.4079e+00  MSE_R=5.8847e-02  MSE_ω=2.0858e-01
  test : −ELBO=-2.3709e+00  NLL=1.1128e+00  NLL_R=-3.3248e+00  NLL_ω=4.4376e+00  MSE_R=1.9891e-03  MSE_ω=2.3970e-01
  sigma: σ_R=1.2908e-01  σ_ω=1.2250e-01  β=0.0000e+00
  PL   : train=-2.6990e+00  test=-3.4838e+00  σ_φ̄(train)=5.3677e-01  σ_φ̄(test)=5.3341e-01  σ_obs_ω=1.0000e-02  λ_PL=1.00
  KL   : M=2.953e+03  V=5.072e+02  Dw=3.103e+03  g=4.256e+03  sigma=4.577e+02  total=1.128e+04
  subnet MSE  M=1.350e-03  V=6.221e-02  Dw=2.309e-01  g=2.846e-01
[step   5550]
  train: −ELBO=-1.3675e+00  NLL=1.3937e+00  NLL_R=-1.6264e+00  NLL_ω=3.0201e+00  MSE_R=5.8860e-02  MSE_ω=2.0955e-01
  test : −ELBO=-2.6452e+00  NLL=8.2578e-01  NLL_R=-3.2776e+00  NLL_ω=4.1033e+00  MSE_R=2.0344e-03  MSE_ω=2.4502e-01
  sigma: σ_R=1.3115e-01  σ_ω=1.2754e-01  β=0.0000e+00
  PL   : train=-2.7611e+00  test=-3.4710e+00  σ_φ̄(train)=5.4290e-01  σ_φ̄(test)=5.3935e-01  σ_obs_ω=1.0000e-02  λ_PL=1.00
  KL   : M=2.963e+03  V=5.091e+02  Dw=3.123e+03  g=4.283e+03  sigma=4.602e+02  total=1.134e+04
  subnet MSE  M=1.434e-03  V=6.707e-02  Dw=2.435e-01  g=2.873e-01
[step   5600]
  train: −ELBO=-1.6883e+00  NLL=1.1320e+00  NLL_R=-1.6288e+00  NLL_ω=2.7607e+00  MSE_R=5.8931e-02  MSE_ω=2.1108e-01
  test : −ELBO=-3.0581e+00  NLL=4.5563e-01  NLL_R=-3.2452e+00  NLL_ω=3.7008e+00  MSE_R=2.0250e-03  MSE_ω=2.4394e-01
  sigma: σ_R=1.3265e-01  σ_ω=1.3169e-01  β=0.0000e+00
  PL   : train=-2.8203e+00  test=-3.5137e+00  σ_φ̄(train)=5.4841e-01  σ_φ̄(test)=5.4472e-01  σ_obs_ω=1.0000e-02  λ_PL=1.00
  KL   : M=2.972e+03  V=5.106e+02  Dw=3.138e+03  g=4.305e+03  sigma=4.626e+02  total=1.139e+04
  subnet MSE  M=1.381e-03  V=5.747e-02  Dw=2.407e-01  g=2.910e-01
[step   5650]
  train: −ELBO=-1.9646e+00  NLL=8.6773e-01  NLL_R=-1.6316e+00  NLL_ω=2.4993e+00  MSE_R=5.8938e-02  MSE_ω=2.1128e-01
  test : −ELBO=-3.3224e+00  NLL=1.7951e-01  NLL_R=-3.2175e+00  NLL_ω=3.3970e+00  MSE_R=2.0303e-03  MSE_ω=2.4453e-01
  sigma: σ_R=1.3393e-01  σ_ω=1.3574e-01  β=0.0000e+00
  PL   : train=-2.8324e+00  test=-3.5020e+00  σ_φ̄(train)=5.5025e-01  σ_φ̄(test)=5.4670e-01  σ_obs_ω=1.0000e-02  λ_PL=1.00
  KL   : M=2.980e+03  V=5.119e+02  Dw=3.154e+03  g=4.327e+03  sigma=4.650e+02  total=1.144e+04
  subnet MSE  M=1.363e-03  V=7.189e-02  Dw=2.458e-01  g=2.889e-01
[step   5700]
  train: −ELBO=-2.2561e+00  NLL=6.6515e-01  NLL_R=-1.6345e+00  NLL_ω=2.2996e+00  MSE_R=5.8913e-02  MSE_ω=2.1285e-01
  test : −ELBO=-3.4710e+00  NLL=7.2000e-02  NLL_R=-3.1920e+00  NLL_ω=3.2640e+00  MSE_R=2.0808e-03  MSE_ω=2.5074e-01
  sigma: σ_R=1.3505e-01  σ_ω=1.3980e-01  β=0.0000e+00
  PL   : train=-2.9213e+00  test=-3.5430e+00  σ_φ̄(train)=5.5962e-01  σ_φ̄(test)=5.5505e-01  σ_obs_ω=1.0000e-02  λ_PL=1.00
  KL   : M=2.987e+03  V=5.131e+02  Dw=3.170e+03  g=4.347e+03  sigma=4.675e+02  total=1.148e+04
  subnet MSE  M=1.396e-03  V=6.886e-02  Dw=2.513e-01  g=2.949e-01
[step   5750]
  train: −ELBO=-2.5417e+00  NLL=4.3997e-01  NLL_R=-1.6369e+00  NLL_ω=2.0769e+00  MSE_R=5.8891e-02  MSE_ω=2.1565e-01
  test : −ELBO=-3.7575e+00  NLL=-2.2983e-01  NLL_R=-3.1642e+00  NLL_ω=2.9344e+00  MSE_R=2.0886e-03  MSE_ω=2.5224e-01
  sigma: σ_R=1.3634e-01  σ_ω=1.4531e-01  β=0.0000e+00
  PL   : train=-2.9817e+00  test=-3.5277e+00  σ_φ̄(train)=5.6729e-01  σ_φ̄(test)=5.5970e-01  σ_obs_ω=1.0000e-02  λ_PL=1.00
  KL   : M=2.997e+03  V=5.149e+02  Dw=3.190e+03  g=4.377e+03  sigma=4.711e+02  total=1.155e+04
  subnet MSE  M=1.468e-03  V=6.054e-02  Dw=2.624e-01  g=2.950e-01
[step   5800]
  train: −ELBO=-2.8863e+00  NLL=1.4223e-01  NLL_R=-1.6364e+00  NLL_ω=1.7787e+00  MSE_R=5.8960e-02  MSE_ω=2.1656e-01
  test : −ELBO=-3.9881e+00  NLL=-4.6680e-01  NLL_R=-3.1355e+00  NLL_ω=2.6687e+00  MSE_R=2.1452e-03  MSE_ω=2.5822e-01
  sigma: σ_R=1.3764e-01  σ_ω=1.5231e-01  β=0.0000e+00
  PL   : train=-3.0286e+00  test=-3.5213e+00  σ_φ̄(train)=5.7232e-01  σ_φ̄(test)=5.6928e-01  σ_obs_ω=1.0000e-02  λ_PL=1.00
  KL   : M=3.010e+03  V=5.171e+02  Dw=3.217e+03  g=4.414e+03  sigma=4.758e+02  total=1.163e+04
  subnet MSE  M=1.581e-03  V=5.596e-02  Dw=2.745e-01  g=2.988e-01
[step   5850]
  train: −ELBO=-3.1835e+00  NLL=-8.7252e-02  NLL_R=-1.6376e+00  NLL_ω=1.5503e+00  MSE_R=5.8939e-02  MSE_ω=2.1791e-01
  test : −ELBO=-4.2341e+00  NLL=-6.9810e-01  NLL_R=-3.1157e+00  NLL_ω=2.4176e+00  MSE_R=2.1789e-03  MSE_ω=2.6210e-01
  sigma: σ_R=1.3855e-01  σ_ω=1.5899e-01  β=0.0000e+00
  PL   : train=-3.0963e+00  test=-3.5360e+00  σ_φ̄(train)=5.8110e-01  σ_φ̄(test)=5.7492e-01  σ_obs_ω=1.0000e-02  λ_PL=1.00
  KL   : M=3.022e+03  V=5.193e+02  Dw=3.242e+03  g=4.449e+03  sigma=4.808e+02  total=1.171e+04
  subnet MSE  M=1.687e-03  V=6.270e-02  Dw=2.822e-01  g=2.994e-01
[step   5900]
  train: −ELBO=-3.3837e+00  NLL=-2.4542e-01  NLL_R=-1.6364e+00  NLL_ω=1.3910e+00  MSE_R=5.8995e-02  MSE_ω=2.2010e-01
  test : −ELBO=-4.4895e+00  NLL=-9.3743e-01  NLL_R=-3.1035e+00  NLL_ω=2.1661e+00  MSE_R=2.1786e-03  MSE_ω=2.6266e-01
  sigma: σ_R=1.3914e-01  σ_ω=1.6509e-01  β=0.0000e+00
  PL   : train=-3.1383e+00  test=-3.5520e+00  σ_φ̄(train)=5.8545e-01  σ_φ̄(test)=5.8159e-01  σ_obs_ω=1.0000e-02  λ_PL=1.00
  KL   : M=3.033e+03  V=5.214e+02  Dw=3.265e+03  g=4.481e+03  sigma=4.856e+02  total=1.179e+04
  subnet MSE  M=1.742e-03  V=5.601e-02  Dw=2.877e-01  g=3.040e-01
[step   5950]
  train: −ELBO=-3.5961e+00  NLL=-4.0625e-01  NLL_R=-1.6373e+00  NLL_ω=1.2311e+00  MSE_R=5.8963e-02  MSE_ω=2.2105e-01
  test : −ELBO=-4.6261e+00  NLL=-1.0769e+00  NLL_R=-3.0938e+00  NLL_ω=2.0169e+00  MSE_R=2.2174e-03  MSE_ω=2.6744e-01
  sigma: σ_R=1.3956e-01  σ_ω=1.7127e-01  β=0.0000e+00
  PL   : train=-3.1899e+00  test=-3.5492e+00  σ_φ̄(train)=5.9318e-01  σ_φ̄(test)=5.8764e-01  σ_obs_ω=1.0000e-02  λ_PL=1.00
  KL   : M=3.044e+03  V=5.236e+02  Dw=3.289e+03  g=4.515e+03  sigma=4.910e+02  total=1.186e+04
  subnet MSE  M=1.894e-03  V=6.253e-02  Dw=2.986e-01  g=3.066e-01
[step   6000]
  train: −ELBO=-3.7477e+00  NLL=-5.1696e-01  NLL_R=-1.6352e+00  NLL_ω=1.1182e+00  MSE_R=5.9049e-02  MSE_ω=2.2288e-01
  test : −ELBO=-4.8219e+00  NLL=-1.2563e+00  NLL_R=-3.0881e+00  NLL_ω=1.8317e+00  MSE_R=2.2246e-03  MSE_ω=2.6784e-01
  sigma: σ_R=1.3984e-01  σ_ω=1.7704e-01  β=0.0000e+00
  PL   : train=-3.2308e+00  test=-3.5655e+00  σ_φ̄(train)=5.9803e-01  σ_φ̄(test)=5.9130e-01  σ_obs_ω=1.0000e-02  λ_PL=1.00
  KL   : M=3.054e+03  V=5.254e+02  Dw=3.311e+03  g=4.547e+03  sigma=4.966e+02  total=1.193e+04
  subnet MSE  M=1.804e-03  V=6.051e-02  Dw=3.025e-01  g=3.088e-01
[step   6050]
  train: −ELBO=-3.9071e+00  NLL=-6.3284e-01  NLL_R=-1.6365e+00  NLL_ω=1.0037e+00  MSE_R=5.8996e-02  MSE_ω=2.2387e-01
  test : −ELBO=-4.9261e+00  NLL=-1.3776e+00  NLL_R=-3.0835e+00  NLL_ω=1.7059e+00  MSE_R=2.2536e-03  MSE_ω=2.7115e-01
  sigma: σ_R=1.4002e-01  σ_ω=1.8304e-01  β=0.0000e+00
  PL   : train=-3.2743e+00  test=-3.5485e+00  σ_φ̄(train)=6.0561e-01  σ_φ̄(test)=5.9633e-01  σ_obs_ω=1.0000e-02  λ_PL=1.00
  KL   : M=3.064e+03  V=5.274e+02  Dw=3.334e+03  g=4.579e+03  sigma=5.028e+02  total=1.201e+04
  subnet MSE  M=1.833e-03  V=5.895e-02  Dw=3.031e-01  g=3.104e-01
[step   6100]
  train: −ELBO=-4.0045e+00  NLL=-7.3329e-01  NLL_R=-1.6377e+00  NLL_ω=9.0436e-01  MSE_R=5.8952e-02  MSE_ω=2.2433e-01
  test : −ELBO=-5.0174e+00  NLL=-1.4951e+00  NLL_R=-3.0807e+00  NLL_ω=1.5856e+00  MSE_R=2.2693e-03  MSE_ω=2.7307e-01
  sigma: σ_R=1.4014e-01  σ_ω=1.8868e-01  β=0.0000e+00
  PL   : train=-3.2712e+00  test=-3.5224e+00  σ_φ̄(train)=6.0239e-01  σ_φ̄(test)=5.9605e-01  σ_obs_ω=1.0000e-02  λ_PL=1.00
  KL   : M=3.074e+03  V=5.292e+02  Dw=3.356e+03  g=4.611e+03  sigma=5.092e+02  total=1.208e+04
  subnet MSE  M=1.979e-03  V=5.120e-02  Dw=3.230e-01  g=3.119e-01
[step   6150]
  train: −ELBO=-4.1205e+00  NLL=-7.9097e-01  NLL_R=-1.6354e+00  NLL_ω=8.4442e-01  MSE_R=5.9041e-02  MSE_ω=2.2669e-01
  test : −ELBO=-5.0709e+00  NLL=-1.5364e+00  NLL_R=-3.0779e+00  NLL_ω=1.5414e+00  MSE_R=2.3278e-03  MSE_ω=2.7946e-01
  sigma: σ_R=1.4021e-01  σ_ω=1.9427e-01  β=0.0000e+00
  PL   : train=-3.3295e+00  test=-3.5344e+00  σ_φ̄(train)=6.1401e-01  σ_φ̄(test)=6.0806e-01  σ_obs_ω=1.0000e-02  λ_PL=1.00
  KL   : M=3.084e+03  V=5.310e+02  Dw=3.378e+03  g=4.643e+03  sigma=5.154e+02  total=1.215e+04
  subnet MSE  M=2.080e-03  V=6.198e-02  Dw=3.154e-01  g=3.171e-01
[step   6200]
  train: −ELBO=-4.2088e+00  NLL=-8.5465e-01  NLL_R=-1.6351e+00  NLL_ω=7.8050e-01  MSE_R=5.9051e-02  MSE_ω=2.2865e-01
  test : −ELBO=-5.1767e+00  NLL=-1.6528e+00  NLL_R=-3.0767e+00  NLL_ω=1.4239e+00  MSE_R=2.3329e-03  MSE_ω=2.8055e-01
  sigma: σ_R=1.4026e-01  σ_ω=2.0046e-01  β=0.0000e+00
  PL   : train=-3.3541e+00  test=-3.5239e+00  σ_φ̄(train)=6.1637e-01  σ_φ̄(test)=6.0739e-01  σ_obs_ω=1.0000e-02  λ_PL=1.00
  KL   : M=3.095e+03  V=5.333e+02  Dw=3.403e+03  g=4.680e+03  sigma=5.227e+02  total=1.223e+04
  subnet MSE  M=2.252e-03  V=5.539e-02  Dw=3.306e-01  g=3.172e-01
[step   6250]
  train: −ELBO=-4.3057e+00  NLL=-9.2078e-01  NLL_R=-1.6358e+00  NLL_ω=7.1499e-01  MSE_R=5.9026e-02  MSE_ω=2.2942e-01
  test : −ELBO=-5.2232e+00  NLL=-1.7109e+00  NLL_R=-3.0754e+00  NLL_ω=1.3645e+00  MSE_R=2.3665e-03  MSE_ω=2.8507e-01
  sigma: σ_R=1.4028e-01  σ_ω=2.0646e-01  β=0.0000e+00
  PL   : train=-3.3849e+00  test=-3.5123e+00  σ_φ̄(train)=6.2199e-01  σ_φ̄(test)=6.1436e-01  σ_obs_ω=1.0000e-02  λ_PL=1.00
  KL   : M=3.106e+03  V=5.351e+02  Dw=3.427e+03  g=4.715e+03  sigma=5.303e+02  total=1.231e+04
  subnet MSE  M=2.243e-03  V=5.595e-02  Dw=3.311e-01  g=3.205e-01
[step   6300]
  train: −ELBO=-4.4062e+00  NLL=-9.8733e-01  NLL_R=-1.6348e+00  NLL_ω=6.4743e-01  MSE_R=5.9066e-02  MSE_ω=2.3058e-01
  test : −ELBO=-5.2891e+00  NLL=-1.8087e+00  NLL_R=-3.0743e+00  NLL_ω=1.2656e+00  MSE_R=2.3944e-03  MSE_ω=2.8753e-01
  sigma: σ_R=1.4030e-01  σ_ω=2.1417e-01  β=0.0000e+00
  PL   : train=-3.4189e+00  test=-3.4804e+00  σ_φ̄(train)=6.2769e-01  σ_φ̄(test)=6.1875e-01  σ_obs_ω=1.0000e-02  λ_PL=1.00
  KL   : M=3.120e+03  V=5.378e+02  Dw=3.459e+03  g=4.762e+03  sigma=5.409e+02  total=1.242e+04
  subnet MSE  M=2.384e-03  V=5.957e-02  Dw=3.547e-01  g=3.212e-01
[step   6350]
  train: −ELBO=-4.4585e+00  NLL=-1.0151e+00  NLL_R=-1.6353e+00  NLL_ω=6.2019e-01  MSE_R=5.9043e-02  MSE_ω=2.3270e-01
  test : −ELBO=-5.2807e+00  NLL=-1.8391e+00  NLL_R=-3.0732e+00  NLL_ω=1.2340e+00  MSE_R=2.4348e-03  MSE_ω=2.9221e-01
  sigma: σ_R=1.4030e-01  σ_ω=2.1978e-01  β=0.0000e+00
  PL   : train=-3.4434e+00  test=-3.4416e+00  σ_φ̄(train)=6.3121e-01  σ_φ̄(test)=6.2077e-01  σ_obs_ω=1.0000e-02  λ_PL=1.00
  KL   : M=3.130e+03  V=5.397e+02  Dw=3.483e+03  g=4.798e+03  sigma=5.489e+02  total=1.250e+04
  subnet MSE  M=2.559e-03  V=5.211e-02  Dw=3.781e-01  g=3.248e-01
[step   6400]
  train: −ELBO=-4.5325e+00  NLL=-1.0834e+00  NLL_R=-1.6364e+00  NLL_ω=5.5300e-01  MSE_R=5.9002e-02  MSE_ω=2.3090e-01
  test : −ELBO=-5.3369e+00  NLL=-1.9161e+00  NLL_R=-3.0729e+00  NLL_ω=1.1567e+00  MSE_R=2.4340e-03  MSE_ω=2.9288e-01
  sigma: σ_R=1.4032e-01  σ_ω=2.2638e-01  β=0.0000e+00
  PL   : train=-3.4491e+00  test=-3.4208e+00  σ_φ̄(train)=6.2736e-01  σ_φ̄(test)=6.1993e-01  σ_obs_ω=1.0000e-02  λ_PL=1.00
  KL   : M=3.144e+03  V=5.419e+02  Dw=3.511e+03  g=4.842e+03  sigma=5.584e+02  total=1.260e+04
  subnet MSE  M=2.760e-03  V=5.467e-02  Dw=3.717e-01  g=3.299e-01
[step   6450]
  train: −ELBO=-4.5648e+00  NLL=-1.0843e+00  NLL_R=-1.6359e+00  NLL_ω=5.5161e-01  MSE_R=5.9022e-02  MSE_ω=2.3385e-01
  test : −ELBO=-5.3656e+00  NLL=-1.9318e+00  NLL_R=-3.0717e+00  NLL_ω=1.1399e+00  MSE_R=2.4670e-03  MSE_ω=2.9677e-01
  sigma: σ_R=1.4033e-01  σ_ω=2.3107e-01  β=0.0000e+00
  PL   : train=-3.4806e+00  test=-3.4338e+00  σ_φ̄(train)=6.3567e-01  σ_φ̄(test)=6.2791e-01  σ_obs_ω=1.0000e-02  λ_PL=1.00
  KL   : M=3.154e+03  V=5.438e+02  Dw=3.533e+03  g=4.875e+03  sigma=5.657e+02  total=1.267e+04
  subnet MSE  M=2.777e-03  V=5.493e-02  Dw=3.632e-01  g=3.297e-01
[step   6500]
  train: −ELBO=-4.5924e+00  NLL=-1.0762e+00  NLL_R=-1.6337e+00  NLL_ω=5.5746e-01  MSE_R=5.9108e-02  MSE_ω=2.3778e-01
  test : −ELBO=-5.3376e+00  NLL=-1.9373e+00  NLL_R=-3.0703e+00  NLL_ω=1.1330e+00  MSE_R=2.5220e-03  MSE_ω=3.0224e-01
  sigma: σ_R=1.4034e-01  σ_ω=2.3641e-01  β=0.0000e+00
  PL   : train=-3.5162e+00  test=-3.4003e+00  σ_φ̄(train)=6.4291e-01  σ_φ̄(test)=6.3535e-01  σ_obs_ω=1.0000e-02  λ_PL=1.00
  KL   : M=3.165e+03  V=5.459e+02  Dw=3.558e+03  g=4.915e+03  sigma=5.744e+02  total=1.276e+04
  subnet MSE  M=2.915e-03  V=5.951e-02  Dw=3.828e-01  g=3.345e-01
[step   6550]
  train: −ELBO=-4.6398e+00  NLL=-1.1052e+00  NLL_R=-1.6338e+00  NLL_ω=5.2862e-01  MSE_R=5.9103e-02  MSE_ω=2.3820e-01
  test : −ELBO=-5.3769e+00  NLL=-2.0123e+00  NLL_R=-3.0710e+00  NLL_ω=1.0586e+00  MSE_R=2.5011e-03  MSE_ω=3.0103e-01
  sigma: σ_R=1.4033e-01  σ_ω=2.4325e-01  β=0.0000e+00
  PL   : train=-3.5346e+00  test=-3.3646e+00  σ_φ̄(train)=6.4660e-01  σ_φ̄(test)=6.3577e-01  σ_obs_ω=1.0000e-02  λ_PL=1.00
  KL   : M=3.181e+03  V=5.489e+02  Dw=3.593e+03  g=4.970e+03  sigma=5.855e+02  total=1.288e+04
  subnet MSE  M=2.995e-03  V=5.594e-02  Dw=3.929e-01  g=3.335e-01
[step   6600]
  train: −ELBO=-4.6729e+00  NLL=-1.1317e+00  NLL_R=-1.6352e+00  NLL_ω=5.0345e-01  MSE_R=5.9049e-02  MSE_ω=2.3721e-01
  test : −ELBO=-5.3367e+00  NLL=-2.0102e+00  NLL_R=-3.0699e+00  NLL_ω=1.0597e+00  MSE_R=2.5433e-03  MSE_ω=3.0553e-01
  sigma: σ_R=1.4033e-01  σ_ω=2.4765e-01  β=0.0000e+00
  PL   : train=-3.5412e+00  test=-3.3265e+00  σ_φ̄(train)=6.4446e-01  σ_φ̄(test)=6.3567e-01  σ_obs_ω=1.0000e-02  λ_PL=1.00
  KL   : M=3.192e+03  V=5.510e+02  Dw=3.619e+03  g=5.008e+03  sigma=5.934e+02  total=1.296e+04
  subnet MSE  M=3.186e-03  V=5.584e-02  Dw=4.081e-01  g=3.339e-01
[step   6650]
  train: −ELBO=-4.6934e+00  NLL=-1.1269e+00  NLL_R=-1.6353e+00  NLL_ω=5.0840e-01  MSE_R=5.9043e-02  MSE_ω=2.3953e-01
  test : −ELBO=-5.3409e+00  NLL=-2.0158e+00  NLL_R=-3.0689e+00  NLL_ω=1.0532e+00  MSE_R=2.5666e-03  MSE_ω=3.0868e-01
  sigma: σ_R=1.4035e-01  σ_ω=2.5179e-01  β=0.0000e+00
  PL   : train=-3.5665e+00  test=-3.3251e+00  σ_φ̄(train)=6.5091e-01  σ_φ̄(test)=6.4577e-01  σ_obs_ω=1.0000e-02  λ_PL=1.00
  KL   : M=3.203e+03  V=5.529e+02  Dw=3.644e+03  g=5.046e+03  sigma=6.012e+02  total=1.305e+04
  subnet MSE  M=3.335e-03  V=5.425e-02  Dw=4.170e-01  g=3.359e-01
[step   6700]
  train: −ELBO=-4.7215e+00  NLL=-1.1633e+00  NLL_R=-1.6338e+00  NLL_ω=4.7057e-01  MSE_R=5.9103e-02  MSE_ω=2.3627e-01
  test : −ELBO=-5.3443e+00  NLL=-2.0683e+00  NLL_R=-3.0696e+00  NLL_ω=1.0013e+00  MSE_R=2.5418e-03  MSE_ω=3.0617e-01
  sigma: σ_R=1.4034e-01  σ_ω=2.5647e-01  β=0.0000e+00
  PL   : train=-3.5582e+00  test=-3.2760e+00  σ_φ̄(train)=6.4260e-01  σ_φ̄(test)=6.3082e-01  σ_obs_ω=1.0000e-02  λ_PL=1.00
  KL   : M=3.217e+03  V=5.554e+02  Dw=3.675e+03  g=5.093e+03  sigma=6.103e+02  total=1.315e+04
  subnet MSE  M=3.674e-03  V=4.871e-02  Dw=4.126e-01  g=3.388e-01
[step   6750]
  train: −ELBO=-4.7421e+00  NLL=-1.1674e+00  NLL_R=-1.6347e+00  NLL_ω=4.6733e-01  MSE_R=5.9067e-02  MSE_ω=2.3727e-01
  test : −ELBO=-5.3124e+00  NLL=-2.0791e+00  NLL_R=-3.0692e+00  NLL_ω=9.9016e-01  MSE_R=2.5651e-03  MSE_ω=3.0900e-01
  sigma: σ_R=1.4033e-01  σ_ω=2.6172e-01  β=0.0000e+00
  PL   : train=-3.5747e+00  test=-3.2333e+00  σ_φ̄(train)=6.4442e-01  σ_φ̄(test)=6.3738e-01  σ_obs_ω=1.0000e-02  λ_PL=1.00
  KL   : M=3.233e+03  V=5.587e+02  Dw=3.714e+03  g=5.154e+03  sigma=6.215e+02  total=1.328e+04
  subnet MSE  M=3.814e-03  V=4.950e-02  Dw=4.289e-01  g=3.382e-01
[step   6800]
  train: −ELBO=-4.7529e+00  NLL=-1.1480e+00  NLL_R=-1.6332e+00  NLL_ω=4.8522e-01  MSE_R=5.9128e-02  MSE_ω=2.4067e-01
  test : −ELBO=-5.2540e+00  NLL=-2.0619e+00  NLL_R=-3.0679e+00  NLL_ω=1.0060e+00  MSE_R=2.6152e-03  MSE_ω=3.1428e-01
  sigma: σ_R=1.4033e-01  σ_ω=2.6567e-01  β=0.0000e+00
  PL   : train=-3.6050e+00  test=-3.1921e+00  σ_φ̄(train)=6.5177e-01  σ_φ̄(test)=6.4117e-01  σ_obs_ω=1.0000e-02  λ_PL=1.00
  KL   : M=3.248e+03  V=5.616e+02  Dw=3.749e+03  g=5.207e+03  sigma=6.309e+02  total=1.340e+04
  subnet MSE  M=4.142e-03  V=5.064e-02  Dw=4.456e-01  g=3.423e-01
[step   6850]
  train: −ELBO=-4.7811e+00  NLL=-1.1726e+00  NLL_R=-1.6349e+00  NLL_ω=4.6232e-01  MSE_R=5.9059e-02  MSE_ω=2.3800e-01
  test : −ELBO=-5.2545e+00  NLL=-2.0737e+00  NLL_R=-3.0675e+00  NLL_ω=9.9383e-01  MSE_R=2.6226e-03  MSE_ω=3.1489e-01
  sigma: σ_R=1.4035e-01  σ_ω=2.6889e-01  β=0.0000e+00
  PL   : train=-3.6085e+00  test=-3.1808e+00  σ_φ̄(train)=6.4857e-01  σ_φ̄(test)=6.3682e-01  σ_obs_ω=1.0000e-02  λ_PL=1.00
  KL   : M=3.262e+03  V=5.643e+02  Dw=3.781e+03  g=5.256e+03  sigma=6.395e+02  total=1.350e+04
  subnet MSE  M=4.710e-03  V=4.822e-02  Dw=4.571e-01  g=3.425e-01
[step   6900]
  train: −ELBO=-4.7854e+00  NLL=-1.1632e+00  NLL_R=-1.6341e+00  NLL_ω=4.7095e-01  MSE_R=5.9090e-02  MSE_ω=2.3952e-01
  test : −ELBO=-5.1790e+00  NLL=-2.0413e+00  NLL_R=-3.0665e+00  NLL_ω=1.0252e+00  MSE_R=2.6694e-03  MSE_ω=3.2076e-01
  sigma: σ_R=1.4034e-01  σ_ω=2.7066e-01  β=0.0000e+00
  PL   : train=-3.6222e+00  test=-3.1377e+00  σ_φ̄(train)=6.5214e-01  σ_φ̄(test)=6.4161e-01  σ_obs_ω=1.0000e-02  λ_PL=1.00
  KL   : M=3.271e+03  V=5.659e+02  Dw=3.803e+03  g=5.288e+03  sigma=6.449e+02  total=1.357e+04
  subnet MSE  M=4.648e-03  V=5.254e-02  Dw=4.712e-01  g=3.449e-01
[step   6950]
  train: −ELBO=-4.7948e+00  NLL=-1.1621e+00  NLL_R=-1.6336e+00  NLL_ω=4.7155e-01  MSE_R=5.9110e-02  MSE_ω=2.3982e-01
  test : −ELBO=-5.1719e+00  NLL=-2.0384e+00  NLL_R=-3.0660e+00  NLL_ω=1.0277e+00  MSE_R=2.6823e-03  MSE_ω=3.2224e-01
  sigma: σ_R=1.4035e-01  σ_ω=2.7219e-01  β=0.0000e+00
  PL   : train=-3.6327e+00  test=-3.1335e+00  σ_φ̄(train)=6.5393e-01  σ_φ̄(test)=6.4292e-01  σ_obs_ω=1.0000e-02  λ_PL=1.00
  KL   : M=3.279e+03  V=5.676e+02  Dw=3.823e+03  g=5.318e+03  sigma=6.499e+02  total=1.364e+04
  subnet MSE  M=4.783e-03  V=6.233e-02  Dw=4.808e-01  g=3.447e-01
[step   7000]
  train: −ELBO=-4.8091e+00  NLL=-1.1707e+00  NLL_R=-1.6333e+00  NLL_ω=4.6267e-01  MSE_R=5.9122e-02  MSE_ω=2.3868e-01
  test : −ELBO=-5.0813e+00  NLL=-2.0331e+00  NLL_R=-3.0658e+00  NLL_ω=1.0327e+00  MSE_R=2.6948e-03  MSE_ω=3.2417e-01
  sigma: σ_R=1.4034e-01  σ_ω=2.7380e-01  β=0.0000e+00
  PL   : train=-3.6384e+00  test=-3.0483e+00  σ_φ̄(train)=6.5520e-01  σ_φ̄(test)=6.4426e-01  σ_obs_ω=1.0000e-02  λ_PL=1.00
  KL   : M=3.289e+03  V=5.695e+02  Dw=3.847e+03  g=5.353e+03  sigma=6.560e+02  total=1.372e+04
  subnet MSE  M=4.998e-03  V=5.212e-02  Dw=4.919e-01  g=3.441e-01
[step   7050]
  train: −ELBO=-4.8097e+00  NLL=-1.1733e+00  NLL_R=-1.6344e+00  NLL_ω=4.6111e-01  MSE_R=5.9079e-02  MSE_ω=2.3859e-01
  test : −ELBO=-5.0660e+00  NLL=-2.0455e+00  NLL_R=-3.0653e+00  NLL_ω=1.0198e+00  MSE_R=2.7037e-03  MSE_ω=3.2332e-01
  sigma: σ_R=1.4036e-01  σ_ω=2.7537e-01  β=0.0000e+00
  PL   : train=-3.6364e+00  test=-3.0205e+00  σ_φ̄(train)=6.4860e-01  σ_φ̄(test)=6.3722e-01  σ_obs_ω=1.0000e-02  λ_PL=1.00
  KL   : M=3.301e+03  V=5.716e+02  Dw=3.875e+03  g=5.393e+03  sigma=6.629e+02  total=1.380e+04
  subnet MSE  M=5.047e-03  V=6.022e-02  Dw=4.932e-01  g=3.470e-01
[step   7100]
  train: −ELBO=-4.8117e+00  NLL=-1.1631e+00  NLL_R=-1.6362e+00  NLL_ω=4.7310e-01  MSE_R=5.9009e-02  MSE_ω=2.4051e-01
  test : −ELBO=-5.0514e+00  NLL=-2.0426e+00  NLL_R=-3.0654e+00  NLL_ω=1.0228e+00  MSE_R=2.7082e-03  MSE_ω=3.2457e-01
  sigma: σ_R=1.4034e-01  σ_ω=2.7650e-01  β=0.0000e+00
  PL   : train=-3.6485e+00  test=-3.0088e+00  σ_φ̄(train)=6.5129e-01  σ_φ̄(test)=6.3957e-01  σ_obs_ω=1.0000e-02  λ_PL=1.00
  KL   : M=3.310e+03  V=5.735e+02  Dw=3.897e+03  g=5.425e+03  sigma=6.683e+02  total=1.387e+04
  subnet MSE  M=5.131e-03  V=5.189e-02  Dw=4.993e-01  g=3.513e-01
[step   7150]
  train: −ELBO=-4.8156e+00  NLL=-1.1388e+00  NLL_R=-1.6349e+00  NLL_ω=4.9614e-01  MSE_R=5.9059e-02  MSE_ω=2.4413e-01
  test : −ELBO=-5.0577e+00  NLL=-2.0235e+00  NLL_R=-3.0647e+00  NLL_ω=1.0412e+00  MSE_R=2.7366e-03  MSE_ω=3.2808e-01
  sigma: σ_R=1.4034e-01  σ_ω=2.7748e-01  β=0.0000e+00
  PL   : train=-3.6768e+00  test=-3.0342e+00  σ_φ̄(train)=6.6253e-01  σ_φ̄(test)=6.5264e-01  σ_obs_ω=1.0000e-02  λ_PL=1.00
  KL   : M=3.320e+03  V=5.754e+02  Dw=3.920e+03  g=5.458e+03  sigma=6.740e+02  total=1.395e+04
  subnet MSE  M=5.411e-03  V=5.039e-02  Dw=5.048e-01  g=3.487e-01
[step   7200]
  train: −ELBO=-4.7758e+00  NLL=-1.0413e+00  NLL_R=-1.6323e+00  NLL_ω=5.9095e-01  MSE_R=5.9165e-02  MSE_ω=2.5888e-01
  test : −ELBO=-5.1254e+00  NLL=-1.8966e+00  NLL_R=-3.0601e+00  NLL_ω=1.1635e+00  MSE_R=2.9060e-03  MSE_ω=3.4755e-01
  sigma: σ_R=1.4036e-01  σ_ω=2.7827e-01  β=0.0000e+00
  PL   : train=-3.7345e+00  test=-3.2288e+00  σ_φ̄(train)=7.0911e-01  σ_φ̄(test)=7.0799e-01  σ_obs_ω=1.0000e-02  λ_PL=1.00
  KL   : M=3.329e+03  V=5.772e+02  Dw=3.940e+03  g=5.487e+03  sigma=6.787e+02  total=1.401e+04
  subnet MSE  M=5.571e-03  V=5.135e-02  Dw=5.266e-01  g=3.549e-01
[step   7250]
  train: −ELBO=-4.8181e+00  NLL=-1.1361e+00  NLL_R=-1.6331e+00  NLL_ω=4.9698e-01  MSE_R=5.9131e-02  MSE_ω=2.4439e-01
  test : −ELBO=-5.1238e+00  NLL=-2.0227e+00  NLL_R=-3.0643e+00  NLL_ω=1.0415e+00  MSE_R=2.7489e-03  MSE_ω=3.2916e-01
  sigma: σ_R=1.4035e-01  σ_ω=2.7898e-01  β=0.0000e+00
  PL   : train=-3.6820e+00  test=-3.1011e+00  σ_φ̄(train)=6.6599e-01  σ_φ̄(test)=6.4779e-01  σ_obs_ω=1.0000e-02  λ_PL=1.00
  KL   : M=3.337e+03  V=5.787e+02  Dw=3.958e+03  g=5.512e+03  sigma=6.816e+02  total=1.407e+04
  subnet MSE  M=5.739e-03  V=4.932e-02  Dw=5.343e-01  g=3.492e-01
[step   7300]
  train: −ELBO=-4.8269e+00  NLL=-1.1645e+00  NLL_R=-1.6343e+00  NLL_ω=4.6981e-01  MSE_R=5.9082e-02  MSE_ω=2.4018e-01
  test : −ELBO=-5.0294e+00  NLL=-2.0291e+00  NLL_R=-3.0647e+00  NLL_ω=1.0356e+00  MSE_R=2.7443e-03  MSE_ω=3.2855e-01
  sigma: σ_R=1.4033e-01  σ_ω=2.7942e-01  β=0.0000e+00
  PL   : train=-3.6624e+00  test=-3.0003e+00  σ_φ̄(train)=6.5365e-01  σ_φ̄(test)=6.3797e-01  σ_obs_ω=1.0000e-02  λ_PL=1.00
  KL   : M=3.343e+03  V=5.798e+02  Dw=3.973e+03  g=5.533e+03  sigma=6.840e+02  total=1.411e+04
  subnet MSE  M=5.982e-03  V=4.781e-02  Dw=5.283e-01  g=3.502e-01
[step   7350]
  train: −ELBO=-4.8342e+00  NLL=-1.1657e+00  NLL_R=-1.6351e+00  NLL_ω=4.6933e-01  MSE_R=5.9054e-02  MSE_ω=2.4012e-01
  test : −ELBO=-4.9315e+00  NLL=-2.0230e+00  NLL_R=-3.0639e+00  NLL_ω=1.0409e+00  MSE_R=2.7558e-03  MSE_ω=3.2971e-01
  sigma: σ_R=1.4036e-01  σ_ω=2.7993e-01  β=0.0000e+00
  PL   : train=-3.6685e+00  test=-2.9085e+00  σ_φ̄(train)=6.5355e-01  σ_φ̄(test)=6.4073e-01  σ_obs_ω=1.0000e-02  λ_PL=1.00
  KL   : M=3.352e+03  V=5.814e+02  Dw=3.992e+03  g=5.561e+03  sigma=6.876e+02  total=1.417e+04
  subnet MSE  M=5.865e-03  V=5.420e-02  Dw=5.397e-01  g=3.493e-01
[step   7400]
  train: −ELBO=-4.8282e+00  NLL=-1.1657e+00  NLL_R=-1.6325e+00  NLL_ω=4.6677e-01  MSE_R=5.9156e-02  MSE_ω=2.3974e-01
  test : −ELBO=-4.9062e+00  NLL=-2.0276e+00  NLL_R=-3.0643e+00  NLL_ω=1.0367e+00  MSE_R=2.7537e-03  MSE_ω=3.2936e-01
  sigma: σ_R=1.4034e-01  σ_ω=2.8041e-01  β=0.0000e+00
  PL   : train=-3.6625e+00  test=-2.8787e+00  σ_φ̄(train)=6.5064e-01  σ_φ̄(test)=6.3833e-01  σ_obs_ω=1.0000e-02  λ_PL=1.00
  KL   : M=3.361e+03  V=5.830e+02  Dw=4.012e+03  g=5.589e+03  sigma=6.917e+02  total=1.424e+04
  subnet MSE  M=6.000e-03  V=5.542e-02  Dw=5.413e-01  g=3.473e-01
[step   7450]
  train: −ELBO=-4.8371e+00  NLL=-1.1666e+00  NLL_R=-1.6331e+00  NLL_ω=4.6649e-01  MSE_R=5.9131e-02  MSE_ω=2.3970e-01
  test : −ELBO=-4.8527e+00  NLL=-2.0125e+00  NLL_R=-3.0641e+00  NLL_ω=1.0515e+00  MSE_R=2.7690e-03  MSE_ω=3.3191e-01
  sigma: σ_R=1.4033e-01  σ_ω=2.8072e-01  β=0.0000e+00
  PL   : train=-3.6705e+00  test=-2.8402e+00  σ_φ̄(train)=6.5232e-01  σ_φ̄(test)=6.3978e-01  σ_obs_ω=1.0000e-02  λ_PL=1.00
  KL   : M=3.367e+03  V=5.843e+02  Dw=4.025e+03  g=5.609e+03  sigma=6.943e+02  total=1.428e+04
  subnet MSE  M=6.178e-03  V=5.903e-02  Dw=5.298e-01  g=3.481e-01
[step   7500]
  train: −ELBO=-4.8235e+00  NLL=-1.1582e+00  NLL_R=-1.6330e+00  NLL_ω=4.7481e-01  MSE_R=5.9136e-02  MSE_ω=2.4102e-01
  test : −ELBO=-4.7829e+00  NLL=-2.0072e+00  NLL_R=-3.0636e+00  NLL_ω=1.0564e+00  MSE_R=2.7688e-03  MSE_ω=3.3286e-01
  sigma: σ_R=1.4036e-01  σ_ω=2.8099e-01  β=0.0000e+00
  PL   : train=-3.6654e+00  test=-2.7756e+00  σ_φ̄(train)=6.5006e-01  σ_φ̄(test)=6.3736e-01  σ_obs_ω=1.0000e-02  λ_PL=1.00
  KL   : M=3.374e+03  V=5.858e+02  Dw=4.040e+03  g=5.630e+03  sigma=6.975e+02  total=1.433e+04
  subnet MSE  M=6.262e-03  V=5.454e-02  Dw=5.680e-01  g=3.505e-01
[step   7550]
  train: −ELBO=-4.8443e+00  NLL=-1.1648e+00  NLL_R=-1.6340e+00  NLL_ω=4.6922e-01  MSE_R=5.9095e-02  MSE_ω=2.4014e-01
  test : −ELBO=-4.7756e+00  NLL=-2.0210e+00  NLL_R=-3.0643e+00  NLL_ω=1.0432e+00  MSE_R=2.7616e-03  MSE_ω=3.3104e-01
  sigma: σ_R=1.4033e-01  σ_ω=2.8137e-01  β=0.0000e+00
  PL   : train=-3.6795e+00  test=-2.7545e+00  σ_φ̄(train)=6.5080e-01  σ_φ̄(test)=6.3696e-01  σ_obs_ω=1.0000e-02  λ_PL=1.00
  KL   : M=3.384e+03  V=5.877e+02  Dw=4.063e+03  g=5.661e+03  sigma=7.023e+02  total=1.440e+04
  subnet MSE  M=6.426e-03  V=5.020e-02  Dw=5.556e-01  g=3.507e-01
[step   7600]
  train: −ELBO=-4.8474e+00  NLL=-1.1620e+00  NLL_R=-1.6350e+00  NLL_ω=4.7306e-01  MSE_R=5.9055e-02  MSE_ω=2.4076e-01
  test : −ELBO=-4.7407e+00  NLL=-2.0060e+00  NLL_R=-3.0635e+00  NLL_ω=1.0574e+00  MSE_R=2.7906e-03  MSE_ω=3.3357e-01
  sigma: σ_R=1.4034e-01  σ_ω=2.8178e-01  β=0.0000e+00
  PL   : train=-3.6854e+00  test=-2.7347e+00  σ_φ̄(train)=6.5169e-01  σ_φ̄(test)=6.3727e-01  σ_obs_ω=1.0000e-02  λ_PL=1.00
  KL   : M=3.399e+03  V=5.907e+02  Dw=4.096e+03  g=5.708e+03  sigma=7.095e+02  total=1.450e+04
  subnet MSE  M=6.745e-03  V=5.198e-02  Dw=5.733e-01  g=3.508e-01
[step   7650]
  train: −ELBO=-4.8599e+00  NLL=-1.1759e+00  NLL_R=-1.6349e+00  NLL_ω=4.5896e-01  MSE_R=5.9062e-02  MSE_ω=2.3852e-01
  test : −ELBO=-4.7496e+00  NLL=-2.0104e+00  NLL_R=-3.0638e+00  NLL_ω=1.0534e+00  MSE_R=2.7859e-03  MSE_ω=3.3307e-01
  sigma: σ_R=1.4033e-01  σ_ω=2.8200e-01  β=0.0000e+00
  PL   : train=-3.6840e+00  test=-2.7392e+00  σ_φ̄(train)=6.4724e-01  σ_φ̄(test)=6.3185e-01  σ_obs_ω=1.0000e-02  λ_PL=1.00
  KL   : M=3.410e+03  V=5.928e+02  Dw=4.121e+03  g=5.743e+03  sigma=7.148e+02  total=1.458e+04
  subnet MSE  M=6.880e-03  V=5.108e-02  Dw=5.786e-01  g=3.526e-01
[step   7700]
  train: −ELBO=-4.8736e+00  NLL=-1.1743e+00  NLL_R=-1.6347e+00  NLL_ω=4.6041e-01  MSE_R=5.9068e-02  MSE_ω=2.3875e-01
  test : −ELBO=-4.7456e+00  NLL=-1.9982e+00  NLL_R=-3.0635e+00  NLL_ω=1.0653e+00  MSE_R=2.7895e-03  MSE_ω=3.3505e-01
  sigma: σ_R=1.4034e-01  σ_ω=2.8212e-01  β=0.0000e+00
  PL   : train=-3.6993e+00  test=-2.7474e+00  σ_φ̄(train)=6.5291e-01  σ_φ̄(test)=6.3814e-01  σ_obs_ω=1.0000e-02  λ_PL=1.00
  KL   : M=3.419e+03  V=5.946e+02  Dw=4.140e+03  g=5.770e+03  sigma=7.188e+02  total=1.464e+04
  subnet MSE  M=6.926e-03  V=5.510e-02  Dw=5.896e-01  g=3.521e-01
[step   7750]
  train: −ELBO=-4.8817e+00  NLL=-1.1886e+00  NLL_R=-1.6362e+00  NLL_ω=4.4757e-01  MSE_R=5.9010e-02  MSE_ω=2.3671e-01
  test : −ELBO=-4.7174e+00  NLL=-2.0194e+00  NLL_R=-3.0640e+00  NLL_ω=1.0446e+00  MSE_R=2.7709e-03  MSE_ω=3.3179e-01
  sigma: σ_R=1.4033e-01  σ_ω=2.8219e-01  β=0.0000e+00
  PL   : train=-3.6931e+00  test=-2.6979e+00  σ_φ̄(train)=6.4741e-01  σ_φ̄(test)=6.3221e-01  σ_obs_ω=1.0000e-02  λ_PL=1.00
  KL   : M=3.428e+03  V=5.964e+02  Dw=4.160e+03  g=5.798e+03  sigma=7.230e+02  total=1.471e+04
  subnet MSE  M=6.738e-03  V=5.416e-02  Dw=5.965e-01  g=3.508e-01
[step   7800]
  train: −ELBO=-4.8619e+00  NLL=-1.1597e+00  NLL_R=-1.6355e+00  NLL_ω=4.7584e-01  MSE_R=5.9036e-02  MSE_ω=2.4121e-01
  test : −ELBO=-4.6694e+00  NLL=-1.9942e+00  NLL_R=-3.0630e+00  NLL_ω=1.0688e+00  MSE_R=2.8080e-03  MSE_ω=3.3569e-01
  sigma: σ_R=1.4034e-01  σ_ω=2.8225e-01  β=0.0000e+00
  PL   : train=-3.7023e+00  test=-2.6752e+00  σ_φ̄(train)=6.4895e-01  σ_φ̄(test)=6.3439e-01  σ_obs_ω=1.0000e-02  λ_PL=1.00
  KL   : M=3.441e+03  V=5.992e+02  Dw=4.190e+03  g=5.839e+03  sigma=7.290e+02  total=1.480e+04
  subnet MSE  M=7.071e-03  V=5.569e-02  Dw=6.225e-01  g=3.547e-01
[step   7850]
  train: −ELBO=-4.8716e+00  NLL=-1.1647e+00  NLL_R=-1.6347e+00  NLL_ω=4.6998e-01  MSE_R=5.9067e-02  MSE_ω=2.4028e-01
  test : −ELBO=-4.6796e+00  NLL=-1.9832e+00  NLL_R=-3.0635e+00  NLL_ω=1.0802e+00  MSE_R=2.8139e-03  MSE_ω=3.3750e-01
  sigma: σ_R=1.4031e-01  σ_ω=2.8225e-01  β=0.0000e+00
  PL   : train=-3.7069e+00  test=-2.6964e+00  σ_φ̄(train)=6.5347e-01  σ_φ̄(test)=6.4064e-01  σ_obs_ω=1.0000e-02  λ_PL=1.00
  KL   : M=3.452e+03  V=6.013e+02  Dw=4.213e+03  g=5.870e+03  sigma=7.336e+02  total=1.487e+04
  subnet MSE  M=7.144e-03  V=5.542e-02  Dw=6.030e-01  g=3.489e-01
[step   7900]
  train: −ELBO=-4.8810e+00  NLL=-1.1724e+00  NLL_R=-1.6355e+00  NLL_ω=4.6307e-01  MSE_R=5.9038e-02  MSE_ω=2.3918e-01
  test : −ELBO=-4.5823e+00  NLL=-1.9794e+00  NLL_R=-3.0631e+00  NLL_ω=1.0836e+00  MSE_R=2.8215e-03  MSE_ω=3.3807e-01
  sigma: σ_R=1.4032e-01  σ_ω=2.8227e-01  β=0.0000e+00
  PL   : train=-3.7086e+00  test=-2.6028e+00  σ_φ̄(train)=6.4863e-01  σ_φ̄(test)=6.3371e-01  σ_obs_ω=1.0000e-02  λ_PL=1.00
  KL   : M=3.463e+03  V=6.038e+02  Dw=4.238e+03  g=5.905e+03  sigma=7.385e+02  total=1.495e+04
  subnet MSE  M=7.546e-03  V=5.459e-02  Dw=6.184e-01  g=3.535e-01
[step   7950]
  train: −ELBO=-4.8833e+00  NLL=-1.1781e+00  NLL_R=-1.6360e+00  NLL_ω=4.5785e-01  MSE_R=5.9019e-02  MSE_ω=2.3835e-01
  test : −ELBO=-4.5546e+00  NLL=-1.9910e+00  NLL_R=-3.0637e+00  NLL_ω=1.0726e+00  MSE_R=2.8045e-03  MSE_ω=3.3630e-01
  sigma: σ_R=1.4031e-01  σ_ω=2.8225e-01  β=0.0000e+00
  PL   : train=-3.7052e+00  test=-2.5636e+00  σ_φ̄(train)=6.4445e-01  σ_φ̄(test)=6.2995e-01  σ_obs_ω=1.0000e-02  λ_PL=1.00
  KL   : M=3.477e+03  V=6.066e+02  Dw=4.266e+03  g=5.944e+03  sigma=7.443e+02  total=1.504e+04
  subnet MSE  M=7.772e-03  V=5.369e-02  Dw=6.197e-01  g=3.532e-01
[step   8000]
  train: −ELBO=-4.8929e+00  NLL=-1.1613e+00  NLL_R=-1.6344e+00  NLL_ω=4.7308e-01  MSE_R=5.9079e-02  MSE_ω=2.4077e-01
  test : −ELBO=-4.4707e+00  NLL=-1.9448e+00  NLL_R=-3.0622e+00  NLL_ω=1.1174e+00  MSE_R=2.8638e-03  MSE_ω=3.4337e-01
  sigma: σ_R=1.4031e-01  σ_ω=2.8217e-01  β=0.0000e+00
  PL   : train=-3.7316e+00  test=-2.5259e+00  σ_φ̄(train)=6.5584e-01  σ_φ̄(test)=6.3410e-01  σ_obs_ω=1.0000e-02  λ_PL=1.00
  KL   : M=3.492e+03  V=6.097e+02  Dw=4.297e+03  g=5.987e+03  sigma=7.504e+02  total=1.514e+04
  subnet MSE  M=7.983e-03  V=5.669e-02  Dw=6.511e-01  g=3.571e-01
[step   8050]
  train: −ELBO=-4.9036e+00  NLL=-1.1786e+00  NLL_R=-1.6361e+00  NLL_ω=4.5756e-01  MSE_R=5.9012e-02  MSE_ω=2.3830e-01
  test : −ELBO=-4.4272e+00  NLL=-1.9442e+00  NLL_R=-3.0622e+00  NLL_ω=1.1180e+00  MSE_R=2.8745e-03  MSE_ω=3.4336e-01
  sigma: σ_R=1.4030e-01  σ_ω=2.8203e-01  β=0.0000e+00
  PL   : train=-3.7250e+00  test=-2.4830e+00  σ_φ̄(train)=6.4721e-01  σ_φ̄(test)=6.3068e-01  σ_obs_ω=1.0000e-02  λ_PL=1.00
  KL   : M=3.508e+03  V=6.129e+02  Dw=4.329e+03  g=6.032e+03  sigma=7.570e+02  total=1.524e+04
  subnet MSE  M=8.858e-03  V=5.715e-02  Dw=6.574e-01  g=3.572e-01
[step   8100]
  train: −ELBO=-4.9106e+00  NLL=-1.1763e+00  NLL_R=-1.6360e+00  NLL_ω=4.5970e-01  MSE_R=5.9018e-02  MSE_ω=2.3864e-01
  test : −ELBO=-4.3571e+00  NLL=-1.9451e+00  NLL_R=-3.0613e+00  NLL_ω=1.1162e+00  MSE_R=2.8685e-03  MSE_ω=3.4297e-01
  sigma: σ_R=1.4035e-01  σ_ω=2.8188e-01  β=0.0000e+00
  PL   : train=-3.7343e+00  test=-2.4120e+00  σ_φ̄(train)=6.5201e-01  σ_φ̄(test)=6.3273e-01  σ_obs_ω=1.0000e-02  λ_PL=1.00
  KL   : M=3.521e+03  V=6.154e+02  Dw=4.354e+03  g=6.067e+03  sigma=7.621e+02  total=1.532e+04
  subnet MSE  M=9.220e-03  V=5.415e-02  Dw=6.569e-01  g=3.563e-01
[step   8150]
  train: −ELBO=-4.9046e+00  NLL=-1.1891e+00  NLL_R=-1.6353e+00  NLL_ω=4.4624e-01  MSE_R=5.9045e-02  MSE_ω=2.3650e-01
  test : −ELBO=-4.3767e+00  NLL=-1.9606e+00  NLL_R=-3.0623e+00  NLL_ω=1.1017e+00  MSE_R=2.8534e-03  MSE_ω=3.4064e-01
  sigma: σ_R=1.4032e-01  σ_ω=2.8184e-01  β=0.0000e+00
  PL   : train=-3.7155e+00  test=-2.4161e+00  σ_φ̄(train)=6.4139e-01  σ_φ̄(test)=6.2545e-01  σ_obs_ω=1.0000e-02  λ_PL=1.00
  KL   : M=3.535e+03  V=6.182e+02  Dw=4.382e+03  g=6.105e+03  sigma=7.676e+02  total=1.541e+04
  subnet MSE  M=9.302e-03  V=5.310e-02  Dw=6.634e-01  g=3.518e-01
[step   8200]
  train: −ELBO=-4.9157e+00  NLL=-1.1858e+00  NLL_R=-1.6349e+00  NLL_ω=4.4904e-01  MSE_R=5.9061e-02  MSE_ω=2.3695e-01
  test : −ELBO=-4.3750e+00  NLL=-1.9505e+00  NLL_R=-3.0628e+00  NLL_ω=1.1123e+00  MSE_R=2.8538e-03  MSE_ω=3.4222e-01
  sigma: σ_R=1.4029e-01  σ_ω=2.8171e-01  β=0.0000e+00
  PL   : train=-3.7298e+00  test=-2.4245e+00  σ_φ̄(train)=6.4386e-01  σ_φ̄(test)=6.2195e-01  σ_obs_ω=1.0000e-02  λ_PL=1.00
  KL   : M=3.546e+03  V=6.206e+02  Dw=4.405e+03  g=6.136e+03  sigma=7.721e+02  total=1.548e+04
  subnet MSE  M=9.346e-03  V=5.434e-02  Dw=6.718e-01  g=3.566e-01
[step   8250]
  train: −ELBO=-4.9281e+00  NLL=-1.1903e+00  NLL_R=-1.6355e+00  NLL_ω=4.4524e-01  MSE_R=5.9036e-02  MSE_ω=2.3635e-01
  test : −ELBO=-4.3194e+00  NLL=-1.9414e+00  NLL_R=-3.0626e+00  NLL_ω=1.1212e+00  MSE_R=2.8700e-03  MSE_ω=3.4355e-01
  sigma: σ_R=1.4028e-01  σ_ω=2.8161e-01  β=0.0000e+00
  PL   : train=-3.7379e+00  test=-2.3780e+00  σ_φ̄(train)=6.4450e-01  σ_φ̄(test)=6.2597e-01  σ_obs_ω=1.0000e-02  λ_PL=1.00
  KL   : M=3.556e+03  V=6.225e+02  Dw=4.423e+03  g=6.161e+03  sigma=7.757e+02  total=1.554e+04
  subnet MSE  M=9.225e-03  V=5.738e-02  Dw=6.739e-01  g=3.590e-01
[step   8300]
  train: −ELBO=-4.9335e+00  NLL=-1.1913e+00  NLL_R=-1.6351e+00  NLL_ω=4.4384e-01  MSE_R=5.9052e-02  MSE_ω=2.3613e-01
  test : −ELBO=-4.2449e+00  NLL=-1.9169e+00  NLL_R=-3.0615e+00  NLL_ω=1.1446e+00  MSE_R=2.8951e-03  MSE_ω=3.4716e-01
  sigma: σ_R=1.4030e-01  σ_ω=2.8147e-01  β=0.0000e+00
  PL   : train=-3.7423e+00  test=-2.3280e+00  σ_φ̄(train)=6.4676e-01  σ_φ̄(test)=6.3017e-01  σ_obs_ω=1.0000e-02  λ_PL=1.00
  KL   : M=3.567e+03  V=6.247e+02  Dw=4.445e+03  g=6.190e+03  sigma=7.799e+02  total=1.561e+04
  subnet MSE  M=9.209e-03  V=5.760e-02  Dw=6.900e-01  g=3.574e-01
[step   8350]
  train: −ELBO=-4.9087e+00  NLL=-1.1597e+00  NLL_R=-1.6346e+00  NLL_ω=4.7487e-01  MSE_R=5.9072e-02  MSE_ω=2.4104e-01
  test : −ELBO=-4.2835e+00  NLL=-1.9229e+00  NLL_R=-3.0615e+00  NLL_ω=1.1386e+00  MSE_R=2.8915e-03  MSE_ω=3.4614e-01
  sigma: σ_R=1.4031e-01  σ_ω=2.8138e-01  β=0.0000e+00
  PL   : train=-3.7490e+00  test=-2.3606e+00  σ_φ̄(train)=6.4936e-01  σ_φ̄(test)=6.3530e-01  σ_obs_ω=1.0000e-02  λ_PL=1.00
  KL   : M=3.576e+03  V=6.265e+02  Dw=4.461e+03  g=6.211e+03  sigma=7.831e+02  total=1.566e+04
  subnet MSE  M=9.808e-03  V=5.638e-02  Dw=6.905e-01  g=3.567e-01
[step   8400]
  train: −ELBO=-4.9275e+00  NLL=-1.1882e+00  NLL_R=-1.6357e+00  NLL_ω=4.4754e-01  MSE_R=5.9027e-02  MSE_ω=2.3671e-01
  test : −ELBO=-4.1488e+00  NLL=-1.9318e+00  NLL_R=-3.0617e+00  NLL_ω=1.1299e+00  MSE_R=2.8852e-03  MSE_ω=3.4467e-01
  sigma: σ_R=1.4030e-01  σ_ω=2.8126e-01  β=0.0000e+00
  PL   : train=-3.7393e+00  test=-2.2170e+00  σ_φ̄(train)=6.4201e-01  σ_φ̄(test)=6.2359e-01  σ_obs_ω=1.0000e-02  λ_PL=1.00
  KL   : M=3.587e+03  V=6.289e+02  Dw=4.482e+03  g=6.240e+03  sigma=7.873e+02  total=1.573e+04
  subnet MSE  M=9.994e-03  V=5.820e-02  Dw=6.942e-01  g=3.579e-01
[step   8450]
  train: −ELBO=-4.9244e+00  NLL=-1.1894e+00  NLL_R=-1.6349e+00  NLL_ω=4.4556e-01  MSE_R=5.9060e-02  MSE_ω=2.3640e-01
  test : −ELBO=-4.0916e+00  NLL=-1.9320e+00  NLL_R=-3.0621e+00  NLL_ω=1.1301e+00  MSE_R=2.8807e-03  MSE_ω=3.4462e-01
  sigma: σ_R=1.4029e-01  σ_ω=2.8115e-01  β=0.0000e+00
  PL   : train=-3.7351e+00  test=-2.1596e+00  σ_φ̄(train)=6.3777e-01  σ_φ̄(test)=6.1532e-01  σ_obs_ω=1.0000e-02  λ_PL=1.00
  KL   : M=3.598e+03  V=6.313e+02  Dw=4.504e+03  g=6.270e+03  sigma=7.917e+02  total=1.580e+04
  subnet MSE  M=9.969e-03  V=5.760e-02  Dw=6.991e-01  g=3.579e-01
[step   8500]
  train: −ELBO=-4.9387e+00  NLL=-1.1971e+00  NLL_R=-1.6353e+00  NLL_ω=4.3821e-01  MSE_R=5.9044e-02  MSE_ω=2.3524e-01
  test : −ELBO=-4.1304e+00  NLL=-1.9223e+00  NLL_R=-3.0615e+00  NLL_ω=1.1391e+00  MSE_R=2.8945e-03  MSE_ω=3.4590e-01
  sigma: σ_R=1.4030e-01  σ_ω=2.8095e-01  β=0.0000e+00
  PL   : train=-3.7416e+00  test=-2.2081e+00  σ_φ̄(train)=6.3916e-01  σ_φ̄(test)=6.2357e-01  σ_obs_ω=1.0000e-02  λ_PL=1.00
  KL   : M=3.613e+03  V=6.341e+02  Dw=4.531e+03  g=6.307e+03  sigma=7.969e+02  total=1.588e+04
  subnet MSE  M=1.043e-02  V=5.735e-02  Dw=7.164e-01  g=3.604e-01
[step   8550]
  train: −ELBO=-4.9387e+00  NLL=-1.1750e+00  NLL_R=-1.6356e+00  NLL_ω=4.6054e-01  MSE_R=5.9033e-02  MSE_ω=2.3876e-01
  test : −ELBO=-4.1034e+00  NLL=-1.8942e+00  NLL_R=-3.0609e+00  NLL_ω=1.1667e+00  MSE_R=2.9300e-03  MSE_ω=3.5017e-01
  sigma: σ_R=1.4029e-01  σ_ω=2.8085e-01  β=0.0000e+00
  PL   : train=-3.7637e+00  test=-2.2092e+00  σ_φ̄(train)=6.4992e-01  σ_φ̄(test)=6.2783e-01  σ_obs_ω=1.0000e-02  λ_PL=1.00
  KL   : M=3.623e+03  V=6.360e+02  Dw=4.549e+03  g=6.331e+03  sigma=8.004e+02  total=1.594e+04
  subnet MSE  M=1.083e-02  V=5.730e-02  Dw=7.213e-01  g=3.593e-01
[step   8600]
  train: −ELBO=-4.9375e+00  NLL=-1.1732e+00  NLL_R=-1.6347e+00  NLL_ω=4.6151e-01  MSE_R=5.9069e-02  MSE_ω=2.3892e-01
  test : −ELBO=-4.1411e+00  NLL=-1.8751e+00  NLL_R=-3.0603e+00  NLL_ω=1.1852e+00  MSE_R=2.9572e-03  MSE_ω=3.5299e-01
  sigma: σ_R=1.4028e-01  σ_ω=2.8074e-01  β=0.0000e+00
  PL   : train=-3.7643e+00  test=-2.2661e+00  σ_φ̄(train)=6.4644e-01  σ_φ̄(test)=6.3915e-01  σ_obs_ω=1.0000e-02  λ_PL=1.00
  KL   : M=3.634e+03  V=6.382e+02  Dw=4.569e+03  g=6.358e+03  sigma=8.043e+02  total=1.600e+04
  subnet MSE  M=1.096e-02  V=5.694e-02  Dw=7.257e-01  g=3.602e-01
[step   8650]
  train: −ELBO=-4.9430e+00  NLL=-1.1966e+00  NLL_R=-1.6368e+00  NLL_ω=4.4025e-01  MSE_R=5.8985e-02  MSE_ω=2.3556e-01
  test : −ELBO=-4.0181e+00  NLL=-1.9133e+00  NLL_R=-3.0619e+00  NLL_ω=1.1486e+00  MSE_R=2.9021e-03  MSE_ω=3.4716e-01
  sigma: σ_R=1.4028e-01  σ_ω=2.8067e-01  β=0.0000e+00
  PL   : train=-3.7464e+00  test=-2.1048e+00  σ_φ̄(train)=6.3865e-01  σ_φ̄(test)=6.2256e-01  σ_obs_ω=1.0000e-02  λ_PL=1.00
  KL   : M=3.645e+03  V=6.404e+02  Dw=4.589e+03  g=6.384e+03  sigma=8.080e+02  total=1.607e+04
  subnet MSE  M=1.132e-02  V=5.712e-02  Dw=7.228e-01  g=3.600e-01
[step   8700]
  train: −ELBO=-4.9523e+00  NLL=-1.1919e+00  NLL_R=-1.6348e+00  NLL_ω=4.4283e-01  MSE_R=5.9066e-02  MSE_ω=2.3597e-01
  test : −ELBO=-3.9216e+00  NLL=-1.8850e+00  NLL_R=-3.0606e+00  NLL_ω=1.1756e+00  MSE_R=2.9412e-03  MSE_ω=3.5136e-01
  sigma: σ_R=1.4029e-01  σ_ω=2.8060e-01  β=0.0000e+00
  PL   : train=-3.7604e+00  test=-2.0367e+00  σ_φ̄(train)=6.4052e-01  σ_φ̄(test)=6.2363e-01  σ_obs_ω=1.0000e-02  λ_PL=1.00
  KL   : M=3.659e+03  V=6.430e+02  Dw=4.613e+03  g=6.416e+03  sigma=8.125e+02  total=1.614e+04
  subnet MSE  M=1.117e-02  V=5.796e-02  Dw=7.548e-01  g=3.606e-01
[step   8750]
  train: −ELBO=-4.9597e+00  NLL=-1.2000e+00  NLL_R=-1.6344e+00  NLL_ω=4.3438e-01  MSE_R=5.9080e-02  MSE_ω=2.3464e-01
  test : −ELBO=-3.9611e+00  NLL=-1.8877e+00  NLL_R=-3.0607e+00  NLL_ω=1.1730e+00  MSE_R=2.9314e-03  MSE_ω=3.5089e-01
  sigma: σ_R=1.4030e-01  σ_ω=2.8053e-01  β=0.0000e+00
  PL   : train=-3.7596e+00  test=-2.0734e+00  σ_φ̄(train)=6.3958e-01  σ_φ̄(test)=6.2116e-01  σ_obs_ω=1.0000e-02  λ_PL=1.00
  KL   : M=3.668e+03  V=6.449e+02  Dw=4.629e+03  g=6.438e+03  sigma=8.155e+02  total=1.620e+04
  subnet MSE  M=1.118e-02  V=5.809e-02  Dw=7.577e-01  g=3.590e-01
[step   8800]
  train: −ELBO=-4.9397e+00  NLL=-1.1771e+00  NLL_R=-1.6341e+00  NLL_ω=4.5703e-01  MSE_R=5.9091e-02  MSE_ω=2.3820e-01
  test : −ELBO=-3.9253e+00  NLL=-1.8712e+00  NLL_R=-3.0600e+00  NLL_ω=1.1888e+00  MSE_R=2.9585e-03  MSE_ω=3.5330e-01
  sigma: σ_R=1.4029e-01  σ_ω=2.8044e-01  β=0.0000e+00
  PL   : train=-3.7626e+00  test=-2.0541e+00  σ_φ̄(train)=6.4397e-01  σ_φ̄(test)=6.2652e-01  σ_obs_ω=1.0000e-02  λ_PL=1.00
  KL   : M=3.677e+03  V=6.467e+02  Dw=4.645e+03  g=6.459e+03  sigma=8.185e+02  total=1.625e+04
  subnet MSE  M=1.124e-02  V=6.047e-02  Dw=7.797e-01  g=3.606e-01
[step   8850]
  train: −ELBO=-4.9486e+00  NLL=-1.1876e+00  NLL_R=-1.6369e+00  NLL_ω=4.4921e-01  MSE_R=5.8983e-02  MSE_ω=2.3698e-01
  test : −ELBO=-3.8774e+00  NLL=-1.8795e+00  NLL_R=-3.0603e+00  NLL_ω=1.1808e+00  MSE_R=2.9482e-03  MSE_ω=3.5205e-01
  sigma: σ_R=1.4030e-01  σ_ω=2.8045e-01  β=0.0000e+00
  PL   : train=-3.7609e+00  test=-1.9979e+00  σ_φ̄(train)=6.4089e-01  σ_φ̄(test)=6.2275e-01  σ_obs_ω=1.0000e-02  λ_PL=1.00
  KL   : M=3.686e+03  V=6.483e+02  Dw=4.659e+03  g=6.478e+03  sigma=8.213e+02  total=1.629e+04
  subnet MSE  M=1.096e-02  V=5.899e-02  Dw=7.734e-01  g=3.598e-01
[step   8900]
  train: −ELBO=-4.9652e+00  NLL=-1.2039e+00  NLL_R=-1.6344e+00  NLL_ω=4.3045e-01  MSE_R=5.9080e-02  MSE_ω=2.3403e-01
  test : −ELBO=-3.8327e+00  NLL=-1.8798e+00  NLL_R=-3.0604e+00  NLL_ω=1.1806e+00  MSE_R=2.9467e-03  MSE_ω=3.5195e-01
  sigma: σ_R=1.4030e-01  σ_ω=2.8037e-01  β=0.0000e+00
  PL   : train=-3.7613e+00  test=-1.9529e+00  σ_φ̄(train)=6.3639e-01  σ_φ̄(test)=6.1688e-01  σ_obs_ω=1.0000e-02  λ_PL=1.00
  KL   : M=3.696e+03  V=6.501e+02  Dw=4.675e+03  g=6.500e+03  sigma=8.245e+02  total=1.635e+04
  subnet MSE  M=1.108e-02  V=6.346e-02  Dw=7.643e-01  g=3.592e-01
[step   8950]
  train: −ELBO=-4.9581e+00  NLL=-1.1909e+00  NLL_R=-1.6348e+00  NLL_ω=4.4388e-01  MSE_R=5.9064e-02  MSE_ω=2.3614e-01
  test : −ELBO=-3.8237e+00  NLL=-1.8697e+00  NLL_R=-3.0601e+00  NLL_ω=1.1904e+00  MSE_R=2.9579e-03  MSE_ω=3.5343e-01
  sigma: σ_R=1.4029e-01  σ_ω=2.8029e-01  β=0.0000e+00
  PL   : train=-3.7672e+00  test=-1.9540e+00  σ_φ̄(train)=6.3994e-01  σ_φ̄(test)=6.2410e-01  σ_obs_ω=1.0000e-02  λ_PL=1.00
  KL   : M=3.709e+03  V=6.527e+02  Dw=4.696e+03  g=6.529e+03  sigma=8.287e+02  total=1.642e+04
  subnet MSE  M=1.117e-02  V=5.983e-02  Dw=7.735e-01  g=3.603e-01
[step   9000]
  train: −ELBO=-4.9566e+00  NLL=-1.1591e+00  NLL_R=-1.6338e+00  NLL_ω=4.7463e-01  MSE_R=5.9105e-02  MSE_ω=2.4096e-01
  test : −ELBO=-3.9459e+00  NLL=-1.8281e+00  NLL_R=-3.0587e+00  NLL_ω=1.2306e+00  MSE_R=3.0093e-03  MSE_ω=3.5965e-01
  sigma: σ_R=1.4030e-01  σ_ω=2.8018e-01  β=0.0000e+00
  PL   : train=-3.7974e+00  test=-2.1178e+00  σ_φ̄(train)=6.5836e-01  σ_φ̄(test)=6.3564e-01  σ_obs_ω=1.0000e-02  λ_PL=1.00
  KL   : M=3.725e+03  V=6.558e+02  Dw=4.722e+03  g=6.563e+03  sigma=8.337e+02  total=1.650e+04
  subnet MSE  M=1.219e-02  V=6.011e-02  Dw=7.832e-01  g=3.614e-01
[step   9050]
  train: −ELBO=-4.9717e+00  NLL=-1.1958e+00  NLL_R=-1.6344e+00  NLL_ω=4.3860e-01  MSE_R=5.9081e-02  MSE_ω=2.3531e-01
  test : −ELBO=-3.7461e+00  NLL=-1.9139e+00  NLL_R=-3.0609e+00  NLL_ω=1.1471e+00  MSE_R=2.8958e-03  MSE_ω=3.4657e-01
  sigma: σ_R=1.4033e-01  σ_ω=2.8021e-01  β=0.0000e+00
  PL   : train=-3.7760e+00  test=-1.8323e+00  σ_φ̄(train)=6.4366e-01  σ_φ̄(test)=6.0219e-01  σ_obs_ω=1.0000e-02  λ_PL=1.00
  KL   : M=3.734e+03  V=6.575e+02  Dw=4.736e+03  g=6.582e+03  sigma=8.361e+02  total=1.655e+04
  subnet MSE  M=1.166e-02  V=6.051e-02  Dw=7.720e-01  g=3.592e-01
[step   9100]
  train: −ELBO=-4.9572e+00  NLL=-1.1970e+00  NLL_R=-1.6344e+00  NLL_ω=4.3745e-01  MSE_R=5.9079e-02  MSE_ω=2.3513e-01
  test : −ELBO=-3.7204e+00  NLL=-1.8625e+00  NLL_R=-3.0600e+00  NLL_ω=1.1975e+00  MSE_R=2.9596e-03  MSE_ω=3.5438e-01
  sigma: σ_R=1.4030e-01  σ_ω=2.8009e-01  β=0.0000e+00
  PL   : train=-3.7603e+00  test=-1.8579e+00  σ_φ̄(train)=6.3795e-01  σ_φ̄(test)=6.1935e-01  σ_obs_ω=1.0000e-02  λ_PL=1.00
  KL   : M=3.747e+03  V=6.597e+02  Dw=4.756e+03  g=6.609e+03  sigma=8.396e+02  total=1.661e+04
  subnet MSE  M=1.210e-02  V=6.600e-02  Dw=7.917e-01  g=3.589e-01
[step   9150]
  train: −ELBO=-4.9666e+00  NLL=-1.1959e+00  NLL_R=-1.6343e+00  NLL_ω=4.3836e-01  MSE_R=5.9084e-02  MSE_ω=2.3527e-01
  test : −ELBO=-3.7499e+00  NLL=-1.8794e+00  NLL_R=-3.0604e+00  NLL_ω=1.1810e+00  MSE_R=2.9412e-03  MSE_ω=3.5185e-01
  sigma: σ_R=1.4030e-01  σ_ω=2.8017e-01  β=0.0000e+00
  PL   : train=-3.7707e+00  test=-1.8704e+00  σ_φ̄(train)=6.3770e-01  σ_φ̄(test)=6.1709e-01  σ_obs_ω=1.0000e-02  λ_PL=1.00
  KL   : M=3.758e+03  V=6.619e+02  Dw=4.774e+03  g=6.632e+03  sigma=8.429e+02  total=1.667e+04
  subnet MSE  M=1.180e-02  V=6.567e-02  Dw=7.917e-01  g=3.584e-01
[step   9200]
  train: −ELBO=-4.9804e+00  NLL=-1.2025e+00  NLL_R=-1.6350e+00  NLL_ω=4.3255e-01  MSE_R=5.9055e-02  MSE_ω=2.3436e-01
  test : −ELBO=-3.5716e+00  NLL=-1.8539e+00  NLL_R=-3.0597e+00  NLL_ω=1.2057e+00  MSE_R=2.9759e-03  MSE_ω=3.5564e-01
  sigma: σ_R=1.4029e-01  σ_ω=2.8006e-01  β=0.0000e+00
  PL   : train=-3.7780e+00  test=-1.7176e+00  σ_φ̄(train)=6.3634e-01  σ_φ̄(test)=6.1664e-01  σ_obs_ω=1.0000e-02  λ_PL=1.00
  KL   : M=3.771e+03  V=6.645e+02  Dw=4.795e+03  g=6.659e+03  sigma=8.467e+02  total=1.674e+04
  subnet MSE  M=1.186e-02  V=6.055e-02  Dw=8.100e-01  g=3.637e-01
[step   9250]
  train: −ELBO=-4.9760e+00  NLL=-1.1979e+00  NLL_R=-1.6343e+00  NLL_ω=4.3633e-01  MSE_R=5.9085e-02  MSE_ω=2.3495e-01
  test : −ELBO=-3.6283e+00  NLL=-1.8403e+00  NLL_R=-3.0596e+00  NLL_ω=1.2194e+00  MSE_R=2.9883e-03  MSE_ω=3.5765e-01
  sigma: σ_R=1.4028e-01  σ_ω=2.7991e-01  β=0.0000e+00
  PL   : train=-3.7781e+00  test=-1.7880e+00  σ_φ̄(train)=6.3913e-01  σ_φ̄(test)=6.1820e-01  σ_obs_ω=1.0000e-02  λ_PL=1.00
  KL   : M=3.784e+03  V=6.667e+02  Dw=4.814e+03  g=6.684e+03  sigma=8.502e+02  total=1.680e+04
  subnet MSE  M=1.185e-02  V=6.214e-02  Dw=7.983e-01  g=3.589e-01
[step   9300]
  train: −ELBO=-4.9738e+00  NLL=-1.1916e+00  NLL_R=-1.6335e+00  NLL_ω=4.4194e-01  MSE_R=5.9114e-02  MSE_ω=2.3583e-01
  test : −ELBO=-3.5517e+00  NLL=-1.8471e+00  NLL_R=-3.0594e+00  NLL_ω=1.2123e+00  MSE_R=2.9763e-03  MSE_ω=3.5654e-01
  sigma: σ_R=1.4031e-01  σ_ω=2.7990e-01  β=0.0000e+00
  PL   : train=-3.7822e+00  test=-1.7047e+00  σ_φ̄(train)=6.3774e-01  σ_φ̄(test)=6.1715e-01  σ_obs_ω=1.0000e-02  λ_PL=1.00
  KL   : M=3.794e+03  V=6.686e+02  Dw=4.828e+03  g=6.702e+03  sigma=8.528e+02  total=1.685e+04
  subnet MSE  M=1.243e-02  V=6.288e-02  Dw=8.103e-01  g=3.608e-01
[step   9350]
  train: −ELBO=-4.9800e+00  NLL=-1.1944e+00  NLL_R=-1.6353e+00  NLL_ω=4.4091e-01  MSE_R=5.9045e-02  MSE_ω=2.3567e-01
  test : −ELBO=-3.4916e+00  NLL=-1.8393e+00  NLL_R=-3.0588e+00  NLL_ω=1.2195e+00  MSE_R=2.9971e-03  MSE_ω=3.5765e-01
  sigma: σ_R=1.4031e-01  σ_ω=2.7988e-01  β=0.0000e+00
  PL   : train=-3.7857e+00  test=-1.6523e+00  σ_φ̄(train)=6.3824e-01  σ_φ̄(test)=6.1715e-01  σ_obs_ω=1.0000e-02  λ_PL=1.00
  KL   : M=3.803e+03  V=6.703e+02  Dw=4.842e+03  g=6.720e+03  sigma=8.553e+02  total=1.689e+04
  subnet MSE  M=1.235e-02  V=6.431e-02  Dw=8.312e-01  g=3.625e-01
[step   9400]
  train: −ELBO=-4.9776e+00  NLL=-1.1927e+00  NLL_R=-1.6355e+00  NLL_ω=4.4279e-01  MSE_R=5.9036e-02  MSE_ω=2.3596e-01
  test : −ELBO=-3.5503e+00  NLL=-1.8371e+00  NLL_R=-3.0596e+00  NLL_ω=1.2225e+00  MSE_R=2.9951e-03  MSE_ω=3.5816e-01
  sigma: σ_R=1.4027e-01  σ_ω=2.7993e-01  β=0.0000e+00
  PL   : train=-3.7849e+00  test=-1.7131e+00  σ_φ̄(train)=6.3837e-01  σ_φ̄(test)=6.2176e-01  σ_obs_ω=1.0000e-02  λ_PL=1.00
  KL   : M=3.814e+03  V=6.720e+02  Dw=4.856e+03  g=6.738e+03  sigma=8.580e+02  total=1.694e+04
  subnet MSE  M=1.338e-02  V=6.081e-02  Dw=8.333e-01  g=3.619e-01
[step   9450]
  train: −ELBO=-4.9868e+00  NLL=-1.1964e+00  NLL_R=-1.6353e+00  NLL_ω=4.3890e-01  MSE_R=5.9045e-02  MSE_ω=2.3535e-01
  test : −ELBO=-3.4952e+00  NLL=-1.8482e+00  NLL_R=-3.0593e+00  NLL_ω=1.2112e+00  MSE_R=2.9812e-03  MSE_ω=3.5640e-01
  sigma: σ_R=1.4030e-01  σ_ω=2.7994e-01  β=0.0000e+00
  PL   : train=-3.7904e+00  test=-1.6471e+00  σ_φ̄(train)=6.3895e-01  σ_φ̄(test)=6.1576e-01  σ_obs_ω=1.0000e-02  λ_PL=1.00
  KL   : M=3.822e+03  V=6.734e+02  Dw=4.868e+03  g=6.753e+03  sigma=8.602e+02  total=1.698e+04
  subnet MSE  M=1.292e-02  V=6.120e-02  Dw=8.404e-01  g=3.613e-01
[step   9500]
  train: −ELBO=-4.9899e+00  NLL=-1.2159e+00  NLL_R=-1.6363e+00  NLL_ω=4.2039e-01  MSE_R=5.9006e-02  MSE_ω=2.3245e-01
  test : −ELBO=-3.4824e+00  NLL=-1.8366e+00  NLL_R=-3.0592e+00  NLL_ω=1.2226e+00  MSE_R=2.9991e-03  MSE_ω=3.5813e-01
  sigma: σ_R=1.4029e-01  σ_ω=2.7988e-01  β=0.0000e+00
  PL   : train=-3.7740e+00  test=-1.6457e+00  σ_φ̄(train)=6.3235e-01  σ_φ̄(test)=6.1211e-01  σ_obs_ω=1.0000e-02  λ_PL=1.00
  KL   : M=3.830e+03  V=6.751e+02  Dw=4.881e+03  g=6.770e+03  sigma=8.626e+02  total=1.702e+04
  subnet MSE  M=1.258e-02  V=5.845e-02  Dw=8.452e-01  g=3.592e-01
[step   9550]
  train: −ELBO=-4.9793e+00  NLL=-1.2199e+00  NLL_R=-1.6351e+00  NLL_ω=4.1518e-01  MSE_R=5.9053e-02  MSE_ω=2.3164e-01
  test : −ELBO=-3.3718e+00  NLL=-1.8395e+00  NLL_R=-3.0597e+00  NLL_ω=1.2203e+00  MSE_R=2.9863e-03  MSE_ω=3.5755e-01
  sigma: σ_R=1.4028e-01  σ_ω=2.7963e-01  β=0.0000e+00
  PL   : train=-3.7594e+00  test=-1.5324e+00  σ_φ̄(train)=6.2715e-01  σ_φ̄(test)=6.0860e-01  σ_obs_ω=1.0000e-02  λ_PL=1.00
  KL   : M=3.844e+03  V=6.775e+02  Dw=4.901e+03  g=6.796e+03  sigma=8.664e+02  total=1.709e+04
  subnet MSE  M=1.297e-02  V=6.180e-02  Dw=8.712e-01  g=3.630e-01
[step   9600]
  train: −ELBO=-4.9828e+00  NLL=-1.1950e+00  NLL_R=-1.6345e+00  NLL_ω=4.3950e-01  MSE_R=5.9077e-02  MSE_ω=2.3545e-01
  test : −ELBO=-3.5327e+00  NLL=-1.7994e+00  NLL_R=-3.0578e+00  NLL_ω=1.2584e+00  MSE_R=3.0483e-03  MSE_ω=3.6354e-01
  sigma: σ_R=1.4029e-01  σ_ω=2.7966e-01  β=0.0000e+00
  PL   : train=-3.7878e+00  test=-1.7333e+00  σ_φ̄(train)=6.3761e-01  σ_φ̄(test)=6.2212e-01  σ_obs_ω=1.0000e-02  λ_PL=1.00
  KL   : M=3.855e+03  V=6.794e+02  Dw=4.917e+03  g=6.816e+03  sigma=8.692e+02  total=1.714e+04
  subnet MSE  M=1.281e-02  V=6.371e-02  Dw=8.440e-01  g=3.627e-01
[step   9650]
  train: −ELBO=-4.9621e+00  NLL=-1.1560e+00  NLL_R=-1.6357e+00  NLL_ω=4.7965e-01  MSE_R=5.9029e-02  MSE_ω=2.4172e-01
  test : −ELBO=-3.4437e+00  NLL=-1.7758e+00  NLL_R=-3.0583e+00  NLL_ω=1.2825e+00  MSE_R=3.0685e-03  MSE_ω=3.6721e-01
  sigma: σ_R=1.4024e-01  σ_ω=2.7955e-01  β=0.0000e+00
  PL   : train=-3.8061e+00  test=-1.6679e+00  σ_φ̄(train)=6.4836e-01  σ_φ̄(test)=6.2565e-01  σ_obs_ω=1.0000e-02  λ_PL=1.00
  KL   : M=3.870e+03  V=6.821e+02  Dw=4.939e+03  g=6.844e+03  sigma=8.733e+02  total=1.721e+04
  subnet MSE  M=1.255e-02  V=6.381e-02  Dw=9.045e-01  g=3.713e-01
[step   9700]
  train: −ELBO=-4.9893e+00  NLL=-1.1973e+00  NLL_R=-1.6347e+00  NLL_ω=4.3733e-01  MSE_R=5.9070e-02  MSE_ω=2.3511e-01
  test : −ELBO=-3.4728e+00  NLL=-1.8121e+00  NLL_R=-3.0584e+00  NLL_ω=1.2464e+00  MSE_R=3.0281e-03  MSE_ω=3.6160e-01
  sigma: σ_R=1.4029e-01  σ_ω=2.7959e-01  β=0.0000e+00
  PL   : train=-3.7919e+00  test=-1.6608e+00  σ_φ̄(train)=6.4122e-01  σ_φ̄(test)=6.2195e-01  σ_obs_ω=1.0000e-02  λ_PL=1.00
  KL   : M=3.880e+03  V=6.840e+02  Dw=4.955e+03  g=6.865e+03  sigma=8.763e+02  total=1.726e+04
  subnet MSE  M=1.207e-02  V=6.090e-02  Dw=8.575e-01  g=3.647e-01
[step   9750]
  train: −ELBO=-4.9963e+00  NLL=-1.1963e+00  NLL_R=-1.6343e+00  NLL_ω=4.3802e-01  MSE_R=5.9085e-02  MSE_ω=2.3521e-01
  test : −ELBO=-3.2983e+00  NLL=-1.7971e+00  NLL_R=-3.0583e+00  NLL_ω=1.2611e+00  MSE_R=3.0420e-03  MSE_ω=3.6378e-01
  sigma: σ_R=1.4027e-01  σ_ω=2.7945e-01  β=0.0000e+00
  PL   : train=-3.8000e+00  test=-1.5012e+00  σ_φ̄(train)=6.3505e-01  σ_φ̄(test)=6.1459e-01  σ_obs_ω=1.0000e-02  λ_PL=1.00
  KL   : M=3.892e+03  V=6.861e+02  Dw=4.972e+03  g=6.887e+03  sigma=8.796e+02  total=1.732e+04
  subnet MSE  M=1.271e-02  V=6.522e-02  Dw=8.820e-01  g=3.652e-01
[step   9800]
  train: −ELBO=-4.9973e+00  NLL=-1.2091e+00  NLL_R=-1.6363e+00  NLL_ω=4.2725e-01  MSE_R=5.9003e-02  MSE_ω=2.3353e-01
  test : −ELBO=-3.3091e+00  NLL=-1.8069e+00  NLL_R=-3.0585e+00  NLL_ω=1.2516e+00  MSE_R=3.0390e-03  MSE_ω=3.6217e-01
  sigma: σ_R=1.4027e-01  σ_ω=2.7933e-01  β=0.0000e+00
  PL   : train=-3.7882e+00  test=-1.5022e+00  σ_φ̄(train)=6.2941e-01  σ_φ̄(test)=6.1035e-01  σ_obs_ω=1.0000e-02  λ_PL=1.00
  KL   : M=3.903e+03  V=6.882e+02  Dw=4.988e+03  g=6.907e+03  sigma=8.825e+02  total=1.737e+04
  subnet MSE  M=1.270e-02  V=6.135e-02  Dw=9.021e-01  g=3.651e-01
[step   9850]
  train: −ELBO=-5.0090e+00  NLL=-1.2099e+00  NLL_R=-1.6336e+00  NLL_ω=4.2379e-01  MSE_R=5.9110e-02  MSE_ω=2.3299e-01
  test : −ELBO=-5.5313e-01  NLL=-1.8103e+00  NLL_R=-3.0590e+00  NLL_ω=1.2487e+00  MSE_R=3.0210e-03  MSE_ω=3.6157e-01
  sigma: σ_R=1.4027e-01  σ_ω=2.7917e-01  β=0.0000e+00
  PL   : train=-3.7991e+00  test=1.2572e+00  σ_φ̄(train)=6.3535e-01  σ_φ̄(test)=6.1528e-01  σ_obs_ω=1.0000e-02  λ_PL=1.00
  KL   : M=3.914e+03  V=6.903e+02  Dw=5.005e+03  g=6.928e+03  sigma=8.856e+02  total=1.742e+04
  subnet MSE  M=1.294e-02  V=6.338e-02  Dw=8.994e-01  g=3.639e-01
[step   9900]
  train: −ELBO=-5.0010e+00  NLL=-1.2128e+00  NLL_R=-1.6360e+00  NLL_ω=4.2325e-01  MSE_R=5.9016e-02  MSE_ω=2.3291e-01
  test : −ELBO=-3.2322e+00  NLL=-1.8027e+00  NLL_R=-3.0576e+00  NLL_ω=1.2549e+00  MSE_R=3.0314e-03  MSE_ω=3.6249e-01
  sigma: σ_R=1.4032e-01  σ_ω=2.7912e-01  β=0.0000e+00
  PL   : train=-3.7882e+00  test=-1.4295e+00  σ_φ̄(train)=6.3027e-01  σ_φ̄(test)=6.1348e-01  σ_obs_ω=1.0000e-02  λ_PL=1.00
  KL   : M=3.927e+03  V=6.928e+02  Dw=5.025e+03  g=6.954e+03  sigma=8.894e+02  total=1.749e+04
  subnet MSE  M=1.331e-02  V=6.374e-02  Dw=9.147e-01  g=3.643e-01
[step   9950]
  train: −ELBO=-5.0067e+00  NLL=-1.1981e+00  NLL_R=-1.6356e+00  NLL_ω=4.3750e-01  MSE_R=5.9034e-02  MSE_ω=2.3513e-01
  test : −ELBO=-3.1975e+00  NLL=-1.8048e+00  NLL_R=-3.0584e+00  NLL_ω=1.2536e+00  MSE_R=3.0420e-03  MSE_ω=3.6229e-01
  sigma: σ_R=1.4027e-01  σ_ω=2.7911e-01  β=0.0000e+00
  PL   : train=-3.8086e+00  test=-1.3928e+00  σ_φ̄(train)=6.3779e-01  σ_φ̄(test)=6.1127e-01  σ_obs_ω=1.0000e-02  λ_PL=1.00
  KL   : M=3.939e+03  V=6.951e+02  Dw=5.042e+03  g=6.977e+03  sigma=8.928e+02  total=1.755e+04
  subnet MSE  M=1.311e-02  V=6.620e-02  Dw=9.128e-01  g=3.631e-01
[step  10000]
  train: −ELBO=-5.0138e+00  NLL=-1.2208e+00  NLL_R=-1.6359e+00  NLL_ω=4.1514e-01  MSE_R=5.9019e-02  MSE_ω=2.3165e-01
  test : −ELBO=-3.1871e+00  NLL=-1.8010e+00  NLL_R=-3.0584e+00  NLL_ω=1.2573e+00  MSE_R=3.0344e-03  MSE_ω=3.6283e-01
  sigma: σ_R=1.4029e-01  σ_ω=2.7908e-01  β=0.0000e+00
  PL   : train=-3.7930e+00  test=-1.3861e+00  σ_φ̄(train)=6.2893e-01  σ_φ̄(test)=6.1237e-01  σ_obs_ω=1.0000e-02  λ_PL=1.00
  KL   : M=3.946e+03  V=6.964e+02  Dw=5.053e+03  g=6.989e+03  sigma=8.947e+02  total=1.758e+04
  subnet MSE  M=1.273e-02  V=6.207e-02  Dw=9.177e-01  g=3.629e-01

Final per-trajectory eval ...
Final trajectory train loss 1.1120e+02 +/- 7.1442e+01
Final trajectory test loss  1.1741e+02 +/- 7.2872e+01
Final trajectory train l2 loss 1.0904e+02 +/- 7.0591e+01
Final trajectory test l2 loss  1.1453e+02 +/- 7.1635e+01
Final trajectory train geo loss 2.1556e+00 +/- 2.7424e+00
Final trajectory test geo loss  2.8765e+00 +/- 3.1383e+00
Saved final stats:  /mnt/data/thribhuvan/Projects/stochastic_port_hamiltonian/Final/SPHNP v2/src/models/3D_SO3_Windy_Pendulum/ph_gp_sde/data/run_wp3d_jax/obs0p1_fric0p5_wind0p5_ext0-sine_lr0p001_s10000_np5_smp64_T20_seed0_randu7_G0p5-0p7-0p1_260627-013929/wp3d-so3hamGPSDE-5p-stats.pkl
