Run dir : /mnt/data/thribhuvan/Projects/stochastic_port_hamiltonian/Final/SPHNP v2/src/models/3D_SO3_Windy_Pendulum/ph_gp_sde/data/run_wp3d_jax/obs0p05_fric0p5_wind0p5_ext0-sine_lr0p001_s10000_np5_smp64_T20_seed0_randu7_G0p5-0p7-0p1_260627-013930
model contains 11582 parameters
Loaded data from /mnt/data/thribhuvan/Projects/stochastic_port_hamiltonian/Final/SPHNP v2/datasets/data/windy_pendulum_3d/wp3d_dataset_extforce-sine-std0p0_fric0p5_var_fricFalse_obs_noise0p05_wind_force0p5_random_uTrue_uScale7p0_G_0p5_0p7_0p1_steps20.pkl
  dt = 0.0500  h = 0.0050  n_outer (per window) = 4  n_substeps = 10
  train batch B = 2560, test batch B = 2560, T_obs = 5, N (= B·(T−1)) = 10240

Pretraining M_net for 200 steps (lr=0.001, target = 1.000·I₃)
  using 12800 q samples drawn from training data
  pretrain step    0: loss=2.049e+00
  pretrain step   20: loss=1.923e+00
  pretrain step   40: loss=1.788e+00
  pretrain step   60: loss=1.648e+00
  pretrain step   80: loss=1.508e+00
  pretrain step  100: loss=1.375e+00
  pretrain step  120: loss=1.249e+00
  pretrain step  140: loss=1.132e+00
  pretrain step  160: loss=1.024e+00
  pretrain step  180: loss=9.257e-01
  pretrain step  199: loss=8.411e-01
  pretrain done. initial loss=2.049e+00  final loss=8.411e-01  max|M(q₀) − target|=2.006e+00
[step      0]
  train: −ELBO=1.0457e+06  NLL=1.0457e+06  NLL_R=1.5663e+04  NLL_ω=1.0301e+06  MSE_R=3.1362e-02  MSE_ω=2.0602e+00
  test : −ELBO=9.0302e+05  NLL=9.0302e+05  NLL_R=7.2662e+03  NLL_ω=8.9575e+05  MSE_R=1.4598e-02  MSE_ω=1.7951e+00
  sigma: σ_R=1.0000e-03  σ_ω=1.0000e-03  β=0.0000e+00
  PL   : train=1.3745e+00  test=-1.1662e+00  σ_φ̄(train)=6.9966e-01  σ_φ̄(test)=6.9182e-01  σ_obs_ω=1.0000e-02  λ_PL=1.00
  KL   : M=2.003e+03  V=3.320e+02  Dw=1.992e+03  g=2.988e+03  sigma=3.320e+02  total=7.647e+03
  subnet MSE  M=8.708e-01  V=2.709e+01  Dw=6.554e-03  g=3.300e-01
[step     50]
  train: −ELBO=6.8829e+05  NLL=6.8829e+05  NLL_R=1.2116e+04  NLL_ω=6.7617e+05  MSE_R=2.6263e-02  MSE_ω=1.4611e+00
  test : −ELBO=6.0810e+05  NLL=6.0810e+05  NLL_R=4.7943e+03  NLL_ω=6.0330e+05  MSE_R=1.0432e-02  MSE_ω=1.3055e+00
  sigma: σ_R=1.0403e-03  σ_ω=1.0394e-03  β=0.0000e+00
  PL   : train=2.7503e+00  test=2.4853e-01  σ_φ̄(train)=5.5705e-01  σ_φ̄(test)=5.4941e-01  σ_obs_ω=1.0000e-02  λ_PL=1.00
  KL   : M=2.013e+03  V=3.337e+02  Dw=1.996e+03  g=3.005e+03  sigma=3.341e+02  total=7.682e+03
  subnet MSE  M=4.965e-01  V=2.686e+01  Dw=1.060e-02  g=2.762e-01
[step    100]
  train: −ELBO=4.7759e+05  NLL=4.7757e+05  NLL_R=9.7613e+03  NLL_ω=4.6781e+05  MSE_R=2.3195e-02  MSE_ω=1.0992e+00
  test : −ELBO=4.1844e+05  NLL=4.1843e+05  NLL_R=3.2204e+03  NLL_ω=4.1521e+05  MSE_R=7.6966e-03  MSE_ω=9.7738e-01
  sigma: σ_R=1.0890e-03  σ_ω=1.0839e-03  β=0.0000e+00
  PL   : train=1.2977e+01  test=6.7650e+00  σ_φ̄(train)=3.5732e-01  σ_φ̄(test)=3.4939e-01  σ_obs_ω=1.0000e-02  λ_PL=1.00
  KL   : M=2.023e+03  V=3.349e+02  Dw=1.999e+03  g=3.014e+03  sigma=3.362e+02  total=7.707e+03
  subnet MSE  M=3.396e-01  V=2.644e+01  Dw=1.919e-02  g=2.808e-01
[step    150]
  train: −ELBO=3.7165e+05  NLL=3.7161e+05  NLL_R=8.4112e+03  NLL_ω=3.6320e+05  MSE_R=2.1759e-02  MSE_ω=9.1804e-01
  test : −ELBO=3.3387e+05  NLL=3.3384e+05  NLL_R=2.5105e+03  NLL_ω=3.3133e+05  MSE_R=6.5356e-03  MSE_ω=8.3854e-01
  sigma: σ_R=1.1361e-03  σ_ω=1.1242e-03  β=0.0000e+00
  PL   : train=4.4002e+01  test=2.8258e+01  σ_φ̄(train)=2.1603e-01  σ_φ̄(test)=2.0939e-01  σ_obs_ω=1.0000e-02  λ_PL=1.00
  KL   : M=2.030e+03  V=3.361e+02  Dw=2.002e+03  g=3.019e+03  sigma=3.376e+02  total=7.725e+03
  subnet MSE  M=3.875e-01  V=2.583e+01  Dw=3.224e-02  g=2.850e-01
[step    200]
  train: −ELBO=3.0640e+05  NLL=3.0630e+05  NLL_R=7.4394e+03  NLL_ω=2.9886e+05  MSE_R=2.0806e-02  MSE_ω=8.0626e-01
  test : −ELBO=2.7836e+05  NLL=2.7829e+05  NLL_R=2.0577e+03  NLL_ω=2.7623e+05  MSE_R=5.7996e-03  MSE_ω=7.4620e-01
  sigma: σ_R=1.1812e-03  σ_ω=1.1614e-03  β=0.0000e+00
  PL   : train=9.6324e+01  test=6.8674e+01  σ_φ̄(train)=1.3797e-01  σ_φ̄(test)=1.3238e-01  σ_obs_ω=1.0000e-02  λ_PL=1.00
  KL   : M=2.033e+03  V=3.374e+02  Dw=2.005e+03  g=3.023e+03  sigma=3.389e+02  total=7.738e+03
  subnet MSE  M=5.206e-01  V=2.503e+01  Dw=3.867e-02  g=2.846e-01
[step    250]
  train: −ELBO=2.6312e+05  NLL=2.6298e+05  NLL_R=6.7558e+03  NLL_ω=2.5623e+05  MSE_R=2.0171e-02  MSE_ω=7.2889e-01
  test : −ELBO=2.3940e+05  NLL=2.3930e+05  NLL_R=1.7419e+03  NLL_ω=2.3756e+05  MSE_R=5.2480e-03  MSE_ω=6.7670e-01
  sigma: σ_R=1.2203e-03  σ_ω=1.1926e-03  β=0.0000e+00
  PL   : train=1.3390e+02  test=1.0181e+02  σ_φ̄(train)=1.0461e-01  σ_φ̄(test)=9.8857e-02  σ_obs_ω=1.0000e-02  λ_PL=1.00
  KL   : M=2.035e+03  V=3.387e+02  Dw=2.008e+03  g=3.026e+03  sigma=3.394e+02  total=7.747e+03
  subnet MSE  M=6.323e-01  V=2.414e+01  Dw=4.472e-02  g=2.868e-01
[step    300]
  train: −ELBO=2.2856e+05  NLL=2.2839e+05  NLL_R=6.1811e+03  NLL_ω=2.2221e+05  MSE_R=1.9652e-02  MSE_ω=6.6427e-01
  test : −ELBO=2.0752e+05  NLL=2.0738e+05  NLL_R=1.4903e+03  NLL_ω=2.0589e+05  MSE_R=4.7878e-03  MSE_ω=6.1627e-01
  sigma: σ_R=1.2591e-03  σ_ω=1.2225e-03  β=0.0000e+00
  PL   : train=1.7477e+02  test=1.3919e+02  σ_φ̄(train)=7.8912e-02  σ_φ̄(test)=7.3810e-02  σ_obs_ω=1.0000e-02  λ_PL=1.00
  KL   : M=2.037e+03  V=3.401e+02  Dw=2.010e+03  g=3.029e+03  sigma=3.400e+02  total=7.756e+03
  subnet MSE  M=7.172e-01  V=2.316e+01  Dw=5.286e-02  g=2.913e-01
[step    350]
  train: −ELBO=2.0161e+05  NLL=2.0141e+05  NLL_R=5.7242e+03  NLL_ω=1.9569e+05  MSE_R=1.9260e-02  MSE_ω=6.1096e-01
  test : −ELBO=1.7910e+05  NLL=1.7894e+05  NLL_R=1.2687e+03  NLL_ω=1.7767e+05  MSE_R=4.3195e-03  MSE_ω=5.5529e-01
  sigma: σ_R=1.2951e-03  σ_ω=1.2494e-03  β=0.0000e+00
  PL   : train=1.9893e+02  test=1.5793e+02  σ_φ̄(train)=6.4945e-02  σ_φ̄(test)=6.1687e-02  σ_obs_ω=1.0000e-02  λ_PL=1.00
  KL   : M=2.038e+03  V=3.411e+02  Dw=2.011e+03  g=3.031e+03  sigma=3.403e+02  total=7.761e+03
  subnet MSE  M=8.328e-01  V=2.212e+01  Dw=5.308e-02  g=2.935e-01
[step    400]
  train: −ELBO=1.8076e+05  NLL=1.8054e+05  NLL_R=5.3163e+03  NLL_ω=1.7522e+05  MSE_R=1.8912e-02  MSE_ω=5.7026e-01
  test : −ELBO=1.5672e+05  NLL=1.5654e+05  NLL_R=1.0983e+03  NLL_ω=1.5544e+05  MSE_R=3.9582e-03  MSE_ω=5.0618e-01
  sigma: σ_R=1.3315e-03  σ_ω=1.2756e-03  β=0.0000e+00
  PL   : train=2.2492e+02  test=1.7873e+02  σ_φ̄(train)=5.2962e-02  σ_φ̄(test)=5.0338e-02  σ_obs_ω=1.0000e-02  λ_PL=1.00
  KL   : M=2.039e+03  V=3.422e+02  Dw=2.012e+03  g=3.032e+03  sigma=3.407e+02  total=7.766e+03
  subnet MSE  M=9.503e-01  V=2.092e+01  Dw=4.976e-02  g=2.950e-01
[step    450]
  train: −ELBO=1.7683e+05  NLL=1.7660e+05  NLL_R=5.1190e+03  NLL_ω=1.7148e+05  MSE_R=1.8914e-02  MSE_ω=5.7394e-01
  test : −ELBO=1.5248e+05  NLL=1.5230e+05  NLL_R=1.0585e+03  NLL_ω=1.5124e+05  MSE_R=3.9643e-03  MSE_ω=5.0652e-01
  sigma: σ_R=1.3570e-03  σ_ω=1.2936e-03  β=0.0000e+00
  PL   : train=2.2492e+02  test=1.8110e+02  σ_φ̄(train)=5.2081e-02  σ_φ̄(test)=4.8719e-02  σ_obs_ω=1.0000e-02  λ_PL=1.00
  KL   : M=2.039e+03  V=3.429e+02  Dw=2.013e+03  g=3.034e+03  sigma=3.408e+02  total=7.769e+03
  subnet MSE  M=9.949e-01  V=2.060e+01  Dw=5.684e-02  g=3.031e-01
[step    500]
  train: −ELBO=1.6734e+05  NLL=1.6709e+05  NLL_R=4.8823e+03  NLL_ω=1.6221e+05  MSE_R=1.8841e-02  MSE_ω=5.6098e-01
  test : −ELBO=1.4486e+05  NLL=1.4466e+05  NLL_R=9.9658e+02  NLL_ω=1.4366e+05  MSE_R=3.9015e-03  MSE_ω=4.9720e-01
  sigma: σ_R=1.3867e-03  σ_ω=1.3149e-03  β=0.0000e+00
  PL   : train=2.4679e+02  test=1.9982e+02  σ_φ̄(train)=4.6424e-02  σ_φ̄(test)=4.3415e-02  σ_obs_ω=1.0000e-02  λ_PL=1.00
  KL   : M=2.040e+03  V=3.436e+02  Dw=2.014e+03  g=3.035e+03  sigma=3.410e+02  total=7.773e+03
  subnet MSE  M=1.039e+00  V=2.024e+01  Dw=6.567e-02  g=2.953e-01
[step    550]
  train: −ELBO=1.6309e+05  NLL=1.6282e+05  NLL_R=4.6813e+03  NLL_ω=1.5814e+05  MSE_R=1.8886e-02  MSE_ω=5.6570e-01
  test : −ELBO=1.4085e+05  NLL=1.4062e+05  NLL_R=9.6360e+02  NLL_ω=1.3966e+05  MSE_R=3.9448e-03  MSE_ω=4.9993e-01
  sigma: σ_R=1.4177e-03  σ_ω=1.3373e-03  β=0.0000e+00
  PL   : train=2.7238e+02  test=2.2385e+02  σ_φ̄(train)=4.2477e-02  σ_φ̄(test)=3.9702e-02  σ_obs_ω=1.0000e-02  λ_PL=1.00
  KL   : M=2.040e+03  V=3.441e+02  Dw=2.014e+03  g=3.036e+03  sigma=3.410e+02  total=7.775e+03
  subnet MSE  M=1.139e+00  V=1.968e+01  Dw=7.008e-02  g=2.881e-01
[step    600]
  train: −ELBO=1.5589e+05  NLL=1.5561e+05  NLL_R=4.4534e+03  NLL_ω=1.5116e+05  MSE_R=1.8829e-02  MSE_ω=5.6077e-01
  test : −ELBO=1.3337e+05  NLL=1.3315e+05  NLL_R=9.0166e+02  NLL_ω=1.3225e+05  MSE_R=3.8714e-03  MSE_ω=4.9088e-01
  sigma: σ_R=1.4512e-03  σ_ω=1.3619e-03  β=0.0000e+00
  PL   : train=2.7886e+02  test=2.2532e+02  σ_φ̄(train)=3.9087e-02  σ_φ̄(test)=3.6985e-02  σ_obs_ω=1.0000e-02  λ_PL=1.00
  KL   : M=2.041e+03  V=3.447e+02  Dw=2.015e+03  g=3.036e+03  sigma=3.410e+02  total=7.777e+03
  subnet MSE  M=1.181e+00  V=1.937e+01  Dw=4.912e-02  g=2.850e-01
[step    650]
  train: −ELBO=1.5593e+05  NLL=1.5563e+05  NLL_R=4.3525e+03  NLL_ω=1.5128e+05  MSE_R=1.8917e-02  MSE_ω=5.7352e-01
  test : −ELBO=1.3249e+05  NLL=1.3225e+05  NLL_R=8.9186e+02  NLL_ω=1.3136e+05  MSE_R=3.9365e-03  MSE_ω=4.9825e-01
  sigma: σ_R=1.4713e-03  σ_ω=1.3767e-03  β=0.0000e+00
  PL   : train=2.9978e+02  test=2.4170e+02  σ_φ̄(train)=3.7212e-02  σ_φ̄(test)=3.4971e-02  σ_obs_ω=1.0000e-02  λ_PL=1.00
  KL   : M=2.041e+03  V=3.450e+02  Dw=2.016e+03  g=3.036e+03  sigma=3.412e+02  total=7.779e+03
  subnet MSE  M=1.248e+00  V=1.923e+01  Dw=4.402e-02  g=2.781e-01
[step    700]
  train: −ELBO=1.4866e+05  NLL=1.4834e+05  NLL_R=4.1602e+03  NLL_ω=1.4418e+05  MSE_R=1.8851e-02  MSE_ω=5.6525e-01
  test : −ELBO=1.2614e+05  NLL=1.2589e+05  NLL_R=8.4264e+02  NLL_ω=1.2505e+05  MSE_R=3.8836e-03  MSE_ω=4.9077e-01
  sigma: σ_R=1.5022e-03  σ_ω=1.4000e-03  β=0.0000e+00
  PL   : train=3.1772e+02  test=2.5485e+02  σ_φ̄(train)=3.4302e-02  σ_φ̄(test)=3.1960e-02  σ_obs_ω=1.0000e-02  λ_PL=1.00
  KL   : M=2.041e+03  V=3.456e+02  Dw=2.017e+03  g=3.037e+03  sigma=3.413e+02  total=7.782e+03
  subnet MSE  M=1.171e+00  V=1.891e+01  Dw=4.005e-02  g=2.780e-01
[step    750]
  train: −ELBO=1.3777e+05  NLL=1.3745e+05  NLL_R=3.8887e+03  NLL_ω=1.3357e+05  MSE_R=1.8737e-02  MSE_ω=5.5020e-01
  test : −ELBO=1.1780e+05  NLL=1.1755e+05  NLL_R=7.7730e+02  NLL_ω=1.1677e+05  MSE_R=3.8128e-03  MSE_ω=4.8138e-01
  sigma: σ_R=1.5488e-03  σ_ω=1.4351e-03  β=0.0000e+00
  PL   : train=3.1660e+02  test=2.5404e+02  σ_φ̄(train)=3.1339e-02  σ_φ̄(test)=2.9042e-02  σ_obs_ω=1.0000e-02  λ_PL=1.00
  KL   : M=2.042e+03  V=3.464e+02  Dw=2.017e+03  g=3.039e+03  sigma=3.415e+02  total=7.786e+03
  subnet MSE  M=1.170e+00  V=1.888e+01  Dw=4.104e-02  g=2.869e-01
[step    800]
  train: −ELBO=1.3248e+05  NLL=1.3215e+05  NLL_R=3.7165e+03  NLL_ω=1.2843e+05  MSE_R=1.8725e-02  MSE_ω=5.4856e-01
  test : −ELBO=1.1461e+05  NLL=1.1434e+05  NLL_R=7.5073e+02  NLL_ω=1.1359e+05  MSE_R=3.8526e-03  MSE_ω=4.8556e-01
  sigma: σ_R=1.5837e-03  σ_ω=1.4613e-03  β=0.0000e+00
  PL   : train=3.3765e+02  test=2.7722e+02  σ_φ̄(train)=2.4322e-02  σ_φ̄(test)=2.2165e-02  σ_obs_ω=1.0000e-02  λ_PL=1.00
  KL   : M=2.043e+03  V=3.469e+02  Dw=2.018e+03  g=3.041e+03  sigma=3.417e+02  total=7.790e+03
  subnet MSE  M=1.146e+00  V=1.882e+01  Dw=4.447e-02  g=2.915e-01
[step    850]
  train: −ELBO=1.2317e+05  NLL=1.2285e+05  NLL_R=3.4766e+03  NLL_ω=1.1937e+05  MSE_R=1.8626e-02  MSE_ω=5.3630e-01
  test : −ELBO=1.0703e+05  NLL=1.0677e+05  NLL_R=6.9226e+02  NLL_ω=1.0607e+05  MSE_R=3.7823e-03  MSE_ω=4.7688e-01
  sigma: σ_R=1.6328e-03  σ_ω=1.4987e-03  β=0.0000e+00
  PL   : train=3.1567e+02  test=2.6374e+02  σ_φ̄(train)=2.6515e-02  σ_φ̄(test)=2.3943e-02  σ_obs_ω=1.0000e-02  λ_PL=1.00
  KL   : M=2.043e+03  V=3.476e+02  Dw=2.019e+03  g=3.043e+03  sigma=3.415e+02  total=7.794e+03
  subnet MSE  M=1.107e+00  V=1.864e+01  Dw=4.336e-02  g=2.960e-01
[step    900]
  train: −ELBO=1.1515e+05  NLL=1.1484e+05  NLL_R=3.2821e+03  NLL_ω=1.1156e+05  MSE_R=1.8504e-02  MSE_ω=5.2259e-01
  test : −ELBO=1.0030e+05  NLL=1.0004e+05  NLL_R=6.4192e+02  NLL_ω=9.9394e+04  MSE_R=3.6986e-03  MSE_ω=4.6619e-01
  sigma: σ_R=1.6748e-03  σ_ω=1.5303e-03  β=0.0000e+00
  PL   : train=3.1172e+02  test=2.6625e+02  σ_φ̄(train)=2.6342e-02  σ_φ̄(test)=2.3716e-02  σ_obs_ω=1.0000e-02  λ_PL=1.00
  KL   : M=2.044e+03  V=3.481e+02  Dw=2.020e+03  g=3.044e+03  sigma=3.416e+02  total=7.798e+03
  subnet MSE  M=1.005e+00  V=1.858e+01  Dw=4.844e-02  g=2.952e-01
[step    950]
  train: −ELBO=1.0669e+05  NLL=1.0638e+05  NLL_R=3.0914e+03  NLL_ω=1.0329e+05  MSE_R=1.8412e-02  MSE_ω=5.0602e-01
  test : −ELBO=9.3157e+04  NLL=9.2897e+04  NLL_R=5.8962e+02  NLL_ω=9.2307e+04  MSE_R=3.5934e-03  MSE_ω=4.5257e-01
  sigma: σ_R=1.7211e-03  σ_ω=1.5650e-03  β=0.0000e+00
  PL   : train=3.0894e+02  test=2.6018e+02  σ_φ̄(train)=2.6207e-02  σ_φ̄(test)=2.3481e-02  σ_obs_ω=1.0000e-02  λ_PL=1.00
  KL   : M=2.045e+03  V=3.485e+02  Dw=2.021e+03  g=3.045e+03  sigma=3.417e+02  total=7.801e+03
  subnet MSE  M=1.029e+00  V=1.856e+01  Dw=5.188e-02  g=2.925e-01
[step   1000]
  train: −ELBO=1.0074e+05  NLL=1.0042e+05  NLL_R=2.8790e+03  NLL_ω=9.7540e+04  MSE_R=1.8419e-02  MSE_ω=5.0683e-01
  test : −ELBO=8.6202e+04  NLL=8.5941e+04  NLL_R=5.3963e+02  NLL_ω=8.5401e+04  MSE_R=3.5401e-03  MSE_ω=4.4415e-01
  sigma: σ_R=1.7835e-03  σ_ω=1.6117e-03  β=0.0000e+00
  PL   : train=3.2115e+02  test=2.6176e+02  σ_φ̄(train)=2.6443e-02  σ_φ̄(test)=2.3911e-02  σ_obs_ω=1.0000e-02  λ_PL=1.00
  KL   : M=2.046e+03  V=3.491e+02  Dw=2.022e+03  g=3.046e+03  sigma=3.417e+02  total=7.804e+03
  subnet MSE  M=1.084e+00  V=1.842e+01  Dw=5.807e-02  g=2.901e-01
[step   1050]
  train: −ELBO=9.4979e+04  NLL=9.4652e+04  NLL_R=2.7105e+03  NLL_ω=9.1941e+04  MSE_R=1.8390e-02  MSE_ω=5.0164e-01
  test : −ELBO=8.1356e+04  NLL=8.1087e+04  NLL_R=5.0353e+02  NLL_ω=8.0584e+04  MSE_R=3.5116e-03  MSE_ω=4.4038e-01
  sigma: σ_R=1.8364e-03  σ_ω=1.6515e-03  β=0.0000e+00
  PL   : train=3.2717e+02  test=2.6937e+02  σ_φ̄(train)=2.2537e-02  σ_φ̄(test)=2.0391e-02  σ_obs_ω=1.0000e-02  λ_PL=1.00
  KL   : M=2.047e+03  V=3.495e+02  Dw=2.023e+03  g=3.046e+03  sigma=3.418e+02  total=7.807e+03
  subnet MSE  M=1.037e+00  V=1.854e+01  Dw=5.606e-02  g=2.956e-01
[step   1100]
  train: −ELBO=9.1089e+04  NLL=9.0758e+04  NLL_R=2.5535e+03  NLL_ω=8.8204e+04  MSE_R=1.8420e-02  MSE_ω=5.0686e-01
  test : −ELBO=7.7212e+04  NLL=7.6944e+04  NLL_R=4.7562e+02  NLL_ω=7.6469e+04  MSE_R=3.5275e-03  MSE_ω=4.3976e-01
  sigma: σ_R=1.8932e-03  σ_ω=1.6949e-03  β=0.0000e+00
  PL   : train=3.3123e+02  test=2.6726e+02  σ_φ̄(train)=2.5211e-02  σ_φ̄(test)=2.2758e-02  σ_obs_ω=1.0000e-02  λ_PL=1.00
  KL   : M=2.047e+03  V=3.501e+02  Dw=2.023e+03  g=3.047e+03  sigma=3.418e+02  total=7.810e+03
  subnet MSE  M=1.137e+00  V=1.828e+01  Dw=5.810e-02  g=2.938e-01
[step   1150]
  train: −ELBO=8.8190e+04  NLL=8.7842e+04  NLL_R=2.4257e+03  NLL_ω=8.5416e+04  MSE_R=1.8512e-02  MSE_ω=5.1539e-01
  test : −ELBO=7.4146e+04  NLL=7.3873e+04  NLL_R=4.5403e+02  NLL_ω=7.3418e+04  MSE_R=3.5671e-03  MSE_ω=4.4342e-01
  sigma: σ_R=1.9470e-03  σ_ω=1.7368e-03  β=0.0000e+00
  PL   : train=3.4785e+02  test=2.7303e+02  σ_φ̄(train)=2.4444e-02  σ_φ̄(test)=2.2138e-02  σ_obs_ω=1.0000e-02  λ_PL=1.00
  KL   : M=2.048e+03  V=3.505e+02  Dw=2.024e+03  g=3.048e+03  sigma=3.418e+02  total=7.812e+03
  subnet MSE  M=1.125e+00  V=1.834e+01  Dw=6.318e-02  g=2.921e-01
[step   1200]
  train: −ELBO=8.2545e+04  NLL=8.2206e+04  NLL_R=2.3102e+03  NLL_ω=7.9896e+04  MSE_R=1.8455e-02  MSE_ω=5.0176e-01
  test : −ELBO=7.0490e+04  NLL=7.0223e+04  NLL_R=4.2878e+02  NLL_ω=6.9794e+04  MSE_R=3.5320e-03  MSE_ω=4.3876e-01
  sigma: σ_R=1.9917e-03  σ_ω=1.7718e-03  β=0.0000e+00
  PL   : train=3.3895e+02  test=2.6742e+02  σ_φ̄(train)=2.3305e-02  σ_φ̄(test)=2.1049e-02  σ_obs_ω=1.0000e-02  λ_PL=1.00
  KL   : M=2.048e+03  V=3.507e+02  Dw=2.026e+03  g=3.048e+03  sigma=3.419e+02  total=7.815e+03
  subnet MSE  M=1.118e+00  V=1.835e+01  Dw=7.027e-02  g=2.983e-01
[step   1250]
  train: −ELBO=7.9740e+04  NLL=7.9385e+04  NLL_R=2.1995e+03  NLL_ω=7.7186e+04  MSE_R=1.8482e-02  MSE_ω=5.0666e-01
  test : −ELBO=6.7001e+04  NLL=6.6723e+04  NLL_R=4.0563e+02  NLL_ω=6.6317e+04  MSE_R=3.5196e-03  MSE_ω=4.3572e-01
  sigma: σ_R=2.0424e-03  σ_ω=1.8115e-03  β=0.0000e+00
  PL   : train=3.5463e+02  test=2.7796e+02  σ_φ̄(train)=2.3919e-02  σ_φ̄(test)=2.1453e-02  σ_obs_ω=1.0000e-02  λ_PL=1.00
  KL   : M=2.049e+03  V=3.511e+02  Dw=2.026e+03  g=3.049e+03  sigma=3.419e+02  total=7.818e+03
  subnet MSE  M=1.162e+00  V=1.803e+01  Dw=7.248e-02  g=2.954e-01
[step   1300]
  train: −ELBO=7.5928e+04  NLL=7.5574e+04  NLL_R=2.0873e+03  NLL_ω=7.3487e+04  MSE_R=1.8416e-02  MSE_ω=5.0379e-01
  test : −ELBO=6.4378e+04  NLL=6.4096e+04  NLL_R=3.8809e+02  NLL_ω=6.3708e+04  MSE_R=3.5411e-03  MSE_ω=4.3728e-01
  sigma: σ_R=2.0925e-03  σ_ω=1.8512e-03  β=0.0000e+00
  PL   : train=3.5366e+02  test=2.8170e+02  σ_φ̄(train)=2.6280e-02  σ_φ̄(test)=2.3679e-02  σ_obs_ω=1.0000e-02  λ_PL=1.00
  KL   : M=2.050e+03  V=3.514e+02  Dw=2.027e+03  g=3.050e+03  sigma=3.419e+02  total=7.820e+03
  subnet MSE  M=1.208e+00  V=1.779e+01  Dw=7.380e-02  g=2.891e-01
[step   1350]
  train: −ELBO=7.3206e+04  NLL=7.2827e+04  NLL_R=1.9834e+03  NLL_ω=7.0844e+04  MSE_R=1.8572e-02  MSE_ω=5.1244e-01
  test : −ELBO=6.2848e+04  NLL=6.2551e+04  NLL_R=3.8004e+02  NLL_ω=6.2171e+04  MSE_R=3.6784e-03  MSE_ω=4.4997e-01
  sigma: σ_R=2.1553e-03  σ_ω=1.9016e-03  β=0.0000e+00
  PL   : train=3.7854e+02  test=2.9627e+02  σ_φ̄(train)=2.4719e-02  σ_φ̄(test)=2.2149e-02  σ_obs_ω=1.0000e-02  λ_PL=1.00
  KL   : M=2.051e+03  V=3.517e+02  Dw=2.028e+03  g=3.051e+03  sigma=3.418e+02  total=7.823e+03
  subnet MSE  M=1.220e+00  V=1.778e+01  Dw=1.036e-01  g=2.920e-01
[step   1400]
  train: −ELBO=6.8037e+04  NLL=6.7658e+04  NLL_R=1.8775e+03  NLL_ω=6.5780e+04  MSE_R=1.8455e-02  MSE_ω=4.9732e-01
  test : −ELBO=5.6336e+04  NLL=5.6055e+04  NLL_R=3.3902e+02  NLL_ω=5.5716e+04  MSE_R=3.4599e-03  MSE_ω=4.2158e-01
  sigma: σ_R=2.2078e-03  σ_ω=1.9440e-03  β=0.0000e+00
  PL   : train=3.7892e+02  test=2.8110e+02  σ_φ̄(train)=2.5640e-02  σ_φ̄(test)=2.3040e-02  σ_obs_ω=1.0000e-02  λ_PL=1.00
  KL   : M=2.051e+03  V=3.521e+02  Dw=2.029e+03  g=3.052e+03  sigma=3.419e+02  total=7.827e+03
  subnet MSE  M=1.231e+00  V=1.715e+01  Dw=1.158e-01  g=2.945e-01
[step   1450]
  train: −ELBO=6.2113e+04  NLL=6.1767e+04  NLL_R=1.7556e+03  NLL_ω=6.0011e+04  MSE_R=1.8256e-02  MSE_ω=4.7702e-01
  test : −ELBO=5.1709e+04  NLL=5.1438e+04  NLL_R=3.0579e+02  NLL_ω=5.1133e+04  MSE_R=3.3163e-03  MSE_ω=4.0696e-01
  sigma: σ_R=2.2702e-03  σ_ω=1.9933e-03  β=0.0000e+00
  PL   : train=3.4603e+02  test=2.7032e+02  σ_φ̄(train)=2.5951e-02  σ_φ̄(test)=2.2629e-02  σ_obs_ω=1.0000e-02  λ_PL=1.00
  KL   : M=2.052e+03  V=3.524e+02  Dw=2.030e+03  g=3.053e+03  sigma=3.417e+02  total=7.830e+03
  subnet MSE  M=1.172e+00  V=1.718e+01  Dw=8.943e-02  g=2.933e-01
[step   1500]
  train: −ELBO=5.7932e+04  NLL=5.7595e+04  NLL_R=1.6594e+03  NLL_ω=5.5936e+04  MSE_R=1.8081e-02  MSE_ω=4.6317e-01
  test : −ELBO=4.8279e+04  NLL=4.7966e+04  NLL_R=2.8215e+02  NLL_ω=4.7684e+04  MSE_R=3.2151e-03  MSE_ω=3.9511e-01
  sigma: σ_R=2.3233e-03  σ_ω=2.0345e-03  β=0.0000e+00
  PL   : train=3.3690e+02  test=3.1284e+02  σ_φ̄(train)=2.3822e-02  σ_φ̄(test)=2.1040e-02  σ_obs_ω=1.0000e-02  λ_PL=1.00
  KL   : M=2.053e+03  V=3.526e+02  Dw=2.031e+03  g=3.054e+03  sigma=3.417e+02  total=7.832e+03
  subnet MSE  M=1.155e+00  V=1.702e+01  Dw=8.111e-02  g=2.972e-01
[step   1550]
  train: −ELBO=5.4604e+04  NLL=5.4315e+04  NLL_R=1.5711e+03  NLL_ω=5.2744e+04  MSE_R=1.8012e-02  MSE_ω=4.5641e-01
  test : −ELBO=4.5347e+04  NLL=4.5120e+04  NLL_R=2.6146e+02  NLL_ω=4.4859e+04  MSE_R=3.1499e-03  MSE_ω=3.8895e-01
  sigma: σ_R=2.3826e-03  σ_ω=2.0797e-03  β=0.0000e+00
  PL   : train=2.8924e+02  test=2.2701e+02  σ_φ̄(train)=3.3821e-02  σ_φ̄(test)=2.9140e-02  σ_obs_ω=1.0000e-02  λ_PL=1.00
  KL   : M=2.054e+03  V=3.527e+02  Dw=2.031e+03  g=3.054e+03  sigma=3.414e+02  total=7.834e+03
  subnet MSE  M=1.090e+00  V=1.717e+01  Dw=7.615e-02  g=2.981e-01
[step   1600]
  train: −ELBO=5.1253e+04  NLL=5.0952e+04  NLL_R=1.4521e+03  NLL_ω=4.9500e+04  MSE_R=1.8039e-02  MSE_ω=4.5965e-01
  test : −ELBO=4.2527e+04  NLL=4.2296e+04  NLL_R=2.4306e+02  NLL_ω=4.2052e+04  MSE_R=3.1787e-03  MSE_ω=3.9089e-01
  sigma: σ_R=2.4792e-03  σ_ω=2.1544e-03  β=0.0000e+00
  PL   : train=3.0126e+02  test=2.3147e+02  σ_φ̄(train)=3.4119e-02  σ_φ̄(test)=3.0015e-02  σ_obs_ω=1.0000e-02  λ_PL=1.00
  KL   : M=2.056e+03  V=3.532e+02  Dw=2.033e+03  g=3.056e+03  sigma=3.412e+02  total=7.839e+03
  subnet MSE  M=1.108e+00  V=1.692e+01  Dw=8.741e-02  g=2.968e-01
[step   1650]
  train: −ELBO=4.8374e+04  NLL=4.8004e+04  NLL_R=1.3639e+03  NLL_ω=4.6640e+04  MSE_R=1.8093e-02  MSE_ω=4.5941e-01
  test : −ELBO=4.0065e+04  NLL=3.9784e+04  NLL_R=2.2775e+02  NLL_ω=3.9556e+04  MSE_R=3.1898e-03  MSE_ω=3.8999e-01
  sigma: σ_R=2.5613e-03  σ_ω=2.2189e-03  β=0.0000e+00
  PL   : train=3.6981e+02  test=2.8047e+02  σ_φ̄(train)=2.0048e-02  σ_φ̄(test)=1.7485e-02  σ_obs_ω=1.0000e-02  λ_PL=1.00
  KL   : M=2.057e+03  V=3.538e+02  Dw=2.033e+03  g=3.057e+03  sigma=3.415e+02  total=7.843e+03
  subnet MSE  M=1.139e+00  V=1.681e+01  Dw=9.256e-02  g=2.973e-01
[step   1700]
  train: −ELBO=4.4513e+04  NLL=4.4149e+04  NLL_R=1.2742e+03  NLL_ω=4.2875e+04  MSE_R=1.7975e-02  MSE_ω=4.4623e-01
  test : −ELBO=3.7297e+04  NLL=3.7019e+04  NLL_R=2.1006e+02  NLL_ω=3.6809e+04  MSE_R=3.1438e-03  MSE_ω=3.8371e-01
  sigma: σ_R=2.6403e-03  σ_ω=2.2808e-03  β=0.0000e+00
  PL   : train=3.6379e+02  test=2.7755e+02  σ_φ̄(train)=1.8186e-02  σ_φ̄(test)=1.6111e-02  σ_obs_ω=1.0000e-02  λ_PL=1.00
  KL   : M=2.058e+03  V=3.541e+02  Dw=2.034e+03  g=3.059e+03  sigma=3.416e+02  total=7.847e+03
  subnet MSE  M=1.169e+00  V=1.695e+01  Dw=1.027e-01  g=2.979e-01
[step   1750]
  train: −ELBO=4.2246e+04  NLL=4.1883e+04  NLL_R=1.1950e+03  NLL_ω=4.0688e+04  MSE_R=1.8051e-02  MSE_ω=4.5020e-01
  test : −ELBO=3.5604e+04  NLL=3.5326e+04  NLL_R=1.9894e+02  NLL_ω=3.5127e+04  MSE_R=3.1973e-03  MSE_ω=3.8940e-01
  sigma: σ_R=2.7312e-03  σ_ω=2.3516e-03  β=0.0000e+00
  PL   : train=3.6290e+02  test=2.7822e+02  σ_φ̄(train)=1.9575e-02  σ_φ̄(test)=1.7155e-02  σ_obs_ω=1.0000e-02  λ_PL=1.00
  KL   : M=2.059e+03  V=3.546e+02  Dw=2.035e+03  g=3.060e+03  sigma=3.416e+02  total=7.850e+03
  subnet MSE  M=1.158e+00  V=1.698e+01  Dw=1.043e-01  g=2.981e-01
[step   1800]
  train: −ELBO=3.8065e+04  NLL=3.7712e+04  NLL_R=1.0936e+03  NLL_ω=3.6619e+04  MSE_R=1.7887e-02  MSE_ω=4.3514e-01
  test : −ELBO=3.2333e+04  NLL=3.2062e+04  NLL_R=1.7695e+02  NLL_ω=3.1886e+04  MSE_R=3.1013e-03  MSE_ω=3.7964e-01
  sigma: σ_R=2.8405e-03  σ_ω=2.4370e-03  β=0.0000e+00
  PL   : train=3.5213e+02  test=2.7031e+02  σ_φ̄(train)=1.6428e-02  σ_φ̄(test)=1.4231e-02  σ_obs_ω=1.0000e-02  λ_PL=1.00
  KL   : M=2.060e+03  V=3.550e+02  Dw=2.036e+03  g=3.062e+03  sigma=3.418e+02  total=7.855e+03
  subnet MSE  M=1.140e+00  V=1.702e+01  Dw=9.299e-02  g=3.018e-01
[step   1850]
  train: −ELBO=3.6207e+04  NLL=3.5827e+04  NLL_R=1.0131e+03  NLL_ω=3.4814e+04  MSE_R=1.8013e-02  MSE_ω=4.4606e-01
  test : −ELBO=3.0676e+04  NLL=3.0386e+04  NLL_R=1.6664e+02  NLL_ω=3.0220e+04  MSE_R=3.1819e-03  MSE_ω=3.8762e-01
  sigma: σ_R=2.9602e-03  σ_ω=2.5305e-03  β=0.0000e+00
  PL   : train=3.8005e+02  test=2.8968e+02  σ_φ̄(train)=1.5195e-02  σ_φ̄(test)=1.3085e-02  σ_obs_ω=1.0000e-02  λ_PL=1.00
  KL   : M=2.061e+03  V=3.557e+02  Dw=2.038e+03  g=3.063e+03  sigma=3.419e+02  total=7.860e+03
  subnet MSE  M=1.166e+00  V=1.695e+01  Dw=8.726e-02  g=2.986e-01
[step   1900]
  train: −ELBO=3.3598e+04  NLL=3.3253e+04  NLL_R=9.4696e+02  NLL_ω=3.2307e+04  MSE_R=1.7863e-02  MSE_ω=4.3718e-01
  test : −ELBO=2.8246e+04  NLL=2.7977e+04  NLL_R=1.5058e+02  NLL_ω=2.7827e+04  MSE_R=3.0713e-03  MSE_ω=3.7688e-01
  sigma: σ_R=3.0477e-03  σ_ω=2.6006e-03  β=0.0000e+00
  PL   : train=3.4485e+02  test=2.6908e+02  σ_φ̄(train)=1.6591e-02  σ_φ̄(test)=1.4155e-02  σ_obs_ω=1.0000e-02  λ_PL=1.00
  KL   : M=2.062e+03  V=3.560e+02  Dw=2.038e+03  g=3.064e+03  sigma=3.418e+02  total=7.863e+03
  subnet MSE  M=1.129e+00  V=1.721e+01  Dw=7.979e-02  g=3.044e-01
[step   1950]
  train: −ELBO=3.1161e+04  NLL=3.0806e+04  NLL_R=8.8156e+02  NLL_ω=2.9924e+04  MSE_R=1.7782e-02  MSE_ω=4.3059e-01
  test : −ELBO=2.5836e+04  NLL=2.5503e+04  NLL_R=1.3605e+02  NLL_ω=2.5367e+04  MSE_R=2.9932e-03  MSE_ω=3.6564e-01
  sigma: σ_R=3.1499e-03  σ_ω=2.6816e-03  β=0.0000e+00
  PL   : train=3.5474e+02  test=3.3301e+02  σ_φ̄(train)=1.6022e-02  σ_φ̄(test)=1.3773e-02  σ_obs_ω=1.0000e-02  λ_PL=1.00
  KL   : M=2.063e+03  V=3.565e+02  Dw=2.039e+03  g=3.066e+03  sigma=3.419e+02  total=7.866e+03
  subnet MSE  M=1.101e+00  V=1.676e+01  Dw=8.604e-02  g=3.019e-01
[step   2000]
  train: −ELBO=2.9637e+04  NLL=2.9340e+04  NLL_R=8.3121e+02  NLL_ω=2.8508e+04  MSE_R=1.7820e-02  MSE_ω=4.3372e-01
  test : −ELBO=2.4394e+04  NLL=2.4168e+04  NLL_R=1.2761e+02  NLL_ω=2.4040e+04  MSE_R=2.9964e-03  MSE_ω=3.6615e-01
  sigma: σ_R=3.2460e-03  σ_ω=2.7573e-03  β=0.0000e+00
  PL   : train=2.9693e+02  test=2.2616e+02  σ_φ̄(train)=3.2992e-02  σ_φ̄(test)=2.8439e-02  σ_obs_ω=1.0000e-02  λ_PL=1.00
  KL   : M=2.064e+03  V=3.568e+02  Dw=2.041e+03  g=3.067e+03  sigma=3.420e+02  total=7.870e+03
  subnet MSE  M=1.153e+00  V=1.677e+01  Dw=9.921e-02  g=3.016e-01
[step   2050]
  train: −ELBO=2.7690e+04  NLL=2.7389e+04  NLL_R=7.7909e+02  NLL_ω=2.6610e+04  MSE_R=1.7808e-02  MSE_ω=4.2952e-01
  test : −ELBO=2.2594e+04  NLL=2.2360e+04  NLL_R=1.1681e+02  NLL_ω=2.2244e+04  MSE_R=2.9474e-03  MSE_ω=3.5953e-01
  sigma: σ_R=3.3500e-03  σ_ω=2.8401e-03  β=0.0000e+00
  PL   : train=3.0118e+02  test=2.3365e+02  σ_φ̄(train)=3.2713e-02  σ_φ̄(test)=2.6552e-02  σ_obs_ω=1.0000e-02  λ_PL=1.00
  KL   : M=2.064e+03  V=3.572e+02  Dw=2.042e+03  g=3.068e+03  sigma=3.422e+02  total=7.874e+03
  subnet MSE  M=1.147e+00  V=1.651e+01  Dw=1.031e-01  g=3.002e-01
[step   2100]
  train: −ELBO=2.5846e+04  NLL=2.5485e+04  NLL_R=7.2947e+02  NLL_ω=2.4756e+04  MSE_R=1.7776e-02  MSE_ω=4.2379e-01
  test : −ELBO=2.1170e+04  NLL=2.0901e+04  NLL_R=1.0791e+02  NLL_ω=2.0793e+04  MSE_R=2.9220e-03  MSE_ω=3.5625e-01
  sigma: σ_R=3.4570e-03  σ_ω=2.9248e-03  β=0.0000e+00
  PL   : train=3.6097e+02  test=2.6980e+02  σ_φ̄(train)=1.7119e-02  σ_φ̄(test)=1.4110e-02  σ_obs_ω=1.0000e-02  λ_PL=1.00
  KL   : M=2.066e+03  V=3.577e+02  Dw=2.043e+03  g=3.069e+03  sigma=3.425e+02  total=7.878e+03
  subnet MSE  M=1.114e+00  V=1.633e+01  Dw=1.122e-01  g=3.020e-01
[step   2150]
  train: −ELBO=2.4484e+04  NLL=2.4098e+04  NLL_R=6.7817e+02  NLL_ω=2.3420e+04  MSE_R=1.7843e-02  MSE_ω=4.3028e-01
  test : −ELBO=1.9925e+04  NLL=1.9549e+04  NLL_R=9.9837e+01  NLL_ω=1.9449e+04  MSE_R=2.9415e-03  MSE_ω=3.5785e-01
  sigma: σ_R=3.5898e-03  σ_ω=3.0299e-03  β=0.0000e+00
  PL   : train=3.8565e+02  test=3.7573e+02  σ_φ̄(train)=1.4916e-02  σ_φ̄(test)=1.2145e-02  σ_obs_ω=1.0000e-02  λ_PL=1.00
  KL   : M=2.067e+03  V=3.582e+02  Dw=2.044e+03  g=3.071e+03  sigma=3.426e+02  total=7.883e+03
  subnet MSE  M=1.127e+00  V=1.643e+01  Dw=9.945e-02  g=2.953e-01
[step   2200]
  train: −ELBO=2.2625e+04  NLL=2.2223e+04  NLL_R=6.3402e+02  NLL_ω=2.1589e+04  MSE_R=1.7751e-02  MSE_ω=4.2029e-01
  test : −ELBO=1.8611e+04  NLL=1.8315e+04  NLL_R=9.2497e+01  NLL_ω=1.8222e+04  MSE_R=2.9223e-03  MSE_ω=3.5528e-01
  sigma: σ_R=3.7008e-03  σ_ω=3.1189e-03  β=0.0000e+00
  PL   : train=4.0244e+02  test=2.9608e+02  σ_φ̄(train)=1.0106e-02  σ_φ̄(test)=8.4240e-03  σ_obs_ω=1.0000e-02  λ_PL=1.00
  KL   : M=2.069e+03  V=3.587e+02  Dw=2.045e+03  g=3.072e+03  sigma=3.426e+02  total=7.888e+03
  subnet MSE  M=1.129e+00  V=1.630e+01  Dw=9.662e-02  g=2.937e-01
[step   2250]
  train: −ELBO=2.1077e+04  NLL=2.0673e+04  NLL_R=5.8876e+02  NLL_ω=2.0084e+04  MSE_R=1.7734e-02  MSE_ω=4.1862e-01
  test : −ELBO=1.7306e+04  NLL=1.7008e+04  NLL_R=8.4767e+01  NLL_ω=1.6924e+04  MSE_R=2.9083e-03  MSE_ω=3.5326e-01
  sigma: σ_R=3.8357e-03  σ_ω=3.2271e-03  β=0.0000e+00
  PL   : train=4.0438e+02  test=2.9709e+02  σ_φ̄(train)=9.2090e-03  σ_φ̄(test)=7.6527e-03  σ_obs_ω=1.0000e-02  λ_PL=1.00
  KL   : M=2.071e+03  V=3.592e+02  Dw=2.046e+03  g=3.074e+03  sigma=3.427e+02  total=7.893e+03
  subnet MSE  M=1.102e+00  V=1.645e+01  Dw=1.034e-01  g=2.954e-01
[step   2300]
  train: −ELBO=1.8930e+04  NLL=1.8559e+04  NLL_R=5.3474e+02  NLL_ω=1.8024e+04  MSE_R=1.7625e-02  MSE_ω=4.0833e-01
  test : −ELBO=1.5375e+04  NLL=1.5093e+04  NLL_R=7.3135e+01  NLL_ω=1.5020e+04  MSE_R=2.7962e-03  MSE_ω=3.4068e-01
  sigma: σ_R=4.0081e-03  σ_ω=3.3643e-03  β=0.0000e+00
  PL   : train=3.7185e+02  test=2.8149e+02  σ_φ̄(train)=1.0713e-02  σ_φ̄(test)=9.0631e-03  σ_obs_ω=1.0000e-02  λ_PL=1.00
  KL   : M=2.073e+03  V=3.597e+02  Dw=2.047e+03  g=3.076e+03  sigma=3.426e+02  total=7.898e+03
  subnet MSE  M=1.140e+00  V=1.644e+01  Dw=8.162e-02  g=2.971e-01
[step   2350]
  train: −ELBO=1.6581e+04  NLL=1.6228e+04  NLL_R=4.8253e+02  NLL_ω=1.5745e+04  MSE_R=1.7494e-02  MSE_ω=3.8922e-01
  test : −ELBO=1.3505e+04  NLL=1.3239e+04  NLL_R=6.2061e+01  NLL_ω=1.3177e+04  MSE_R=2.6767e-03  MSE_ω=3.2659e-01
  sigma: σ_R=4.1986e-03  σ_ω=3.5141e-03  β=0.0000e+00
  PL   : train=3.5360e+02  test=2.6598e+02  σ_φ̄(train)=1.0617e-02  σ_φ̄(test)=8.9712e-03  σ_obs_ω=1.0000e-02  λ_PL=1.00
  KL   : M=2.075e+03  V=3.604e+02  Dw=2.049e+03  g=3.078e+03  sigma=3.426e+02  total=7.904e+03
  subnet MSE  M=1.134e+00  V=1.639e+01  Dw=7.332e-02  g=2.974e-01
[step   2400]
  train: −ELBO=1.4333e+04  NLL=1.3997e+04  NLL_R=4.3556e+02  NLL_ω=1.3562e+04  MSE_R=1.7306e-02  MSE_ω=3.6341e-01
  test : −ELBO=1.1905e+04  NLL=1.1659e+04  NLL_R=5.2566e+01  NLL_ω=1.1606e+04  MSE_R=2.5504e-03  MSE_ω=3.1144e-01
  sigma: σ_R=4.3895e-03  σ_ω=3.6585e-03  β=0.0000e+00
  PL   : train=3.3588e+02  test=2.4619e+02  σ_φ̄(train)=1.1349e-02  σ_φ̄(test)=9.4991e-03  σ_obs_ω=1.0000e-02  λ_PL=1.00
  KL   : M=2.077e+03  V=3.611e+02  Dw=2.050e+03  g=3.079e+03  sigma=3.425e+02  total=7.910e+03
  subnet MSE  M=1.135e+00  V=1.623e+01  Dw=9.245e-02  g=3.031e-01
[step   2450]
  train: −ELBO=1.3530e+04  NLL=1.3179e+04  NLL_R=4.0876e+02  NLL_ω=1.2771e+04  MSE_R=1.7243e-02  MSE_ω=3.6024e-01
  test : −ELBO=1.1041e+04  NLL=1.0791e+04  NLL_R=4.7314e+01  NLL_ω=1.0743e+04  MSE_R=2.4841e-03  MSE_ω=3.0342e-01
  sigma: σ_R=4.5189e-03  σ_ω=3.7535e-03  β=0.0000e+00
  PL   : train=3.5102e+02  test=2.5062e+02  σ_φ̄(train)=1.1338e-02  σ_φ̄(test)=9.4365e-03  σ_obs_ω=1.0000e-02  λ_PL=1.00
  KL   : M=2.079e+03  V=3.615e+02  Dw=2.051e+03  g=3.080e+03  sigma=3.426e+02  total=7.914e+03
  subnet MSE  M=1.137e+00  V=1.618e+01  Dw=7.683e-02  g=3.008e-01
[step   2500]
  train: −ELBO=1.2764e+04  NLL=1.2441e+04  NLL_R=3.8090e+02  NLL_ω=1.2060e+04  MSE_R=1.7230e-02  MSE_ω=3.6149e-01
  test : −ELBO=1.0518e+04  NLL=1.0271e+04  NLL_R=4.3973e+01  NLL_ω=1.0227e+04  MSE_R=2.5087e-03  MSE_ω=3.0703e-01
  sigma: σ_R=4.6746e-03  σ_ω=3.8690e-03  β=0.0000e+00
  PL   : train=3.2305e+02  test=2.4754e+02  σ_φ̄(train)=1.0383e-02  σ_φ̄(test)=8.7289e-03  σ_obs_ω=1.0000e-02  λ_PL=1.00
  KL   : M=2.080e+03  V=3.620e+02  Dw=2.052e+03  g=3.081e+03  sigma=3.427e+02  total=7.917e+03
  subnet MSE  M=1.090e+00  V=1.617e+01  Dw=7.891e-02  g=3.014e-01
[step   2550]
  train: −ELBO=1.1808e+04  NLL=1.1476e+04  NLL_R=3.4715e+02  NLL_ω=1.1129e+04  MSE_R=1.7240e-02  MSE_ω=3.6198e-01
  test : −ELBO=9.8264e+03  NLL=9.5721e+03  NLL_R=3.9918e+01  NLL_ω=9.5322e+03  MSE_R=2.5476e-03  MSE_ω=3.1082e-01
  sigma: σ_R=4.8909e-03  σ_ω=4.0303e-03  β=0.0000e+00
  PL   : train=3.3283e+02  test=2.5430e+02  σ_φ̄(train)=1.0228e-02  σ_φ̄(test)=8.5589e-03  σ_obs_ω=1.0000e-02  λ_PL=1.00
  KL   : M=2.082e+03  V=3.626e+02  Dw=2.053e+03  g=3.083e+03  sigma=3.428e+02  total=7.923e+03
  subnet MSE  M=1.108e+00  V=1.627e+01  Dw=9.348e-02  g=3.000e-01
[step   2600]
  train: −ELBO=1.0611e+04  NLL=1.0286e+04  NLL_R=3.1157e+02  NLL_ω=9.9749e+03  MSE_R=1.7203e-02  MSE_ω=3.5660e-01
  test : −ELBO=8.6619e+03  NLL=8.4121e+03  NLL_R=3.3342e+01  NLL_ω=8.3788e+03  MSE_R=2.4637e-03  MSE_ω=3.0021e-01
  sigma: σ_R=5.1475e-03  σ_ω=4.2250e-03  β=0.0000e+00
  PL   : train=3.2486e+02  test=2.4978e+02  σ_φ̄(train)=1.0324e-02  σ_φ̄(test)=8.5713e-03  σ_obs_ω=1.0000e-02  λ_PL=1.00
  KL   : M=2.085e+03  V=3.632e+02  Dw=2.054e+03  g=3.084e+03  sigma=3.428e+02  total=7.929e+03
  subnet MSE  M=1.139e+00  V=1.619e+01  Dw=8.526e-02  g=2.963e-01
[step   2650]
  train: −ELBO=9.9589e+03  NLL=9.6116e+03  NLL_R=2.8621e+02  NLL_ω=9.3254e+03  MSE_R=1.7274e-02  MSE_ω=3.6083e-01
  test : −ELBO=8.1411e+03  NLL=7.8733e+03  NLL_R=3.0549e+01  NLL_ω=7.8427e+03  MSE_R=2.5138e-03  MSE_ω=3.0394e-01
  sigma: σ_R=5.3735e-03  σ_ω=4.3953e-03  β=0.0000e+00
  PL   : train=3.4734e+02  test=2.6783e+02  σ_φ̄(train)=1.1010e-02  σ_φ̄(test)=9.1116e-03  σ_obs_ω=1.0000e-02  λ_PL=1.00
  KL   : M=2.087e+03  V=3.639e+02  Dw=2.056e+03  g=3.086e+03  sigma=3.427e+02  total=7.935e+03
  subnet MSE  M=1.182e+00  V=1.611e+01  Dw=1.136e-01  g=2.949e-01
[step   2700]
  train: −ELBO=8.9100e+03  NLL=8.5743e+03  NLL_R=2.6130e+02  NLL_ω=8.3130e+03  MSE_R=1.7159e-02  MSE_ω=3.4677e-01
  test : −ELBO=7.3958e+03  NLL=7.1372e+03  NLL_R=2.6507e+01  NLL_ω=7.1107e+03  MSE_R=2.4648e-03  MSE_ω=2.9717e-01
  sigma: σ_R=5.5947e-03  σ_ω=4.5633e-03  β=0.0000e+00
  PL   : train=3.3563e+02  test=2.5863e+02  σ_φ̄(train)=1.2603e-02  σ_φ̄(test)=1.0404e-02  σ_obs_ω=1.0000e-02  λ_PL=1.00
  KL   : M=2.088e+03  V=3.646e+02  Dw=2.057e+03  g=3.088e+03  sigma=3.426e+02  total=7.941e+03
  subnet MSE  M=1.187e+00  V=1.586e+01  Dw=1.215e-01  g=2.985e-01
[step   2750]
  train: −ELBO=8.7359e+03  NLL=8.3761e+03  NLL_R=2.3996e+02  NLL_ω=8.1361e+03  MSE_R=1.7368e-02  MSE_ω=3.7069e-01
  test : −ELBO=7.3435e+03  NLL=7.0395e+03  NLL_R=2.6229e+01  NLL_ω=7.0133e+03  MSE_R=2.6787e-03  MSE_ω=3.2021e-01
  sigma: σ_R=5.8632e-03  σ_ω=4.7690e-03  β=0.0000e+00
  PL   : train=3.5981e+02  test=3.0394e+02  σ_φ̄(train)=1.3406e-02  σ_φ̄(test)=1.0916e-02  σ_obs_ω=1.0000e-02  λ_PL=1.00
  KL   : M=2.091e+03  V=3.653e+02  Dw=2.059e+03  g=3.090e+03  sigma=3.427e+02  total=7.947e+03
  subnet MSE  M=1.213e+00  V=1.590e+01  Dw=1.165e-01  g=2.942e-01
[step   2800]
  train: −ELBO=8.2614e+03  NLL=7.8764e+03  NLL_R=2.2080e+02  NLL_ω=7.6556e+03  MSE_R=1.7474e-02  MSE_ω=3.7915e-01
  test : −ELBO=7.0839e+03  NLL=6.7850e+03  NLL_R=2.5140e+01  NLL_ω=6.7599e+03  MSE_R=2.8243e-03  MSE_ω=3.3525e-01
  sigma: σ_R=6.1191e-03  σ_ω=4.9720e-03  β=0.0000e+00
  PL   : train=3.8500e+02  test=2.9885e+02  σ_φ̄(train)=1.3265e-02  σ_φ̄(test)=1.0924e-02  σ_obs_ω=1.0000e-02  λ_PL=1.00
  KL   : M=2.093e+03  V=3.661e+02  Dw=2.060e+03  g=3.091e+03  sigma=3.430e+02  total=7.954e+03
  subnet MSE  M=1.180e+00  V=1.586e+01  Dw=1.254e-01  g=2.952e-01
[step   2850]
  train: −ELBO=7.7528e+03  NLL=7.3694e+03  NLL_R=2.0813e+02  NLL_ω=7.1612e+03  MSE_R=1.7467e-02  MSE_ω=3.7491e-01
  test : −ELBO=6.5620e+03  NLL=6.2693e+03  NLL_R=2.2184e+01  NLL_ω=6.2471e+03  MSE_R=2.7458e-03  MSE_ω=3.2756e-01
  sigma: σ_R=6.2923e-03  σ_ω=5.1117e-03  β=0.0000e+00
  PL   : train=3.8341e+02  test=2.9279e+02  σ_φ̄(train)=1.2708e-02  σ_φ̄(test)=1.0422e-02  σ_obs_ω=1.0000e-02  λ_PL=1.00
  KL   : M=2.094e+03  V=3.665e+02  Dw=2.061e+03  g=3.093e+03  sigma=3.429e+02  total=7.957e+03
  subnet MSE  M=1.238e+00  V=1.592e+01  Dw=1.117e-01  g=2.915e-01
[step   2900]
  train: −ELBO=7.4773e+03  NLL=7.0500e+03  NLL_R=1.9141e+02  NLL_ω=6.8586e+03  MSE_R=1.7690e-02  MSE_ω=3.9344e-01
  test : −ELBO=6.3609e+03  NLL=6.0418e+03  NLL_R=2.1274e+01  NLL_ω=6.0206e+03  MSE_R=2.9200e-03  MSE_ω=3.4593e-01
  sigma: σ_R=6.5891e-03  σ_ω=5.3505e-03  β=0.0000e+00
  PL   : train=4.2730e+02  test=3.1911e+02  σ_φ̄(train)=1.1650e-02  σ_φ̄(test)=9.5747e-03  σ_obs_ω=1.0000e-02  λ_PL=1.00
  KL   : M=2.096e+03  V=3.672e+02  Dw=2.062e+03  g=3.094e+03  sigma=3.430e+02  total=7.963e+03
  subnet MSE  M=1.188e+00  V=1.631e+01  Dw=1.226e-01  g=2.930e-01
[step   2950]
  train: −ELBO=6.5453e+03  NLL=6.1624e+03  NLL_R=1.7088e+02  NLL_ω=5.9915e+03  MSE_R=1.7532e-02  MSE_ω=3.8032e-01
  test : −ELBO=5.4902e+03  NLL=5.1965e+03  NLL_R=1.6799e+01  NLL_ω=5.1797e+03  MSE_R=2.7777e-03  MSE_ω=3.2936e-01
  sigma: σ_R=6.9203e-03  σ_ω=5.6277e-03  β=0.0000e+00
  PL   : train=3.8291e+02  test=2.9368e+02  σ_φ̄(train)=1.5347e-02  σ_φ̄(test)=1.2549e-02  σ_obs_ω=1.0000e-02  λ_PL=1.00
  KL   : M=2.099e+03  V=3.680e+02  Dw=2.063e+03  g=3.097e+03  sigma=3.429e+02  total=7.970e+03
  subnet MSE  M=1.186e+00  V=1.594e+01  Dw=1.011e-01  g=2.952e-01
[step   3000]
  train: −ELBO=6.2997e+03  NLL=5.9131e+03  NLL_R=1.6176e+02  NLL_ω=5.7514e+03  MSE_R=1.7618e-02  MSE_ω=3.8658e-01
  test : −ELBO=5.2884e+03  NLL=4.9975e+03  NLL_R=1.5946e+01  NLL_ω=4.9816e+03  MSE_R=2.8418e-03  MSE_ω=3.3513e-01
  sigma: σ_R=7.1187e-03  σ_ω=5.7908e-03  β=0.0000e+00
  PL   : train=3.8655e+02  test=2.9089e+02  σ_φ̄(train)=1.9456e-02  σ_φ̄(test)=1.6139e-02  σ_obs_ω=1.0000e-02  λ_PL=1.00
  KL   : M=2.101e+03  V=3.685e+02  Dw=2.064e+03  g=3.098e+03  sigma=3.429e+02  total=7.974e+03
  subnet MSE  M=1.182e+00  V=1.593e+01  Dw=9.498e-02  g=2.947e-01
[step   3050]
  train: −ELBO=5.6791e+03  NLL=5.3814e+03  NLL_R=1.4863e+02  NLL_ω=5.2328e+03  MSE_R=1.7562e-02  MSE_ω=3.7961e-01
  test : −ELBO=4.8075e+03  NLL=4.5621e+03  NLL_R=1.3703e+01  NLL_ω=4.5484e+03  MSE_R=2.8123e-03  MSE_ω=3.3076e-01
  sigma: σ_R=7.3945e-03  σ_ω=6.0155e-03  β=0.0000e+00
  PL   : train=2.9768e+02  test=2.4533e+02  σ_φ̄(train)=2.9857e-02  σ_φ̄(test)=2.4500e-02  σ_obs_ω=1.0000e-02  λ_PL=1.00
  KL   : M=2.103e+03  V=3.693e+02  Dw=2.065e+03  g=3.100e+03  sigma=3.428e+02  total=7.979e+03
  subnet MSE  M=1.192e+00  V=1.561e+01  Dw=1.025e-01  g=2.980e-01
[step   3100]
  train: −ELBO=5.6393e+03  NLL=5.3395e+03  NLL_R=1.3938e+02  NLL_ω=5.2001e+03  MSE_R=1.7887e-02  MSE_ω=4.0827e-01
  test : −ELBO=4.8054e+03  NLL=4.5635e+03  NLL_R=1.4358e+01  NLL_ω=4.5492e+03  MSE_R=3.1038e-03  MSE_ω=3.5783e-01
  sigma: σ_R=7.6902e-03  σ_ω=6.2579e-03  β=0.0000e+00
  PL   : train=2.9978e+02  test=2.4183e+02  σ_φ̄(train)=3.8040e-02  σ_φ̄(test)=3.0951e-02  σ_obs_ω=1.0000e-02  λ_PL=1.00
  KL   : M=2.105e+03  V=3.701e+02  Dw=2.066e+03  g=3.101e+03  sigma=3.430e+02  total=7.985e+03
  subnet MSE  M=1.168e+00  V=1.578e+01  Dw=1.384e-01  g=2.972e-01
[step   3150]
  train: −ELBO=5.2934e+03  NLL=5.0013e+03  NLL_R=1.2911e+02  NLL_ω=4.8722e+03  MSE_R=1.7887e-02  MSE_ω=4.1218e-01
  test : −ELBO=4.4778e+03  NLL=4.2335e+03  NLL_R=1.2543e+01  NLL_ω=4.2210e+03  MSE_R=3.0876e-03  MSE_ω=3.5774e-01
  sigma: σ_R=7.9683e-03  σ_ω=6.4955e-03  β=0.0000e+00
  PL   : train=2.9210e+02  test=2.4428e+02  σ_φ̄(train)=3.5586e-02  σ_φ̄(test)=2.9553e-02  σ_obs_ω=1.0000e-02  λ_PL=1.00
  KL   : M=2.107e+03  V=3.708e+02  Dw=2.067e+03  g=3.103e+03  sigma=3.432e+02  total=7.991e+03
  subnet MSE  M=1.180e+00  V=1.563e+01  Dw=1.136e-01  g=2.962e-01
[step   3200]
  train: −ELBO=5.0295e+03  NLL=4.7173e+03  NLL_R=1.2054e+02  NLL_ω=4.5967e+03  MSE_R=1.7986e-02  MSE_ω=4.1804e-01
  test : −ELBO=4.1960e+03  NLL=3.9461e+03  NLL_R=1.1278e+01  NLL_ω=3.9348e+03  MSE_R=3.1261e-03  MSE_ω=3.5905e-01
  sigma: σ_R=8.2485e-03  σ_ω=6.7343e-03  β=0.0000e+00
  PL   : train=3.1227e+02  test=2.4990e+02  σ_φ̄(train)=3.4771e-02  σ_φ̄(test)=3.0011e-02  σ_obs_ω=1.0000e-02  λ_PL=1.00
  KL   : M=2.109e+03  V=3.714e+02  Dw=2.068e+03  g=3.104e+03  sigma=3.437e+02  total=7.997e+03
  subnet MSE  M=1.173e+00  V=1.546e+01  Dw=1.304e-01  g=2.970e-01
[step   3250]
  train: −ELBO=4.4141e+03  NLL=4.1820e+03  NLL_R=1.0773e+02  NLL_ω=4.0743e+03  MSE_R=1.7995e-02  MSE_ω=4.1276e-01
  test : −ELBO=3.7791e+03  NLL=3.5759e+03  NLL_R=9.4442e+00  NLL_ω=3.5665e+03  MSE_R=3.1631e-03  MSE_ω=3.6201e-01
  sigma: σ_R=8.6879e-03  σ_ω=7.1066e-03  β=0.0000e+00
  PL   : train=2.3204e+02  test=2.0316e+02  σ_φ̄(train)=4.8266e-02  σ_φ̄(test)=3.9846e-02  σ_obs_ω=1.0000e-02  λ_PL=1.00
  KL   : M=2.113e+03  V=3.723e+02  Dw=2.070e+03  g=3.107e+03  sigma=3.440e+02  total=8.007e+03
  subnet MSE  M=1.143e+00  V=1.546e+01  Dw=1.476e-01  g=2.990e-01
[step   3300]
  train: −ELBO=4.1328e+03  NLL=3.9048e+03  NLL_R=9.8667e+01  NLL_ω=3.8061e+03  MSE_R=1.8143e-02  MSE_ω=4.2265e-01
  test : −ELBO=3.4696e+03  NLL=3.2779e+03  NLL_R=8.1369e+00  NLL_ω=3.2698e+03  MSE_R=3.2191e-03  MSE_ω=3.6401e-01
  sigma: σ_R=9.0806e-03  σ_ω=7.4397e-03  β=0.0000e+00
  PL   : train=2.2798e+02  test=1.9162e+02  σ_φ̄(train)=5.1463e-02  σ_φ̄(test)=4.4507e-02  σ_obs_ω=1.0000e-02  λ_PL=1.00
  KL   : M=2.116e+03  V=3.730e+02  Dw=2.072e+03  g=3.109e+03  sigma=3.445e+02  total=8.014e+03
  subnet MSE  M=1.144e+00  V=1.545e+01  Dw=1.774e-01  g=3.016e-01
[step   3350]
  train: −ELBO=3.8683e+03  NLL=3.6579e+03  NLL_R=9.1235e+01  NLL_ω=3.5666e+03  MSE_R=1.8209e-02  MSE_ω=4.2905e-01
  test : −ELBO=3.1736e+03  NLL=2.9988e+03  NLL_R=6.7861e+00  NLL_ω=2.9920e+03  MSE_R=3.2066e-03  MSE_ω=3.6069e-01
  sigma: σ_R=9.4260e-03  σ_ω=7.7427e-03  β=0.0000e+00
  PL   : train=2.1047e+02  test=1.7481e+02  σ_φ̄(train)=5.8816e-02  σ_φ̄(test)=5.1016e-02  σ_obs_ω=1.0000e-02  λ_PL=1.00
  KL   : M=2.120e+03  V=3.738e+02  Dw=2.074e+03  g=3.111e+03  sigma=3.449e+02  total=8.023e+03
  subnet MSE  M=1.196e+00  V=1.552e+01  Dw=1.829e-01  g=2.986e-01
[step   3400]
  train: −ELBO=3.5232e+03  NLL=3.3122e+03  NLL_R=8.3999e+01  NLL_ω=3.2282e+03  MSE_R=1.8095e-02  MSE_ω=4.1689e-01
  test : −ELBO=2.8743e+03  NLL=2.7061e+03  NLL_R=4.9648e+00  NLL_ω=2.7011e+03  MSE_R=3.0645e-03  MSE_ω=3.4939e-01
  sigma: σ_R=9.7520e-03  σ_ω=8.0210e-03  β=0.0000e+00
  PL   : train=2.1095e+02  test=1.6817e+02  σ_φ̄(train)=5.9702e-02  σ_φ̄(test)=5.3114e-02  σ_obs_ω=1.0000e-02  λ_PL=1.00
  KL   : M=2.123e+03  V=3.745e+02  Dw=2.075e+03  g=3.112e+03  sigma=3.450e+02  total=8.030e+03
  subnet MSE  M=1.171e+00  V=1.540e+01  Dw=1.541e-01  g=2.990e-01
[step   3450]
  train: −ELBO=3.1910e+03  NLL=3.0667e+03  NLL_R=7.8236e+01  NLL_ω=2.9885e+03  MSE_R=1.8011e-02  MSE_ω=4.0968e-01
  test : −ELBO=2.5868e+03  NLL=2.4868e+03  NLL_R=3.6886e+00  NLL_ω=2.4831e+03  MSE_R=2.9779e-03  MSE_ω=3.4136e-01
  sigma: σ_R=1.0043e-02  σ_ω=8.2631e-03  β=0.0000e+00
  PL   : train=1.2426e+02  test=9.9979e+01  σ_φ̄(train)=9.0496e-02  σ_φ̄(test)=8.0358e-02  σ_obs_ω=1.0000e-02  λ_PL=1.00
  KL   : M=2.125e+03  V=3.751e+02  Dw=2.077e+03  g=3.114e+03  sigma=3.451e+02  total=8.035e+03
  subnet MSE  M=1.198e+00  V=1.525e+01  Dw=1.428e-01  g=2.996e-01
[step   3500]
  train: −ELBO=2.9889e+03  NLL=2.7787e+03  NLL_R=7.2132e+01  NLL_ω=2.7066e+03  MSE_R=1.7898e-02  MSE_ω=3.9612e-01
  test : −ELBO=2.4462e+03  NLL=2.2811e+03  NLL_R=2.6508e+00  NLL_ω=2.2784e+03  MSE_R=2.9332e-03  MSE_ω=3.3419e-01
  sigma: σ_R=1.0379e-02  σ_ω=8.5362e-03  β=0.0000e+00
  PL   : train=2.1017e+02  test=1.6514e+02  σ_φ̄(train)=5.8941e-02  σ_φ̄(test)=5.2095e-02  σ_obs_ω=1.0000e-02  λ_PL=1.00
  KL   : M=2.127e+03  V=3.759e+02  Dw=2.078e+03  g=3.115e+03  sigma=3.456e+02  total=8.042e+03
  subnet MSE  M=1.193e+00  V=1.496e+01  Dw=1.501e-01  g=2.956e-01
[step   3550]
  train: −ELBO=2.8962e+03  NLL=2.7193e+03  NLL_R=6.8094e+01  NLL_ω=2.6512e+03  MSE_R=1.8057e-02  MSE_ω=4.1160e-01
  test : −ELBO=2.3887e+03  NLL=2.2451e+03  NLL_R=2.6745e+00  NLL_ω=2.2424e+03  MSE_R=3.0985e-03  MSE_ω=3.4885e-01
  sigma: σ_R=1.0694e-02  σ_ω=8.7916e-03  β=0.0000e+00
  PL   : train=1.7693e+02  test=1.4364e+02  σ_φ̄(train)=7.2288e-02  σ_φ̄(test)=6.5580e-02  σ_obs_ω=1.0000e-02  λ_PL=1.00
  KL   : M=2.129e+03  V=3.764e+02  Dw=2.079e+03  g=3.117e+03  sigma=3.458e+02  total=8.048e+03
  subnet MSE  M=1.172e+00  V=1.488e+01  Dw=1.740e-01  g=2.941e-01
[step   3600]
  train: −ELBO=2.7703e+03  NLL=2.6161e+03  NLL_R=6.4055e+01  NLL_ω=2.5521e+03  MSE_R=1.8177e-02  MSE_ω=4.2150e-01
  test : −ELBO=2.2608e+03  NLL=2.1352e+03  NLL_R=2.0325e+00  NLL_ω=2.1332e+03  MSE_R=3.1125e-03  MSE_ω=3.5303e-01
  sigma: σ_R=1.1021e-02  σ_ω=9.0672e-03  β=0.0000e+00
  PL   : train=1.5422e+02  test=1.2554e+02  σ_φ̄(train)=8.0189e-02  σ_φ̄(test)=7.2187e-02  σ_obs_ω=1.0000e-02  λ_PL=1.00
  KL   : M=2.132e+03  V=3.768e+02  Dw=2.080e+03  g=3.118e+03  sigma=3.462e+02  total=8.053e+03
  subnet MSE  M=1.165e+00  V=1.481e+01  Dw=1.450e-01  g=2.950e-01
[step   3650]
  train: −ELBO=2.8755e+03  NLL=2.7018e+03  NLL_R=6.2235e+01  NLL_ω=2.6396e+03  MSE_R=1.8457e-02  MSE_ω=4.5479e-01
  test : −ELBO=2.3928e+03  NLL=2.2495e+03  NLL_R=2.8174e+00  NLL_ω=2.2467e+03  MSE_R=3.4250e-03  MSE_ω=3.8782e-01
  sigma: σ_R=1.1248e-02  σ_ω=9.2618e-03  β=0.0000e+00
  PL   : train=1.7372e+02  test=1.4325e+02  σ_φ̄(train)=7.7645e-02  σ_φ̄(test)=7.0937e-02  σ_obs_ω=1.0000e-02  λ_PL=1.00
  KL   : M=2.134e+03  V=3.772e+02  Dw=2.081e+03  g=3.118e+03  sigma=3.463e+02  total=8.057e+03
  subnet MSE  M=1.190e+00  V=1.492e+01  Dw=1.325e-01  g=2.889e-01
[step   3700]
  train: −ELBO=2.9510e+03  NLL=2.7768e+03  NLL_R=6.0868e+01  NLL_ω=2.7159e+03  MSE_R=1.8723e-02  MSE_ω=4.8601e-01
  test : −ELBO=2.4253e+03  NLL=2.2799e+03  NLL_R=3.0881e+00  NLL_ω=2.2768e+03  MSE_R=3.5998e-03  MSE_ω=4.0809e-01
  sigma: σ_R=1.1441e-02  σ_ω=9.4396e-03  β=0.0000e+00
  PL   : train=1.7418e+02  test=1.4542e+02  σ_φ̄(train)=8.0315e-02  σ_φ̄(test)=7.1807e-02  σ_obs_ω=1.0000e-02  λ_PL=1.00
  KL   : M=2.135e+03  V=3.776e+02  Dw=2.082e+03  g=3.120e+03  sigma=3.465e+02  total=8.061e+03
  subnet MSE  M=1.200e+00  V=1.482e+01  Dw=1.227e-01  g=2.846e-01
[step   3750]
  train: −ELBO=2.7407e+03  NLL=2.5877e+03  NLL_R=5.7693e+01  NLL_ω=2.5300e+03  MSE_R=1.8639e-02  MSE_ω=4.7476e-01
  test : −ELBO=2.2781e+03  NLL=2.1536e+03  NLL_R=2.4731e+00  NLL_ω=2.1511e+03  MSE_R=3.5693e-03  MSE_ω=4.0439e-01
  sigma: σ_R=1.1683e-02  σ_ω=9.6651e-03  β=0.0000e+00
  PL   : train=1.5302e+02  test=1.2452e+02  σ_φ̄(train)=8.5651e-02  σ_φ̄(test)=7.8235e-02  σ_obs_ω=1.0000e-02  λ_PL=1.00
  KL   : M=2.138e+03  V=3.781e+02  Dw=2.083e+03  g=3.121e+03  sigma=3.468e+02  total=8.066e+03
  subnet MSE  M=1.167e+00  V=1.496e+01  Dw=1.456e-01  g=2.925e-01
[step   3800]
  train: −ELBO=2.5986e+03  NLL=2.4877e+03  NLL_R=5.4324e+01  NLL_ω=2.4334e+03  MSE_R=1.8770e-02  MSE_ω=4.8737e-01
  test : −ELBO=2.1211e+03  NLL=2.0312e+03  NLL_R=1.8572e+00  NLL_ω=2.0293e+03  MSE_R=3.5837e-03  MSE_ω=4.0750e-01
  sigma: σ_R=1.2032e-02  σ_ω=9.9845e-03  β=0.0000e+00
  PL   : train=1.1094e+02  test=8.9890e+01  σ_φ̄(train)=1.0128e-01  σ_φ̄(test)=9.1986e-02  σ_obs_ω=1.0000e-02  λ_PL=1.00
  KL   : M=2.141e+03  V=3.786e+02  Dw=2.084e+03  g=3.122e+03  sigma=3.475e+02  total=8.073e+03
  subnet MSE  M=1.102e+00  V=1.486e+01  Dw=1.429e-01  g=3.008e-01
[step   3850]
  train: −ELBO=2.2703e+03  NLL=2.1168e+03  NLL_R=4.8889e+01  NLL_ω=2.0680e+03  MSE_R=1.8312e-02  MSE_ω=4.4434e-01
  test : −ELBO=1.8670e+03  NLL=1.7412e+03  NLL_R=2.6661e-01  NLL_ω=1.7409e+03  MSE_R=3.3012e-03  MSE_ω=3.7512e-01
  sigma: σ_R=1.2426e-02  σ_ω=1.0338e-02  β=0.0000e+00
  PL   : train=1.5348e+02  test=1.2583e+02  σ_φ̄(train)=7.5626e-02  σ_φ̄(test)=6.9380e-02  σ_obs_ω=1.0000e-02  λ_PL=1.00
  KL   : M=2.144e+03  V=3.791e+02  Dw=2.085e+03  g=3.123e+03  sigma=3.479e+02  total=8.079e+03
  subnet MSE  M=1.101e+00  V=1.501e+01  Dw=1.606e-01  g=3.040e-01
[step   3900]
  train: −ELBO=1.8355e+03  NLL=1.7276e+03  NLL_R=4.2049e+01  NLL_ω=1.6856e+03  MSE_R=1.7842e-02  MSE_ω=4.0112e-01
  test : −ELBO=1.5361e+03  NLL=1.4489e+03  NLL_R=-1.5023e+00  NLL_ω=1.4504e+03  MSE_R=2.9913e-03  MSE_ω=3.4619e-01
  sigma: σ_R=1.3059e-02  σ_ω=1.0873e-02  β=0.0000e+00
  PL   : train=1.0794e+02  test=8.7115e+01  σ_φ̄(train)=8.9917e-02  σ_φ̄(test)=8.3302e-02  σ_obs_ω=1.0000e-02  λ_PL=1.00
  KL   : M=2.148e+03  V=3.799e+02  Dw=2.087e+03  g=3.126e+03  sigma=3.482e+02  total=8.089e+03
  subnet MSE  M=1.088e+00  V=1.513e+01  Dw=1.435e-01  g=3.057e-01
[step   3950]
  train: −ELBO=1.6615e+03  NLL=1.5605e+03  NLL_R=3.7392e+01  NLL_ω=1.5231e+03  MSE_R=1.7801e-02  MSE_ω=3.9754e-01
  test : −ELBO=1.4026e+03  NLL=1.3200e+03  NLL_R=-2.1490e+00  NLL_ω=1.3221e+03  MSE_R=2.9901e-03  MSE_ω=3.4607e-01
  sigma: σ_R=1.3687e-02  σ_ω=1.1384e-02  β=0.0000e+00
  PL   : train=1.0103e+02  test=8.2655e+01  σ_φ̄(train)=9.3704e-02  σ_φ̄(test)=8.6514e-02  σ_obs_ω=1.0000e-02  λ_PL=1.00
  KL   : M=2.152e+03  V=3.807e+02  Dw=2.089e+03  g=3.127e+03  sigma=3.488e+02  total=8.097e+03
  subnet MSE  M=1.069e+00  V=1.520e+01  Dw=1.577e-01  g=3.063e-01
[step   4000]
  train: −ELBO=1.5882e+03  NLL=1.4902e+03  NLL_R=3.4487e+01  NLL_ω=1.4558e+03  MSE_R=1.7868e-02  MSE_ω=4.0665e-01
  test : −ELBO=1.3548e+03  NLL=1.2724e+03  NLL_R=-2.3870e+00  NLL_ω=1.2748e+03  MSE_R=3.0644e-03  MSE_ω=3.5680e-01
  sigma: σ_R=1.4169e-02  σ_ω=1.1776e-02  β=0.0000e+00
  PL   : train=9.7945e+01  test=8.2343e+01  σ_φ̄(train)=9.5389e-02  σ_φ̄(test)=8.7203e-02  σ_obs_ω=1.0000e-02  λ_PL=1.00
  KL   : M=2.155e+03  V=3.813e+02  Dw=2.090e+03  g=3.129e+03  sigma=3.491e+02  total=8.104e+03
  subnet MSE  M=1.014e+00  V=1.524e+01  Dw=1.652e-01  g=3.059e-01
[step   4050]
  train: −ELBO=1.6361e+03  NLL=1.5343e+03  NLL_R=3.2760e+01  NLL_ω=1.5016e+03  MSE_R=1.8406e-02  MSE_ω=4.5153e-01
  test : −ELBO=1.3700e+03  NLL=1.2893e+03  NLL_R=-2.0310e+00  NLL_ω=1.2913e+03  MSE_R=3.4019e-03  MSE_ω=3.8947e-01
  sigma: σ_R=1.4687e-02  σ_ω=1.2219e-02  β=0.0000e+00
  PL   : train=1.0179e+02  test=8.0658e+01  σ_φ̄(train)=9.9729e-02  σ_φ̄(test)=9.3784e-02  σ_obs_ω=1.0000e-02  λ_PL=1.00
  KL   : M=2.160e+03  V=3.820e+02  Dw=2.092e+03  g=3.131e+03  sigma=3.494e+02  total=8.114e+03
  subnet MSE  M=9.768e-01  V=1.503e+01  Dw=2.361e-01  g=3.054e-01
[step   4100]
  train: −ELBO=1.5342e+03  NLL=1.4277e+03  NLL_R=3.0439e+01  NLL_ω=1.3972e+03  MSE_R=1.8444e-02  MSE_ω=4.4802e-01
  test : −ELBO=1.2609e+03  NLL=1.1785e+03  NLL_R=-2.4426e+00  NLL_ω=1.1810e+03  MSE_R=3.3814e-03  MSE_ω=3.7970e-01
  sigma: σ_R=1.5136e-02  σ_ω=1.2615e-02  β=0.0000e+00
  PL   : train=1.0653e+02  test=8.2362e+01  σ_φ̄(train)=1.0338e-01  σ_φ̄(test)=9.7757e-02  σ_obs_ω=1.0000e-02  λ_PL=1.00
  KL   : M=2.163e+03  V=3.826e+02  Dw=2.093e+03  g=3.132e+03  sigma=3.496e+02  total=8.120e+03
  subnet MSE  M=9.924e-01  V=1.458e+01  Dw=3.188e-01  g=3.031e-01
[step   4150]
  train: −ELBO=1.4819e+03  NLL=1.3746e+03  NLL_R=2.8932e+01  NLL_ω=1.3457e+03  MSE_R=1.8617e-02  MSE_ω=4.5466e-01
  test : −ELBO=1.2216e+03  NLL=1.1432e+03  NLL_R=-2.4836e+00  NLL_ω=1.1457e+03  MSE_R=3.4970e-03  MSE_ω=3.8809e-01
  sigma: σ_R=1.5514e-02  σ_ω=1.2948e-02  β=0.0000e+00
  PL   : train=1.0728e+02  test=7.8398e+01  σ_φ̄(train)=1.0934e-01  σ_φ̄(test)=1.0330e-01  σ_obs_ω=1.0000e-02  λ_PL=1.00
  KL   : M=2.166e+03  V=3.832e+02  Dw=2.094e+03  g=3.133e+03  sigma=3.499e+02  total=8.126e+03
  subnet MSE  M=9.865e-01  V=1.462e+01  Dw=4.390e-01  g=3.026e-01
[step   4200]
  train: −ELBO=1.3194e+03  NLL=1.2332e+03  NLL_R=2.6112e+01  NLL_ω=1.2071e+03  MSE_R=1.8356e-02  MSE_ω=4.3671e-01
  test : −ELBO=1.0699e+03  NLL=1.0046e+03  NLL_R=-3.2633e+00  NLL_ω=1.0079e+03  MSE_R=3.2813e-03  MSE_ω=3.6605e-01
  sigma: σ_R=1.6021e-02  σ_ω=1.3393e-02  β=0.0000e+00
  PL   : train=8.6238e+01  test=6.5285e+01  σ_φ̄(train)=1.1342e-01  σ_φ̄(test)=1.0726e-01  σ_obs_ω=1.0000e-02  λ_PL=1.00
  KL   : M=2.170e+03  V=3.836e+02  Dw=2.096e+03  g=3.134e+03  sigma=3.504e+02  total=8.133e+03
  subnet MSE  M=9.720e-01  V=1.430e+01  Dw=3.904e-01  g=3.023e-01
[step   4250]
  train: −ELBO=1.0856e+03  NLL=9.9896e+02  NLL_R=2.1996e+01  NLL_ω=9.7696e+02  MSE_R=1.7877e-02  MSE_ω=3.9153e-01
  test : −ELBO=8.9293e+02  NLL=8.2787e+02  NLL_R=-4.2808e+00  NLL_ω=8.3215e+02  MSE_R=2.9645e-03  MSE_ω=3.3485e-01
  sigma: σ_R=1.6848e-02  σ_ω=1.4083e-02  β=0.0000e+00
  PL   : train=8.6655e+01  test=6.5053e+01  σ_φ̄(train)=1.0464e-01  σ_φ̄(test)=9.9639e-02  σ_obs_ω=1.0000e-02  λ_PL=1.00
  KL   : M=2.175e+03  V=3.844e+02  Dw=2.098e+03  g=3.135e+03  sigma=3.510e+02  total=8.143e+03
  subnet MSE  M=9.496e-01  V=1.404e+01  Dw=3.197e-01  g=3.024e-01
[step   4300]
  train: −ELBO=9.4360e+02  NLL=8.6373e+02  NLL_R=1.8839e+01  NLL_ω=8.4489e+02  MSE_R=1.7735e-02  MSE_ω=3.7345e-01
  test : −ELBO=7.9348e+02  NLL=7.3118e+02  NLL_R=-4.8021e+00  NLL_ω=7.3598e+02  MSE_R=2.8577e-03  MSE_ω=3.2622e-01
  sigma: σ_R=1.7739e-02  σ_ω=1.4780e-02  β=0.0000e+00
  PL   : train=7.9873e+01  test=6.2302e+01  σ_φ̄(train)=1.0827e-01  σ_φ̄(test)=1.0256e-01  σ_obs_ω=1.0000e-02  λ_PL=1.00
  KL   : M=2.180e+03  V=3.854e+02  Dw=2.101e+03  g=3.136e+03  sigma=3.516e+02  total=8.154e+03
  subnet MSE  M=8.933e-01  V=1.381e+01  Dw=3.225e-01  g=3.027e-01
[step   4350]
  train: −ELBO=8.6153e+02  NLL=7.9276e+02  NLL_R=1.6777e+01  NLL_ω=7.7598e+02  MSE_R=1.7652e-02  MSE_ω=3.6861e-01
  test : −ELBO=7.0488e+02  NLL=6.5572e+02  NLL_R=-5.1521e+00  NLL_ω=6.6088e+02  MSE_R=2.7678e-03  MSE_ω=3.1502e-01
  sigma: σ_R=1.8424e-02  σ_ω=1.5315e-02  β=0.0000e+00
  PL   : train=6.8772e+01  test=4.9157e+01  σ_φ̄(train)=1.1876e-01  σ_φ̄(test)=1.1521e-01  σ_obs_ω=1.0000e-02  λ_PL=1.00
  KL   : M=2.184e+03  V=3.860e+02  Dw=2.103e+03  g=3.137e+03  sigma=3.520e+02  total=8.162e+03
  subnet MSE  M=9.247e-01  V=1.358e+01  Dw=3.168e-01  g=3.027e-01
[step   4400]
  train: −ELBO=7.8472e+02  NLL=7.1646e+02  NLL_R=1.4818e+01  NLL_ω=7.0164e+02  MSE_R=1.7553e-02  MSE_ω=3.5857e-01
  test : −ELBO=6.5501e+02  NLL=6.0613e+02  NLL_R=-5.3597e+00  NLL_ω=6.1149e+02  MSE_R=2.7529e-03  MSE_ω=3.1353e-01
  sigma: σ_R=1.9152e-02  σ_ω=1.5876e-02  β=0.0000e+00
  PL   : train=6.8269e+01  test=4.8880e+01  σ_φ̄(train)=1.1938e-01  σ_φ̄(test)=1.1643e-01  σ_obs_ω=1.0000e-02  λ_PL=1.00
  KL   : M=2.188e+03  V=3.867e+02  Dw=2.105e+03  g=3.138e+03  sigma=3.524e+02  total=8.170e+03
  subnet MSE  M=9.225e-01  V=1.342e+01  Dw=3.532e-01  g=3.008e-01
[step   4450]
  train: −ELBO=7.3815e+02  NLL=6.7400e+02  NLL_R=1.3400e+01  NLL_ω=6.6060e+02  MSE_R=1.7552e-02  MSE_ω=3.5896e-01
  test : −ELBO=6.2128e+02  NLL=5.7365e+02  NLL_R=-5.4888e+00  NLL_ω=5.7914e+02  MSE_R=2.7607e-03  MSE_ω=3.1569e-01
  sigma: σ_R=1.9789e-02  σ_ω=1.6365e-02  β=0.0000e+00
  PL   : train=6.4149e+01  test=4.7628e+01  σ_φ̄(train)=1.1938e-01  σ_φ̄(test)=1.1555e-01  σ_obs_ω=1.0000e-02  λ_PL=1.00
  KL   : M=2.191e+03  V=3.874e+02  Dw=2.106e+03  g=3.139e+03  sigma=3.527e+02  total=8.176e+03
  subnet MSE  M=8.918e-01  V=1.370e+01  Dw=3.289e-01  g=3.010e-01
[step   4500]
  train: −ELBO=6.6093e+02  NLL=6.0022e+02  NLL_R=1.1693e+01  NLL_ω=5.8852e+02  MSE_R=1.7358e-02  MSE_ω=3.4305e-01
  test : −ELBO=5.3991e+02  NLL=4.9530e+02  NLL_R=-5.8714e+00  NLL_ω=5.0117e+02  MSE_R=2.5548e-03  MSE_ω=2.9322e-01
  sigma: σ_R=2.0529e-02  σ_ω=1.6936e-02  β=0.0000e+00
  PL   : train=6.0719e+01  test=4.4611e+01  σ_φ̄(train)=1.1847e-01  σ_φ̄(test)=1.1607e-01  σ_obs_ω=1.0000e-02  λ_PL=1.00
  KL   : M=2.195e+03  V=3.880e+02  Dw=2.108e+03  g=3.139e+03  sigma=3.533e+02  total=8.184e+03
  subnet MSE  M=9.019e-01  V=1.318e+01  Dw=2.776e-01  g=3.027e-01
[step   4550]
  train: −ELBO=6.2831e+02  NLL=5.6590e+02  NLL_R=1.0659e+01  NLL_ω=5.5524e+02  MSE_R=1.7328e-02  MSE_ω=3.4053e-01
  test : −ELBO=5.1709e+02  NLL=4.6985e+02  NLL_R=-5.9525e+00  NLL_ω=4.7580e+02  MSE_R=2.5520e-03  MSE_ω=2.9289e-01
  sigma: σ_R=2.1090e-02  σ_ω=1.7365e-02  β=0.0000e+00
  PL   : train=6.2412e+01  test=4.7247e+01  σ_φ̄(train)=1.1807e-01  σ_φ̄(test)=1.1509e-01  σ_obs_ω=1.0000e-02  λ_PL=1.00
  KL   : M=2.197e+03  V=3.885e+02  Dw=2.110e+03  g=3.140e+03  sigma=3.536e+02  total=8.189e+03
  subnet MSE  M=8.859e-01  V=1.289e+01  Dw=2.725e-01  g=2.994e-01
[step   4600]
  train: −ELBO=6.0302e+02  NLL=5.4455e+02  NLL_R=9.5854e+00  NLL_ω=5.3496e+02  MSE_R=1.7540e-02  MSE_ω=3.5208e-01
  test : −ELBO=5.0763e+02  NLL=4.6375e+02  NLL_R=-5.8521e+00  NLL_ω=4.6960e+02  MSE_R=2.7403e-03  MSE_ω=3.1033e-01
  sigma: σ_R=2.1896e-02  σ_ω=1.7985e-02  β=0.0000e+00
  PL   : train=5.8469e+01  test=4.3873e+01  σ_φ̄(train)=1.2877e-01  σ_φ̄(test)=1.2520e-01  σ_obs_ω=1.0000e-02  λ_PL=1.00
  KL   : M=2.202e+03  V=3.893e+02  Dw=2.112e+03  g=3.141e+03  sigma=3.541e+02  total=8.197e+03
  subnet MSE  M=8.451e-01  V=1.289e+01  Dw=3.733e-01  g=2.973e-01
[step   4650]
  train: −ELBO=5.5851e+02  NLL=5.0592e+02  NLL_R=8.4424e+00  NLL_ω=4.9748e+02  MSE_R=1.7579e-02  MSE_ω=3.5192e-01
  test : −ELBO=4.6001e+02  NLL=4.2065e+02  NLL_R=-5.9720e+00  NLL_ω=4.2663e+02  MSE_R=2.7100e-03  MSE_ω=3.0301e-01
  sigma: σ_R=2.2711e-02  σ_ω=1.8636e-02  β=0.0000e+00
  PL   : train=5.2589e+01  test=3.9351e+01  σ_φ̄(train)=1.3398e-01  σ_φ̄(test)=1.2938e-01  σ_obs_ω=1.0000e-02  λ_PL=1.00
  KL   : M=2.205e+03  V=3.899e+02  Dw=2.114e+03  g=3.141e+03  sigma=3.548e+02  total=8.205e+03
  subnet MSE  M=8.628e-01  V=1.270e+01  Dw=4.405e-01  g=2.985e-01
[step   4700]
  train: −ELBO=5.1000e+02  NLL=4.6314e+02  NLL_R=7.1770e+00  NLL_ω=4.5596e+02  MSE_R=1.7572e-02  MSE_ω=3.5082e-01
  test : −ELBO=4.2575e+02  NLL=3.8947e+02  NLL_R=-6.0603e+00  NLL_ω=3.9553e+02  MSE_R=2.7081e-03  MSE_ω=3.0563e-01
  sigma: σ_R=2.3696e-02  σ_ω=1.9422e-02  β=0.0000e+00
  PL   : train=4.6860e+01  test=3.6276e+01  σ_φ̄(train)=1.3860e-01  σ_φ̄(test)=1.3375e-01  σ_obs_ω=1.0000e-02  λ_PL=1.00
  KL   : M=2.210e+03  V=3.908e+02  Dw=2.116e+03  g=3.142e+03  sigma=3.554e+02  total=8.214e+03
  subnet MSE  M=8.066e-01  V=1.266e+01  Dw=4.060e-01  g=2.980e-01
[step   4750]
  train: −ELBO=4.9232e+02  NLL=4.4722e+02  NLL_R=6.4294e+00  NLL_ω=4.4079e+02  MSE_R=1.7629e-02  MSE_ω=3.5939e-01
  test : −ELBO=4.1340e+02  NLL=3.7886e+02  NLL_R=-6.0337e+00  NLL_ω=3.8490e+02  MSE_R=2.7981e-03  MSE_ω=3.1522e-01
  sigma: σ_R=2.4394e-02  σ_ω=1.9988e-02  β=0.0000e+00
  PL   : train=4.5102e+01  test=3.4533e+01  σ_φ̄(train)=1.4150e-01  σ_φ̄(test)=1.3659e-01  σ_obs_ω=1.0000e-02  λ_PL=1.00
  KL   : M=2.213e+03  V=3.913e+02  Dw=2.118e+03  g=3.143e+03  sigma=3.559e+02  total=8.221e+03
  subnet MSE  M=7.754e-01  V=1.260e+01  Dw=3.566e-01  g=2.972e-01
[step   4800]
  train: −ELBO=4.6552e+02  NLL=4.2690e+02  NLL_R=5.6682e+00  NLL_ω=4.2123e+02  MSE_R=1.7834e-02  MSE_ω=3.7026e-01
  test : −ELBO=3.7643e+02  NLL=3.4745e+02  NLL_R=-6.0656e+00  NLL_ω=3.5351e+02  MSE_R=2.8270e-03  MSE_ω=3.1218e-01
  sigma: σ_R=2.5288e-02  σ_ω=2.0747e-02  β=0.0000e+00
  PL   : train=3.8617e+01  test=2.8985e+01  σ_φ̄(train)=1.5658e-01  σ_φ̄(test)=1.5028e-01  σ_obs_ω=1.0000e-02  λ_PL=1.00
  KL   : M=2.217e+03  V=3.919e+02  Dw=2.120e+03  g=3.144e+03  sigma=3.567e+02  total=8.229e+03
  subnet MSE  M=8.213e-01  V=1.237e+01  Dw=5.035e-01  g=2.971e-01
[step   4850]
  train: −ELBO=4.3601e+02  NLL=3.9395e+02  NLL_R=4.8655e+00  NLL_ω=3.8908e+02  MSE_R=1.7719e-02  MSE_ω=3.6392e-01
  test : −ELBO=3.5652e+02  NLL=3.2485e+02  NLL_R=-6.1340e+00  NLL_ω=3.3099e+02  MSE_R=2.7863e-03  MSE_ω=3.1104e-01
  sigma: σ_R=2.6054e-02  σ_ω=2.1386e-02  β=0.0000e+00
  PL   : train=4.2057e+01  test=3.1665e+01  σ_φ̄(train)=1.4755e-01  σ_φ̄(test)=1.4237e-01  σ_obs_ω=1.0000e-02  λ_PL=1.00
  KL   : M=2.221e+03  V=3.924e+02  Dw=2.121e+03  g=3.144e+03  sigma=3.570e+02  total=8.235e+03
  subnet MSE  M=7.347e-01  V=1.190e+01  Dw=4.303e-01  g=2.997e-01
[step   4900]
  train: −ELBO=4.4486e+02  NLL=4.0457e+02  NLL_R=4.6664e+00  NLL_ω=3.9990e+02  MSE_R=1.8053e-02  MSE_ω=3.8889e-01
  test : −ELBO=3.7197e+02  NLL=3.4048e+02  NLL_R=-5.9619e+00  NLL_ω=3.4644e+02  MSE_R=3.0572e-03  MSE_ω=3.3829e-01
  sigma: σ_R=2.6562e-02  σ_ω=2.1814e-02  β=0.0000e+00
  PL   : train=4.0294e+01  test=3.1489e+01  σ_φ̄(train)=1.5523e-01  σ_φ̄(test)=1.4801e-01  σ_obs_ω=1.0000e-02  λ_PL=1.00
  KL   : M=2.224e+03  V=3.927e+02  Dw=2.122e+03  g=3.145e+03  sigma=3.573e+02  total=8.241e+03
  subnet MSE  M=7.056e-01  V=1.202e+01  Dw=5.498e-01  g=2.975e-01
[step   4950]
  train: −ELBO=4.0569e+02  NLL=3.6643e+02  NLL_R=3.9942e+00  NLL_ω=3.6244e+02  MSE_R=1.7790e-02  MSE_ω=3.7065e-01
  test : −ELBO=3.2882e+02  NLL=2.9891e+02  NLL_R=-6.1549e+00  NLL_ω=3.0507e+02  MSE_R=2.8136e-03  MSE_ω=3.1386e-01
  sigma: σ_R=2.7164e-02  σ_ω=2.2348e-02  β=0.0000e+00
  PL   : train=3.9261e+01  test=2.9905e+01  σ_φ̄(train)=1.5234e-01  σ_φ̄(test)=1.4649e-01  σ_obs_ω=1.0000e-02  λ_PL=1.00
  KL   : M=2.226e+03  V=3.929e+02  Dw=2.123e+03  g=3.145e+03  sigma=3.575e+02  total=8.245e+03
  subnet MSE  M=7.248e-01  V=1.188e+01  Dw=4.548e-01  g=2.965e-01
[step   5000]
  train: −ELBO=3.7317e+02  NLL=3.4169e+02  NLL_R=3.3573e+00  NLL_ω=3.3833e+02  MSE_R=1.7677e-02  MSE_ω=3.6704e-01
  test : −ELBO=3.0711e+02  NLL=2.8241e+02  NLL_R=-6.2205e+00  NLL_ω=2.8863e+02  MSE_R=2.7414e-03  MSE_ω=3.1494e-01
  sigma: σ_R=2.7924e-02  σ_ω=2.3001e-02  β=0.0000e+00
  PL   : train=3.1477e+01  test=2.4704e+01  σ_φ̄(train)=1.6322e-01  σ_φ̄(test)=1.5668e-01  σ_obs_ω=1.0000e-02  λ_PL=1.00
  KL   : M=2.230e+03  V=3.934e+02  Dw=2.124e+03  g=3.146e+03  sigma=3.579e+02  total=8.251e+03
  subnet MSE  M=6.661e-01  V=1.143e+01  Dw=3.315e-01  g=2.943e-01
[step   5050]
  train: −ELBO=3.4563e+02  NLL=3.1545e+02  NLL_R=2.8282e+00  NLL_ω=3.1262e+02  MSE_R=1.7466e-02  MSE_ω=3.5490e-01
  test : −ELBO=2.8329e+02  NLL=2.5958e+02  NLL_R=-6.2946e+00  NLL_ω=2.6588e+02  MSE_R=2.6354e-03  MSE_ω=3.0345e-01
  sigma: σ_R=2.8511e-02  σ_ω=2.3507e-02  β=0.0000e+00
  PL   : train=3.0177e+01  test=2.3708e+01  σ_φ̄(train)=1.6558e-01  σ_φ̄(test)=1.5729e-01  σ_obs_ω=1.0000e-02  λ_PL=1.00
  KL   : M=2.231e+03  V=3.937e+02  Dw=2.126e+03  g=3.146e+03  sigma=3.583e+02  total=8.255e+03
  subnet MSE  M=6.684e-01  V=1.093e+01  Dw=3.587e-01  g=2.942e-01
[step   5100]
  train: −ELBO=3.3566e+02  NLL=2.9683e+02  NLL_R=2.4797e+00  NLL_ω=2.9435e+02  MSE_R=1.7554e-02  MSE_ω=3.5028e-01
  test : −ELBO=2.7303e+02  NLL=2.4302e+02  NLL_R=-6.2895e+00  NLL_ω=2.4931e+02  MSE_R=2.6506e-03  MSE_ω=2.9855e-01
  sigma: σ_R=2.9151e-02  σ_ω=2.4051e-02  β=0.0000e+00
  PL   : train=3.8834e+01  test=3.0008e+01  σ_φ̄(train)=1.5060e-01  σ_φ̄(test)=1.4371e-01  σ_obs_ω=1.0000e-02  λ_PL=1.00
  KL   : M=2.233e+03  V=3.939e+02  Dw=2.127e+03  g=3.147e+03  sigma=3.586e+02  total=8.259e+03
  subnet MSE  M=6.672e-01  V=1.136e+01  Dw=4.825e-01  g=2.944e-01
[step   5150]
  train: −ELBO=3.1321e+02  NLL=2.8270e+02  NLL_R=1.9953e+00  NLL_ω=2.8070e+02  MSE_R=1.7656e-02  MSE_ω=3.5698e-01
  test : −ELBO=2.5601e+02  NLL=2.3205e+02  NLL_R=-6.2536e+00  NLL_ω=2.3831e+02  MSE_R=2.7168e-03  MSE_ω=3.0516e-01
  sigma: σ_R=3.0092e-02  σ_ω=2.4851e-02  β=0.0000e+00
  PL   : train=3.0517e+01  test=2.3957e+01  σ_φ̄(train)=1.6769e-01  σ_φ̄(test)=1.5978e-01  σ_obs_ω=1.0000e-02  λ_PL=1.00
  KL   : M=2.236e+03  V=3.944e+02  Dw=2.129e+03  g=3.147e+03  sigma=3.591e+02  total=8.265e+03
  subnet MSE  M=6.168e-01  V=1.132e+01  Dw=4.715e-01  g=2.931e-01
[step   5200]
  train: −ELBO=2.6609e+02  NLL=2.3986e+02  NLL_R=1.0628e+00  NLL_ω=2.3879e+02  MSE_R=1.7431e-02  MSE_ω=3.4033e-01
  test : −ELBO=2.1586e+02  NLL=1.9490e+02  NLL_R=-6.3373e+00  NLL_ω=2.0123e+02  MSE_R=2.5311e-03  MSE_ω=2.8901e-01
  sigma: σ_R=3.1729e-02  σ_ω=2.6250e-02  β=0.0000e+00
  PL   : train=2.6234e+01  test=2.0960e+01  σ_φ̄(train)=1.7283e-01  σ_φ̄(test)=1.6321e-01  σ_obs_ω=1.0000e-02  λ_PL=1.00
  KL   : M=2.242e+03  V=3.953e+02  Dw=2.131e+03  g=3.148e+03  sigma=3.600e+02  total=8.277e+03
  subnet MSE  M=5.483e-01  V=1.090e+01  Dw=3.790e-01  g=2.913e-01
[step   5250]
  train: −ELBO=2.2625e+02  NLL=2.0457e+02  NLL_R=3.8879e-01  NLL_ω=2.0418e+02  MSE_R=1.7099e-02  MSE_ω=3.1549e-01
  test : −ELBO=1.8549e+02  NLL=1.6817e+02  NLL_R=-6.4086e+00  NLL_ω=1.7458e+02  MSE_R=2.3270e-03  MSE_ω=2.7202e-01
  sigma: σ_R=3.2962e-02  σ_ω=2.7263e-02  β=0.0000e+00
  PL   : train=2.1680e+01  test=1.7317e+01  σ_φ̄(train)=1.8128e-01  σ_φ̄(test)=1.7073e-01  σ_obs_ω=1.0000e-02  λ_PL=1.00
  KL   : M=2.246e+03  V=3.960e+02  Dw=2.133e+03  g=3.149e+03  sigma=3.609e+02  total=8.286e+03
  subnet MSE  M=5.107e-01  V=1.072e+01  Dw=2.581e-01  g=2.908e-01
[step   5300]
  train: −ELBO=2.1048e+02  NLL=1.8762e+02  NLL_R=-6.2702e-03  NLL_ω=1.8762e+02  MSE_R=1.7092e-02  MSE_ω=3.0940e-01
  test : −ELBO=1.7341e+02  NLL=1.5570e+02  NLL_R=-6.3832e+00  NLL_ω=1.6209e+02  MSE_R=2.3178e-03  MSE_ω=2.6935e-01
  sigma: σ_R=3.4033e-02  σ_ω=2.8124e-02  β=0.0000e+00
  PL   : train=2.2857e+01  test=1.7706e+01  σ_φ̄(train)=1.7633e-01  σ_φ̄(test)=1.6906e-01  σ_obs_ω=1.0000e-02  λ_PL=1.00
  KL   : M=2.250e+03  V=3.966e+02  Dw=2.134e+03  g=3.150e+03  sigma=3.613e+02  total=8.292e+03
  subnet MSE  M=4.679e-01  V=1.064e+01  Dw=2.649e-01  g=2.877e-01
[step   5350]
  train: −ELBO=2.0411e+02  NLL=1.8225e+02  NLL_R=-2.7986e-01  NLL_ω=1.8253e+02  MSE_R=1.7186e-02  MSE_ω=3.1813e-01
  test : −ELBO=1.6800e+02  NLL=1.5230e+02  NLL_R=-6.3130e+00  NLL_ω=1.5861e+02  MSE_R=2.4192e-03  MSE_ω=2.7846e-01
  sigma: σ_R=3.4981e-02  σ_ω=2.8903e-02  β=0.0000e+00
  PL   : train=2.1858e+01  test=1.5699e+01  σ_φ̄(train)=1.8485e-01  σ_φ̄(test)=1.7922e-01  σ_obs_ω=1.0000e-02  λ_PL=1.00
  KL   : M=2.253e+03  V=3.971e+02  Dw=2.135e+03  g=3.151e+03  sigma=3.615e+02  total=8.298e+03
  subnet MSE  M=4.398e-01  V=1.027e+01  Dw=3.032e-01  g=2.887e-01
[step   5400]
  train: −ELBO=1.8968e+02  NLL=1.7330e+02  NLL_R=-5.8796e-01  NLL_ω=1.7389e+02  MSE_R=1.7170e-02  MSE_ω=3.2164e-01
  test : −ELBO=1.5517e+02  NLL=1.4332e+02  NLL_R=-6.2908e+00  NLL_ω=1.4961e+02  MSE_R=2.3973e-03  MSE_ω=2.7898e-01
  sigma: σ_R=3.5987e-02  σ_ω=2.9752e-02  β=0.0000e+00
  PL   : train=1.6383e+01  test=1.1850e+01  σ_φ̄(train)=2.0216e-01  σ_φ̄(test)=1.9463e-01  σ_obs_ω=1.0000e-02  λ_PL=1.00
  KL   : M=2.256e+03  V=3.976e+02  Dw=2.137e+03  g=3.151e+03  sigma=3.621e+02  total=8.304e+03
  subnet MSE  M=4.118e-01  V=9.940e+00  Dw=2.468e-01  g=2.858e-01
[step   5450]
  train: −ELBO=1.7982e+02  NLL=1.5999e+02  NLL_R=-8.1264e-01  NLL_ω=1.6080e+02  MSE_R=1.7128e-02  MSE_ω=3.1142e-01
  test : −ELBO=1.4983e+02  NLL=1.3485e+02  NLL_R=-6.2712e+00  NLL_ω=1.4112e+02  MSE_R=2.3827e-03  MSE_ω=2.7542e-01
  sigma: σ_R=3.6749e-02  σ_ω=3.0397e-02  β=0.0000e+00
  PL   : train=1.9834e+01  test=1.4982e+01  σ_φ̄(train)=1.9055e-01  σ_φ̄(test)=1.8384e-01  σ_obs_ω=1.0000e-02  λ_PL=1.00
  KL   : M=2.259e+03  V=3.981e+02  Dw=2.138e+03  g=3.152e+03  sigma=3.625e+02  total=8.309e+03
  subnet MSE  M=3.892e-01  V=9.797e+00  Dw=2.910e-01  g=2.858e-01
[step   5500]
  train: −ELBO=1.7693e+02  NLL=1.6130e+02  NLL_R=-1.0317e+00  NLL_ω=1.6233e+02  MSE_R=1.7320e-02  MSE_ω=3.3503e-01
  test : −ELBO=1.4367e+02  NLL=1.3278e+02  NLL_R=-6.1970e+00  NLL_ω=1.3897e+02  MSE_R=2.4813e-03  MSE_ω=2.8946e-01
  sigma: σ_R=3.7897e-02  σ_ω=3.1395e-02  β=0.0000e+00
  PL   : train=1.5627e+01  test=1.0895e+01  σ_φ̄(train)=2.1023e-01  σ_φ̄(test)=2.0302e-01  σ_obs_ω=1.0000e-02  λ_PL=1.00
  KL   : M=2.265e+03  V=3.986e+02  Dw=2.140e+03  g=3.153e+03  sigma=3.631e+02  total=8.319e+03
  subnet MSE  M=3.373e-01  V=9.589e+00  Dw=3.195e-01  g=2.861e-01
[step   5550]
  train: −ELBO=1.4562e+02  NLL=1.3102e+02  NLL_R=-1.4863e+00  NLL_ω=1.3250e+02  MSE_R=1.6869e-02  MSE_ω=2.9770e-01
  test : −ELBO=1.1680e+02  NLL=1.0576e+02  NLL_R=-6.2494e+00  NLL_ω=1.1201e+02  MSE_R=2.1738e-03  MSE_ω=2.5438e-01
  sigma: σ_R=3.9273e-02  σ_ω=3.2605e-02  β=0.0000e+00
  PL   : train=1.4604e+01  test=1.1033e+01  σ_φ̄(train)=2.0343e-01  σ_φ̄(test)=1.9612e-01  σ_obs_ω=1.0000e-02  λ_PL=1.00
  KL   : M=2.270e+03  V=3.993e+02  Dw=2.141e+03  g=3.154e+03  sigma=3.639e+02  total=8.328e+03
  subnet MSE  M=3.724e-01  V=8.978e+00  Dw=2.507e-01  g=2.845e-01
[step   5600]
  train: −ELBO=1.3041e+02  NLL=1.1562e+02  NLL_R=-1.7255e+00  NLL_ω=1.1735e+02  MSE_R=1.6748e-02  MSE_ω=2.7957e-01
  test : −ELBO=1.0783e+02  NLL=9.7129e+01  NLL_R=-6.2260e+00  NLL_ω=1.0336e+02  MSE_R=2.1077e-03  MSE_ω=2.4865e-01
  sigma: σ_R=4.0324e-02  σ_ω=3.3470e-02  β=0.0000e+00
  PL   : train=1.4785e+01  test=1.0700e+01  σ_φ̄(train)=1.9959e-01  σ_φ̄(test)=1.9515e-01  σ_obs_ω=1.0000e-02  λ_PL=1.00
  KL   : M=2.273e+03  V=3.997e+02  Dw=2.143e+03  g=3.154e+03  sigma=3.644e+02  total=8.334e+03
  subnet MSE  M=2.957e-01  V=9.034e+00  Dw=2.399e-01  g=2.832e-01
[step   5650]
  train: −ELBO=1.2450e+02  NLL=1.1252e+02  NLL_R=-1.9308e+00  NLL_ω=1.1445e+02  MSE_R=1.6872e-02  MSE_ω=2.9282e-01
  test : −ELBO=1.0066e+02  NLL=9.1995e+01  NLL_R=-6.1492e+00  NLL_ω=9.8144e+01  MSE_R=2.1670e-03  MSE_ω=2.5385e-01
  sigma: σ_R=4.1745e-02  σ_ω=3.4674e-02  β=0.0000e+00
  PL   : train=1.1978e+01  test=8.6634e+00  σ_φ̄(train)=2.1759e-01  σ_φ̄(test)=2.1171e-01  σ_obs_ω=1.0000e-02  λ_PL=1.00
  KL   : M=2.278e+03  V=4.005e+02  Dw=2.144e+03  g=3.155e+03  sigma=3.649e+02  total=8.343e+03
  subnet MSE  M=2.727e-01  V=8.675e+00  Dw=2.533e-01  g=2.814e-01
[step   5700]
  train: −ELBO=1.0914e+02  NLL=9.8432e+01  NLL_R=-2.1764e+00  NLL_ω=1.0061e+02  MSE_R=1.6689e-02  MSE_ω=2.7639e-01
  test : −ELBO=8.9304e+01  NLL=8.1944e+01  NLL_R=-6.1165e+00  NLL_ω=8.8060e+01  MSE_R=2.0777e-03  MSE_ω=2.4488e-01
  sigma: σ_R=4.3046e-02  σ_ω=3.5798e-02  β=0.0000e+00
  PL   : train=1.0706e+01  test=7.3607e+00  σ_φ̄(train)=2.2018e-01  σ_φ̄(test)=2.1390e-01  σ_obs_ω=1.0000e-02  λ_PL=1.00
  KL   : M=2.282e+03  V=4.012e+02  Dw=2.146e+03  g=3.156e+03  sigma=3.652e+02  total=8.350e+03
  subnet MSE  M=2.600e-01  V=8.280e+00  Dw=2.190e-01  g=2.814e-01
[step   5750]
  train: −ELBO=8.1593e+01  NLL=7.4139e+01  NLL_R=-2.6200e+00  NLL_ω=7.6759e+01  MSE_R=1.6339e-02  MSE_ω=2.4570e-01
  test : −ELBO=6.8141e+01  NLL=6.3145e+01  NLL_R=-6.0363e+00  NLL_ω=6.9181e+01  MSE_R=1.8702e-03  MSE_ω=2.2395e-01
  sigma: σ_R=4.6001e-02  σ_ω=3.8291e-02  β=0.0000e+00
  PL   : train=7.4546e+00  test=4.9963e+00  σ_φ̄(train)=2.3363e-01  σ_φ̄(test)=2.2792e-01  σ_obs_ω=1.0000e-02  λ_PL=1.00
  KL   : M=2.293e+03  V=4.028e+02  Dw=2.148e+03  g=3.158e+03  sigma=3.665e+02  total=8.368e+03
  subnet MSE  M=1.884e-01  V=7.468e+00  Dw=1.350e-01  g=2.777e-01
[step   5800]
  train: −ELBO=6.8681e+01  NLL=6.2955e+01  NLL_R=-2.8763e+00  NLL_ω=6.5831e+01  MSE_R=1.6272e-02  MSE_ω=2.3909e-01
  test : −ELBO=5.6042e+01  NLL=5.2520e+01  NLL_R=-5.9290e+00  NLL_ω=5.8449e+01  MSE_R=1.8026e-03  MSE_ω=2.1520e-01
  sigma: σ_R=4.8666e-02  σ_ω=4.0554e-02  β=0.0000e+00
  PL   : train=5.7262e+00  test=3.5220e+00  σ_φ̄(train)=2.4955e-01  σ_φ̄(test)=2.4472e-01  σ_obs_ω=1.0000e-02  λ_PL=1.00
  KL   : M=2.302e+03  V=4.043e+02  Dw=2.150e+03  g=3.160e+03  sigma=3.674e+02  total=8.384e+03
  subnet MSE  M=1.557e-01  V=6.239e+00  Dw=1.150e-01  g=2.694e-01
[step   5850]
  train: −ELBO=6.4361e+01  NLL=5.9579e+01  NLL_R=-3.0065e+00  NLL_ω=6.2585e+01  MSE_R=1.6358e-02  MSE_ω=2.4882e-01
  test : −ELBO=5.2947e+01  NLL=5.0028e+01  NLL_R=-5.8228e+00  NLL_ω=5.5851e+01  MSE_R=1.8794e-03  MSE_ω=2.2478e-01
  sigma: σ_R=5.0694e-02  σ_ω=4.2366e-02  β=0.0000e+00
  PL   : train=4.7815e+00  test=2.9185e+00  σ_φ̄(train)=2.6721e-01  σ_φ̄(test)=2.6162e-01  σ_obs_ω=1.0000e-02  λ_PL=1.00
  KL   : M=2.311e+03  V=4.055e+02  Dw=2.152e+03  g=3.162e+03  sigma=3.681e+02  total=8.398e+03
  subnet MSE  M=1.264e-01  V=5.309e+00  Dw=1.114e-01  g=2.596e-01
[step   5900]
  train: −ELBO=5.2458e+01  NLL=4.9076e+01  NLL_R=-3.1655e+00  NLL_ω=5.2242e+01  MSE_R=1.6265e-02  MSE_ω=2.3498e-01
  test : −ELBO=4.2062e+01  NLL=4.0490e+01  NLL_R=-5.7357e+00  NLL_ω=4.6226e+01  MSE_R=1.7550e-03  MSE_ω=2.1158e-01
  sigma: σ_R=5.3096e-02  σ_ω=4.4697e-02  β=0.0000e+00
  PL   : train=3.3815e+00  test=1.5713e+00  σ_φ̄(train)=2.7501e-01  σ_φ̄(test)=2.6983e-01  σ_obs_ω=1.0000e-02  λ_PL=1.00
  KL   : M=2.321e+03  V=4.069e+02  Dw=2.154e+03  g=3.164e+03  sigma=3.690e+02  total=8.415e+03
  subnet MSE  M=7.917e-02  V=4.739e+00  Dw=1.073e-01  g=2.691e-01
[step   5950]
  train: −ELBO=4.3106e+01  NLL=3.9892e+01  NLL_R=-3.3051e+00  NLL_ω=4.3197e+01  MSE_R=1.6121e-02  MSE_ω=2.2088e-01
  test : −ELBO=3.4511e+01  NLL=3.3208e+01  NLL_R=-5.6379e+00  NLL_ω=3.8846e+01  MSE_R=1.6810e-03  MSE_ω=2.0176e-01
  sigma: σ_R=5.5618e-02  σ_ω=4.7187e-02  β=0.0000e+00
  PL   : train=3.2142e+00  test=1.3034e+00  σ_φ̄(train)=2.7309e-01  σ_φ̄(test)=2.6982e-01  σ_obs_ω=1.0000e-02  λ_PL=1.00
  KL   : M=2.332e+03  V=4.083e+02  Dw=2.157e+03  g=3.166e+03  sigma=3.697e+02  total=8.433e+03
  subnet MSE  M=6.754e-02  V=4.552e+00  Dw=1.409e-01  g=2.675e-01
[step   6000]
  train: −ELBO=3.7032e+01  NLL=3.5211e+01  NLL_R=-3.3811e+00  NLL_ω=3.8592e+01  MSE_R=1.6111e-02  MSE_ω=2.1862e-01
  test : −ELBO=2.8718e+01  NLL=2.8539e+01  NLL_R=-5.5516e+00  NLL_ω=3.4090e+01  MSE_R=1.6451e-03  MSE_ω=1.9709e-01
  sigma: σ_R=5.7698e-02  σ_ω=4.9363e-02  β=0.0000e+00
  PL   : train=1.8214e+00  test=1.7897e-01  σ_φ̄(train)=2.9298e-01  σ_φ̄(test)=2.8924e-01  σ_obs_ω=1.0000e-02  λ_PL=1.00
  KL   : M=2.340e+03  V=4.095e+02  Dw=2.159e+03  g=3.168e+03  sigma=3.704e+02  total=8.447e+03
  subnet MSE  M=5.944e-02  V=4.054e+00  Dw=1.284e-01  g=2.654e-01
[step   6050]
  train: −ELBO=2.7860e+01  NLL=2.7006e+01  NLL_R=-3.4890e+00  NLL_ω=3.0495e+01  MSE_R=1.5970e-02  MSE_ω=2.0624e-01
  test : −ELBO=2.0785e+01  NLL=2.1528e+01  NLL_R=-5.4198e+00  NLL_ω=2.6947e+01  MSE_R=1.5533e-03  MSE_ω=1.8680e-01
  sigma: σ_R=6.1052e-02  σ_ω=5.3121e-02  β=0.0000e+00
  PL   : train=8.5421e-01  test=-7.4283e-01  σ_φ̄(train)=3.0595e-01  σ_φ̄(test)=3.0413e-01  σ_obs_ω=1.0000e-02  λ_PL=1.00
  KL   : M=2.354e+03  V=4.115e+02  Dw=2.163e+03  g=3.172e+03  sigma=3.715e+02  total=8.472e+03
  subnet MSE  M=4.043e-02  V=3.326e+00  Dw=1.076e-01  g=2.628e-01
[step   6100]
  train: −ELBO=2.3652e+01  NLL=2.3215e+01  NLL_R=-3.5339e+00  NLL_ω=2.6749e+01  MSE_R=1.5945e-02  MSE_ω=2.0470e-01
  test : −ELBO=1.7400e+01  NLL=1.8340e+01  NLL_R=-5.3265e+00  NLL_ω=2.3666e+01  MSE_R=1.5432e-03  MSE_ω=1.8572e-01
  sigma: σ_R=6.3349e-02  σ_ω=5.5999e-02  β=0.0000e+00
  PL   : train=4.3759e-01  test=-9.3975e-01  σ_φ̄(train)=3.1622e-01  σ_φ̄(test)=3.1347e-01  σ_obs_ω=1.0000e-02  λ_PL=1.00
  KL   : M=2.365e+03  V=4.130e+02  Dw=2.166e+03  g=3.174e+03  sigma=3.723e+02  total=8.490e+03
  subnet MSE  M=2.950e-02  V=3.048e+00  Dw=1.025e-01  g=2.552e-01
[step   6150]
  train: −ELBO=1.8699e+01  NLL=1.8637e+01  NLL_R=-3.5696e+00  NLL_ω=2.2207e+01  MSE_R=1.5894e-02  MSE_ω=1.9623e-01
  test : −ELBO=1.3065e+01  NLL=1.4410e+01  NLL_R=-5.2402e+00  NLL_ω=1.9650e+01  MSE_R=1.4841e-03  MSE_ω=1.7851e-01
  sigma: σ_R=6.5648e-02  σ_ω=5.9273e-02  β=0.0000e+00
  PL   : train=6.1499e-02  test=-1.3450e+00  σ_φ̄(train)=3.2224e-01  σ_φ̄(test)=3.1954e-01  σ_obs_ω=1.0000e-02  λ_PL=1.00
  KL   : M=2.377e+03  V=4.146e+02  Dw=2.169e+03  g=3.177e+03  sigma=3.732e+02  total=8.511e+03
  subnet MSE  M=2.361e-02  V=2.500e+00  Dw=9.345e-02  g=2.555e-01
[step   6200]
  train: −ELBO=1.5917e+01  NLL=1.6558e+01  NLL_R=-3.5838e+00  NLL_ω=2.0142e+01  MSE_R=1.5895e-02  MSE_ω=1.9767e-01
  test : −ELBO=1.0804e+01  NLL=1.2626e+01  NLL_R=-5.1756e+00  NLL_ω=1.7802e+01  MSE_R=1.4951e-03  MSE_ω=1.7987e-01
  sigma: σ_R=6.7240e-02  σ_ω=6.1981e-02  β=0.0000e+00
  PL   : train=-6.4109e-01  test=-1.8224e+00  σ_φ̄(train)=3.4039e-01  σ_φ̄(test)=3.3705e-01  σ_obs_ω=1.0000e-02  λ_PL=1.00
  KL   : M=2.386e+03  V=4.160e+02  Dw=2.172e+03  g=3.180e+03  sigma=3.738e+02  total=8.528e+03
  subnet MSE  M=1.947e-02  V=2.244e+00  Dw=8.492e-02  g=2.522e-01
[step   6250]
  train: −ELBO=1.2261e+01  NLL=1.3479e+01  NLL_R=-3.6023e+00  NLL_ω=1.7082e+01  MSE_R=1.5814e-02  MSE_ω=1.9108e-01
  test : −ELBO=7.5812e+00  NLL=9.9049e+00  NLL_R=-5.1204e+00  NLL_ω=1.5025e+01  MSE_R=1.4413e-03  MSE_ω=1.7393e-01
  sigma: σ_R=6.8777e-02  σ_ω=6.5136e-02  β=0.0000e+00
  PL   : train=-1.2187e+00  test=-2.3237e+00  σ_φ̄(train)=3.5435e-01  σ_φ̄(test)=3.5177e-01  σ_obs_ω=1.0000e-02  λ_PL=1.00
  KL   : M=2.397e+03  V=4.176e+02  Dw=2.175e+03  g=3.183e+03  sigma=3.744e+02  total=8.547e+03
  subnet MSE  M=1.464e-02  V=1.670e+00  Dw=6.686e-02  g=2.547e-01
[step   6300]
  train: −ELBO=8.2088e+00  NLL=9.8472e+00  NLL_R=-3.6146e+00  NLL_ω=1.3462e+01  MSE_R=1.5758e-02  MSE_ω=1.8313e-01
  test : −ELBO=3.9533e+00  NLL=6.5979e+00  NLL_R=-5.0566e+00  NLL_ω=1.1654e+01  MSE_R=1.3752e-03  MSE_ω=1.6588e-01
  sigma: σ_R=7.0590e-02  σ_ω=7.0007e-02  β=0.0000e+00
  PL   : train=-1.6383e+00  test=-2.6446e+00  σ_φ̄(train)=3.6563e-01  σ_φ̄(test)=3.6339e-01  σ_obs_ω=1.0000e-02  λ_PL=1.00
  KL   : M=2.414e+03  V=4.200e+02  Dw=2.179e+03  g=3.188e+03  sigma=3.755e+02  total=8.576e+03
  subnet MSE  M=9.372e-03  V=1.222e+00  Dw=4.093e-02  g=2.496e-01
[step   6350]
  train: −ELBO=5.8523e+00  NLL=7.7919e+00  NLL_R=-3.6191e+00  NLL_ω=1.1411e+01  MSE_R=1.5728e-02  MSE_ω=1.8133e-01
  test : −ELBO=2.1589e+00  NLL=5.0206e+00  NLL_R=-5.0211e+00  NLL_ω=1.0042e+01  MSE_R=1.3796e-03  MSE_ω=1.6649e-01
  sigma: σ_R=7.1525e-02  σ_ω=7.4225e-02  β=0.0000e+00
  PL   : train=-1.9395e+00  test=-2.8617e+00  σ_φ̄(train)=3.7659e-01  σ_φ̄(test)=3.7435e-01  σ_obs_ω=1.0000e-02  λ_PL=1.00
  KL   : M=2.428e+03  V=4.219e+02  Dw=2.183e+03  g=3.192e+03  sigma=3.764e+02  total=8.601e+03
  subnet MSE  M=7.345e-03  V=1.060e+00  Dw=4.038e-02  g=2.506e-01
[step   6400]
  train: −ELBO=3.6732e+00  NLL=5.9015e+00  NLL_R=-3.6231e+00  NLL_ω=9.5246e+00  MSE_R=1.5690e-02  MSE_ω=1.7917e-01
  test : −ELBO=2.4919e-01  NLL=3.3345e+00  NLL_R=-5.0020e+00  NLL_ω=8.3365e+00  MSE_R=1.3678e-03  MSE_ω=1.6491e-01
  sigma: σ_R=7.2054e-02  σ_ω=7.8913e-02  β=0.0000e+00
  PL   : train=-2.2283e+00  test=-3.0853e+00  σ_φ̄(train)=3.8874e-01  σ_φ̄(test)=3.8754e-01  σ_obs_ω=1.0000e-02  λ_PL=1.00
  KL   : M=2.441e+03  V=4.240e+02  Dw=2.186e+03  g=3.197e+03  sigma=3.772e+02  total=8.626e+03
  subnet MSE  M=5.349e-03  V=8.239e-01  Dw=3.265e-02  g=2.487e-01
[step   6450]
  train: −ELBO=1.7493e+00  NLL=4.2228e+00  NLL_R=-3.6245e+00  NLL_ω=7.8473e+00  MSE_R=1.5676e-02  MSE_ω=1.7704e-01
  test : −ELBO=-1.2624e+00  NLL=2.0004e+00  NLL_R=-4.9933e+00  NLL_ω=6.9937e+00  MSE_R=1.3706e-03  MSE_ω=1.6530e-01
  sigma: σ_R=7.2288e-02  σ_ω=8.4091e-02  β=0.0000e+00
  PL   : train=-2.4735e+00  test=-3.2628e+00  σ_φ̄(train)=4.0151e-01  σ_φ̄(test)=3.9913e-01  σ_obs_ω=1.0000e-02  λ_PL=1.00
  KL   : M=2.456e+03  V=4.262e+02  Dw=2.191e+03  g=3.203e+03  sigma=3.781e+02  total=8.654e+03
  subnet MSE  M=3.972e-03  V=6.652e-01  Dw=2.863e-02  g=2.472e-01
[step   6500]
  train: −ELBO=4.6169e-01  NLL=3.2077e+00  NLL_R=-3.6217e+00  NLL_ω=6.8294e+00  MSE_R=1.5706e-02  MSE_ω=1.7848e-01
  test : −ELBO=-2.3852e+00  NLL=1.0486e+00  NLL_R=-4.9905e+00  NLL_ω=6.0391e+00  MSE_R=1.3830e-03  MSE_ω=1.6628e-01
  sigma: σ_R=7.2332e-02  σ_ω=8.8712e-02  β=0.0000e+00
  PL   : train=-2.7460e+00  test=-3.4339e+00  σ_φ̄(train)=4.1717e-01  σ_φ̄(test)=4.1434e-01  σ_obs_ω=1.0000e-02  λ_PL=1.00
  KL   : M=2.468e+03  V=4.280e+02  Dw=2.194e+03  g=3.209e+03  sigma=3.787e+02  total=8.677e+03
  subnet MSE  M=3.484e-03  V=5.356e-01  Dw=2.763e-02  g=2.467e-01
[step   6550]
  train: −ELBO=-1.6568e+00  NLL=1.3403e+00  NLL_R=-3.6244e+00  NLL_ω=4.9647e+00  MSE_R=1.5677e-02  MSE_ω=1.7565e-01
  test : −ELBO=-4.2585e+00  NLL=-6.4550e-01  NLL_R=-4.9941e+00  NLL_ω=4.3486e+00  MSE_R=1.3650e-03  MSE_ω=1.6449e-01
  sigma: σ_R=7.2283e-02  σ_ω=9.7797e-02  β=0.0000e+00
  PL   : train=-2.9971e+00  test=-3.6130e+00  σ_φ̄(train)=4.3171e-01  σ_φ̄(test)=4.2885e-01  σ_obs_ω=1.0000e-02  λ_PL=1.00
  KL   : M=2.490e+03  V=4.316e+02  Dw=2.203e+03  g=3.220e+03  sigma=3.801e+02  total=8.724e+03
  subnet MSE  M=2.176e-03  V=3.673e-01  Dw=2.229e-02  g=2.483e-01
[step   6600]
  train: −ELBO=-3.4247e+00  NLL=-1.7006e-01  NLL_R=-3.6272e+00  NLL_ω=3.4571e+00  MSE_R=1.5648e-02  MSE_ω=1.7381e-01
  test : −ELBO=-5.5586e+00  NLL=-1.7761e+00  NLL_R=-4.9916e+00  NLL_ω=3.2155e+00  MSE_R=1.4020e-03  MSE_ω=1.6860e-01
  sigma: σ_R=7.2256e-02  σ_ω=1.0867e-01  β=0.0000e+00
  PL   : train=-3.2547e+00  test=-3.7825e+00  σ_φ̄(train)=4.5008e-01  σ_φ̄(test)=4.4786e-01  σ_obs_ω=1.0000e-02  λ_PL=1.00
  KL   : M=2.516e+03  V=4.358e+02  Dw=2.213e+03  g=3.236e+03  sigma=3.817e+02  total=8.782e+03
  subnet MSE  M=1.478e-03  V=2.678e-01  Dw=1.986e-02  g=2.510e-01
[step   6650]
  train: −ELBO=-4.3850e+00  NLL=-1.0049e+00  NLL_R=-3.6277e+00  NLL_ω=2.6228e+00  MSE_R=1.5643e-02  MSE_ω=1.7451e-01
  test : −ELBO=-6.3965e+00  NLL=-2.5341e+00  NLL_R=-4.9906e+00  NLL_ω=2.4566e+00  MSE_R=1.4120e-03  MSE_ω=1.7007e-01
  sigma: σ_R=7.2255e-02  σ_ω=1.1787e-01  β=0.0000e+00
  PL   : train=-3.3801e+00  test=-3.8624e+00  σ_φ̄(train)=4.6189e-01  σ_φ̄(test)=4.5959e-01  σ_obs_ω=1.0000e-02  λ_PL=1.00
  KL   : M=2.536e+03  V=4.392e+02  Dw=2.222e+03  g=3.251e+03  sigma=3.829e+02  total=8.832e+03
  subnet MSE  M=1.131e-03  V=2.142e-01  Dw=2.013e-02  g=2.534e-01
[step   6700]
  train: −ELBO=-4.9028e+00  NLL=-1.4426e+00  NLL_R=-3.6235e+00  NLL_ω=2.1809e+00  MSE_R=1.5687e-02  MSE_ω=1.7366e-01
  test : −ELBO=-6.7697e+00  NLL=-2.8806e+00  NLL_R=-4.9892e+00  NLL_ω=2.1086e+00  MSE_R=1.4242e-03  MSE_ω=1.7171e-01
  sigma: σ_R=7.2261e-02  σ_ω=1.2342e-01  β=0.0000e+00
  PL   : train=-3.4602e+00  test=-3.8890e+00  σ_φ̄(train)=4.6580e-01  σ_φ̄(test)=4.6429e-01  σ_obs_ω=1.0000e-02  λ_PL=1.00
  KL   : M=2.547e+03  V=4.412e+02  Dw=2.227e+03  g=3.262e+03  sigma=3.835e+02  total=8.862e+03
  subnet MSE  M=1.065e-03  V=1.963e-01  Dw=1.992e-02  g=2.561e-01
[step   6750]
  train: −ELBO=-5.5239e+00  NLL=-1.9400e+00  NLL_R=-3.6249e+00  NLL_ω=1.6849e+00  MSE_R=1.5672e-02  MSE_ω=1.7470e-01
  test : −ELBO=-7.2711e+00  NLL=-3.3168e+00  NLL_R=-4.9861e+00  NLL_ω=1.6694e+00  MSE_R=1.4454e-03  MSE_ω=1.7443e-01
  sigma: σ_R=7.2288e-02  σ_ω=1.3219e-01  β=0.0000e+00
  PL   : train=-3.5839e+00  test=-3.9543e+00  σ_φ̄(train)=4.7855e-01  σ_φ̄(test)=4.7589e-01  σ_obs_ω=1.0000e-02  λ_PL=1.00
  KL   : M=2.565e+03  V=4.445e+02  Dw=2.237e+03  g=3.281e+03  sigma=3.846e+02  total=8.912e+03
  subnet MSE  M=8.537e-04  V=1.602e-01  Dw=2.047e-02  g=2.593e-01
[step   6800]
  train: −ELBO=-6.0577e+00  NLL=-2.3568e+00  NLL_R=-3.6241e+00  NLL_ω=1.2673e+00  MSE_R=1.5681e-02  MSE_ω=1.7615e-01
  test : −ELBO=-7.6804e+00  NLL=-3.6616e+00  NLL_R=-4.9836e+00  NLL_ω=1.3220e+00  MSE_R=1.4828e-03  MSE_ω=1.7865e-01
  sigma: σ_R=7.2263e-02  σ_ω=1.4204e-01  β=0.0000e+00
  PL   : train=-3.7009e+00  test=-4.0188e+00  σ_φ̄(train)=4.9161e-01  σ_φ̄(test)=4.9011e-01  σ_obs_ω=1.0000e-02  λ_PL=1.00
  KL   : M=2.583e+03  V=4.482e+02  Dw=2.248e+03  g=3.306e+03  sigma=3.857e+02  total=8.972e+03
  subnet MSE  M=7.396e-04  V=1.159e-01  Dw=2.130e-02  g=2.635e-01
[step   6850]
  train: −ELBO=-6.5250e+00  NLL=-2.7388e+00  NLL_R=-3.6255e+00  NLL_ω=8.8663e-01  MSE_R=1.5666e-02  MSE_ω=1.7607e-01
  test : −ELBO=-8.0055e+00  NLL=-3.9619e+00  NLL_R=-4.9799e+00  NLL_ω=1.0180e+00  MSE_R=1.5166e-03  MSE_ω=1.8242e-01
  sigma: σ_R=7.2272e-02  σ_ω=1.5297e-01  β=0.0000e+00
  PL   : train=-3.7862e+00  test=-4.0436e+00  σ_φ̄(train)=4.9970e-01  σ_φ̄(test)=4.9675e-01  σ_obs_ω=1.0000e-02  λ_PL=1.00
  KL   : M=2.604e+03  V=4.523e+02  Dw=2.262e+03  g=3.339e+03  sigma=3.870e+02  total=9.044e+03
  subnet MSE  M=6.532e-04  V=1.168e-01  Dw=2.267e-02  g=2.689e-01
[step   6900]
  train: −ELBO=-6.8292e+00  NLL=-2.9997e+00  NLL_R=-3.6257e+00  NLL_ω=6.2601e-01  MSE_R=1.5664e-02  MSE_ω=1.7463e-01
  test : −ELBO=-8.2100e+00  NLL=-4.1673e+00  NLL_R=-4.9783e+00  NLL_ω=8.1100e-01  MSE_R=1.5319e-03  MSE_ω=1.8455e-01
  sigma: σ_R=7.2273e-02  σ_ω=1.6188e-01  β=0.0000e+00
  PL   : train=-3.8296e+00  test=-4.0427e+00  σ_φ̄(train)=5.0290e-01  σ_φ̄(test)=4.9921e-01  σ_obs_ω=1.0000e-02  λ_PL=1.00
  KL   : M=2.620e+03  V=4.557e+02  Dw=2.275e+03  g=3.371e+03  sigma=3.881e+02  total=9.110e+03
  subnet MSE  M=6.047e-04  V=9.035e-02  Dw=2.369e-02  g=2.731e-01
[step   6950]
  train: −ELBO=-7.0090e+00  NLL=-3.1290e+00  NLL_R=-3.6241e+00  NLL_ω=4.9505e-01  MSE_R=1.5681e-02  MSE_ω=1.7492e-01
  test : −ELBO=-8.3206e+00  NLL=-4.2586e+00  NLL_R=-4.9746e+00  NLL_ω=7.1600e-01  MSE_R=1.5601e-03  MSE_ω=1.8772e-01
  sigma: σ_R=7.2302e-02  σ_ω=1.6849e-01  β=0.0000e+00
  PL   : train=-3.8800e+00  test=-4.0620e+00  σ_φ̄(train)=5.0765e-01  σ_φ̄(test)=5.0532e-01  σ_obs_ω=1.0000e-02  λ_PL=1.00
  KL   : M=2.632e+03  V=4.586e+02  Dw=2.285e+03  g=3.397e+03  sigma=3.889e+02  total=9.161e+03
  subnet MSE  M=5.737e-04  V=8.468e-02  Dw=2.466e-02  g=2.773e-01
[step   7000]
  train: −ELBO=-7.1742e+00  NLL=-3.2472e+00  NLL_R=-3.6244e+00  NLL_ω=3.7715e-01  MSE_R=1.5678e-02  MSE_ω=1.7500e-01
  test : −ELBO=-8.4318e+00  NLL=-4.3540e+00  NLL_R=-4.9751e+00  NLL_ω=6.2116e-01  MSE_R=1.5736e-03  MSE_ω=1.9017e-01
  sigma: σ_R=7.2252e-02  σ_ω=1.7551e-01  β=0.0000e+00
  PL   : train=-3.9269e+00  test=-4.0778e+00  σ_φ̄(train)=5.1496e-01  σ_φ̄(test)=5.1169e-01  σ_obs_ω=1.0000e-02  λ_PL=1.00
  KL   : M=2.646e+03  V=4.615e+02  Dw=2.296e+03  g=3.425e+03  sigma=3.898e+02  total=9.219e+03
  subnet MSE  M=5.567e-04  V=7.665e-02  Dw=2.569e-02  g=2.796e-01
[step   7050]
  train: −ELBO=-7.2945e+00  NLL=-3.3354e+00  NLL_R=-3.6248e+00  NLL_ω=2.8946e-01  MSE_R=1.5673e-02  MSE_ω=1.7599e-01
  test : −ELBO=-8.5192e+00  NLL=-4.4475e+00  NLL_R=-4.9715e+00  NLL_ω=5.2399e-01  MSE_R=1.5966e-03  MSE_ω=1.9179e-01
  sigma: σ_R=7.2295e-02  σ_ω=1.8300e-01  β=0.0000e+00
  PL   : train=-3.9592e+00  test=-4.0717e+00  σ_φ̄(train)=5.1768e-01  σ_φ̄(test)=5.1419e-01  σ_obs_ω=1.0000e-02  λ_PL=1.00
  KL   : M=2.660e+03  V=4.649e+02  Dw=2.310e+03  g=3.460e+03  sigma=3.908e+02  total=9.286e+03
  subnet MSE  M=5.349e-04  V=6.406e-02  Dw=2.716e-02  g=2.831e-01
[step   7100]
  train: −ELBO=-7.3699e+00  NLL=-3.3817e+00  NLL_R=-3.6278e+00  NLL_ω=2.4609e-01  MSE_R=1.5642e-02  MSE_ω=1.7695e-01
  test : −ELBO=-8.5549e+00  NLL=-4.4744e+00  NLL_R=-4.9704e+00  NLL_ω=4.9595e-01  MSE_R=1.6171e-03  MSE_ω=1.9475e-01
  sigma: σ_R=7.2272e-02  σ_ω=1.8801e-01  β=0.0000e+00
  PL   : train=-3.9882e+00  test=-4.0805e+00  σ_φ̄(train)=5.2264e-01  σ_φ̄(test)=5.1985e-01  σ_obs_ω=1.0000e-02  λ_PL=1.00
  KL   : M=2.670e+03  V=4.672e+02  Dw=2.320e+03  g=3.484e+03  sigma=3.916e+02  total=9.334e+03
  subnet MSE  M=5.489e-04  V=6.829e-02  Dw=2.777e-02  g=2.861e-01
[step   7150]
  train: −ELBO=-7.4568e+00  NLL=-3.4459e+00  NLL_R=-3.6289e+00  NLL_ω=1.8298e-01  MSE_R=1.5630e-02  MSE_ω=1.7659e-01
  test : −ELBO=-8.6013e+00  NLL=-4.5270e+00  NLL_R=-4.9702e+00  NLL_ω=4.4320e-01  MSE_R=1.6283e-03  MSE_ω=1.9627e-01
  sigma: σ_R=7.2250e-02  σ_ω=1.9402e-01  β=0.0000e+00
  PL   : train=-4.0108e+00  test=-4.0742e+00  σ_φ̄(train)=5.2375e-01  σ_φ̄(test)=5.2027e-01  σ_obs_ω=1.0000e-02  λ_PL=1.00
  KL   : M=2.683e+03  V=4.700e+02  Dw=2.333e+03  g=3.517e+03  sigma=3.926e+02  total=9.395e+03
  subnet MSE  M=5.262e-04  V=6.878e-02  Dw=2.932e-02  g=2.894e-01
[step   7200]
  train: −ELBO=-7.5192e+00  NLL=-3.4852e+00  NLL_R=-3.6294e+00  NLL_ω=1.4420e-01  MSE_R=1.5626e-02  MSE_ω=1.7662e-01
  test : −ELBO=-8.6425e+00  NLL=-4.5709e+00  NLL_R=-4.9689e+00  NLL_ω=3.9796e-01  MSE_R=1.6355e-03  MSE_ω=1.9678e-01
  sigma: σ_R=7.2271e-02  σ_ω=1.9889e-01  β=0.0000e+00
  PL   : train=-4.0340e+00  test=-4.0715e+00  σ_φ̄(train)=5.2698e-01  σ_φ̄(test)=5.2242e-01  σ_obs_ω=1.0000e-02  λ_PL=1.00
  KL   : M=2.693e+03  V=4.725e+02  Dw=2.345e+03  g=3.545e+03  sigma=3.936e+02  total=9.450e+03
  subnet MSE  M=5.331e-04  V=6.336e-02  Dw=3.113e-02  g=2.911e-01
[step   7250]
  train: −ELBO=-7.5786e+00  NLL=-3.5196e+00  NLL_R=-3.6258e+00  NLL_ω=1.0620e-01  MSE_R=1.5663e-02  MSE_ω=1.7660e-01
  test : −ELBO=-8.6652e+00  NLL=-4.5898e+00  NLL_R=-4.9680e+00  NLL_ω=3.7822e-01  MSE_R=1.6561e-03  MSE_ω=1.9942e-01
  sigma: σ_R=7.2232e-02  σ_ω=2.0457e-01  β=0.0000e+00
  PL   : train=-4.0590e+00  test=-4.0754e+00  σ_φ̄(train)=5.3016e-01  σ_φ̄(test)=5.2567e-01  σ_obs_ω=1.0000e-02  λ_PL=1.00
  KL   : M=2.706e+03  V=4.757e+02  Dw=2.360e+03  g=3.581e+03  sigma=3.948e+02  total=9.518e+03
  subnet MSE  M=5.314e-04  V=5.823e-02  Dw=3.182e-02  g=2.933e-01
[step   7300]
  train: −ELBO=-7.6237e+00  NLL=-3.5465e+00  NLL_R=-3.6262e+00  NLL_ω=7.9721e-02  MSE_R=1.5658e-02  MSE_ω=1.7631e-01
  test : −ELBO=-8.6613e+00  NLL=-4.6045e+00  NLL_R=-4.9665e+00  NLL_ω=3.6203e-01  MSE_R=1.6664e-03  MSE_ω=2.0097e-01
  sigma: σ_R=7.2256e-02  σ_ω=2.0879e-01  β=0.0000e+00
  PL   : train=-4.0772e+00  test=-4.0568e+00  σ_φ̄(train)=5.3290e-01  σ_φ̄(test)=5.2831e-01  σ_obs_ω=1.0000e-02  λ_PL=1.00
  KL   : M=2.717e+03  V=4.783e+02  Dw=2.373e+03  g=3.610e+03  sigma=3.959e+02  total=9.574e+03
  subnet MSE  M=5.325e-04  V=6.041e-02  Dw=3.301e-02  g=2.939e-01
[step   7350]
  train: −ELBO=-7.6683e+00  NLL=-3.5741e+00  NLL_R=-3.6290e+00  NLL_ω=5.4890e-02  MSE_R=1.5630e-02  MSE_ω=1.7567e-01
  test : −ELBO=-8.6846e+00  NLL=-4.6223e+00  NLL_R=-4.9659e+00  NLL_ω=3.4362e-01  MSE_R=1.6731e-03  MSE_ω=2.0183e-01
  sigma: σ_R=7.2252e-02  σ_ω=2.1265e-01  β=0.0000e+00
  PL   : train=-4.0942e+00  test=-4.0623e+00  σ_φ̄(train)=5.3260e-01  σ_φ̄(test)=5.2837e-01  σ_obs_ω=1.0000e-02  λ_PL=1.00
  KL   : M=2.727e+03  V=4.808e+02  Dw=2.385e+03  g=3.640e+03  sigma=3.970e+02  total=9.630e+03
  subnet MSE  M=5.414e-04  V=5.216e-02  Dw=3.457e-02  g=2.967e-01
[step   7400]
  train: −ELBO=-7.6931e+00  NLL=-3.5835e+00  NLL_R=-3.6239e+00  NLL_ω=4.0400e-02  MSE_R=1.5683e-02  MSE_ω=1.7581e-01
  test : −ELBO=-8.6653e+00  NLL=-4.6301e+00  NLL_R=-4.9644e+00  NLL_ω=3.3438e-01  MSE_R=1.6950e-03  MSE_ω=2.0350e-01
  sigma: σ_R=7.2230e-02  σ_ω=2.1689e-01  β=0.0000e+00
  PL   : train=-4.1096e+00  test=-4.0352e+00  σ_φ̄(train)=5.3363e-01  σ_φ̄(test)=5.2882e-01  σ_obs_ω=1.0000e-02  λ_PL=1.00
  KL   : M=2.740e+03  V=4.840e+02  Dw=2.401e+03  g=3.675e+03  sigma=3.986e+02  total=9.699e+03
  subnet MSE  M=5.544e-04  V=5.724e-02  Dw=3.652e-02  g=2.991e-01
[step   7450]
  train: −ELBO=-7.7116e+00  NLL=-3.5892e+00  NLL_R=-3.6261e+00  NLL_ω=3.6873e-02  MSE_R=1.5659e-02  MSE_ω=1.7626e-01
  test : −ELBO=-8.6654e+00  NLL=-4.6199e+00  NLL_R=-4.9642e+00  NLL_ω=3.4429e-01  MSE_R=1.7053e-03  MSE_ω=2.0591e-01
  sigma: σ_R=7.2209e-02  σ_ω=2.1947e-01  β=0.0000e+00
  PL   : train=-4.1223e+00  test=-4.0454e+00  σ_φ̄(train)=5.3667e-01  σ_φ̄(test)=5.3218e-01  σ_obs_ω=1.0000e-02  λ_PL=1.00
  KL   : M=2.748e+03  V=4.862e+02  Dw=2.412e+03  g=3.699e+03  sigma=3.998e+02  total=9.745e+03
  subnet MSE  M=5.332e-04  V=4.901e-02  Dw=3.782e-02  g=2.991e-01
[step   7500]
  train: −ELBO=-7.7300e+00  NLL=-3.5953e+00  NLL_R=-3.6251e+00  NLL_ω=2.9811e-02  MSE_R=1.5670e-02  MSE_ω=1.7637e-01
  test : −ELBO=-8.6693e+00  NLL=-4.6324e+00  NLL_R=-4.9644e+00  NLL_ω=3.3196e-01  MSE_R=1.7002e-03  MSE_ω=2.0631e-01
  sigma: σ_R=7.2212e-02  σ_ω=2.2243e-01  β=0.0000e+00
  PL   : train=-4.1346e+00  test=-4.0369e+00  σ_φ̄(train)=5.3704e-01  σ_φ̄(test)=5.3203e-01  σ_obs_ω=1.0000e-02  λ_PL=1.00
  KL   : M=2.758e+03  V=4.888e+02  Dw=2.426e+03  g=3.730e+03  sigma=4.014e+02  total=9.804e+03
  subnet MSE  M=5.668e-04  V=4.971e-02  Dw=4.020e-02  g=3.012e-01
[step   7550]
  train: −ELBO=-7.7540e+00  NLL=-3.6105e+00  NLL_R=-3.6270e+00  NLL_ω=1.6477e-02  MSE_R=1.5650e-02  MSE_ω=1.7577e-01
  test : −ELBO=-8.6624e+00  NLL=-4.6391e+00  NLL_R=-4.9650e+00  NLL_ω=3.2591e-01  MSE_R=1.7142e-03  MSE_ω=2.0733e-01
  sigma: σ_R=7.2171e-02  σ_ω=2.2569e-01  β=0.0000e+00
  PL   : train=-4.1435e+00  test=-4.0233e+00  σ_φ̄(train)=5.3706e-01  σ_φ̄(test)=5.3246e-01  σ_obs_ω=1.0000e-02  λ_PL=1.00
  KL   : M=2.771e+03  V=4.922e+02  Dw=2.443e+03  g=3.768e+03  sigma=4.034e+02  total=9.878e+03
  subnet MSE  M=5.622e-04  V=4.002e-02  Dw=4.177e-02  g=3.031e-01
[step   7600]
  train: −ELBO=-7.7729e+00  NLL=-3.6112e+00  NLL_R=-3.6291e+00  NLL_ω=1.7958e-02  MSE_R=1.5628e-02  MSE_ω=1.7654e-01
  test : −ELBO=-8.6243e+00  NLL=-4.6208e+00  NLL_R=-4.9585e+00  NLL_ω=3.3773e-01  MSE_R=1.7407e-03  MSE_ω=2.1011e-01
  sigma: σ_R=7.2277e-02  σ_ω=2.2901e-01  β=0.0000e+00
  PL   : train=-4.1617e+00  test=-4.0035e+00  σ_φ̄(train)=5.3790e-01  σ_φ̄(test)=5.3244e-01  σ_obs_ω=1.0000e-02  λ_PL=1.00
  KL   : M=2.786e+03  V=4.961e+02  Dw=2.465e+03  g=3.813e+03  sigma=4.062e+02  total=9.967e+03
  subnet MSE  M=5.851e-04  V=4.749e-02  Dw=4.450e-02  g=3.062e-01
[step   7650]
  train: −ELBO=-7.8023e+00  NLL=-3.6379e+00  NLL_R=-3.6285e+00  NLL_ω=-9.4121e-03  MSE_R=1.5634e-02  MSE_ω=1.7400e-01
  test : −ELBO=-8.5964e+00  NLL=-4.6333e+00  NLL_R=-4.9632e+00  NLL_ω=3.2991e-01  MSE_R=1.7439e-03  MSE_ω=2.1040e-01
  sigma: σ_R=7.2124e-02  σ_ω=2.3153e-01  β=0.0000e+00
  PL   : train=-4.1644e+00  test=-3.9631e+00  σ_φ̄(train)=5.3519e-01  σ_φ̄(test)=5.2887e-01  σ_obs_ω=1.0000e-02  λ_PL=1.00
  KL   : M=2.800e+03  V=4.998e+02  Dw=2.485e+03  g=3.856e+03  sigma=4.090e+02  total=1.005e+04
  subnet MSE  M=5.972e-04  V=4.076e-02  Dw=4.620e-02  g=3.070e-01
[step   7700]
  train: −ELBO=-7.8443e+00  NLL=-3.6623e+00  NLL_R=-3.6311e+00  NLL_ω=-3.1255e-02  MSE_R=1.5608e-02  MSE_ω=1.7183e-01
  test : −ELBO=-8.5817e+00  NLL=-4.6143e+00  NLL_R=-4.9591e+00  NLL_ω=3.4480e-01  MSE_R=1.7603e-03  MSE_ω=2.1292e-01
  sigma: σ_R=7.2232e-02  σ_ω=2.3367e-01  β=0.0000e+00
  PL   : train=-4.1820e+00  test=-3.9674e+00  σ_φ̄(train)=5.3717e-01  σ_φ̄(test)=5.3248e-01  σ_obs_ω=1.0000e-02  λ_PL=1.00
  KL   : M=2.816e+03  V=5.039e+02  Dw=2.507e+03  g=3.902e+03  sigma=4.123e+02  total=1.014e+04
  subnet MSE  M=5.801e-04  V=3.708e-02  Dw=4.886e-02  g=3.090e-01
[step   7750]
  train: −ELBO=-7.8624e+00  NLL=-3.6577e+00  NLL_R=-3.6325e+00  NLL_ω=-2.5238e-02  MSE_R=1.5593e-02  MSE_ω=1.7260e-01
  test : −ELBO=-8.5420e+00  NLL=-4.6101e+00  NLL_R=-4.9597e+00  NLL_ω=3.4957e-01  MSE_R=1.7712e-03  MSE_ω=2.1421e-01
  sigma: σ_R=7.2162e-02  σ_ω=2.3557e-01  β=0.0000e+00
  PL   : train=-4.2047e+00  test=-3.9319e+00  σ_φ̄(train)=5.4091e-01  σ_φ̄(test)=5.3317e-01  σ_obs_ω=1.0000e-02  λ_PL=1.00
  KL   : M=2.833e+03  V=5.085e+02  Dw=2.533e+03  g=3.957e+03  sigma=4.165e+02  total=1.025e+04
  subnet MSE  M=6.032e-04  V=3.907e-02  Dw=5.183e-02  g=3.102e-01
[step   7800]
  train: −ELBO=-7.8485e+00  NLL=-3.6382e+00  NLL_R=-3.6322e+00  NLL_ω=-6.0117e-03  MSE_R=1.5596e-02  MSE_ω=1.7480e-01
  test : −ELBO=-8.5161e+00  NLL=-4.5976e+00  NLL_R=-4.9601e+00  NLL_ω=3.6254e-01  MSE_R=1.7877e-03  MSE_ω=2.1603e-01
  sigma: σ_R=7.2120e-02  σ_ω=2.3648e-01  β=0.0000e+00
  PL   : train=-4.2103e+00  test=-3.9185e+00  σ_φ̄(train)=5.4112e-01  σ_φ̄(test)=5.3200e-01  σ_obs_ω=1.0000e-02  λ_PL=1.00
  KL   : M=2.846e+03  V=5.116e+02  Dw=2.552e+03  g=3.995e+03  sigma=4.198e+02  total=1.032e+04
  subnet MSE  M=6.143e-04  V=3.935e-02  Dw=5.455e-02  g=3.107e-01
[step   7850]
  train: −ELBO=-7.8777e+00  NLL=-3.6589e+00  NLL_R=-3.6321e+00  NLL_ω=-2.6830e-02  MSE_R=1.5597e-02  MSE_ω=1.7250e-01
  test : −ELBO=-8.4859e+00  NLL=-4.5924e+00  NLL_R=-4.9608e+00  NLL_ω=3.6836e-01  MSE_R=1.7950e-03  MSE_ω=2.1703e-01
  sigma: σ_R=7.2066e-02  σ_ω=2.3734e-01  β=0.0000e+00
  PL   : train=-4.2188e+00  test=-3.8935e+00  σ_φ̄(train)=5.3799e-01  σ_φ̄(test)=5.3033e-01  σ_obs_ω=1.0000e-02  λ_PL=1.00
  KL   : M=2.861e+03  V=5.153e+02  Dw=2.575e+03  g=4.042e+03  sigma=4.239e+02  total=1.042e+04
  subnet MSE  M=6.366e-04  V=4.028e-02  Dw=5.604e-02  g=3.130e-01
[step   7900]
  train: −ELBO=-7.8868e+00  NLL=-3.6721e+00  NLL_R=-3.6340e+00  NLL_ω=-3.8121e-02  MSE_R=1.5578e-02  MSE_ω=1.7124e-01
  test : −ELBO=-8.4354e+00  NLL=-4.5872e+00  NLL_R=-4.9574e+00  NLL_ω=3.7017e-01  MSE_R=1.7973e-03  MSE_ω=2.1745e-01
  sigma: σ_R=7.2160e-02  σ_ω=2.3789e-01  β=0.0000e+00
  PL   : train=-4.2147e+00  test=-3.8481e+00  σ_φ̄(train)=5.3269e-01  σ_φ̄(test)=5.2519e-01  σ_obs_ω=1.0000e-02  λ_PL=1.00
  KL   : M=2.879e+03  V=5.195e+02  Dw=2.602e+03  g=4.096e+03  sigma=4.291e+02  total=1.052e+04
  subnet MSE  M=7.298e-04  V=3.664e-02  Dw=5.923e-02  g=3.147e-01
[step   7950]
  train: −ELBO=-7.9197e+00  NLL=-3.6818e+00  NLL_R=-3.6347e+00  NLL_ω=-4.7041e-02  MSE_R=1.5570e-02  MSE_ω=1.7023e-01
  test : −ELBO=-8.3962e+00  NLL=-4.5787e+00  NLL_R=-4.9617e+00  NLL_ω=3.8307e-01  MSE_R=1.8080e-03  MSE_ω=2.1901e-01
  sigma: σ_R=7.2038e-02  σ_ω=2.3814e-01  β=0.0000e+00
  PL   : train=-4.2380e+00  test=-3.8175e+00  σ_φ̄(train)=5.3620e-01  σ_φ̄(test)=5.2706e-01  σ_obs_ω=1.0000e-02  λ_PL=1.00
  KL   : M=2.894e+03  V=5.233e+02  Dw=2.626e+03  g=4.145e+03  sigma=4.340e+02  total=1.062e+04
  subnet MSE  M=6.567e-04  V=3.781e-02  Dw=6.219e-02  g=3.154e-01
[step   8000]
  train: −ELBO=-7.9268e+00  NLL=-3.6812e+00  NLL_R=-3.6342e+00  NLL_ω=-4.7011e-02  MSE_R=1.5575e-02  MSE_ω=1.7023e-01
  test : −ELBO=-8.3251e+00  NLL=-4.5444e+00  NLL_R=-4.9598e+00  NLL_ω=4.1537e-01  MSE_R=1.8353e-03  MSE_ω=2.2266e-01
  sigma: σ_R=7.1997e-02  σ_ω=2.3811e-01  β=0.0000e+00
  PL   : train=-4.2456e+00  test=-3.7807e+00  σ_φ̄(train)=5.3690e-01  σ_φ̄(test)=5.2811e-01  σ_obs_ω=1.0000e-02  λ_PL=1.00
  KL   : M=2.915e+03  V=5.281e+02  Dw=2.658e+03  g=4.207e+03  sigma=4.408e+02  total=1.075e+04
  subnet MSE  M=6.549e-04  V=4.392e-02  Dw=6.631e-02  g=3.160e-01
[step   8050]
  train: −ELBO=-7.9618e+00  NLL=-3.7040e+00  NLL_R=-3.6377e+00  NLL_ω=-6.6321e-02  MSE_R=1.5539e-02  MSE_ω=1.6804e-01
  test : −ELBO=-8.2777e+00  NLL=-4.5399e+00  NLL_R=-4.9581e+00  NLL_ω=4.1828e-01  MSE_R=1.8430e-03  MSE_ω=2.2292e-01
  sigma: σ_R=7.2060e-02  σ_ω=2.3796e-01  β=0.0000e+00
  PL   : train=-4.2577e+00  test=-3.7379e+00  σ_φ̄(train)=5.3445e-01  σ_φ̄(test)=5.2606e-01  σ_obs_ω=1.0000e-02  λ_PL=1.00
  KL   : M=2.935e+03  V=5.327e+02  Dw=2.689e+03  g=4.266e+03  sigma=4.476e+02  total=1.087e+04
  subnet MSE  M=6.907e-04  V=3.823e-02  Dw=6.891e-02  g=3.186e-01
[step   8100]
  train: −ELBO=-7.9790e+00  NLL=-3.7219e+00  NLL_R=-3.6389e+00  NLL_ω=-8.2980e-02  MSE_R=1.5527e-02  MSE_ω=1.6617e-01
  test : −ELBO=-8.2376e+00  NLL=-4.5441e+00  NLL_R=-4.9630e+00  NLL_ω=4.1891e-01  MSE_R=1.8417e-03  MSE_ω=2.2283e-01
  sigma: σ_R=7.1906e-02  σ_ω=2.3759e-01  β=0.0000e+00
  PL   : train=-4.2572e+00  test=-3.6935e+00  σ_φ̄(train)=5.3041e-01  σ_φ̄(test)=5.1972e-01  σ_obs_ω=1.0000e-02  λ_PL=1.00
  KL   : M=2.950e+03  V=5.364e+02  Dw=2.714e+03  g=4.312e+03  sigma=4.530e+02  total=1.097e+04
  subnet MSE  M=7.435e-04  V=3.871e-02  Dw=7.304e-02  g=3.190e-01
[step   8150]
  train: −ELBO=-7.9732e+00  NLL=-3.7082e+00  NLL_R=-3.6361e+00  NLL_ω=-7.2080e-02  MSE_R=1.5556e-02  MSE_ω=1.6740e-01
  test : −ELBO=-8.1618e+00  NLL=-4.5100e+00  NLL_R=-4.9554e+00  NLL_ω=4.4544e-01  MSE_R=1.8675e-03  MSE_ω=2.2563e-01
  sigma: σ_R=7.2023e-02  σ_ω=2.3719e-01  β=0.0000e+00
  PL   : train=-4.2650e+00  test=-3.6518e+00  σ_φ̄(train)=5.3074e-01  σ_φ̄(test)=5.1937e-01  σ_obs_ω=1.0000e-02  λ_PL=1.00
  KL   : M=2.966e+03  V=5.401e+02  Dw=2.740e+03  g=4.361e+03  sigma=4.587e+02  total=1.107e+04
  subnet MSE  M=7.580e-04  V=3.707e-02  Dw=7.517e-02  g=3.200e-01
[step   8200]
  train: −ELBO=-7.9947e+00  NLL=-3.7183e+00  NLL_R=-3.6365e+00  NLL_ω=-8.1885e-02  MSE_R=1.5552e-02  MSE_ω=1.6631e-01
  test : −ELBO=-8.1140e+00  NLL=-4.5051e+00  NLL_R=-4.9566e+00  NLL_ω=4.5147e-01  MSE_R=1.8642e-03  MSE_ω=2.2605e-01
  sigma: σ_R=7.2001e-02  σ_ω=2.3666e-01  β=0.0000e+00
  PL   : train=-4.2764e+00  test=-3.6089e+00  σ_φ̄(train)=5.3001e-01  σ_φ̄(test)=5.1661e-01  σ_obs_ω=1.0000e-02  λ_PL=1.00
  KL   : M=2.984e+03  V=5.442e+02  Dw=2.770e+03  g=4.413e+03  sigma=4.654e+02  total=1.118e+04
  subnet MSE  M=7.784e-04  V=4.198e-02  Dw=7.981e-02  g=3.216e-01
[step   8250]
  train: −ELBO=-8.0105e+00  NLL=-3.7388e+00  NLL_R=-3.6395e+00  NLL_ω=-9.9293e-02  MSE_R=1.5520e-02  MSE_ω=1.6437e-01
  test : −ELBO=-8.0761e+00  NLL=-4.5089e+00  NLL_R=-4.9603e+00  NLL_ω=4.5135e-01  MSE_R=1.8632e-03  MSE_ω=2.2581e-01
  sigma: σ_R=7.1908e-02  σ_ω=2.3620e-01  β=0.0000e+00
  PL   : train=-4.2717e+00  test=-3.5671e+00  σ_φ̄(train)=5.2794e-01  σ_φ̄(test)=5.1429e-01  σ_obs_ω=1.0000e-02  λ_PL=1.00
  KL   : M=2.999e+03  V=5.477e+02  Dw=2.796e+03  g=4.458e+03  sigma=4.711e+02  total=1.127e+04
  subnet MSE  M=7.935e-04  V=4.083e-02  Dw=8.384e-02  g=3.227e-01
[step   8300]
  train: −ELBO=-8.0311e+00  NLL=-3.7548e+00  NLL_R=-3.6407e+00  NLL_ω=-1.1416e-01  MSE_R=1.5508e-02  MSE_ω=1.6273e-01
  test : −ELBO=-8.0056e+00  NLL=-4.5023e+00  NLL_R=-4.9583e+00  NLL_ω=4.5603e-01  MSE_R=1.8596e-03  MSE_ω=2.2612e-01
  sigma: σ_R=7.1984e-02  σ_ω=2.3577e-01  β=0.0000e+00
  PL   : train=-4.2763e+00  test=-3.5033e+00  σ_φ̄(train)=5.2265e-01  σ_φ̄(test)=5.0814e-01  σ_obs_ω=1.0000e-02  λ_PL=1.00
  KL   : M=3.010e+03  V=5.503e+02  Dw=2.815e+03  g=4.492e+03  sigma=4.756e+02  total=1.134e+04
  subnet MSE  M=8.118e-04  V=4.094e-02  Dw=8.720e-02  g=3.233e-01
[step   8350]
  train: −ELBO=-8.0177e+00  NLL=-3.7152e+00  NLL_R=-3.6371e+00  NLL_ω=-7.8087e-02  MSE_R=1.5545e-02  MSE_ω=1.6674e-01
  test : −ELBO=-7.9498e+00  NLL=-4.4643e+00  NLL_R=-4.9567e+00  NLL_ω=4.9242e-01  MSE_R=1.8939e-03  MSE_ω=2.2988e-01
  sigma: σ_R=7.1905e-02  σ_ω=2.3525e-01  β=0.0000e+00
  PL   : train=-4.3025e+00  test=-3.4855e+00  σ_φ̄(train)=5.2998e-01  σ_φ̄(test)=5.1338e-01  σ_obs_ω=1.0000e-02  λ_PL=1.00
  KL   : M=3.027e+03  V=5.539e+02  Dw=2.844e+03  g=4.540e+03  sigma=4.819e+02  total=1.145e+04
  subnet MSE  M=8.261e-04  V=4.325e-02  Dw=9.340e-02  g=3.242e-01
[step   8400]
  train: −ELBO=-8.0440e+00  NLL=-3.7355e+00  NLL_R=-3.6396e+00  NLL_ω=-9.5899e-02  MSE_R=1.5520e-02  MSE_ω=1.6477e-01
  test : −ELBO=-7.9057e+00  NLL=-4.4512e+00  NLL_R=-4.9574e+00  NLL_ω=5.0618e-01  MSE_R=1.9070e-03  MSE_ω=2.3114e-01
  sigma: σ_R=7.1865e-02  σ_ω=2.3477e-01  β=0.0000e+00
  PL   : train=-4.3085e+00  test=-3.4545e+00  σ_φ̄(train)=5.2914e-01  σ_φ̄(test)=5.1414e-01  σ_obs_ω=1.0000e-02  λ_PL=1.00
  KL   : M=3.042e+03  V=5.573e+02  Dw=2.871e+03  g=4.584e+03  sigma=4.879e+02  total=1.154e+04
  subnet MSE  M=8.914e-04  V=4.304e-02  Dw=9.703e-02  g=3.259e-01
[step   8450]
  train: −ELBO=-8.0502e+00  NLL=-3.7406e+00  NLL_R=-3.6388e+00  NLL_ω=-1.0187e-01  MSE_R=1.5528e-02  MSE_ω=1.6412e-01
  test : −ELBO=-7.8493e+00  NLL=-4.4329e+00  NLL_R=-4.9508e+00  NLL_ω=5.1791e-01  MSE_R=1.9150e-03  MSE_ω=2.3218e-01
  sigma: σ_R=7.2034e-02  σ_ω=2.3433e-01  β=0.0000e+00
  PL   : train=-4.3096e+00  test=-3.4164e+00  σ_φ̄(train)=5.2573e-01  σ_φ̄(test)=5.1027e-01  σ_obs_ω=1.0000e-02  λ_PL=1.00
  KL   : M=3.054e+03  V=5.600e+02  Dw=2.892e+03  g=4.619e+03  sigma=4.927e+02  total=1.162e+04
  subnet MSE  M=8.599e-04  V=4.296e-02  Dw=9.698e-02  g=3.278e-01
[step   8500]
  train: −ELBO=-8.0758e+00  NLL=-3.7702e+00  NLL_R=-3.6427e+00  NLL_ω=-1.2757e-01  MSE_R=1.5488e-02  MSE_ω=1.6130e-01
  test : −ELBO=-7.8094e+00  NLL=-4.4566e+00  NLL_R=-4.9557e+00  NLL_ω=4.9913e-01  MSE_R=1.8975e-03  MSE_ω=2.2992e-01
  sigma: σ_R=7.1943e-02  σ_ω=2.3399e-01  β=0.0000e+00
  PL   : train=-4.3056e+00  test=-3.3528e+00  σ_φ̄(train)=5.2099e-01  σ_φ̄(test)=5.0449e-01  σ_obs_ω=1.0000e-02  λ_PL=1.00
  KL   : M=3.065e+03  V=5.625e+02  Dw=2.913e+03  g=4.652e+03  sigma=4.974e+02  total=1.169e+04
  subnet MSE  M=9.044e-04  V=3.936e-02  Dw=1.032e-01  g=3.273e-01
[step   8550]
  train: −ELBO=-8.0836e+00  NLL=-3.7672e+00  NLL_R=-3.6436e+00  NLL_ω=-1.2362e-01  MSE_R=1.5478e-02  MSE_ω=1.6174e-01
  test : −ELBO=-7.7703e+00  NLL=-4.4146e+00  NLL_R=-4.9554e+00  NLL_ω=5.4082e-01  MSE_R=1.9351e-03  MSE_ω=2.3426e-01
  sigma: σ_R=7.1847e-02  σ_ω=2.3361e-01  β=0.0000e+00
  PL   : train=-4.3164e+00  test=-3.3557e+00  σ_φ̄(train)=5.2283e-01  σ_φ̄(test)=5.0655e-01  σ_obs_ω=1.0000e-02  λ_PL=1.00
  KL   : M=3.076e+03  V=5.649e+02  Dw=2.934e+03  g=4.685e+03  sigma=5.020e+02  total=1.176e+04
  subnet MSE  M=8.980e-04  V=4.288e-02  Dw=1.083e-01  g=3.298e-01
[step   8600]
  train: −ELBO=-8.0759e+00  NLL=-3.7545e+00  NLL_R=-3.6406e+00  NLL_ω=-1.1384e-01  MSE_R=1.5509e-02  MSE_ω=1.6281e-01
  test : −ELBO=-7.7304e+00  NLL=-4.4193e+00  NLL_R=-4.9547e+00  NLL_ω=5.3541e-01  MSE_R=1.9271e-03  MSE_ω=2.3345e-01
  sigma: σ_R=7.1880e-02  σ_ω=2.3325e-01  β=0.0000e+00
  PL   : train=-4.3214e+00  test=-3.3111e+00  σ_φ̄(train)=5.2182e-01  σ_φ̄(test)=5.0537e-01  σ_obs_ω=1.0000e-02  λ_PL=1.00
  KL   : M=3.088e+03  V=5.674e+02  Dw=2.956e+03  g=4.720e+03  sigma=5.070e+02  total=1.184e+04
  subnet MSE  M=9.465e-04  V=4.511e-02  Dw=1.101e-01  g=3.295e-01
[step   8650]
  train: −ELBO=-8.0924e+00  NLL=-3.7768e+00  NLL_R=-3.6448e+00  NLL_ω=-1.3203e-01  MSE_R=1.5466e-02  MSE_ω=1.6084e-01
  test : −ELBO=-7.7242e+00  NLL=-4.4262e+00  NLL_R=-4.9613e+00  NLL_ω=5.3510e-01  MSE_R=1.9223e-03  MSE_ω=2.3319e-01
  sigma: σ_R=7.1748e-02  σ_ω=2.3287e-01  β=0.0000e+00
  PL   : train=-4.3155e+00  test=-3.2980e+00  σ_φ̄(train)=5.2139e-01  σ_φ̄(test)=5.0629e-01  σ_obs_ω=1.0000e-02  λ_PL=1.00
  KL   : M=3.100e+03  V=5.701e+02  Dw=2.978e+03  g=4.756e+03  sigma=5.121e+02  total=1.192e+04
  subnet MSE  M=1.010e-03  V=3.992e-02  Dw=1.131e-01  g=3.288e-01
[step   8700]
  train: −ELBO=-8.1067e+00  NLL=-3.7716e+00  NLL_R=-3.6417e+00  NLL_ω=-1.2992e-01  MSE_R=1.5497e-02  MSE_ω=1.6107e-01
  test : −ELBO=-7.6177e+00  NLL=-4.3727e+00  NLL_R=-4.9517e+00  NLL_ω=5.7894e-01  MSE_R=1.9592e-03  MSE_ω=2.3755e-01
  sigma: σ_R=7.1877e-02  σ_ω=2.3228e-01  β=0.0000e+00
  PL   : train=-4.3350e+00  test=-3.2450e+00  σ_φ̄(train)=5.2163e-01  σ_φ̄(test)=5.0599e-01  σ_obs_ω=1.0000e-02  λ_PL=1.00
  KL   : M=3.118e+03  V=5.738e+02  Dw=3.010e+03  g=4.807e+03  sigma=5.195e+02  total=1.203e+04
  subnet MSE  M=9.794e-04  V=4.294e-02  Dw=1.191e-01  g=3.317e-01
[step   8750]
  train: −ELBO=-8.1275e+00  NLL=-3.8005e+00  NLL_R=-3.6444e+00  NLL_ω=-1.5618e-01  MSE_R=1.5470e-02  MSE_ω=1.5826e-01
  test : −ELBO=-7.5245e+00  NLL=-4.3795e+00  NLL_R=-4.9530e+00  NLL_ω=5.7354e-01  MSE_R=1.9467e-03  MSE_ω=2.3661e-01
  sigma: σ_R=7.1898e-02  σ_ω=2.3172e-01  β=0.0000e+00
  PL   : train=-4.3269e+00  test=-3.1450e+00  σ_φ̄(train)=5.1479e-01  σ_φ̄(test)=4.9966e-01  σ_obs_ω=1.0000e-02  λ_PL=1.00
  KL   : M=3.135e+03  V=5.778e+02  Dw=3.045e+03  g=4.860e+03  sigma=5.271e+02  total=1.214e+04
  subnet MSE  M=1.011e-03  V=4.298e-02  Dw=1.258e-01  g=3.327e-01
[step   8800]
  train: −ELBO=-8.1390e+00  NLL=-3.7853e+00  NLL_R=-3.6434e+00  NLL_ω=-1.4183e-01  MSE_R=1.5480e-02  MSE_ω=1.5980e-01
  test : −ELBO=-7.4523e+00  NLL=-4.3637e+00  NLL_R=-4.9544e+00  NLL_ω=5.9070e-01  MSE_R=1.9632e-03  MSE_ω=2.3787e-01
  sigma: σ_R=7.1807e-02  σ_ω=2.3086e-01  β=0.0000e+00
  PL   : train=-4.3537e+00  test=-3.0886e+00  σ_φ̄(train)=5.1927e-01  σ_φ̄(test)=5.0141e-01  σ_obs_ω=1.0000e-02  λ_PL=1.00
  KL   : M=3.158e+03  V=5.828e+02  Dw=3.090e+03  g=4.930e+03  sigma=5.370e+02  total=1.230e+04
  subnet MSE  M=1.027e-03  V=4.355e-02  Dw=1.345e-01  g=3.349e-01
[step   8850]
  train: −ELBO=-8.1624e+00  NLL=-3.8022e+00  NLL_R=-3.6479e+00  NLL_ω=-1.5437e-01  MSE_R=1.5434e-02  MSE_ω=1.5847e-01
  test : −ELBO=-7.3517e+00  NLL=-4.3295e+00  NLL_R=-4.9545e+00  NLL_ω=6.2498e-01  MSE_R=1.9935e-03  MSE_ω=2.4113e-01
  sigma: σ_R=7.1743e-02  σ_ω=2.3029e-01  β=0.0000e+00
  PL   : train=-4.3601e+00  test=-3.0222e+00  σ_φ̄(train)=5.1645e-01  σ_φ̄(test)=4.9917e-01  σ_obs_ω=1.0000e-02  λ_PL=1.00
  KL   : M=3.177e+03  V=5.869e+02  Dw=3.127e+03  g=4.986e+03  sigma=5.451e+02  total=1.242e+04
  subnet MSE  M=1.079e-03  V=4.255e-02  Dw=1.445e-01  g=3.356e-01
[step   8900]
  train: −ELBO=-8.1769e+00  NLL=-3.8128e+00  NLL_R=-3.6446e+00  NLL_ω=-1.6823e-01  MSE_R=1.5468e-02  MSE_ω=1.5701e-01
  test : −ELBO=-7.2896e+00  NLL=-4.3014e+00  NLL_R=-4.9502e+00  NLL_ω=6.4885e-01  MSE_R=2.0131e-03  MSE_ω=2.4338e-01
  sigma: σ_R=7.1783e-02  σ_ω=2.2991e-01  β=0.0000e+00
  PL   : train=-4.3641e+00  test=-2.9882e+00  σ_φ̄(train)=5.1559e-01  σ_φ̄(test)=4.9843e-01  σ_obs_ω=1.0000e-02  λ_PL=1.00
  KL   : M=3.189e+03  V=5.894e+02  Dw=3.150e+03  g=5.023e+03  sigma=5.503e+02  total=1.250e+04
  subnet MSE  M=1.113e-03  V=4.415e-02  Dw=1.475e-01  g=3.367e-01
[step   8950]
  train: −ELBO=-8.1814e+00  NLL=-3.8082e+00  NLL_R=-3.6450e+00  NLL_ω=-1.6314e-01  MSE_R=1.5463e-02  MSE_ω=1.5755e-01
  test : −ELBO=-7.2694e+00  NLL=-4.3032e+00  NLL_R=-4.9523e+00  NLL_ω=6.4915e-01  MSE_R=2.0074e-03  MSE_ω=2.4313e-01
  sigma: σ_R=7.1742e-02  σ_ω=2.2952e-01  β=0.0000e+00
  PL   : train=-4.3732e+00  test=-2.9662e+00  σ_φ̄(train)=5.1551e-01  σ_φ̄(test)=4.9733e-01  σ_obs_ω=1.0000e-02  λ_PL=1.00
  KL   : M=3.201e+03  V=5.921e+02  Dw=3.174e+03  g=5.061e+03  sigma=5.556e+02  total=1.258e+04
  subnet MSE  M=1.128e-03  V=4.547e-02  Dw=1.512e-01  g=3.380e-01
[step   9000]
  train: −ELBO=-8.1954e+00  NLL=-3.8208e+00  NLL_R=-3.6469e+00  NLL_ω=-1.7386e-01  MSE_R=1.5444e-02  MSE_ω=1.5642e-01
  test : −ELBO=-7.2172e+00  NLL=-4.2929e+00  NLL_R=-4.9495e+00  NLL_ω=6.5667e-01  MSE_R=2.0088e-03  MSE_ω=2.4367e-01
  sigma: σ_R=7.1808e-02  σ_ω=2.2920e-01  β=0.0000e+00
  PL   : train=-4.3746e+00  test=-2.9243e+00  σ_φ̄(train)=5.1433e-01  σ_φ̄(test)=4.9588e-01  σ_obs_ω=1.0000e-02  λ_PL=1.00
  KL   : M=3.212e+03  V=5.945e+02  Dw=3.197e+03  g=5.095e+03  sigma=5.603e+02  total=1.266e+04
  subnet MSE  M=1.175e-03  V=4.598e-02  Dw=1.564e-01  g=3.372e-01
[step   9050]
  train: −ELBO=-8.2105e+00  NLL=-3.8304e+00  NLL_R=-3.6471e+00  NLL_ω=-1.8328e-01  MSE_R=1.5442e-02  MSE_ω=1.5544e-01
  test : −ELBO=-7.1980e+00  NLL=-4.2913e+00  NLL_R=-4.9519e+00  NLL_ω=6.6058e-01  MSE_R=2.0128e-03  MSE_ω=2.4392e-01
  sigma: σ_R=7.1753e-02  σ_ω=2.2897e-01  β=0.0000e+00
  PL   : train=-4.3801e+00  test=-2.9067e+00  σ_φ̄(train)=5.1338e-01  σ_φ̄(test)=4.9505e-01  σ_obs_ω=1.0000e-02  λ_PL=1.00
  KL   : M=3.221e+03  V=5.964e+02  Dw=3.215e+03  g=5.122e+03  sigma=5.641e+02  total=1.272e+04
  subnet MSE  M=1.143e-03  V=4.295e-02  Dw=1.567e-01  g=3.397e-01
[step   9100]
  train: −ELBO=-8.2083e+00  NLL=-3.8237e+00  NLL_R=-3.6465e+00  NLL_ω=-1.7726e-01  MSE_R=1.5448e-02  MSE_ω=1.5607e-01
  test : −ELBO=-7.1510e+00  NLL=-4.2771e+00  NLL_R=-4.9492e+00  NLL_ω=6.7209e-01  MSE_R=2.0197e-03  MSE_ω=2.4488e-01
  sigma: σ_R=7.1794e-02  σ_ω=2.2865e-01  β=0.0000e+00
  PL   : train=-4.3846e+00  test=-2.8739e+00  σ_φ̄(train)=5.1337e-01  σ_φ̄(test)=4.9452e-01  σ_obs_ω=1.0000e-02  λ_PL=1.00
  KL   : M=3.231e+03  V=5.985e+02  Dw=3.235e+03  g=5.153e+03  sigma=5.683e+02  total=1.279e+04
  subnet MSE  M=1.182e-03  V=4.440e-02  Dw=1.609e-01  g=3.398e-01
[step   9150]
  train: −ELBO=-8.2143e+00  NLL=-3.8241e+00  NLL_R=-3.6464e+00  NLL_ω=-1.7778e-01  MSE_R=1.5449e-02  MSE_ω=1.5602e-01
  test : −ELBO=-7.0814e+00  NLL=-4.2556e+00  NLL_R=-4.9511e+00  NLL_ω=6.9546e-01  MSE_R=2.0382e-03  MSE_ω=2.4710e-01
  sigma: σ_R=7.1678e-02  σ_ω=2.2838e-01  β=0.0000e+00
  PL   : train=-4.3902e+00  test=-2.8258e+00  σ_φ̄(train)=5.1137e-01  σ_φ̄(test)=4.9211e-01  σ_obs_ω=1.0000e-02  λ_PL=1.00
  KL   : M=3.241e+03  V=6.007e+02  Dw=3.257e+03  g=5.186e+03  sigma=5.729e+02  total=1.286e+04
  subnet MSE  M=1.204e-03  V=4.580e-02  Dw=1.699e-01  g=3.408e-01
[step   9200]
  train: −ELBO=-8.2240e+00  NLL=-3.8308e+00  NLL_R=-3.6478e+00  NLL_ω=-1.8304e-01  MSE_R=1.5435e-02  MSE_ω=1.5547e-01
  test : −ELBO=-7.0439e+00  NLL=-4.2505e+00  NLL_R=-4.9489e+00  NLL_ω=6.9834e-01  MSE_R=2.0424e-03  MSE_ω=2.4716e-01
  sigma: σ_R=7.1727e-02  σ_ω=2.2808e-01  β=0.0000e+00
  PL   : train=-4.3932e+00  test=-2.7934e+00  σ_φ̄(train)=5.1114e-01  σ_φ̄(test)=4.9203e-01  σ_obs_ω=1.0000e-02  λ_PL=1.00
  KL   : M=3.253e+03  V=6.033e+02  Dw=3.282e+03  g=5.225e+03  sigma=5.784e+02  total=1.294e+04
  subnet MSE  M=1.267e-03  V=4.530e-02  Dw=1.721e-01  g=3.409e-01
[step   9250]
  train: −ELBO=-8.2402e+00  NLL=-3.8424e+00  NLL_R=-3.6479e+00  NLL_ω=-1.9451e-01  MSE_R=1.5434e-02  MSE_ω=1.5428e-01
  test : −ELBO=-6.9125e+00  NLL=-4.2167e+00  NLL_R=-4.9504e+00  NLL_ω=7.3375e-01  MSE_R=2.0678e-03  MSE_ω=2.5046e-01
  sigma: σ_R=7.1629e-02  σ_ω=2.2762e-01  β=0.0000e+00
  PL   : train=-4.3979e+00  test=-2.6958e+00  σ_φ̄(train)=5.0881e-01  σ_φ̄(test)=4.8934e-01  σ_obs_ω=1.0000e-02  λ_PL=1.00
  KL   : M=3.269e+03  V=6.068e+02  Dw=3.315e+03  g=5.276e+03  sigma=5.855e+02  total=1.305e+04
  subnet MSE  M=1.286e-03  V=4.907e-02  Dw=1.799e-01  g=3.428e-01
[step   9300]
  train: −ELBO=-8.2262e+00  NLL=-3.8739e+00  NLL_R=-3.6500e+00  NLL_ω=-2.2386e-01  MSE_R=1.5412e-02  MSE_ω=1.5125e-01
  test : −ELBO=-6.7520e+00  NLL=-4.2360e+00  NLL_R=-4.9478e+00  NLL_ω=7.1179e-01  MSE_R=2.0431e-03  MSE_ω=2.4793e-01
  sigma: σ_R=7.1775e-02  σ_ω=2.2730e-01  β=0.0000e+00
  PL   : train=-4.3523e+00  test=-2.5160e+00  σ_φ̄(train)=4.9272e-01  σ_φ̄(test)=4.7524e-01  σ_obs_ω=1.0000e-02  λ_PL=1.00
  KL   : M=3.284e+03  V=6.103e+02  Dw=3.347e+03  g=5.324e+03  sigma=5.919e+02  total=1.316e+04
  subnet MSE  M=1.260e-03  V=5.110e-02  Dw=1.897e-01  g=3.418e-01
[step   9350]
  train: −ELBO=-8.2614e+00  NLL=-3.8414e+00  NLL_R=-3.6497e+00  NLL_ω=-1.9170e-01  MSE_R=1.5415e-02  MSE_ω=1.5458e-01
  test : −ELBO=-6.8720e+00  NLL=-4.1882e+00  NLL_R=-4.9468e+00  NLL_ω=7.5857e-01  MSE_R=2.0897e-03  MSE_ω=2.5253e-01
  sigma: σ_R=7.1667e-02  σ_ω=2.2702e-01  β=0.0000e+00
  PL   : train=-4.4200e+00  test=-2.6838e+00  σ_φ̄(train)=5.1220e-01  σ_φ̄(test)=4.9161e-01  σ_obs_ω=1.0000e-02  λ_PL=1.00
  KL   : M=3.296e+03  V=6.129e+02  Dw=3.371e+03  g=5.361e+03  sigma=5.968e+02  total=1.324e+04
  subnet MSE  M=1.252e-03  V=4.694e-02  Dw=1.911e-01  g=3.446e-01
[step   9400]
  train: −ELBO=-8.2666e+00  NLL=-3.8527e+00  NLL_R=-3.6516e+00  NLL_ω=-2.0110e-01  MSE_R=1.5396e-02  MSE_ω=1.5361e-01
  test : −ELBO=-6.8007e+00  NLL=-4.1902e+00  NLL_R=-4.9468e+00  NLL_ω=7.5666e-01  MSE_R=2.0804e-03  MSE_ω=2.5214e-01
  sigma: σ_R=7.1698e-02  σ_ω=2.2680e-01  β=0.0000e+00
  PL   : train=-4.4139e+00  test=-2.6105e+00  σ_φ̄(train)=5.0807e-01  σ_φ̄(test)=4.8848e-01  σ_obs_ω=1.0000e-02  λ_PL=1.00
  KL   : M=3.304e+03  V=6.149e+02  Dw=3.389e+03  g=5.388e+03  sigma=6.005e+02  total=1.330e+04
  subnet MSE  M=1.337e-03  V=5.082e-02  Dw=1.952e-01  g=3.441e-01
[step   9450]
  train: −ELBO=-8.2786e+00  NLL=-3.8663e+00  NLL_R=-3.6515e+00  NLL_ω=-2.1482e-01  MSE_R=1.5397e-02  MSE_ω=1.5220e-01
  test : −ELBO=-6.7122e+00  NLL=-4.1649e+00  NLL_R=-4.9455e+00  NLL_ω=7.8062e-01  MSE_R=2.1004e-03  MSE_ω=2.5434e-01
  sigma: σ_R=7.1677e-02  σ_ω=2.2651e-01  β=0.0000e+00
  PL   : train=-4.4123e+00  test=-2.5473e+00  σ_φ̄(train)=5.0579e-01  σ_φ̄(test)=4.8651e-01  σ_obs_ω=1.0000e-02  λ_PL=1.00
  KL   : M=3.313e+03  V=6.169e+02  Dw=3.409e+03  g=5.418e+03  sigma=6.044e+02  total=1.336e+04
  subnet MSE  M=1.390e-03  V=5.167e-02  Dw=2.001e-01  g=3.443e-01
[step   9500]
  train: −ELBO=-8.2875e+00  NLL=-3.8705e+00  NLL_R=-3.6514e+00  NLL_ω=-2.1914e-01  MSE_R=1.5398e-02  MSE_ω=1.5176e-01
  test : −ELBO=-6.6160e+00  NLL=-4.1472e+00  NLL_R=-4.9453e+00  NLL_ω=7.9815e-01  MSE_R=2.1122e-03  MSE_ω=2.5592e-01
  sigma: σ_R=7.1649e-02  σ_ω=2.2626e-01  β=0.0000e+00
  PL   : train=-4.4170e+00  test=-2.4688e+00  σ_φ̄(train)=5.0147e-01  σ_φ̄(test)=4.8174e-01  σ_obs_ω=1.0000e-02  λ_PL=1.00
  KL   : M=3.326e+03  V=6.197e+02  Dw=3.435e+03  g=5.458e+03  sigma=6.097e+02  total=1.345e+04
  subnet MSE  M=1.411e-03  V=5.030e-02  Dw=2.109e-01  g=3.459e-01
[step   9550]
  train: −ELBO=-8.3056e+00  NLL=-3.8807e+00  NLL_R=-3.6505e+00  NLL_ω=-2.3014e-01  MSE_R=1.5407e-02  MSE_ω=1.5065e-01
  test : −ELBO=-6.5666e+00  NLL=-4.1472e+00  NLL_R=-4.9466e+00  NLL_ω=7.9939e-01  MSE_R=2.1102e-03  MSE_ω=2.5570e-01
  sigma: σ_R=7.1621e-02  σ_ω=2.2588e-01  β=0.0000e+00
  PL   : train=-4.4249e+00  test=-2.4194e+00  σ_φ̄(train)=5.0473e-01  σ_φ̄(test)=4.8449e-01  σ_obs_ω=1.0000e-02  λ_PL=1.00
  KL   : M=3.335e+03  V=6.219e+02  Dw=3.457e+03  g=5.490e+03  sigma=6.141e+02  total=1.352e+04
  subnet MSE  M=1.435e-03  V=4.932e-02  Dw=2.187e-01  g=3.456e-01
[step   9600]
  train: −ELBO=-8.2801e+00  NLL=-3.8178e+00  NLL_R=-3.6456e+00  NLL_ω=-1.7216e-01  MSE_R=1.5457e-02  MSE_ω=1.5655e-01
  test : −ELBO=-6.6351e+00  NLL=-4.0523e+00  NLL_R=-4.9412e+00  NLL_ω=8.8896e-01  MSE_R=2.1911e-03  MSE_ω=2.6453e-01
  sigma: σ_R=7.1558e-02  σ_ω=2.2557e-01  β=0.0000e+00
  PL   : train=-4.4623e+00  test=-2.5829e+00  σ_φ̄(train)=5.2195e-01  σ_φ̄(test)=5.0223e-01  σ_obs_ω=1.0000e-02  λ_PL=1.00
  KL   : M=3.345e+03  V=6.243e+02  Dw=3.479e+03  g=5.523e+03  sigma=6.185e+02  total=1.359e+04
  subnet MSE  M=1.532e-03  V=5.063e-02  Dw=2.197e-01  g=3.479e-01
[step   9650]
  train: −ELBO=-8.3136e+00  NLL=-3.8703e+00  NLL_R=-3.6532e+00  NLL_ω=-2.1702e-01  MSE_R=1.5379e-02  MSE_ω=1.5199e-01
  test : −ELBO=-6.4363e+00  NLL=-4.0973e+00  NLL_R=-4.9446e+00  NLL_ω=8.4729e-01  MSE_R=2.1487e-03  MSE_ω=2.6006e-01
  sigma: σ_R=7.1573e-02  σ_ω=2.2533e-01  β=0.0000e+00
  PL   : train=-4.4433e+00  test=-2.3390e+00  σ_φ̄(train)=5.0731e-01  σ_φ̄(test)=4.8604e-01  σ_obs_ω=1.0000e-02  λ_PL=1.00
  KL   : M=3.356e+03  V=6.268e+02  Dw=3.504e+03  g=5.559e+03  sigma=6.233e+02  total=1.367e+04
  subnet MSE  M=1.555e-03  V=5.102e-02  Dw=2.246e-01  g=3.472e-01
[step   9700]
  train: −ELBO=-8.3198e+00  NLL=-3.8770e+00  NLL_R=-3.6516e+00  NLL_ω=-2.2542e-01  MSE_R=1.5396e-02  MSE_ω=1.5114e-01
  test : −ELBO=-6.3801e+00  NLL=-4.0972e+00  NLL_R=-4.9429e+00  NLL_ω=8.4569e-01  MSE_R=2.1469e-03  MSE_ω=2.5961e-01
  sigma: σ_R=7.1609e-02  σ_ω=2.2503e-01  β=0.0000e+00
  PL   : train=-4.4428e+00  test=-2.2829e+00  σ_φ̄(train)=5.0379e-01  σ_φ̄(test)=4.8334e-01  σ_obs_ω=1.0000e-02  λ_PL=1.00
  KL   : M=3.366e+03  V=6.288e+02  Dw=3.524e+03  g=5.590e+03  sigma=6.272e+02  total=1.374e+04
  subnet MSE  M=1.533e-03  V=5.214e-02  Dw=2.319e-01  g=3.490e-01
[step   9750]
  train: −ELBO=-8.3138e+00  NLL=-3.8764e+00  NLL_R=-3.6503e+00  NLL_ω=-2.2610e-01  MSE_R=1.5410e-02  MSE_ω=1.5107e-01
  test : −ELBO=-6.3146e+00  NLL=-4.0829e+00  NLL_R=-4.9433e+00  NLL_ω=8.6043e-01  MSE_R=2.1580e-03  MSE_ω=2.6088e-01
  sigma: σ_R=7.1588e-02  σ_ω=2.2480e-01  β=0.0000e+00
  PL   : train=-4.4375e+00  test=-2.2317e+00  σ_φ̄(train)=5.0140e-01  σ_φ̄(test)=4.8130e-01  σ_obs_ω=1.0000e-02  λ_PL=1.00
  KL   : M=3.376e+03  V=6.311e+02  Dw=3.547e+03  g=5.622e+03  sigma=6.316e+02  total=1.381e+04
  subnet MSE  M=1.561e-03  V=5.533e-02  Dw=2.347e-01  g=3.487e-01
[step   9800]
  train: −ELBO=-8.3295e+00  NLL=-3.8839e+00  NLL_R=-3.6537e+00  NLL_ω=-2.3018e-01  MSE_R=1.5374e-02  MSE_ω=1.5066e-01
  test : −ELBO=-6.2663e+00  NLL=-4.0900e+00  NLL_R=-4.9438e+00  NLL_ω=8.5383e-01  MSE_R=2.1518e-03  MSE_ω=2.6003e-01
  sigma: σ_R=7.1582e-02  σ_ω=2.2460e-01  β=0.0000e+00
  PL   : train=-4.4456e+00  test=-2.1764e+00  σ_φ̄(train)=5.0239e-01  σ_φ̄(test)=4.8019e-01  σ_obs_ω=1.0000e-02  λ_PL=1.00
  KL   : M=3.385e+03  V=6.334e+02  Dw=3.569e+03  g=5.653e+03  sigma=6.357e+02  total=1.388e+04
  subnet MSE  M=1.568e-03  V=5.367e-02  Dw=2.396e-01  g=3.494e-01
[step   9850]
  train: −ELBO=-8.3489e+00  NLL=-3.8963e+00  NLL_R=-3.6506e+00  NLL_ω=-2.4572e-01  MSE_R=1.5406e-02  MSE_ω=1.4910e-01
  test : −ELBO=-6.2318e+00  NLL=-4.0640e+00  NLL_R=-4.9432e+00  NLL_ω=8.7918e-01  MSE_R=2.1675e-03  MSE_ω=2.6243e-01
  sigma: σ_R=7.1562e-02  σ_ω=2.2445e-01  β=0.0000e+00
  PL   : train=-4.4526e+00  test=-2.1678e+00  σ_φ̄(train)=5.0302e-01  σ_φ̄(test)=4.8197e-01  σ_obs_ω=1.0000e-02  λ_PL=1.00
  KL   : M=3.396e+03  V=6.359e+02  Dw=3.591e+03  g=5.686e+03  sigma=6.401e+02  total=1.395e+04
  subnet MSE  M=1.564e-03  V=5.513e-02  Dw=2.437e-01  g=3.498e-01
[step   9900]
  train: −ELBO=-8.3432e+00  NLL=-3.8800e+00  NLL_R=-3.6520e+00  NLL_ω=-2.2808e-01  MSE_R=1.5392e-02  MSE_ω=1.5087e-01
  test : −ELBO=-6.1939e+00  NLL=-4.0503e+00  NLL_R=-4.9395e+00  NLL_ω=8.8919e-01  MSE_R=2.1709e-03  MSE_ω=2.6317e-01
  sigma: σ_R=7.1666e-02  σ_ω=2.2419e-01  β=0.0000e+00
  PL   : train=-4.4631e+00  test=-2.1436e+00  σ_φ̄(train)=5.0416e-01  σ_φ̄(test)=4.8208e-01  σ_obs_ω=1.0000e-02  λ_PL=1.00
  KL   : M=3.404e+03  V=6.378e+02  Dw=3.609e+03  g=5.711e+03  sigma=6.435e+02  total=1.401e+04
  subnet MSE  M=1.614e-03  V=5.451e-02  Dw=2.451e-01  g=3.517e-01
[step   9950]
  train: −ELBO=-8.3442e+00  NLL=-3.8885e+00  NLL_R=-3.6534e+00  NLL_ω=-2.3511e-01  MSE_R=1.5378e-02  MSE_ω=1.5017e-01
  test : −ELBO=-6.1667e+00  NLL=-4.0575e+00  NLL_R=-4.9413e+00  NLL_ω=8.8382e-01  MSE_R=2.1767e-03  MSE_ω=2.6247e-01
  sigma: σ_R=7.1582e-02  σ_ω=2.2402e-01  β=0.0000e+00
  PL   : train=-4.4557e+00  test=-2.1092e+00  σ_φ̄(train)=5.0017e-01  σ_φ̄(test)=4.7793e-01  σ_obs_ω=1.0000e-02  λ_PL=1.00
  KL   : M=3.413e+03  V=6.402e+02  Dw=3.630e+03  g=5.741e+03  sigma=6.474e+02  total=1.407e+04
  subnet MSE  M=1.675e-03  V=5.661e-02  Dw=2.538e-01  g=3.511e-01
[step  10000]
  train: −ELBO=-8.3588e+00  NLL=-3.8988e+00  NLL_R=-3.6531e+00  NLL_ω=-2.4572e-01  MSE_R=1.5381e-02  MSE_ω=1.4910e-01
  test : −ELBO=-6.0498e+00  NLL=-4.0313e+00  NLL_R=-4.9402e+00  NLL_ω=9.0890e-01  MSE_R=2.1851e-03  MSE_ω=2.6471e-01
  sigma: σ_R=7.1596e-02  σ_ω=2.2375e-01  β=0.0000e+00
  PL   : train=-4.4600e+00  test=-2.0186e+00  σ_φ̄(train)=5.0035e-01  σ_φ̄(test)=4.7817e-01  σ_obs_ω=1.0000e-02  λ_PL=1.00
  KL   : M=3.422e+03  V=6.425e+02  Dw=3.651e+03  g=5.770e+03  sigma=6.512e+02  total=1.414e+04
  subnet MSE  M=1.662e-03  V=5.468e-02  Dw=2.587e-01  g=3.516e-01

Final per-trajectory eval ...
Final trajectory train loss 1.0447e+02 +/- 6.7134e+01
Final trajectory test loss  1.0963e+02 +/- 7.0139e+01
Final trajectory train l2 loss 1.0353e+02 +/- 6.6960e+01
Final trajectory test l2 loss  1.0764e+02 +/- 6.9445e+01
Final trajectory train geo loss 9.4757e-01 +/- 1.3157e+00
Final trajectory test geo loss  1.9944e+00 +/- 2.3545e+00
Saved final stats:  /mnt/data/thribhuvan/Projects/stochastic_port_hamiltonian/Final/SPHNP v2/src/models/3D_SO3_Windy_Pendulum/ph_gp_sde/data/run_wp3d_jax/obs0p05_fric0p5_wind0p5_ext0-sine_lr0p001_s10000_np5_smp64_T20_seed0_randu7_G0p5-0p7-0p1_260627-013930/wp3d-so3hamGPSDE-5p-stats.pkl
