Run dir : /mnt/data/thribhuvan/Projects/stochastic_port_hamiltonian/Final/SPHNP v2/src/models/3D_SO3_Windy_Pendulum/ph_gp_sde/data/run_wp3d_jax/obs0_fric0p5_wind0p5_ext0-sine_lr0p001_s10000_np5_smp64_T20_seed0_randu7_G0p5-0p7-0p1_260609-214529
model contains 11582 parameters
Loaded data from /mnt/data/thribhuvan/Projects/stochastic_port_hamiltonian/Final/SPHNP v2/datasets/data/windy_pendulum_3d/wp3d_dataset_extforce-sine-std0p0_fric0p5_var_fricFalse_obs_noise0p0_wind_force0p5_random_uTrue_uScale7p0_G_0p5_0p7_0p1_steps20.pkl
  dt = 0.0500  h = 0.0050  n_outer (per window) = 4  n_substeps = 10
  train batch B = 2560, test batch B = 2560, T_obs = 5, N (= B·(T−1)) = 10240

Pretraining M_net for 200 steps (lr=0.001, target = 1.000·I₃)
  using 12800 q samples drawn from training data
  pretrain step    0: loss=2.049e+00
  pretrain step   20: loss=1.923e+00
  pretrain step   40: loss=1.788e+00
  pretrain step   60: loss=1.648e+00
  pretrain step   80: loss=1.508e+00
  pretrain step  100: loss=1.375e+00
  pretrain step  120: loss=1.249e+00
  pretrain step  140: loss=1.132e+00
  pretrain step  160: loss=1.024e+00
  pretrain step  180: loss=9.256e-01
  pretrain step  199: loss=8.409e-01
  pretrain done. initial loss=2.049e+00  final loss=8.409e-01  max|M(q₀) − target|=1.931e+00
[step      0]
  train: −ELBO=9.2527e+01  NLL=9.3197e+01  NLL_R=-3.3374e+00  NLL_ω=9.6535e+01  MSE_R=1.6272e-02  MSE_ω=2.0137e+00
  test : −ELBO=8.1400e+01  NLL=8.1420e+01  NLL_R=-3.4210e+00  NLL_ω=8.4841e+01  MSE_R=1.4630e-02  MSE_ω=1.7833e+00
  sigma: σ_R=1.0000e-01  σ_ω=1.0000e-01  β=0.0000e+00
  PL   : train=-6.7020e-01  test=-7.6627e-01  σ_φ̄(train)=6.9852e-01  σ_φ̄(test)=6.9175e-01  σ_obs_ω=5.0000e-01  λ_PL=1.00
  KL   : M=2.003e+03  V=3.320e+02  Dw=1.992e+03  g=2.988e+03  sigma=3.320e+02  total=7.647e+03
  subnet MSE  M=8.710e-01  V=2.713e+01  Dw=6.552e-03  g=3.289e-01
[step     50]
  train: −ELBO=6.0481e+01  NLL=6.1184e+01  NLL_R=-3.6336e+00  NLL_ω=6.4817e+01  MSE_R=1.1835e-02  MSE_ω=1.4898e+00
  test : −ELBO=5.3867e+01  NLL=5.3916e+01  NLL_R=-3.7014e+00  NLL_ω=5.7617e+01  MSE_R=1.0630e-02  MSE_ω=1.3371e+00
  sigma: σ_R=9.5872e-02  σ_ω=1.0402e-01  β=5.0000e-02
  PL   : train=-7.4013e-01  test=-7.9774e-01  σ_φ̄(train)=5.6139e-01  σ_φ̄(test)=5.5563e-01  σ_obs_ω=5.0000e-01  λ_PL=1.00
  KL   : M=2.009e+03  V=3.334e+02  Dw=1.995e+03  g=2.998e+03  sigma=3.333e+02  total=7.669e+03
  subnet MSE  M=5.056e-01  V=2.698e+01  Dw=9.969e-03  g=2.775e-01
[step    100]
  train: −ELBO=4.1213e+01  NLL=4.1939e+01  NLL_R=-3.8646e+00  NLL_ω=4.5804e+01  MSE_R=9.1755e-03  MSE_ω=1.1613e+00
  test : −ELBO=3.6040e+01  NLL=3.6129e+01  NLL_R=-3.9276e+00  NLL_ω=4.0056e+01  MSE_R=8.1464e-03  MSE_ω=1.0284e+00
  sigma: σ_R=9.1733e-02  σ_ω=1.0806e-01  β=1.0000e-01
  PL   : train=-8.0108e-01  test=-8.3968e-01  σ_φ̄(train)=3.9551e-01  σ_φ̄(test)=3.9027e-01  σ_obs_ω=5.0000e-01  λ_PL=1.00
  KL   : M=2.017e+03  V=3.344e+02  Dw=1.997e+03  g=3.005e+03  sigma=3.350e+02  total=7.689e+03
  subnet MSE  M=3.547e-01  V=2.657e+01  Dw=1.580e-02  g=2.785e-01
[step    150]
  train: −ELBO=3.1078e+01  NLL=3.1798e+01  NLL_R=-4.0318e+00  NLL_ω=3.5830e+01  MSE_R=7.7354e-03  MSE_ω=9.8009e-01
  test : −ELBO=2.8037e+01  NLL=2.8144e+01  NLL_R=-4.0843e+00  NLL_ω=3.2228e+01  MSE_R=6.9548e-03  MSE_ω=8.9229e-01
  sigma: σ_R=8.8138e-02  σ_ω=1.1115e-01  β=1.5000e-01
  PL   : train=-8.3291e-01  test=-8.5969e-01  σ_φ̄(train)=2.7238e-01  σ_φ̄(test)=2.6478e-01  σ_obs_ω=5.0000e-01  λ_PL=1.00
  KL   : M=2.022e+03  V=3.353e+02  Dw=1.999e+03  g=3.009e+03  sigma=3.361e+02  total=7.701e+03
  subnet MSE  M=4.182e-01  V=2.618e+01  Dw=2.585e-02  g=2.775e-01
[step    200]
  train: −ELBO=2.3381e+01  NLL=2.4086e+01  NLL_R=-4.2023e+00  NLL_ω=2.8288e+01  MSE_R=6.5889e-03  MSE_ω=8.3984e-01
  test : −ELBO=2.2464e+01  NLL=2.2587e+01  NLL_R=-4.2273e+00  NLL_ω=2.6814e+01  MSE_R=6.2611e-03  MSE_ω=8.0206e-01
  sigma: σ_R=8.4195e-02  σ_ω=1.1449e-01  β=2.0000e-01
  PL   : train=-8.5590e-01  test=-8.7571e-01  σ_φ̄(train)=1.7495e-01  σ_φ̄(test)=1.6945e-01  σ_obs_ω=5.0000e-01  λ_PL=1.00
  KL   : M=2.026e+03  V=3.365e+02  Dw=2.001e+03  g=3.013e+03  sigma=3.371e+02  total=7.713e+03
  subnet MSE  M=5.191e-01  V=2.552e+01  Dw=3.483e-02  g=2.762e-01
[step    250]
  train: −ELBO=1.8616e+01  NLL=1.9299e+01  NLL_R=-4.3372e+00  NLL_ω=2.3636e+01  MSE_R=5.9249e-03  MSE_ω=7.5339e-01
  test : −ELBO=1.7628e+01  NLL=1.7762e+01  NLL_R=-4.3682e+00  NLL_ω=2.2130e+01  MSE_R=5.5334e-03  MSE_ω=7.1224e-01
  sigma: σ_R=8.0784e-02  σ_ω=1.1746e-01  β=2.5000e-01
  PL   : train=-8.7098e-01  test=-8.8845e-01  σ_φ̄(train)=1.2548e-01  σ_φ̄(test)=1.1963e-01  σ_obs_ω=5.0000e-01  λ_PL=1.00
  KL   : M=2.028e+03  V=3.378e+02  Dw=2.003e+03  g=3.015e+03  sigma=3.379e+02  total=7.722e+03
  subnet MSE  M=6.361e-01  V=2.470e+01  Dw=4.049e-02  g=2.739e-01
[step    300]
  train: −ELBO=1.5356e+01  NLL=1.6015e+01  NLL_R=-4.4463e+00  NLL_ω=2.0462e+01  MSE_R=5.4224e-03  MSE_ω=6.8956e-01
  test : −ELBO=1.4793e+01  NLL=1.4936e+01  NLL_R=-4.4719e+00  NLL_ω=1.9408e+01  MSE_R=5.1272e-03  MSE_ω=6.5983e-01
  sigma: σ_R=7.8164e-02  σ_ω=1.1967e-01  β=3.0000e-01
  PL   : train=-8.8592e-01  test=-8.9780e-01  σ_φ̄(train)=9.8519e-02  σ_φ̄(test)=9.3457e-02  σ_obs_ω=5.0000e-01  λ_PL=1.00
  KL   : M=2.030e+03  V=3.391e+02  Dw=2.005e+03  g=3.017e+03  sigma=3.384e+02  total=7.730e+03
  subnet MSE  M=6.975e-01  V=2.394e+01  Dw=4.251e-02  g=2.824e-01
[step    350]
  train: −ELBO=1.2129e+01  NLL=1.2761e+01  NLL_R=-4.5755e+00  NLL_ω=1.7337e+01  MSE_R=4.9061e-03  MSE_ω=6.2415e-01
  test : −ELBO=1.1929e+01  NLL=1.2080e+01  NLL_R=-4.5954e+00  NLL_ω=1.6675e+01  MSE_R=4.7041e-03  MSE_ω=6.0489e-01
  sigma: σ_R=7.5084e-02  σ_ω=1.2224e-01  β=3.5000e-01
  PL   : train=-8.9701e-01  test=-9.0624e-01  σ_φ̄(train)=7.4339e-02  σ_φ̄(test)=6.9116e-02  σ_obs_ω=5.0000e-01  λ_PL=1.00
  KL   : M=2.031e+03  V=3.403e+02  Dw=2.007e+03  g=3.019e+03  sigma=3.389e+02  total=7.737e+03
  subnet MSE  M=8.074e-01  V=2.300e+01  Dw=4.468e-02  g=2.911e-01
[step    400]
  train: −ELBO=9.8705e+00  NLL=1.0468e+01  NLL_R=-4.6847e+00  NLL_ω=1.5152e+01  MSE_R=4.5322e-03  MSE_ω=5.7707e-01
  test : −ELBO=9.6886e+00  NLL=9.8429e+00  NLL_R=-4.7039e+00  NLL_ω=1.4547e+01  MSE_R=4.3514e-03  MSE_ω=5.5878e-01
  sigma: σ_R=7.2496e-02  σ_ω=1.2439e-01  β=4.0000e-01
  PL   : train=-8.9968e-01  test=-9.1040e-01  σ_φ̄(train)=5.8387e-02  σ_φ̄(test)=5.3960e-02  σ_obs_ω=5.0000e-01  λ_PL=1.00
  KL   : M=2.032e+03  V=3.417e+02  Dw=2.009e+03  g=3.020e+03  sigma=3.394e+02  total=7.743e+03
  subnet MSE  M=9.023e-01  V=2.212e+01  Dw=4.847e-02  g=2.889e-01
[step    450]
  train: −ELBO=7.6913e+00  NLL=8.2628e+00  NLL_R=-4.7922e+00  NLL_ω=1.3055e+01  MSE_R=4.1522e-03  MSE_ω=5.2644e-01
  test : −ELBO=7.5371e+00  NLL=7.6996e+00  NLL_R=-4.8124e+00  NLL_ω=1.2512e+01  MSE_R=3.9687e-03  MSE_ω=5.0942e-01
  sigma: σ_R=7.0166e-02  σ_ω=1.2628e-01  β=4.5000e-01
  PL   : train=-9.1194e-01  test=-9.1901e-01  σ_φ̄(train)=5.1904e-02  σ_φ̄(test)=4.9107e-02  σ_obs_ω=5.0000e-01  λ_PL=1.00
  KL   : M=2.033e+03  V=3.430e+02  Dw=2.010e+03  g=3.022e+03  sigma=3.396e+02  total=7.747e+03
  subnet MSE  M=9.436e-01  V=2.112e+01  Dw=4.255e-02  g=2.917e-01
[step    500]
  train: −ELBO=6.0800e+00  NLL=6.6178e+00  NLL_R=-4.9023e+00  NLL_ω=1.1520e+01  MSE_R=3.8754e-03  MSE_ω=4.9208e-01
  test : −ELBO=5.6035e+00  NLL=5.7707e+00  NLL_R=-4.9298e+00  NLL_ω=1.0700e+01  MSE_R=3.6357e-03  MSE_ω=4.6525e-01
  sigma: σ_R=6.7577e-02  σ_ω=1.2841e-01  β=5.0000e-01
  PL   : train=-9.1620e-01  test=-9.2406e-01  σ_φ̄(train)=4.1701e-02  σ_φ̄(test)=3.8822e-02  σ_obs_ω=5.0000e-01  λ_PL=1.00
  KL   : M=2.034e+03  V=3.442e+02  Dw=2.010e+03  g=3.022e+03  sigma=3.398e+02  total=7.751e+03
  subnet MSE  M=1.014e+00  V=2.034e+01  Dw=4.362e-02  g=2.903e-01
[step    550]
  train: −ELBO=4.2502e+00  NLL=4.7535e+00  NLL_R=-5.0340e+00  NLL_ω=9.7876e+00  MSE_R=3.5544e-03  MSE_ω=4.5028e-01
  test : −ELBO=4.1164e+00  NLL=4.2815e+00  NLL_R=-5.0523e+00  NLL_ω=9.3338e+00  MSE_R=3.4127e-03  MSE_ω=4.3492e-01
  sigma: σ_R=6.4658e-02  σ_ω=1.3095e-01  β=5.5000e-01
  PL   : train=-9.1984e-01  test=-9.2246e-01  σ_φ̄(train)=3.6645e-02  σ_φ̄(test)=3.3697e-02  σ_obs_ω=5.0000e-01  λ_PL=1.00
  KL   : M=2.035e+03  V=3.455e+02  Dw=2.012e+03  g=3.023e+03  sigma=3.399e+02  total=7.755e+03
  subnet MSE  M=1.037e+00  V=1.957e+01  Dw=4.330e-02  g=2.848e-01
[step    600]
  train: −ELBO=3.2533e+00  NLL=3.7222e+00  NLL_R=-5.1324e+00  NLL_ω=8.8546e+00  MSE_R=3.3980e-03  MSE_ω=4.3010e-01
  test : −ELBO=2.6749e+00  NLL=2.8478e+00  NLL_R=-5.1654e+00  NLL_ω=8.0133e+00  MSE_R=3.1513e-03  MSE_ω=4.0048e-01
  sigma: σ_R=6.2312e-02  σ_ω=1.3305e-01  β=6.0000e-01
  PL   : train=-9.2344e-01  test=-9.3064e-01  σ_φ̄(train)=3.3363e-02  σ_φ̄(test)=3.0813e-02  σ_obs_ω=5.0000e-01  λ_PL=1.00
  KL   : M=2.035e+03  V=3.465e+02  Dw=2.013e+03  g=3.024e+03  sigma=3.401e+02  total=7.759e+03
  subnet MSE  M=1.017e+00  V=1.872e+01  Dw=4.396e-02  g=2.880e-01
[step    650]
  train: −ELBO=2.1338e+00  NLL=2.5673e+00  NLL_R=-5.2389e+00  NLL_ω=7.8062e+00  MSE_R=3.1979e-03  MSE_ω=4.0401e-01
  test : −ELBO=1.3807e+00  NLL=1.5584e+00  NLL_R=-5.2797e+00  NLL_ω=6.8381e+00  MSE_R=2.9145e-03  MSE_ω=3.6880e-01
  sigma: σ_R=6.0011e-02  σ_ω=1.3519e-01  β=6.5000e-01
  PL   : train=-9.2611e-01  test=-9.3568e-01  σ_φ̄(train)=3.1739e-02  σ_φ̄(test)=2.9644e-02  σ_obs_ω=5.0000e-01  λ_PL=1.00
  KL   : M=2.036e+03  V=3.475e+02  Dw=2.013e+03  g=3.025e+03  sigma=3.402e+02  total=7.762e+03
  subnet MSE  M=1.074e+00  V=1.783e+01  Dw=4.120e-02  g=2.896e-01
[step    700]
  train: −ELBO=1.0975e+00  NLL=1.5004e+00  NLL_R=-5.3702e+00  NLL_ω=6.8706e+00  MSE_R=3.0453e-03  MSE_ω=3.8413e-01
  test : −ELBO=1.7124e-01  NLL=3.5164e-01  NLL_R=-5.4247e+00  NLL_ω=5.7763e+00  MSE_R=2.7116e-03  MSE_ω=3.4265e-01
  sigma: σ_R=5.6958e-02  σ_ω=1.3824e-01  β=7.0000e-01
  PL   : train=-9.3373e-01  test=-9.3866e-01  σ_φ̄(train)=2.8899e-02  σ_φ̄(test)=2.6663e-02  σ_obs_ω=5.0000e-01  λ_PL=1.00
  KL   : M=2.036e+03  V=3.485e+02  Dw=2.014e+03  g=3.026e+03  sigma=3.403e+02  total=7.765e+03
  subnet MSE  M=1.087e+00  V=1.741e+01  Dw=4.056e-02  g=2.957e-01
[step    750]
  train: −ELBO=-4.9796e-01  NLL=-1.2546e-01  NLL_R=-5.5520e+00  NLL_ω=5.4266e+00  MSE_R=2.7451e-03  MSE_ω=3.4518e-01
  test : −ELBO=-1.2670e+00  NLL=-1.0791e+00  NLL_R=-5.6054e+00  NLL_ω=4.5264e+00  MSE_R=2.4557e-03  MSE_ω=3.0897e-01
  sigma: σ_R=5.3391e-02  σ_ω=1.4234e-01  β=7.5000e-01
  PL   : train=-9.4147e-01  test=-9.4657e-01  σ_φ̄(train)=2.3921e-02  σ_φ̄(test)=2.2027e-02  σ_obs_ω=5.0000e-01  λ_PL=1.00
  KL   : M=2.038e+03  V=3.500e+02  Dw=2.014e+03  g=3.026e+03  sigma=3.404e+02  total=7.768e+03
  subnet MSE  M=1.115e+00  V=1.673e+01  Dw=3.837e-02  g=2.994e-01
[step    800]
  train: −ELBO=-1.1819e+00  NLL=-9.2372e-01  NLL_R=-5.6797e+00  NLL_ω=4.7560e+00  MSE_R=2.6328e-03  MSE_ω=3.3014e-01
  test : −ELBO=-2.1051e+00  NLL=-1.9170e+00  NLL_R=-5.7438e+00  NLL_ω=3.8268e+00  MSE_R=2.3137e-03  MSE_ω=2.9087e-01
  sigma: σ_R=5.0618e-02  σ_ω=1.4568e-01  β=8.0000e-01
  PL   : train=-8.6516e-01  test=-9.4681e-01  σ_φ̄(train)=2.3248e-02  σ_φ̄(test)=2.0896e-02  σ_obs_ω=5.0000e-01  λ_PL=1.00
  KL   : M=2.038e+03  V=3.512e+02  Dw=2.014e+03  g=3.026e+03  sigma=3.404e+02  total=7.770e+03
  subnet MSE  M=1.162e+00  V=1.640e+01  Dw=3.704e-02  g=2.927e-01
[step    850]
  train: −ELBO=-1.8927e+00  NLL=-1.5931e+00  NLL_R=-5.7792e+00  NLL_ω=4.1861e+00  MSE_R=2.5005e-03  MSE_ω=3.1369e-01
  test : −ELBO=-2.7191e+00  NLL=-2.5275e+00  NLL_R=-5.8451e+00  NLL_ω=3.3176e+00  MSE_R=2.1971e-03  MSE_ω=2.7582e-01
  sigma: σ_R=4.8776e-02  σ_ω=1.4800e-01  β=8.5000e-01
  PL   : train=-9.4457e-01  test=-9.5043e-01  σ_φ̄(train)=2.2827e-02  σ_φ̄(test)=2.0810e-02  σ_obs_ω=5.0000e-01  λ_PL=1.00
  KL   : M=2.039e+03  V=3.520e+02  Dw=2.014e+03  g=3.026e+03  sigma=3.404e+02  total=7.770e+03
  subnet MSE  M=1.152e+00  V=1.611e+01  Dw=3.739e-02  g=2.957e-01
[step    900]
  train: −ELBO=-2.3425e+00  NLL=-2.0787e+00  NLL_R=-5.8691e+00  NLL_ω=3.7904e+00  MSE_R=2.4383e-03  MSE_ω=3.0396e-01
  test : −ELBO=-3.1617e+00  NLL=-2.9687e+00  NLL_R=-5.9406e+00  NLL_ω=2.9718e+00  MSE_R=2.1339e-03  MSE_ω=2.6710e-01
  sigma: σ_R=4.6877e-02  σ_ω=1.5043e-01  β=9.0000e-01
  PL   : train=-9.4682e-01  test=-9.5191e-01  σ_φ̄(train)=2.1335e-02  σ_φ̄(test)=1.9070e-02  σ_obs_ω=5.0000e-01  λ_PL=1.00
  KL   : M=2.039e+03  V=3.529e+02  Dw=2.013e+03  g=3.026e+03  sigma=3.405e+02  total=7.771e+03
  subnet MSE  M=1.143e+00  V=1.582e+01  Dw=3.754e-02  g=2.974e-01
[step    950]
  train: −ELBO=-2.8099e+00  NLL=-2.5858e+00  NLL_R=-5.9758e+00  NLL_ω=3.3900e+00  MSE_R=2.3634e-03  MSE_ω=2.9487e-01
  test : −ELBO=-3.5731e+00  NLL=-3.3839e+00  NLL_R=-6.0465e+00  NLL_ω=2.6627e+00  MSE_R=2.0871e-03  MSE_ω=2.6071e-01
  sigma: σ_R=4.4683e-02  σ_ω=1.5353e-01  β=9.5000e-01
  PL   : train=-9.4508e-01  test=-9.4816e-01  σ_φ̄(train)=1.7978e-02  σ_φ̄(test)=1.6312e-02  σ_obs_ω=5.0000e-01  λ_PL=1.00
  KL   : M=2.040e+03  V=3.540e+02  Dw=2.013e+03  g=3.025e+03  sigma=3.406e+02  total=7.772e+03
  subnet MSE  M=1.133e+00  V=1.569e+01  Dw=3.616e-02  g=2.928e-01
[step   1000]
  train: −ELBO=-3.3605e+00  NLL=-3.1750e+00  NLL_R=-6.0925e+00  NLL_ω=2.9175e+00  MSE_R=2.2428e-03  MSE_ω=2.8104e-01
  test : −ELBO=-4.1788e+00  NLL=-3.9870e+00  NLL_R=-6.1699e+00  NLL_ω=2.1829e+00  MSE_R=1.9695e-03  MSE_ω=2.4511e-01
  sigma: σ_R=4.2612e-02  σ_ω=1.5673e-01  β=1.0000e+00
  PL   : train=-9.4451e-01  test=-9.5069e-01  σ_φ̄(train)=1.5092e-02  σ_φ̄(test)=1.3923e-02  σ_obs_ω=5.0000e-01  λ_PL=1.00
  KL   : M=2.040e+03  V=3.550e+02  Dw=2.012e+03  g=3.024e+03  sigma=3.406e+02  total=7.771e+03
  subnet MSE  M=1.146e+00  V=1.524e+01  Dw=3.765e-02  g=2.864e-01
[step   1050]
  train: −ELBO=-4.1029e+00  NLL=-3.9119e+00  NLL_R=-6.2445e+00  NLL_ω=2.3326e+00  MSE_R=2.0951e-03  MSE_ω=2.6228e-01
  test : −ELBO=-4.8405e+00  NLL=-4.6433e+00  NLL_R=-6.3258e+00  NLL_ω=1.6825e+00  MSE_R=1.8396e-03  MSE_ω=2.2865e-01
  sigma: σ_R=4.0015e-02  σ_ω=1.6110e-01  β=1.0000e+00
  PL   : train=-9.4983e-01  test=-9.5598e-01  σ_φ̄(train)=1.3282e-02  σ_φ̄(test)=1.2061e-02  σ_obs_ω=5.0000e-01  λ_PL=1.00
  KL   : M=2.040e+03  V=3.564e+02  Dw=2.010e+03  g=3.024e+03  sigma=3.405e+02  total=7.770e+03
  subnet MSE  M=1.153e+00  V=1.518e+01  Dw=3.459e-02  g=2.937e-01
[step   1100]
  train: −ELBO=-4.6494e+00  NLL=-4.4533e+00  NLL_R=-6.3620e+00  NLL_ω=1.9087e+00  MSE_R=1.9754e-03  MSE_ω=2.4701e-01
  test : −ELBO=-5.2907e+00  NLL=-5.0913e+00  NLL_R=-6.4429e+00  NLL_ω=1.3516e+00  MSE_R=1.7486e-03  MSE_ω=2.1708e-01
  sigma: σ_R=3.8180e-02  σ_ω=1.6444e-01  β=1.0000e+00
  PL   : train=-9.5471e-01  test=-9.5808e-01  σ_φ̄(train)=1.2847e-02  σ_φ̄(test)=1.1537e-02  σ_obs_ω=5.0000e-01  λ_PL=1.00
  KL   : M=2.040e+03  V=3.576e+02  Dw=2.009e+03  g=3.022e+03  sigma=3.403e+02  total=7.768e+03
  subnet MSE  M=1.160e+00  V=1.488e+01  Dw=3.592e-02  g=2.949e-01
[step   1150]
  train: −ELBO=-5.0512e+00  NLL=-4.8573e+00  NLL_R=-6.4733e+00  NLL_ω=1.6160e+00  MSE_R=1.9185e-03  MSE_ω=2.3877e-01
  test : −ELBO=-5.7637e+00  NLL=-5.5642e+00  NLL_R=-6.5791e+00  NLL_ω=1.0149e+00  MSE_R=1.6488e-03  MSE_ω=2.0472e-01
  sigma: σ_R=3.6058e-02  σ_ω=1.6860e-01  β=1.0000e+00
  PL   : train=-9.5224e-01  test=-9.5788e-01  σ_φ̄(train)=1.2165e-02  σ_φ̄(test)=1.0984e-02  σ_obs_ω=5.0000e-01  λ_PL=1.00
  KL   : M=2.039e+03  V=3.591e+02  Dw=2.006e+03  g=3.021e+03  sigma=3.400e+02  total=7.765e+03
  subnet MSE  M=1.204e+00  V=1.461e+01  Dw=3.399e-02  g=2.886e-01
[step   1200]
  train: −ELBO=-5.4814e+00  NLL=-5.2823e+00  NLL_R=-6.5813e+00  NLL_ω=1.2990e+00  MSE_R=1.8267e-03  MSE_ω=2.2627e-01
  test : −ELBO=-6.2074e+00  NLL=-6.0038e+00  NLL_R=-6.7048e+00  NLL_ω=7.0106e-01  MSE_R=1.5421e-03  MSE_ω=1.9103e-01
  sigma: σ_R=3.4380e-02  σ_ω=1.7204e-01  β=1.0000e+00
  PL   : train=-9.5714e-01  test=-9.6154e-01  σ_φ̄(train)=1.0978e-02  σ_φ̄(test)=9.7610e-03  σ_obs_ω=5.0000e-01  λ_PL=1.00
  KL   : M=2.039e+03  V=3.606e+02  Dw=2.004e+03  g=3.019e+03  sigma=3.397e+02  total=7.762e+03
  subnet MSE  M=1.203e+00  V=1.432e+01  Dw=3.429e-02  g=2.928e-01
[step   1250]
  train: −ELBO=-6.0492e+00  NLL=-5.8473e+00  NLL_R=-6.7300e+00  NLL_ω=8.8270e-01  MSE_R=1.6661e-03  MSE_ω=2.0660e-01
  test : −ELBO=-6.5874e+00  NLL=-6.3817e+00  NLL_R=-6.8300e+00  NLL_ω=4.4832e-01  MSE_R=1.4560e-03  MSE_ω=1.7977e-01
  sigma: σ_R=3.2592e-02  σ_ω=1.7586e-01  β=1.0000e+00
  PL   : train=-9.5929e-01  test=-9.6312e-01  σ_φ̄(train)=1.0189e-02  σ_φ̄(test)=9.0204e-03  σ_obs_ω=5.0000e-01  λ_PL=1.00
  KL   : M=2.037e+03  V=3.621e+02  Dw=2.001e+03  g=3.016e+03  sigma=3.394e+02  total=7.756e+03
  subnet MSE  M=1.252e+00  V=1.425e+01  Dw=3.531e-02  g=2.929e-01
[step   1300]
  train: −ELBO=-6.3996e+00  NLL=-6.1977e+00  NLL_R=-6.8462e+00  NLL_ω=6.4859e-01  MSE_R=1.5924e-03  MSE_ω=1.9678e-01
  test : −ELBO=-6.9452e+00  NLL=-6.7398e+00  NLL_R=-6.9639e+00  NLL_ω=2.2415e-01  MSE_R=1.3733e-03  MSE_ω=1.6934e-01
  sigma: σ_R=3.0762e-02  σ_ω=1.8003e-01  β=1.0000e+00
  PL   : train=-9.5860e-01  test=-9.6202e-01  σ_φ̄(train)=8.8197e-03  σ_φ̄(test)=7.8450e-03  σ_obs_ω=5.0000e-01  λ_PL=1.00
  KL   : M=2.035e+03  V=3.640e+02  Dw=1.997e+03  g=3.013e+03  sigma=3.389e+02  total=7.748e+03
  subnet MSE  M=1.289e+00  V=1.398e+01  Dw=3.263e-02  g=2.881e-01
[step   1350]
  train: −ELBO=-6.8536e+00  NLL=-6.6488e+00  NLL_R=-6.9951e+00  NLL_ω=3.4628e-01  MSE_R=1.4645e-03  MSE_ω=1.8095e-01
  test : −ELBO=-7.3015e+00  NLL=-7.0937e+00  NLL_R=-7.1019e+00  NLL_ω=8.1484e-03  MSE_R=1.2869e-03  MSE_ω=1.5799e-01
  sigma: σ_R=2.8972e-02  σ_ω=1.8435e-01  β=1.0000e+00
  PL   : train=-9.6037e-01  test=-9.6338e-01  σ_φ̄(train)=8.1600e-03  σ_φ̄(test)=7.1450e-03  σ_obs_ω=5.0000e-01  λ_PL=1.00
  KL   : M=2.032e+03  V=3.663e+02  Dw=1.992e+03  g=3.009e+03  sigma=3.382e+02  total=7.738e+03
  subnet MSE  M=1.320e+00  V=1.387e+01  Dw=3.354e-02  g=2.854e-01
[step   1400]
  train: −ELBO=-7.0962e+00  NLL=-6.8869e+00  NLL_R=-7.0878e+00  NLL_ω=2.0085e-01  MSE_R=1.4031e-03  MSE_ω=1.7317e-01
  test : −ELBO=-7.4263e+00  NLL=-7.2149e+00  NLL_R=-7.1736e+00  NLL_ω=-4.1272e-02  MSE_R=1.2726e-03  MSE_ω=1.5623e-01
  sigma: σ_R=2.7702e-02  σ_ω=1.8721e-01  β=1.0000e+00
  PL   : train=-9.6394e-01  test=-9.6602e-01  σ_φ̄(train)=6.9813e-03  σ_φ̄(test)=6.1905e-03  σ_obs_ω=5.0000e-01  λ_PL=1.00
  KL   : M=2.029e+03  V=3.679e+02  Dw=1.987e+03  g=3.006e+03  sigma=3.377e+02  total=7.728e+03
  subnet MSE  M=1.314e+00  V=1.406e+01  Dw=3.180e-02  g=2.910e-01
[step   1450]
  train: −ELBO=-7.3689e+00  NLL=-7.1604e+00  NLL_R=-7.1969e+00  NLL_ω=3.6458e-02  MSE_R=1.3312e-03  MSE_ω=1.6364e-01
  test : −ELBO=-7.7044e+00  NLL=-7.4905e+00  NLL_R=-7.2939e+00  NLL_ω=-1.9658e-01  MSE_R=1.1983e-03  MSE_ω=1.4673e-01
  sigma: σ_R=2.6266e-02  σ_ω=1.9059e-01  β=1.0000e+00
  PL   : train=-9.6182e-01  test=-9.6716e-01  σ_φ̄(train)=6.3938e-03  σ_φ̄(test)=5.6399e-03  σ_obs_ω=5.0000e-01  λ_PL=1.00
  KL   : M=2.025e+03  V=3.700e+02  Dw=1.981e+03  g=3.001e+03  sigma=3.370e+02  total=7.714e+03
  subnet MSE  M=1.354e+00  V=1.371e+01  Dw=3.244e-02  g=2.898e-01
[step   1500]
  train: −ELBO=-7.6785e+00  NLL=-7.4629e+00  NLL_R=-7.3150e+00  NLL_ω=-1.4795e-01  MSE_R=1.2425e-03  MSE_ω=1.5133e-01
  test : −ELBO=-7.8913e+00  NLL=-7.6749e+00  NLL_R=-7.3878e+00  NLL_ω=-2.8710e-01  MSE_R=1.1526e-03  MSE_ω=1.4096e-01
  sigma: σ_R=2.5021e-02  σ_ω=1.9317e-01  β=1.0000e+00
  PL   : train=-9.6742e-01  test=-9.6818e-01  σ_φ̄(train)=5.9583e-03  σ_φ̄(test)=5.2427e-03  σ_obs_ω=5.0000e-01  λ_PL=1.00
  KL   : M=2.021e+03  V=3.720e+02  Dw=1.974e+03  g=2.996e+03  sigma=3.361e+02  total=7.699e+03
  subnet MSE  M=1.389e+00  V=1.338e+01  Dw=3.091e-02  g=2.902e-01
[step   1550]
  train: −ELBO=-7.8676e+00  NLL=-7.6490e+00  NLL_R=-7.4127e+00  NLL_ω=-2.3627e-01  MSE_R=1.1809e-03  MSE_ω=1.4546e-01
  test : −ELBO=-8.0542e+00  NLL=-7.8367e+00  NLL_R=-7.4727e+00  NLL_ω=-3.6400e-01  MSE_R=1.1135e-03  MSE_ω=1.3572e-01
  sigma: σ_R=2.3859e-02  σ_ω=1.9537e-01  β=1.0000e+00
  PL   : train=-9.6878e-01  test=-9.6768e-01  σ_φ̄(train)=5.3486e-03  σ_φ̄(test)=4.7035e-03  σ_obs_ω=5.0000e-01  λ_PL=1.00
  KL   : M=2.015e+03  V=3.740e+02  Dw=1.967e+03  g=2.990e+03  sigma=3.352e+02  total=7.682e+03
  subnet MSE  M=1.375e+00  V=1.342e+01  Dw=3.116e-02  g=2.899e-01
[step   1600]
  train: −ELBO=-8.0663e+00  NLL=-7.8450e+00  NLL_R=-7.5027e+00  NLL_ω=-3.4229e-01  MSE_R=1.1258e-03  MSE_ω=1.3775e-01
  test : −ELBO=-8.2070e+00  NLL=-7.9861e+00  NLL_R=-7.5530e+00  NLL_ω=-4.3309e-01  MSE_R=1.0745e-03  MSE_ω=1.3070e-01
  sigma: σ_R=2.2817e-02  σ_ω=1.9705e-01  β=1.0000e+00
  PL   : train=-9.6966e-01  test=-9.6927e-01  σ_φ̄(train)=4.4710e-03  σ_φ̄(test)=3.9880e-03  σ_obs_ω=5.0000e-01  λ_PL=1.00
  KL   : M=2.010e+03  V=3.759e+02  Dw=1.959e+03  g=2.983e+03  sigma=3.343e+02  total=7.663e+03
  subnet MSE  M=1.414e+00  V=1.337e+01  Dw=3.090e-02  g=2.894e-01
[step   1650]
  train: −ELBO=-8.2322e+00  NLL=-8.0060e+00  NLL_R=-7.5887e+00  NLL_ω=-4.1732e-01  MSE_R=1.0808e-03  MSE_ω=1.3219e-01
  test : −ELBO=-8.3532e+00  NLL=-8.1277e+00  NLL_R=-7.6345e+00  NLL_ω=-4.9315e-01  MSE_R=1.0383e-03  MSE_ω=1.2619e-01
  sigma: σ_R=2.1645e-02  σ_ω=1.9887e-01  β=1.0000e+00
  PL   : train=-9.7184e-01  test=-9.7119e-01  σ_φ̄(train)=3.9860e-03  σ_φ̄(test)=3.5282e-03  σ_obs_ω=5.0000e-01  λ_PL=1.00
  KL   : M=2.002e+03  V=3.787e+02  Dw=1.948e+03  g=2.974e+03  sigma=3.327e+02  total=7.635e+03
  subnet MSE  M=1.444e+00  V=1.333e+01  Dw=3.097e-02  g=2.927e-01
[step   1700]
  train: −ELBO=-8.3682e+00  NLL=-8.1386e+00  NLL_R=-7.6569e+00  NLL_ω=-4.8171e-01  MSE_R=1.0398e-03  MSE_ω=1.2717e-01
  test : −ELBO=-8.4481e+00  NLL=-8.2196e+00  NLL_R=-7.6871e+00  NLL_ω=-5.3255e-01  MSE_R=1.0139e-03  MSE_ω=1.2311e-01
  sigma: σ_R=2.0903e-02  σ_ω=1.9981e-01  β=1.0000e+00
  PL   : train=-9.7295e-01  test=-9.7178e-01  σ_φ̄(train)=3.4685e-03  σ_φ̄(test)=3.0482e-03  σ_obs_ω=5.0000e-01  λ_PL=1.00
  KL   : M=1.994e+03  V=3.806e+02  Dw=1.939e+03  g=2.966e+03  sigma=3.313e+02  total=7.612e+03
  subnet MSE  M=1.473e+00  V=1.312e+01  Dw=3.039e-02  g=2.935e-01
[step   1750]
  train: −ELBO=-8.5107e+00  NLL=-8.2782e+00  NLL_R=-7.7327e+00  NLL_ω=-5.4549e-01  MSE_R=9.9671e-04  MSE_ω=1.2209e-01
  test : −ELBO=-8.5249e+00  NLL=-8.2938e+00  NLL_R=-7.7314e+00  NLL_ω=-5.6237e-01  MSE_R=9.9812e-04  MSE_ω=1.2073e-01
  sigma: σ_R=2.0026e-02  σ_ω=2.0046e-01  β=1.0000e+00
  PL   : train=-9.7247e-01  test=-9.7099e-01  σ_φ̄(train)=3.1439e-03  σ_φ̄(test)=2.7250e-03  σ_obs_ω=5.0000e-01  λ_PL=1.00
  KL   : M=1.984e+03  V=3.831e+02  Dw=1.926e+03  g=2.954e+03  sigma=3.293e+02  total=7.577e+03
  subnet MSE  M=1.504e+00  V=1.310e+01  Dw=3.172e-02  g=2.912e-01
[step   1800]
  train: −ELBO=-8.6271e+00  NLL=-8.3901e+00  NLL_R=-7.7881e+00  NLL_ω=-6.0191e-01  MSE_R=9.6902e-04  MSE_ω=1.1756e-01
  test : −ELBO=-8.6234e+00  NLL=-8.3883e+00  NLL_R=-7.7832e+00  NLL_ω=-6.0507e-01  MSE_R=9.7289e-04  MSE_ω=1.1730e-01
  sigma: σ_R=1.9161e-02  σ_ω=2.0044e-01  β=1.0000e+00
  PL   : train=-9.7242e-01  test=-9.7038e-01  σ_φ̄(train)=2.8123e-03  σ_φ̄(test)=2.3855e-03  σ_obs_ω=5.0000e-01  λ_PL=1.00
  KL   : M=1.970e+03  V=3.860e+02  Dw=1.910e+03  g=2.938e+03  sigma=3.264e+02  total=7.530e+03
  subnet MSE  M=1.534e+00  V=1.307e+01  Dw=3.152e-02  g=2.891e-01
[step   1850]
  train: −ELBO=-8.7701e+00  NLL=-8.5272e+00  NLL_R=-7.8601e+00  NLL_ω=-6.6715e-01  MSE_R=9.2565e-04  MSE_ω=1.1237e-01
  test : −ELBO=-8.6640e+00  NLL=-8.4236e+00  NLL_R=-7.8045e+00  NLL_ω=-6.1904e-01  MSE_R=9.6399e-04  MSE_ω=1.1621e-01
  sigma: σ_R=1.8546e-02  σ_ω=1.9966e-01  β=1.0000e+00
  PL   : train=-9.7386e-01  test=-9.7132e-01  σ_φ̄(train)=2.5593e-03  σ_φ̄(test)=2.1809e-03  σ_obs_ω=5.0000e-01  λ_PL=1.00
  KL   : M=1.956e+03  V=3.884e+02  Dw=1.894e+03  g=2.923e+03  sigma=3.236e+02  total=7.485e+03
  subnet MSE  M=1.533e+00  V=1.302e+01  Dw=3.237e-02  g=2.899e-01
[step   1900]
  train: −ELBO=-8.8440e+00  NLL=-8.5962e+00  NLL_R=-7.8964e+00  NLL_ω=-6.9978e-01  MSE_R=9.0582e-04  MSE_ω=1.0988e-01
  test : −ELBO=-8.7176e+00  NLL=-8.4725e+00  NLL_R=-7.8302e+00  NLL_ω=-6.4226e-01  MSE_R=9.4915e-04  MSE_ω=1.1441e-01
  sigma: σ_R=1.8089e-02  σ_ω=1.9842e-01  β=1.0000e+00
  PL   : train=-9.7467e-01  test=-9.7179e-01  σ_φ̄(train)=2.3269e-03  σ_φ̄(test)=1.9492e-03  σ_obs_ω=5.0000e-01  λ_PL=1.00
  KL   : M=1.942e+03  V=3.905e+02  Dw=1.880e+03  g=2.909e+03  sigma=3.208e+02  total=7.442e+03
  subnet MSE  M=1.566e+00  V=1.306e+01  Dw=3.189e-02  g=2.908e-01
[step   1950]
  train: −ELBO=-8.8777e+00  NLL=-8.6243e+00  NLL_R=-7.9089e+00  NLL_ω=-7.1535e-01  MSE_R=9.0015e-04  MSE_ω=1.0879e-01
  test : −ELBO=-8.7449e+00  NLL=-8.4944e+00  NLL_R=-7.8415e+00  NLL_ω=-6.5284e-01  MSE_R=9.4253e-04  MSE_ω=1.1364e-01
  sigma: σ_R=1.7729e-02  σ_ω=1.9687e-01  β=1.0000e+00
  PL   : train=-9.7577e-01  test=-9.7286e-01  σ_φ̄(train)=2.0065e-03  σ_φ̄(test)=1.7005e-03  σ_obs_ω=5.0000e-01  λ_PL=1.00
  KL   : M=1.928e+03  V=3.926e+02  Dw=1.866e+03  g=2.893e+03  sigma=3.178e+02  total=7.397e+03
  subnet MSE  M=1.583e+00  V=1.296e+01  Dw=3.208e-02  g=2.921e-01
[step   2000]
  train: −ELBO=-8.9604e+00  NLL=-8.7027e+00  NLL_R=-7.9477e+00  NLL_ω=-7.5494e-01  MSE_R=8.7768e-04  MSE_ω=1.0593e-01
  test : −ELBO=-8.7660e+00  NLL=-8.5114e+00  NLL_R=-7.8488e+00  NLL_ω=-6.6265e-01  MSE_R=9.3737e-04  MSE_ω=1.1292e-01
  sigma: σ_R=1.7368e-02  σ_ω=1.9460e-01  β=1.0000e+00
  PL   : train=-9.7437e-01  test=-9.7114e-01  σ_φ̄(train)=1.6831e-03  σ_φ̄(test)=1.3887e-03  σ_obs_ω=5.0000e-01  λ_PL=1.00
  KL   : M=1.909e+03  V=3.952e+02  Dw=1.847e+03  g=2.873e+03  sigma=3.137e+02  total=7.338e+03
  subnet MSE  M=1.608e+00  V=1.291e+01  Dw=3.311e-02  g=2.887e-01
[step   2050]
  train: −ELBO=-9.0353e+00  NLL=-8.7732e+00  NLL_R=-7.9846e+00  NLL_ω=-7.8856e-01  MSE_R=8.5630e-04  MSE_ω=1.0354e-01
  test : −ELBO=-8.7539e+00  NLL=-8.4955e+00  NLL_R=-7.8402e+00  NLL_ω=-6.5531e-01  MSE_R=9.4154e-04  MSE_ω=1.1346e-01
  sigma: σ_R=1.7178e-02  σ_ω=1.9293e-01  β=1.0000e+00
  PL   : train=-9.7462e-01  test=-9.7090e-01  σ_φ̄(train)=1.5164e-03  σ_φ̄(test)=1.2512e-03  σ_obs_ω=5.0000e-01  λ_PL=1.00
  KL   : M=1.895e+03  V=3.968e+02  Dw=1.835e+03  g=2.859e+03  sigma=3.106e+02  total=7.296e+03
  subnet MSE  M=1.618e+00  V=1.291e+01  Dw=3.340e-02  g=2.883e-01
[step   2100]
  train: −ELBO=-9.0723e+00  NLL=-8.8063e+00  NLL_R=-7.9984e+00  NLL_ω=-8.0788e-01  MSE_R=8.4866e-04  MSE_ω=1.0223e-01
  test : −ELBO=-8.7581e+00  NLL=-8.4967e+00  NLL_R=-7.8406e+00  NLL_ω=-6.5614e-01  MSE_R=9.4028e-04  MSE_ω=1.1337e-01
  sigma: σ_R=1.7040e-02  σ_ω=1.9157e-01  β=1.0000e+00
  PL   : train=-9.7531e-01  test=-9.7056e-01  σ_φ̄(train)=1.4716e-03  σ_φ̄(test)=1.1655e-03  σ_obs_ω=5.0000e-01  λ_PL=1.00
  KL   : M=1.883e+03  V=3.979e+02  Dw=1.825e+03  g=2.848e+03  sigma=3.081e+02  total=7.263e+03
  subnet MSE  M=1.625e+00  V=1.298e+01  Dw=3.292e-02  g=2.891e-01
[step   2150]
  train: −ELBO=-9.1342e+00  NLL=-8.8631e+00  NLL_R=-8.0272e+00  NLL_ω=-8.3591e-01  MSE_R=8.3249e-04  MSE_ω=1.0033e-01
  test : −ELBO=-8.7407e+00  NLL=-8.4738e+00  NLL_R=-7.8282e+00  NLL_ω=-6.4561e-01  MSE_R=9.4597e-04  MSE_ω=1.1405e-01
  sigma: σ_R=1.6890e-02  σ_ω=1.8985e-01  β=1.0000e+00
  PL   : train=-9.7624e-01  test=-9.7190e-01  σ_φ̄(train)=1.3203e-03  σ_φ̄(test)=1.1044e-03  σ_obs_ω=5.0000e-01  λ_PL=1.00
  KL   : M=1.868e+03  V=3.993e+02  Dw=1.813e+03  g=2.835e+03  sigma=3.048e+02  total=7.220e+03
  subnet MSE  M=1.624e+00  V=1.294e+01  Dw=3.357e-02  g=2.910e-01
[step   2200]
  train: −ELBO=-9.1656e+00  NLL=-8.8904e+00  NLL_R=-8.0401e+00  NLL_ω=-8.5032e-01  MSE_R=8.2552e-04  MSE_ω=9.9434e-02
  test : −ELBO=-8.7395e+00  NLL=-8.4684e+00  NLL_R=-7.8239e+00  NLL_ω=-6.4448e-01  MSE_R=9.4681e-04  MSE_ω=1.1400e-01
  sigma: σ_R=1.6754e-02  σ_ω=1.8815e-01  β=1.0000e+00
  PL   : train=-9.7608e-01  test=-9.7191e-01  σ_φ̄(train)=1.3109e-03  σ_φ̄(test)=1.0503e-03  σ_obs_ω=5.0000e-01  λ_PL=1.00
  KL   : M=1.854e+03  V=4.007e+02  Dw=1.801e+03  g=2.821e+03  sigma=3.013e+02  total=7.177e+03
  subnet MSE  M=1.650e+00  V=1.289e+01  Dw=3.360e-02  g=2.913e-01
[step   2250]
  train: −ELBO=-9.2137e+00  NLL=-8.9329e+00  NLL_R=-8.0613e+00  NLL_ω=-8.7160e-01  MSE_R=8.1398e-04  MSE_ω=9.8082e-02
  test : −ELBO=-8.7308e+00  NLL=-8.4552e+00  NLL_R=-7.8172e+00  NLL_ω=-6.3798e-01  MSE_R=9.4853e-04  MSE_ω=1.1426e-01
  sigma: σ_R=1.6605e-02  σ_ω=1.8609e-01  β=1.0000e+00
  PL   : train=-9.7643e-01  test=-9.7118e-01  σ_φ̄(train)=1.2543e-03  σ_φ̄(test)=9.8847e-04  σ_obs_ω=5.0000e-01  λ_PL=1.00
  KL   : M=1.835e+03  V=4.022e+02  Dw=1.785e+03  g=2.804e+03  sigma=2.967e+02  total=7.123e+03
  subnet MSE  M=1.654e+00  V=1.288e+01  Dw=3.323e-02  g=2.903e-01
[step   2300]
  train: −ELBO=-9.2635e+00  NLL=-8.9774e+00  NLL_R=-8.0838e+00  NLL_ω=-8.9364e-01  MSE_R=8.0185e-04  MSE_ω=9.6679e-02
  test : −ELBO=-8.7155e+00  NLL=-8.4345e+00  NLL_R=-7.8075e+00  NLL_ω=-6.2700e-01  MSE_R=9.5203e-04  MSE_ω=1.1478e-01
  sigma: σ_R=1.6488e-02  σ_ω=1.8425e-01  β=1.0000e+00
  PL   : train=-9.7691e-01  test=-9.7169e-01  σ_φ̄(train)=1.2090e-03  σ_φ̄(test)=9.3116e-04  σ_obs_ω=5.0000e-01  λ_PL=1.00
  KL   : M=1.817e+03  V=4.035e+02  Dw=1.772e+03  g=2.789e+03  sigma=2.921e+02  total=7.074e+03
  subnet MSE  M=1.660e+00  V=1.288e+01  Dw=3.374e-02  g=2.909e-01
[step   2350]
  train: −ELBO=-9.2536e+00  NLL=-8.9657e+00  NLL_R=-8.0757e+00  NLL_ω=-8.9003e-01  MSE_R=8.0630e-04  MSE_ω=9.6971e-02
  test : −ELBO=-8.6785e+00  NLL=-8.3963e+00  NLL_R=-7.7881e+00  NLL_ω=-6.0815e-01  MSE_R=9.6153e-04  MSE_ω=1.1590e-01
  sigma: σ_R=1.6431e-02  σ_ω=1.8328e-01  β=1.0000e+00
  PL   : train=-9.7583e-01  test=-9.7006e-01  σ_φ̄(train)=1.1239e-03  σ_φ̄(test)=8.9348e-04  σ_obs_ω=5.0000e-01  λ_PL=1.00
  KL   : M=1.806e+03  V=4.042e+02  Dw=1.764e+03  g=2.781e+03  sigma=2.893e+02  total=7.044e+03
  subnet MSE  M=1.657e+00  V=1.288e+01  Dw=3.417e-02  g=2.892e-01
[step   2400]
  train: −ELBO=-9.2768e+00  NLL=-8.9836e+00  NLL_R=-8.0823e+00  NLL_ω=-9.0129e-01  MSE_R=8.0275e-04  MSE_ω=9.6264e-02
  test : −ELBO=-8.6851e+00  NLL=-8.3980e+00  NLL_R=-7.7881e+00  NLL_ω=-6.0984e-01  MSE_R=9.6026e-04  MSE_ω=1.1559e-01
  sigma: σ_R=1.6363e-02  σ_ω=1.8210e-01  β=1.0000e+00
  PL   : train=-9.7731e-01  test=-9.7120e-01  σ_φ̄(train)=1.0719e-03  σ_φ̄(test)=8.3580e-04  σ_obs_ω=5.0000e-01  λ_PL=1.00
  KL   : M=1.792e+03  V=4.052e+02  Dw=1.753e+03  g=2.770e+03  sigma=2.856e+02  total=7.005e+03
  subnet MSE  M=1.668e+00  V=1.286e+01  Dw=3.530e-02  g=2.918e-01
[step   2450]
  train: −ELBO=-9.3146e+00  NLL=-9.0191e+00  NLL_R=-8.1013e+00  NLL_ω=-9.1781e-01  MSE_R=7.9263e-04  MSE_ω=9.5204e-02
  test : −ELBO=-8.6808e+00  NLL=-8.3911e+00  NLL_R=-7.7849e+00  NLL_ω=-6.0621e-01  MSE_R=9.6079e-04  MSE_ω=1.1568e-01
  sigma: σ_R=1.6302e-02  σ_ω=1.8128e-01  β=1.0000e+00
  PL   : train=-9.7686e-01  test=-9.7098e-01  σ_φ̄(train)=1.0226e-03  σ_φ̄(test)=7.8719e-04  σ_obs_ω=5.0000e-01  λ_PL=1.00
  KL   : M=1.782e+03  V=4.058e+02  Dw=1.745e+03  g=2.762e+03  sigma=2.830e+02  total=6.977e+03
  subnet MSE  M=1.683e+00  V=1.283e+01  Dw=3.450e-02  g=2.911e-01
[step   2500]
  train: −ELBO=-9.3476e+00  NLL=-9.0474e+00  NLL_R=-8.1169e+00  NLL_ω=-9.3051e-01  MSE_R=7.8443e-04  MSE_ω=9.4420e-02
  test : −ELBO=-8.6375e+00  NLL=-8.3436e+00  NLL_R=-7.7622e+00  NLL_ω=-5.8133e-01  MSE_R=9.7079e-04  MSE_ω=1.1702e-01
  sigma: σ_R=1.6210e-02  σ_ω=1.7993e-01  β=1.0000e+00
  PL   : train=-9.7680e-01  test=-9.7047e-01  σ_φ̄(train)=9.5013e-04  σ_φ̄(test)=7.2705e-04  σ_obs_ω=5.0000e-01  λ_PL=1.00
  KL   : M=1.764e+03  V=4.068e+02  Dw=1.732e+03  g=2.748e+03  sigma=2.781e+02  total=6.929e+03
  subnet MSE  M=1.669e+00  V=1.287e+01  Dw=3.396e-02  g=2.902e-01
[step   2550]
  train: −ELBO=-9.3867e+00  NLL=-9.0825e+00  NLL_R=-8.1374e+00  NLL_ω=-9.4511e-01  MSE_R=7.7375e-04  MSE_ω=9.3506e-02
  test : −ELBO=-8.6273e+00  NLL=-8.3294e+00  NLL_R=-7.7559e+00  NLL_ω=-5.7357e-01  MSE_R=9.7270e-04  MSE_ω=1.1733e-01
  sigma: σ_R=1.6147e-02  σ_ω=1.7905e-01  β=1.0000e+00
  PL   : train=-9.7740e-01  test=-9.7104e-01  σ_φ̄(train)=9.0224e-04  σ_φ̄(test)=6.8271e-04  σ_obs_ω=5.0000e-01  λ_PL=1.00
  KL   : M=1.751e+03  V=4.075e+02  Dw=1.723e+03  g=2.738e+03  sigma=2.746e+02  total=6.894e+03
  subnet MSE  M=1.678e+00  V=1.282e+01  Dw=3.463e-02  g=2.918e-01
[step   2600]
  train: −ELBO=-9.4102e+00  NLL=-9.1024e+00  NLL_R=-8.1442e+00  NLL_ω=-9.5821e-01  MSE_R=7.7027e-04  MSE_ω=9.2693e-02
  test : −ELBO=-8.6217e+00  NLL=-8.3209e+00  NLL_R=-7.7515e+00  NLL_ω=-5.6940e-01  MSE_R=9.7371e-04  MSE_ω=1.1740e-01
  sigma: σ_R=1.6095e-02  σ_ω=1.7824e-01  β=1.0000e+00
  PL   : train=-9.7769e-01  test=-9.7074e-01  σ_φ̄(train)=8.4465e-04  σ_φ̄(test)=6.3386e-04  σ_obs_ω=5.0000e-01  λ_PL=1.00
  KL   : M=1.739e+03  V=4.082e+02  Dw=1.714e+03  g=2.728e+03  sigma=2.711e+02  total=6.860e+03
  subnet MSE  M=1.681e+00  V=1.277e+01  Dw=3.625e-02  g=2.920e-01
[step   2650]
  train: −ELBO=-9.4416e+00  NLL=-9.1301e+00  NLL_R=-8.1576e+00  NLL_ω=-9.7254e-01  MSE_R=7.6343e-04  MSE_ω=9.1810e-02
  test : −ELBO=-8.6362e+00  NLL=-8.3321e+00  NLL_R=-7.7572e+00  NLL_ω=-5.7493e-01  MSE_R=9.6929e-04  MSE_ω=1.1686e-01
  sigma: σ_R=1.6034e-02  σ_ω=1.7748e-01  β=1.0000e+00
  PL   : train=-9.7834e-01  test=-9.7093e-01  σ_φ̄(train)=8.1480e-04  σ_φ̄(test)=6.1024e-04  σ_obs_ω=5.0000e-01  λ_PL=1.00
  KL   : M=1.728e+03  V=4.087e+02  Dw=1.705e+03  g=2.719e+03  sigma=2.677e+02  total=6.828e+03
  subnet MSE  M=1.695e+00  V=1.281e+01  Dw=3.527e-02  g=2.926e-01
[step   2700]
  train: −ELBO=-9.4571e+00  NLL=-9.1421e+00  NLL_R=-8.1638e+00  NLL_ω=-9.7827e-01  MSE_R=7.6029e-04  MSE_ω=9.1478e-02
  test : −ELBO=-8.6070e+00  NLL=-8.2992e+00  NLL_R=-7.7406e+00  NLL_ω=-5.5855e-01  MSE_R=9.7548e-04  MSE_ω=1.1760e-01
  sigma: σ_R=1.5947e-02  σ_ω=1.7643e-01  β=1.0000e+00
  PL   : train=-9.7737e-01  test=-9.7001e-01  σ_φ̄(train)=7.7752e-04  σ_φ̄(test)=5.7630e-04  σ_obs_ω=5.0000e-01  λ_PL=1.00
  KL   : M=1.710e+03  V=4.095e+02  Dw=1.693e+03  g=2.706e+03  sigma=2.627e+02  total=6.782e+03
  subnet MSE  M=1.683e+00  V=1.287e+01  Dw=3.486e-02  g=2.913e-01
[step   2750]
  train: −ELBO=-9.4836e+00  NLL=-9.1635e+00  NLL_R=-8.1757e+00  NLL_ω=-9.8777e-01  MSE_R=7.5426e-04  MSE_ω=9.0906e-02
  test : −ELBO=-8.5934e+00  NLL=-8.2807e+00  NLL_R=-7.7326e+00  NLL_ω=-5.4811e-01  MSE_R=9.7812e-04  MSE_ω=1.1802e-01
  sigma: σ_R=1.5892e-02  σ_ω=1.7562e-01  β=1.0000e+00
  PL   : train=-9.7870e-01  test=-9.7129e-01  σ_φ̄(train)=7.4932e-04  σ_φ̄(test)=5.5129e-04  σ_obs_ω=5.0000e-01  λ_PL=1.00
  KL   : M=1.697e+03  V=4.101e+02  Dw=1.683e+03  g=2.696e+03  sigma=2.585e+02  total=6.744e+03
  subnet MSE  M=1.705e+00  V=1.279e+01  Dw=3.454e-02  g=2.932e-01
[step   2800]
  train: −ELBO=-9.5326e+00  NLL=-9.2096e+00  NLL_R=-8.2020e+00  NLL_ω=-1.0076e+00  MSE_R=7.4107e-04  MSE_ω=8.9698e-02
  test : −ELBO=-8.5658e+00  NLL=-8.2507e+00  NLL_R=-7.7172e+00  NLL_ω=-5.3347e-01  MSE_R=9.8491e-04  MSE_ω=1.1874e-01
  sigma: σ_R=1.5860e-02  σ_ω=1.7501e-01  β=1.0000e+00
  PL   : train=-9.7806e-01  test=-9.7020e-01  σ_φ̄(train)=7.5140e-04  σ_φ̄(test)=5.4621e-04  σ_obs_ω=5.0000e-01  λ_PL=1.00
  KL   : M=1.683e+03  V=4.107e+02  Dw=1.674e+03  g=2.685e+03  sigma=2.544e+02  total=6.708e+03
  subnet MSE  M=1.701e+00  V=1.277e+01  Dw=3.446e-02  g=2.913e-01
[step   2850]
  train: −ELBO=-9.5032e+00  NLL=-9.1785e+00  NLL_R=-8.1846e+00  NLL_ω=-9.9399e-01  MSE_R=7.4985e-04  MSE_ω=9.0540e-02
  test : −ELBO=-8.5597e+00  NLL=-8.2443e+00  NLL_R=-7.7136e+00  NLL_ω=-5.3072e-01  MSE_R=9.8549e-04  MSE_ω=1.1876e-01
  sigma: σ_R=1.5818e-02  σ_ω=1.7453e-01  β=1.0000e+00
  PL   : train=-9.7714e-01  test=-9.6781e-01  σ_φ̄(train)=7.2127e-04  σ_φ̄(test)=5.3328e-04  σ_obs_ω=5.0000e-01  λ_PL=1.00
  KL   : M=1.673e+03  V=4.111e+02  Dw=1.668e+03  g=2.678e+03  sigma=2.513e+02  total=6.682e+03
  subnet MSE  M=1.705e+00  V=1.282e+01  Dw=3.491e-02  g=2.895e-01
[step   2900]
  train: −ELBO=-9.5342e+00  NLL=-9.2042e+00  NLL_R=-8.1931e+00  NLL_ω=-1.0111e+00  MSE_R=7.4557e-04  MSE_ω=8.9513e-02
  test : −ELBO=-8.5338e+00  NLL=-8.2120e+00  NLL_R=-7.6991e+00  NLL_ω=-5.1291e-01  MSE_R=9.9040e-04  MSE_ω=1.1955e-01
  sigma: σ_R=1.5743e-02  σ_ω=1.7365e-01  β=1.0000e+00
  PL   : train=-9.7809e-01  test=-9.6976e-01  σ_φ̄(train)=6.7929e-04  σ_φ̄(test)=4.7046e-04  σ_obs_ω=5.0000e-01  λ_PL=1.00
  KL   : M=1.657e+03  V=4.117e+02  Dw=1.657e+03  g=2.665e+03  sigma=2.461e+02  total=6.636e+03
  subnet MSE  M=1.692e+00  V=1.279e+01  Dw=3.493e-02  g=2.910e-01
[step   2950]
  train: −ELBO=-9.5848e+00  NLL=-9.2510e+00  NLL_R=-8.2165e+00  NLL_ω=-1.0345e+00  MSE_R=7.3403e-04  MSE_ω=8.8115e-02
  test : −ELBO=-8.5035e+00  NLL=-8.1783e+00  NLL_R=-7.6821e+00  NLL_ω=-4.9619e-01  MSE_R=9.9749e-04  MSE_ω=1.2035e-01
  sigma: σ_R=1.5700e-02  σ_ω=1.7303e-01  β=1.0000e+00
  PL   : train=-9.7837e-01  test=-9.6977e-01  σ_φ̄(train)=6.5123e-04  σ_φ̄(test)=4.3664e-04  σ_obs_ω=5.0000e-01  λ_PL=1.00
  KL   : M=1.643e+03  V=4.121e+02  Dw=1.648e+03  g=2.655e+03  sigma=2.419e+02  total=6.601e+03
  subnet MSE  M=1.688e+00  V=1.282e+01  Dw=3.501e-02  g=2.914e-01
[step   3000]
  train: −ELBO=-9.5984e+00  NLL=-9.2588e+00  NLL_R=-8.2203e+00  NLL_ω=-1.0385e+00  MSE_R=7.3218e-04  MSE_ω=8.7891e-02
  test : −ELBO=-8.5022e+00  NLL=-8.1709e+00  NLL_R=-7.6794e+00  NLL_ω=-4.9147e-01  MSE_R=9.9708e-04  MSE_ω=1.2032e-01
  sigma: σ_R=1.5649e-02  σ_ω=1.7218e-01  β=1.0000e+00
  PL   : train=-9.7840e-01  test=-9.7009e-01  σ_φ̄(train)=5.5547e-04  σ_φ̄(test)=3.7566e-04  σ_obs_ω=5.0000e-01  λ_PL=1.00
  KL   : M=1.622e+03  V=4.129e+02  Dw=1.634e+03  g=2.638e+03  sigma=2.348e+02  total=6.542e+03
  subnet MSE  M=1.715e+00  V=1.287e+01  Dw=3.516e-02  g=2.921e-01
[step   3050]
  train: −ELBO=-9.6396e+00  NLL=-9.2958e+00  NLL_R=-8.2452e+00  NLL_ω=-1.0506e+00  MSE_R=7.2008e-04  MSE_ω=8.7186e-02
  test : −ELBO=-8.4875e+00  NLL=-8.1541e+00  NLL_R=-7.6709e+00  NLL_ω=-4.8325e-01  MSE_R=9.9888e-04  MSE_ω=1.2058e-01
  sigma: σ_R=1.5580e-02  σ_ω=1.7157e-01  β=1.0000e+00
  PL   : train=-9.7886e-01  test=-9.6831e-01  σ_φ̄(train)=5.6420e-04  σ_φ̄(test)=3.6627e-04  σ_obs_ω=5.0000e-01  λ_PL=1.00
  KL   : M=1.608e+03  V=4.133e+02  Dw=1.625e+03  g=2.627e+03  sigma=2.300e+02  total=6.503e+03
  subnet MSE  M=1.725e+00  V=1.276e+01  Dw=3.510e-02  g=2.923e-01
[step   3100]
  train: −ELBO=-9.6081e+00  NLL=-9.2623e+00  NLL_R=-8.2237e+00  NLL_ω=-1.0386e+00  MSE_R=7.3053e-04  MSE_ω=8.7891e-02
  test : −ELBO=-8.4615e+00  NLL=-8.1249e+00  NLL_R=-7.6556e+00  NLL_ω=-4.6926e-01  MSE_R=1.0055e-03  MSE_ω=1.2124e-01
  sigma: σ_R=1.5556e-02  σ_ω=1.7114e-01  β=1.0000e+00
  PL   : train=-9.7744e-01  test=-9.6824e-01  σ_φ̄(train)=5.5153e-04  σ_φ̄(test)=3.4126e-04  σ_obs_ω=5.0000e-01  λ_PL=1.00
  KL   : M=1.595e+03  V=4.136e+02  Dw=1.617e+03  g=2.617e+03  sigma=2.258e+02  total=6.468e+03
  subnet MSE  M=1.715e+00  V=1.277e+01  Dw=3.602e-02  g=2.898e-01
[step   3150]
  train: −ELBO=-9.6493e+00  NLL=-9.2984e+00  NLL_R=-8.2432e+00  NLL_ω=-1.0552e+00  MSE_R=7.2109e-04  MSE_ω=8.6922e-02
  test : −ELBO=-8.4155e+00  NLL=-8.0740e+00  NLL_R=-7.6332e+00  NLL_ω=-4.4081e-01  MSE_R=1.0163e-03  MSE_ω=1.2280e-01
  sigma: σ_R=1.5557e-02  σ_ω=1.7088e-01  β=1.0000e+00
  PL   : train=-9.7892e-01  test=-9.6949e-01  σ_φ̄(train)=5.4842e-04  σ_φ̄(test)=3.3480e-04  σ_obs_ω=5.0000e-01  λ_PL=1.00
  KL   : M=1.581e+03  V=4.139e+02  Dw=1.609e+03  g=2.606e+03  sigma=2.211e+02  total=6.431e+03
  subnet MSE  M=1.715e+00  V=1.283e+01  Dw=3.410e-02  g=2.922e-01
[step   3200]
  train: −ELBO=-9.6272e+00  NLL=-9.2732e+00  NLL_R=-8.2297e+00  NLL_ω=-1.0435e+00  MSE_R=7.2763e-04  MSE_ω=8.7605e-02
  test : −ELBO=-8.4375e+00  NLL=-8.0928e+00  NLL_R=-7.6419e+00  NLL_ω=-4.5098e-01  MSE_R=1.0118e-03  MSE_ω=1.2214e-01
  sigma: σ_R=1.5548e-02  σ_ω=1.7071e-01  β=1.0000e+00
  PL   : train=-9.7920e-01  test=-9.6984e-01  σ_φ̄(train)=5.2064e-04  σ_φ̄(test)=3.2843e-04  σ_obs_ω=5.0000e-01  λ_PL=1.00
  KL   : M=1.570e+03  V=4.141e+02  Dw=1.602e+03  g=2.598e+03  sigma=2.174e+02  total=6.402e+03
  subnet MSE  M=1.748e+00  V=1.264e+01  Dw=3.539e-02  g=2.930e-01
[step   3250]
  train: −ELBO=-9.6609e+00  NLL=-9.3028e+00  NLL_R=-8.2456e+00  NLL_ω=-1.0572e+00  MSE_R=7.1996e-04  MSE_ω=8.6804e-02
  test : −ELBO=-8.4362e+00  NLL=-8.0875e+00  NLL_R=-7.6390e+00  NLL_ω=-4.4850e-01  MSE_R=1.0121e-03  MSE_ω=1.2218e-01
  sigma: σ_R=1.5519e-02  σ_ω=1.7046e-01  β=1.0000e+00
  PL   : train=-9.7932e-01  test=-9.6989e-01  σ_φ̄(train)=5.2191e-04  σ_φ̄(test)=3.0956e-04  σ_obs_ω=5.0000e-01  λ_PL=1.00
  KL   : M=1.555e+03  V=4.144e+02  Dw=1.594e+03  g=2.586e+03  sigma=2.122e+02  total=6.362e+03
  subnet MSE  M=1.720e+00  V=1.273e+01  Dw=3.501e-02  g=2.931e-01
[step   3300]
  train: −ELBO=-9.6724e+00  NLL=-9.3115e+00  NLL_R=-8.2491e+00  NLL_ω=-1.0624e+00  MSE_R=7.1828e-04  MSE_ω=8.6504e-02
  test : −ELBO=-8.3945e+00  NLL=-8.0429e+00  NLL_R=-7.6172e+00  NLL_ω=-4.2565e-01  MSE_R=1.0213e-03  MSE_ω=1.2338e-01
  sigma: σ_R=1.5486e-02  σ_ω=1.7017e-01  β=1.0000e+00
  PL   : train=-9.7936e-01  test=-9.6995e-01  σ_φ̄(train)=4.8359e-04  σ_φ̄(test)=3.0815e-04  σ_obs_ω=5.0000e-01  λ_PL=1.00
  KL   : M=1.545e+03  V=4.145e+02  Dw=1.587e+03  g=2.578e+03  sigma=2.084e+02  total=6.333e+03
  subnet MSE  M=1.722e+00  V=1.282e+01  Dw=3.525e-02  g=2.933e-01
[step   3350]
  train: −ELBO=-9.6820e+00  NLL=-9.3175e+00  NLL_R=-8.2471e+00  NLL_ω=-1.0704e+00  MSE_R=7.1920e-04  MSE_ω=8.6047e-02
  test : −ELBO=-8.3517e+00  NLL=-7.9975e+00  NLL_R=-7.5940e+00  NLL_ω=-4.0355e-01  MSE_R=1.0306e-03  MSE_ω=1.2446e-01
  sigma: σ_R=1.5440e-02  σ_ω=1.6971e-01  β=1.0000e+00
  PL   : train=-9.7845e-01  test=-9.6803e-01  σ_φ̄(train)=5.2961e-04  σ_φ̄(test)=2.9584e-04  σ_obs_ω=5.0000e-01  λ_PL=1.00
  KL   : M=1.528e+03  V=4.149e+02  Dw=1.577e+03  g=2.564e+03  sigma=2.023e+02  total=6.287e+03
  subnet MSE  M=1.716e+00  V=1.278e+01  Dw=3.604e-02  g=2.913e-01
[step   3400]
  train: −ELBO=-9.7302e+00  NLL=-9.3622e+00  NLL_R=-8.2726e+00  NLL_ω=-1.0896e+00  MSE_R=7.0710e-04  MSE_ω=8.4947e-02
  test : −ELBO=-8.3573e+00  NLL=-7.9992e+00  NLL_R=-7.5943e+00  NLL_ω=-4.0489e-01  MSE_R=1.0289e-03  MSE_ω=1.2420e-01
  sigma: σ_R=1.5403e-02  σ_ω=1.6931e-01  β=1.0000e+00
  PL   : train=-9.7877e-01  test=-9.6878e-01  σ_φ̄(train)=5.0843e-04  σ_φ̄(test)=2.7347e-04  σ_obs_ω=5.0000e-01  λ_PL=1.00
  KL   : M=1.516e+03  V=4.151e+02  Dw=1.570e+03  g=2.554e+03  sigma=1.979e+02  total=6.254e+03
  subnet MSE  M=1.724e+00  V=1.282e+01  Dw=3.524e-02  g=2.920e-01
[step   3450]
  train: −ELBO=-9.7529e+00  NLL=-9.3809e+00  NLL_R=-8.2857e+00  NLL_ω=-1.0952e+00  MSE_R=7.0093e-04  MSE_ω=8.4633e-02
  test : −ELBO=-8.3439e+00  NLL=-7.9828e+00  NLL_R=-7.5857e+00  NLL_ω=-3.9714e-01  MSE_R=1.0301e-03  MSE_ω=1.2440e-01
  sigma: σ_R=1.5334e-02  σ_ω=1.6878e-01  β=1.0000e+00
  PL   : train=-9.7936e-01  test=-9.6833e-01  σ_φ̄(train)=4.9849e-04  σ_φ̄(test)=2.6606e-04  σ_obs_ω=5.0000e-01  λ_PL=1.00
  KL   : M=1.504e+03  V=4.153e+02  Dw=1.563e+03  g=2.544e+03  sigma=1.935e+02  total=6.219e+03
  subnet MSE  M=1.712e+00  V=1.278e+01  Dw=3.587e-02  g=2.926e-01
[step   3500]
  train: −ELBO=-9.7401e+00  NLL=-9.3649e+00  NLL_R=-8.2775e+00  NLL_ω=-1.0873e+00  MSE_R=7.0478e-04  MSE_ω=8.5082e-02
  test : −ELBO=-8.3146e+00  NLL=-7.9502e+00  NLL_R=-7.5706e+00  NLL_ω=-3.7962e-01  MSE_R=1.0372e-03  MSE_ω=1.2526e-01
  sigma: σ_R=1.5334e-02  σ_ω=1.6849e-01  β=1.0000e+00
  PL   : train=-9.7948e-01  test=-9.6857e-01  σ_φ̄(train)=4.8693e-04  σ_φ̄(test)=2.4994e-04  σ_obs_ω=5.0000e-01  λ_PL=1.00
  KL   : M=1.493e+03  V=4.155e+02  Dw=1.556e+03  g=2.534e+03  sigma=1.893e+02  total=6.188e+03
  subnet MSE  M=1.722e+00  V=1.279e+01  Dw=3.557e-02  g=2.928e-01
[step   3550]
  train: −ELBO=-9.7414e+00  NLL=-9.3639e+00  NLL_R=-8.2769e+00  NLL_ω=-1.0870e+00  MSE_R=7.0508e-04  MSE_ω=8.5100e-02
  test : −ELBO=-8.2596e+00  NLL=-7.8932e+00  NLL_R=-7.5429e+00  NLL_ω=-3.5027e-01  MSE_R=1.0496e-03  MSE_ω=1.2683e-01
  sigma: σ_R=1.5320e-02  σ_ω=1.6829e-01  β=1.0000e+00
  PL   : train=-9.7928e-01  test=-9.6814e-01  σ_φ̄(train)=4.6269e-04  σ_φ̄(test)=2.4326e-04  σ_obs_ω=5.0000e-01  λ_PL=1.00
  KL   : M=1.483e+03  V=4.156e+02  Dw=1.551e+03  g=2.526e+03  sigma=1.859e+02  total=6.162e+03
  subnet MSE  M=1.712e+00  V=1.276e+01  Dw=3.624e-02  g=2.928e-01
[step   3600]
  train: −ELBO=-9.7872e+00  NLL=-9.4071e+00  NLL_R=-8.2966e+00  NLL_ω=-1.1105e+00  MSE_R=6.9584e-04  MSE_ω=8.3771e-02
  test : −ELBO=-8.2723e+00  NLL=-7.9031e+00  NLL_R=-7.5474e+00  NLL_ω=-3.5571e-01  MSE_R=1.0469e-03  MSE_ω=1.2644e-01
  sigma: σ_R=1.5305e-02  σ_ω=1.6813e-01  β=1.0000e+00
  PL   : train=-9.7915e-01  test=-9.6822e-01  σ_φ̄(train)=4.5033e-04  σ_φ̄(test)=2.2575e-04  σ_obs_ω=5.0000e-01  λ_PL=1.00
  KL   : M=1.473e+03  V=4.157e+02  Dw=1.546e+03  g=2.518e+03  sigma=1.821e+02  total=6.135e+03
  subnet MSE  M=1.721e+00  V=1.272e+01  Dw=3.604e-02  g=2.923e-01
[step   3650]
  train: −ELBO=-9.7865e+00  NLL=-9.4030e+00  NLL_R=-8.2938e+00  NLL_ω=-1.1092e+00  MSE_R=6.9718e-04  MSE_ω=8.3847e-02
  test : −ELBO=-8.2688e+00  NLL=-7.8963e+00  NLL_R=-7.5440e+00  NLL_ω=-3.5231e-01  MSE_R=1.0471e-03  MSE_ω=1.2651e-01
  sigma: σ_R=1.5277e-02  σ_ω=1.6789e-01  β=1.0000e+00
  PL   : train=-9.7983e-01  test=-9.6876e-01  σ_φ̄(train)=4.2897e-04  σ_φ̄(test)=2.1928e-04  σ_obs_ω=5.0000e-01  λ_PL=1.00
  KL   : M=1.463e+03  V=4.157e+02  Dw=1.540e+03  g=2.509e+03  sigma=1.782e+02  total=6.106e+03
  subnet MSE  M=1.714e+00  V=1.273e+01  Dw=3.534e-02  g=2.935e-01
[step   3700]
  train: −ELBO=-9.7831e+00  NLL=-9.3998e+00  NLL_R=-8.2919e+00  NLL_ω=-1.1079e+00  MSE_R=6.9806e-04  MSE_ω=8.3920e-02
  test : −ELBO=-8.2250e+00  NLL=-7.8534e+00  NLL_R=-7.5220e+00  NLL_ω=-3.3134e-01  MSE_R=1.0577e-03  MSE_ω=1.2764e-01
  sigma: σ_R=1.5283e-02  σ_ω=1.6777e-01  β=1.0000e+00
  PL   : train=-9.7716e-01  test=-9.6546e-01  σ_φ̄(train)=4.3345e-04  σ_φ̄(test)=2.1199e-04  σ_obs_ω=5.0000e-01  λ_PL=1.00
  KL   : M=1.454e+03  V=4.158e+02  Dw=1.535e+03  g=2.502e+03  sigma=1.748e+02  total=6.082e+03
  subnet MSE  M=1.720e+00  V=1.272e+01  Dw=3.591e-02  g=2.880e-01
[step   3750]
  train: −ELBO=-9.7865e+00  NLL=-9.3986e+00  NLL_R=-8.2934e+00  NLL_ω=-1.1052e+00  MSE_R=6.9735e-04  MSE_ω=8.4073e-02
  test : −ELBO=-8.2443e+00  NLL=-7.8675e+00  NLL_R=-7.5300e+00  NLL_ω=-3.3751e-01  MSE_R=1.0528e-03  MSE_ω=1.2720e-01
  sigma: σ_R=1.5258e-02  σ_ω=1.6760e-01  β=1.0000e+00
  PL   : train=-9.7875e-01  test=-9.6760e-01  σ_φ̄(train)=4.5168e-04  σ_φ̄(test)=1.8786e-04  σ_obs_ω=5.0000e-01  λ_PL=1.00
  KL   : M=1.443e+03  V=4.158e+02  Dw=1.530e+03  g=2.492e+03  sigma=1.706e+02  total=6.051e+03
  subnet MSE  M=1.717e+00  V=1.277e+01  Dw=3.557e-02  g=2.916e-01
[step   3800]
  train: −ELBO=-9.8103e+00  NLL=-9.4187e+00  NLL_R=-8.3003e+00  NLL_ω=-1.1184e+00  MSE_R=6.9417e-04  MSE_ω=8.3333e-02
  test : −ELBO=-8.2099e+00  NLL=-7.8298e+00  NLL_R=-7.5109e+00  NLL_ω=-3.1888e-01  MSE_R=1.0600e-03  MSE_ω=1.2807e-01
  sigma: σ_R=1.5222e-02  σ_ω=1.6727e-01  β=1.0000e+00
  PL   : train=-9.7937e-01  test=-9.6785e-01  σ_φ̄(train)=4.1640e-04  σ_φ̄(test)=1.7837e-04  σ_obs_ω=5.0000e-01  λ_PL=1.00
  KL   : M=1.432e+03  V=4.157e+02  Dw=1.524e+03  g=2.481e+03  sigma=1.662e+02  total=6.019e+03
  subnet MSE  M=1.716e+00  V=1.275e+01  Dw=3.616e-02  g=2.923e-01
[step   3850]
  train: −ELBO=-9.8217e+00  NLL=-9.4270e+00  NLL_R=-8.3070e+00  NLL_ω=-1.1200e+00  MSE_R=6.9108e-04  MSE_ω=8.3247e-02
  test : −ELBO=-8.2007e+00  NLL=-7.8183e+00  NLL_R=-7.5052e+00  NLL_ω=-3.1312e-01  MSE_R=1.0610e-03  MSE_ω=1.2820e-01
  sigma: σ_R=1.5189e-02  σ_ω=1.6691e-01  β=1.0000e+00
  PL   : train=-9.7960e-01  test=-9.6719e-01  σ_φ̄(train)=3.6069e-04  σ_φ̄(test)=1.5524e-04  σ_obs_ω=5.0000e-01  λ_PL=1.00
  KL   : M=1.421e+03  V=4.158e+02  Dw=1.518e+03  g=2.472e+03  sigma=1.622e+02  total=5.989e+03
  subnet MSE  M=1.723e+00  V=1.275e+01  Dw=3.620e-02  g=2.925e-01
[step   3900]
  train: −ELBO=-9.8491e+00  NLL=-9.4498e+00  NLL_R=-8.3181e+00  NLL_ω=-1.1317e+00  MSE_R=6.8595e-04  MSE_ω=8.2597e-02
  test : −ELBO=-8.1714e+00  NLL=-7.7841e+00  NLL_R=-7.4881e+00  NLL_ω=-2.9608e-01  MSE_R=1.0681e-03  MSE_ω=1.2902e-01
  sigma: σ_R=1.5173e-02  σ_ω=1.6666e-01  β=1.0000e+00
  PL   : train=-9.7994e-01  test=-9.6791e-01  σ_φ̄(train)=3.2650e-04  σ_φ̄(test)=1.4083e-04  σ_obs_ω=5.0000e-01  λ_PL=1.00
  KL   : M=1.406e+03  V=4.157e+02  Dw=1.510e+03  g=2.458e+03  sigma=1.563e+02  total=5.946e+03
  subnet MSE  M=1.728e+00  V=1.283e+01  Dw=3.551e-02  g=2.930e-01
[step   3950]
  train: −ELBO=-9.8570e+00  NLL=-9.4544e+00  NLL_R=-8.3245e+00  NLL_ω=-1.1299e+00  MSE_R=6.8305e-04  MSE_ω=8.2697e-02
  test : −ELBO=-8.1403e+00  NLL=-7.7501e+00  NLL_R=-7.4706e+00  NLL_ω=-2.7950e-01  MSE_R=1.0742e-03  MSE_ω=1.2975e-01
  sigma: σ_R=1.5133e-02  σ_ω=1.6633e-01  β=1.0000e+00
  PL   : train=-9.7961e-01  test=-9.6722e-01  σ_φ̄(train)=3.3125e-04  σ_φ̄(test)=1.2659e-04  σ_obs_ω=5.0000e-01  λ_PL=1.00
  KL   : M=1.394e+03  V=4.155e+02  Dw=1.503e+03  g=2.446e+03  sigma=1.510e+02  total=5.909e+03
  subnet MSE  M=1.717e+00  V=1.275e+01  Dw=3.594e-02  g=2.925e-01
[step   4000]
  train: −ELBO=-9.8612e+00  NLL=-9.4560e+00  NLL_R=-8.3197e+00  NLL_ω=-1.1364e+00  MSE_R=6.8526e-04  MSE_ω=8.2344e-02
  test : −ELBO=-8.1467e+00  NLL=-7.7539e+00  NLL_R=-7.4725e+00  NLL_ω=-2.8140e-01  MSE_R=1.0721e-03  MSE_ω=1.2950e-01
  sigma: σ_R=1.5110e-02  σ_ω=1.6608e-01  β=1.0000e+00
  PL   : train=-9.8008e-01  test=-9.6769e-01  σ_φ̄(train)=2.9999e-04  σ_φ̄(test)=1.1897e-04  σ_obs_ω=5.0000e-01  λ_PL=1.00
  KL   : M=1.386e+03  V=4.154e+02  Dw=1.499e+03  g=2.439e+03  sigma=1.479e+02  total=5.888e+03
  subnet MSE  M=1.725e+00  V=1.279e+01  Dw=3.604e-02  g=2.931e-01
[step   4050]
  train: −ELBO=-9.8311e+00  NLL=-9.4234e+00  NLL_R=-8.3030e+00  NLL_ω=-1.1205e+00  MSE_R=6.9287e-04  MSE_ω=8.3220e-02
  test : −ELBO=-8.1568e+00  NLL=-7.7613e+00  NLL_R=-7.4771e+00  NLL_ω=-2.8426e-01  MSE_R=1.0693e-03  MSE_ω=1.2924e-01
  sigma: σ_R=1.5097e-02  σ_ω=1.6589e-01  β=1.0000e+00
  PL   : train=-9.8011e-01  test=-9.6783e-01  σ_φ̄(train)=3.0628e-04  σ_φ̄(test)=1.0873e-04  σ_obs_ω=5.0000e-01  λ_PL=1.00
  KL   : M=1.377e+03  V=4.154e+02  Dw=1.494e+03  g=2.431e+03  sigma=1.443e+02  total=5.862e+03
  subnet MSE  M=1.724e+00  V=1.277e+01  Dw=3.595e-02  g=2.935e-01
[step   4100]
  train: −ELBO=-9.8859e+00  NLL=-9.4755e+00  NLL_R=-8.3317e+00  NLL_ω=-1.1438e+00  MSE_R=6.7977e-04  MSE_ω=8.1937e-02
  test : −ELBO=-8.0940e+00  NLL=-7.6965e+00  NLL_R=-7.4440e+00  NLL_ω=-2.5251e-01  MSE_R=1.0834e-03  MSE_ω=1.3086e-01
  sigma: σ_R=1.5078e-02  σ_ω=1.6568e-01  β=1.0000e+00
  PL   : train=-9.7939e-01  test=-9.6642e-01  σ_φ̄(train)=2.6812e-04  σ_φ̄(test)=8.9841e-05  σ_obs_ω=5.0000e-01  λ_PL=1.00
  KL   : M=1.365e+03  V=4.154e+02  Dw=1.487e+03  g=2.420e+03  sigma=1.395e+02  total=5.827e+03
  subnet MSE  M=1.733e+00  V=1.271e+01  Dw=3.617e-02  g=2.920e-01
[step   4150]
  train: −ELBO=-9.9101e+00  NLL=-9.4958e+00  NLL_R=-8.3432e+00  NLL_ω=-1.1526e+00  MSE_R=6.7458e-04  MSE_ω=8.1458e-02
  test : −ELBO=-8.1057e+00  NLL=-7.7049e+00  NLL_R=-7.4483e+00  NLL_ω=-2.5656e-01  MSE_R=1.0790e-03  MSE_ω=1.3041e-01
  sigma: σ_R=1.5033e-02  σ_ω=1.6529e-01  β=1.0000e+00
  PL   : train=-9.8019e-01  test=-9.6660e-01  σ_φ̄(train)=2.6728e-04  σ_φ̄(test)=8.2733e-05  σ_obs_ω=5.0000e-01  λ_PL=1.00
  KL   : M=1.354e+03  V=4.153e+02  Dw=1.482e+03  g=2.409e+03  sigma=1.349e+02  total=5.794e+03
  subnet MSE  M=1.739e+00  V=1.270e+01  Dw=3.613e-02  g=2.930e-01
[step   4200]
  train: −ELBO=-9.8960e+00  NLL=-9.4789e+00  NLL_R=-8.3327e+00  NLL_ω=-1.1462e+00  MSE_R=6.7934e-04  MSE_ω=8.1807e-02
  test : −ELBO=-8.0906e+00  NLL=-7.6864e+00  NLL_R=-7.4403e+00  NLL_ω=-2.4608e-01  MSE_R=1.0826e-03  MSE_ω=1.3086e-01
  sigma: σ_R=1.5031e-02  σ_ω=1.6508e-01  β=1.0000e+00
  PL   : train=-9.8015e-01  test=-9.6718e-01  σ_φ̄(train)=2.4946e-04  σ_φ̄(test)=7.2013e-05  σ_obs_ω=5.0000e-01  λ_PL=1.00
  KL   : M=1.344e+03  V=4.150e+02  Dw=1.476e+03  g=2.399e+03  sigma=1.309e+02  total=5.765e+03
  subnet MSE  M=1.729e+00  V=1.274e+01  Dw=3.585e-02  g=2.936e-01
[step   4250]
  train: −ELBO=-9.9340e+00  NLL=-9.5147e+00  NLL_R=-8.3509e+00  NLL_ω=-1.1637e+00  MSE_R=6.7111e-04  MSE_ω=8.0853e-02
  test : −ELBO=-8.0485e+00  NLL=-7.6423e+00  NLL_R=-7.4170e+00  NLL_ω=-2.2531e-01  MSE_R=1.0916e-03  MSE_ω=1.3189e-01
  sigma: σ_R=1.5004e-02  σ_ω=1.6491e-01  β=1.0000e+00
  PL   : train=-9.8025e-01  test=-9.6709e-01  σ_φ̄(train)=2.3147e-04  σ_φ̄(test)=6.6696e-05  σ_obs_ω=5.0000e-01  λ_PL=1.00
  KL   : M=1.336e+03  V=4.149e+02  Dw=1.473e+03  g=2.392e+03  sigma=1.281e+02  total=5.744e+03
  subnet MSE  M=1.709e+00  V=1.270e+01  Dw=3.584e-02  g=2.936e-01
[step   4300]
  train: −ELBO=-9.9348e+00  NLL=-9.5131e+00  NLL_R=-8.3517e+00  NLL_ω=-1.1615e+00  MSE_R=6.7078e-04  MSE_ω=8.0978e-02
  test : −ELBO=-8.0401e+00  NLL=-7.6317e+00  NLL_R=-7.4117e+00  NLL_ω=-2.1991e-01  MSE_R=1.0933e-03  MSE_ω=1.3206e-01
  sigma: σ_R=1.4992e-02  σ_ω=1.6470e-01  β=1.0000e+00
  PL   : train=-9.8001e-01  test=-9.6670e-01  σ_φ̄(train)=1.8604e-04  σ_φ̄(test)=6.0654e-05  σ_obs_ω=5.0000e-01  λ_PL=1.00
  KL   : M=1.328e+03  V=4.147e+02  Dw=1.468e+03  g=2.382e+03  sigma=1.243e+02  total=5.717e+03
  subnet MSE  M=1.720e+00  V=1.270e+01  Dw=3.591e-02  g=2.927e-01
[step   4350]
  train: −ELBO=-9.9251e+00  NLL=-9.5002e+00  NLL_R=-8.3437e+00  NLL_ω=-1.1566e+00  MSE_R=6.7438e-04  MSE_ω=8.1244e-02
  test : −ELBO=-8.0323e+00  NLL=-7.6209e+00  NLL_R=-7.4080e+00  NLL_ω=-2.1294e-01  MSE_R=1.0958e-03  MSE_ω=1.3240e-01
  sigma: σ_R=1.5007e-02  σ_ω=1.6465e-01  β=1.0000e+00
  PL   : train=-9.8039e-01  test=-9.6680e-01  σ_φ̄(train)=2.3402e-04  σ_φ̄(test)=5.2684e-05  σ_obs_ω=5.0000e-01  λ_PL=1.00
  KL   : M=1.318e+03  V=4.146e+02  Dw=1.463e+03  g=2.372e+03  sigma=1.203e+02  total=5.688e+03
  subnet MSE  M=1.725e+00  V=1.273e+01  Dw=3.616e-02  g=2.933e-01
[step   4400]
  train: −ELBO=-9.9511e+00  NLL=-9.5224e+00  NLL_R=-8.3552e+00  NLL_ω=-1.1672e+00  MSE_R=6.6920e-04  MSE_ω=8.0666e-02
  test : −ELBO=-7.9950e+00  NLL=-7.5801e+00  NLL_R=-7.3878e+00  NLL_ω=-1.9240e-01  MSE_R=1.1037e-03  MSE_ω=1.3349e-01
  sigma: σ_R=1.4985e-02  σ_ω=1.6460e-01  β=1.0000e+00
  PL   : train=-9.8201e-01  test=-9.6820e-01  σ_φ̄(train)=2.1093e-04  σ_φ̄(test)=5.3079e-05  σ_obs_ω=5.0000e-01  λ_PL=1.00
  KL   : M=1.310e+03  V=4.144e+02  Dw=1.460e+03  g=2.365e+03  sigma=1.171e+02  total=5.666e+03
  subnet MSE  M=1.696e+00  V=1.273e+01  Dw=3.528e-02  g=2.959e-01
[step   4450]
  train: −ELBO=-9.9532e+00  NLL=-9.5234e+00  NLL_R=-8.3600e+00  NLL_ω=-1.1635e+00  MSE_R=6.6709e-04  MSE_ω=8.0870e-02
  test : −ELBO=-7.9957e+00  NLL=-7.5791e+00  NLL_R=-7.3844e+00  NLL_ω=-1.9475e-01  MSE_R=1.1022e-03  MSE_ω=1.3317e-01
  sigma: σ_R=1.4934e-02  σ_ω=1.6430e-01  β=1.0000e+00
  PL   : train=-9.8107e-01  test=-9.6778e-01  σ_φ̄(train)=2.0268e-04  σ_φ̄(test)=4.9735e-05  σ_obs_ω=5.0000e-01  λ_PL=1.00
  KL   : M=1.303e+03  V=4.142e+02  Dw=1.457e+03  g=2.357e+03  sigma=1.141e+02  total=5.645e+03
  subnet MSE  M=1.726e+00  V=1.270e+01  Dw=3.575e-02  g=2.951e-01
[step   4500]
  train: −ELBO=-9.9473e+00  NLL=-9.5154e+00  NLL_R=-8.3520e+00  NLL_ω=-1.1634e+00  MSE_R=6.7063e-04  MSE_ω=8.0875e-02
  test : −ELBO=-7.9948e+00  NLL=-7.5771e+00  NLL_R=-7.3856e+00  NLL_ω=-1.9150e-01  MSE_R=1.1041e-03  MSE_ω=1.3338e-01
  sigma: σ_R=1.4976e-02  σ_ω=1.6435e-01  β=1.0000e+00
  PL   : train=-9.8065e-01  test=-9.6632e-01  σ_φ̄(train)=1.5010e-04  σ_φ̄(test)=4.1423e-05  σ_obs_ω=5.0000e-01  λ_PL=1.00
  KL   : M=1.294e+03  V=4.140e+02  Dw=1.453e+03  g=2.347e+03  sigma=1.106e+02  total=5.619e+03
  subnet MSE  M=1.731e+00  V=1.270e+01  Dw=3.627e-02  g=2.929e-01
[step   4550]
  train: −ELBO=-9.9671e+00  NLL=-9.5336e+00  NLL_R=-8.3603e+00  NLL_ω=-1.1734e+00  MSE_R=6.6695e-04  MSE_ω=8.0335e-02
  test : −ELBO=-7.9335e+00  NLL=-7.5142e+00  NLL_R=-7.3532e+00  NLL_ω=-1.6103e-01  MSE_R=1.1176e-03  MSE_ω=1.3499e-01
  sigma: σ_R=1.4960e-02  σ_ω=1.6431e-01  β=1.0000e+00
  PL   : train=-9.8032e-01  test=-9.6611e-01  σ_φ̄(train)=1.8435e-04  σ_φ̄(test)=3.7632e-05  σ_obs_ω=5.0000e-01  λ_PL=1.00
  KL   : M=1.288e+03  V=4.139e+02  Dw=1.450e+03  g=2.340e+03  sigma=1.080e+02  total=5.600e+03
  subnet MSE  M=1.722e+00  V=1.272e+01  Dw=3.616e-02  g=2.930e-01
[step   4600]
  train: −ELBO=-9.9574e+00  NLL=-9.5205e+00  NLL_R=-8.3543e+00  NLL_ω=-1.1662e+00  MSE_R=6.6960e-04  MSE_ω=8.0722e-02
  test : −ELBO=-7.9168e+00  NLL=-7.4940e+00  NLL_R=-7.3429e+00  NLL_ω=-1.5114e-01  MSE_R=1.1169e-03  MSE_ω=1.3513e-01
  sigma: σ_R=1.4871e-02  σ_ω=1.6371e-01  β=1.0000e+00
  PL   : train=-9.8163e-01  test=-9.6748e-01  σ_φ̄(train)=1.6177e-04  σ_φ̄(test)=3.5240e-05  σ_obs_ω=5.0000e-01  λ_PL=1.00
  KL   : M=1.280e+03  V=4.137e+02  Dw=1.446e+03  g=2.333e+03  sigma=1.050e+02  total=5.578e+03
  subnet MSE  M=1.722e+00  V=1.268e+01  Dw=3.615e-02  g=2.956e-01
[step   4650]
  train: −ELBO=-9.9775e+00  NLL=-9.5380e+00  NLL_R=-8.3639e+00  NLL_ω=-1.1741e+00  MSE_R=6.6535e-04  MSE_ω=8.0297e-02
  test : −ELBO=-7.8779e+00  NLL=-7.4532e+00  NLL_R=-7.3228e+00  NLL_ω=-1.3043e-01  MSE_R=1.1256e-03  MSE_ω=1.3593e-01
  sigma: σ_R=1.4868e-02  σ_ω=1.6326e-01  β=1.0000e+00
  PL   : train=-9.7989e-01  test=-9.6501e-01  σ_φ̄(train)=1.4204e-04  σ_φ̄(test)=2.9051e-05  σ_obs_ω=5.0000e-01  λ_PL=1.00
  KL   : M=1.266e+03  V=4.134e+02  Dw=1.439e+03  g=2.317e+03  sigma=9.889e+01  total=5.534e+03
  subnet MSE  M=1.716e+00  V=1.266e+01  Dw=3.687e-02  g=2.918e-01
[step   4700]
  train: −ELBO=-9.9981e+00  NLL=-9.5557e+00  NLL_R=-8.3722e+00  NLL_ω=-1.1835e+00  MSE_R=6.6168e-04  MSE_ω=7.9795e-02
  test : −ELBO=-7.8864e+00  NLL=-7.4586e+00  NLL_R=-7.3263e+00  NLL_ω=-1.3232e-01  MSE_R=1.1236e-03  MSE_ω=1.3579e-01
  sigma: σ_R=1.4860e-02  σ_ω=1.6320e-01  β=1.0000e+00
  PL   : train=-9.8069e-01  test=-9.6603e-01  σ_φ̄(train)=1.4705e-04  σ_φ̄(test)=2.6153e-05  σ_obs_ω=5.0000e-01  λ_PL=1.00
  KL   : M=1.259e+03  V=4.132e+02  Dw=1.435e+03  g=2.309e+03  sigma=9.588e+01  total=5.512e+03
  subnet MSE  M=1.719e+00  V=1.266e+01  Dw=3.642e-02  g=2.936e-01
[step   4750]
  train: −ELBO=-1.0006e+01  NLL=-9.5617e+00  NLL_R=-8.3732e+00  NLL_ω=-1.1885e+00  MSE_R=6.6123e-04  MSE_ω=7.9531e-02
  test : −ELBO=-7.8720e+00  NLL=-7.4421e+00  NLL_R=-7.3171e+00  NLL_ω=-1.2504e-01  MSE_R=1.1258e-03  MSE_ω=1.3605e-01
  sigma: σ_R=1.4830e-02  σ_ω=1.6302e-01  β=1.0000e+00
  PL   : train=-9.8065e-01  test=-9.6585e-01  σ_φ̄(train)=1.4940e-04  σ_φ̄(test)=2.1829e-05  σ_obs_ω=5.0000e-01  λ_PL=1.00
  KL   : M=1.251e+03  V=4.129e+02  Dw=1.431e+03  g=2.300e+03  sigma=9.284e+01  total=5.488e+03
  subnet MSE  M=1.706e+00  V=1.265e+01  Dw=3.648e-02  g=2.932e-01
[step   4800]
  train: −ELBO=-9.9977e+00  NLL=-9.5511e+00  NLL_R=-8.3673e+00  NLL_ω=-1.1838e+00  MSE_R=6.6382e-04  MSE_ω=7.9779e-02
  test : −ELBO=-7.8273e+00  NLL=-7.3955e+00  NLL_R=-7.2931e+00  NLL_ω=-1.0239e-01  MSE_R=1.1335e-03  MSE_ω=1.3700e-01
  sigma: σ_R=1.4787e-02  σ_ω=1.6266e-01  β=1.0000e+00
  PL   : train=-9.7993e-01  test=-9.6502e-01  σ_φ̄(train)=1.0681e-04  σ_φ̄(test)=1.7814e-05  σ_obs_ω=5.0000e-01  λ_PL=1.00
  KL   : M=1.242e+03  V=4.126e+02  Dw=1.428e+03  g=2.289e+03  sigma=8.955e+01  total=5.461e+03
  subnet MSE  M=1.714e+00  V=1.266e+01  Dw=3.624e-02  g=2.922e-01
[step   4850]
  train: −ELBO=-1.0033e+01  NLL=-9.5818e+00  NLL_R=-8.3861e+00  NLL_ω=-1.1956e+00  MSE_R=6.5556e-04  MSE_ω=7.9154e-02
  test : −ELBO=-7.8305e+00  NLL=-7.3945e+00  NLL_R=-7.2940e+00  NLL_ω=-1.0049e-01  MSE_R=1.1322e-03  MSE_ω=1.3688e-01
  sigma: σ_R=1.4773e-02  σ_ω=1.6235e-01  β=1.0000e+00
  PL   : train=-9.8127e-01  test=-9.6612e-01  σ_φ̄(train)=1.2251e-04  σ_φ̄(test)=1.5850e-05  σ_obs_ω=5.0000e-01  λ_PL=1.00
  KL   : M=1.231e+03  V=4.121e+02  Dw=1.423e+03  g=2.277e+03  sigma=8.550e+01  total=5.429e+03
  subnet MSE  M=1.710e+00  V=1.269e+01  Dw=3.645e-02  g=2.941e-01
[step   4900]
  train: −ELBO=-1.0013e+01  NLL=-9.5589e+00  NLL_R=-8.3724e+00  NLL_ω=-1.1864e+00  MSE_R=6.6157e-04  MSE_ω=7.9640e-02
  test : −ELBO=-7.8642e+00  NLL=-7.4251e+00  NLL_R=-7.3125e+00  NLL_ω=-1.1261e-01  MSE_R=1.1268e-03  MSE_ω=1.3630e-01
  sigma: σ_R=1.4814e-02  σ_ω=1.6242e-01  β=1.0000e+00
  PL   : train=-9.8173e-01  test=-9.6670e-01  σ_φ̄(train)=1.1541e-04  σ_φ̄(test)=1.4155e-05  σ_obs_ω=5.0000e-01  λ_PL=1.00
  KL   : M=1.222e+03  V=4.118e+02  Dw=1.419e+03  g=2.267e+03  sigma=8.200e+01  total=5.402e+03
  subnet MSE  M=1.720e+00  V=1.268e+01  Dw=3.676e-02  g=2.959e-01
[step   4950]
  train: −ELBO=-1.0047e+01  NLL=-9.5915e+00  NLL_R=-8.3911e+00  NLL_ω=-1.2004e+00  MSE_R=6.5339e-04  MSE_ω=7.8902e-02
  test : −ELBO=-7.8132e+00  NLL=-7.3727e+00  NLL_R=-7.2827e+00  NLL_ω=-8.9995e-02  MSE_R=1.1354e-03  MSE_ω=1.3730e-01
  sigma: σ_R=1.4748e-02  σ_ω=1.6217e-01  β=1.0000e+00
  PL   : train=-9.8111e-01  test=-9.6596e-01  σ_φ̄(train)=1.0767e-04  σ_φ̄(test)=1.4078e-05  σ_obs_ω=5.0000e-01  λ_PL=1.00
  KL   : M=1.216e+03  V=4.115e+02  Dw=1.416e+03  g=2.259e+03  sigma=7.920e+01  total=5.382e+03
  subnet MSE  M=1.716e+00  V=1.270e+01  Dw=3.629e-02  g=2.943e-01
[step   5000]
  train: −ELBO=-1.0052e+01  NLL=-9.5947e+00  NLL_R=-8.3904e+00  NLL_ω=-1.2043e+00  MSE_R=6.5371e-04  MSE_ω=7.8699e-02
  test : −ELBO=-7.8096e+00  NLL=-7.3677e+00  NLL_R=-7.2816e+00  NLL_ω=-8.6118e-02  MSE_R=1.1368e-03  MSE_ω=1.3738e-01
  sigma: σ_R=1.4758e-02  σ_ω=1.6199e-01  β=1.0000e+00
  PL   : train=-9.8106e-01  test=-9.6538e-01  σ_φ̄(train)=1.0112e-04  σ_φ̄(test)=1.0862e-05  σ_obs_ω=5.0000e-01  λ_PL=1.00
  KL   : M=1.209e+03  V=4.113e+02  Dw=1.413e+03  g=2.251e+03  sigma=7.684e+01  total=5.361e+03
  subnet MSE  M=1.726e+00  V=1.270e+01  Dw=3.649e-02  g=2.935e-01
[step   5050]
  train: −ELBO=-1.0039e+01  NLL=-9.5803e+00  NLL_R=-8.3815e+00  NLL_ω=-1.1988e+00  MSE_R=6.5756e-04  MSE_ω=7.8986e-02
  test : −ELBO=-7.7726e+00  NLL=-7.3283e+00  NLL_R=-7.2615e+00  NLL_ω=-6.6729e-02  MSE_R=1.1443e-03  MSE_ω=1.3839e-01
  sigma: σ_R=1.4741e-02  σ_ω=1.6198e-01  β=1.0000e+00
  PL   : train=-9.8050e-01  test=-9.6583e-01  σ_φ̄(train)=1.0431e-04  σ_φ̄(test)=9.8145e-06  σ_obs_ω=5.0000e-01  λ_PL=1.00
  KL   : M=1.202e+03  V=4.109e+02  Dw=1.410e+03  g=2.243e+03  sigma=7.427e+01  total=5.340e+03
  subnet MSE  M=1.723e+00  V=1.272e+01  Dw=3.654e-02  g=2.947e-01
[step   5100]
  train: −ELBO=-1.0068e+01  NLL=-9.6058e+00  NLL_R=-8.3984e+00  NLL_ω=-1.2074e+00  MSE_R=6.5022e-04  MSE_ω=7.8534e-02
  test : −ELBO=-7.7762e+00  NLL=-7.3296e+00  NLL_R=-7.2620e+00  NLL_ω=-6.7626e-02  MSE_R=1.1422e-03  MSE_ω=1.3817e-01
  sigma: σ_R=1.4713e-02  σ_ω=1.6175e-01  β=1.0000e+00
  PL   : train=-9.8145e-01  test=-9.6603e-01  σ_φ̄(train)=1.2117e-04  σ_φ̄(test)=1.0107e-05  σ_obs_ω=5.0000e-01  λ_PL=1.00
  KL   : M=1.196e+03  V=4.106e+02  Dw=1.407e+03  g=2.235e+03  sigma=7.142e+01  total=5.320e+03
  subnet MSE  M=1.709e+00  V=1.264e+01  Dw=3.679e-02  g=2.949e-01
[step   5150]
  train: −ELBO=-1.0075e+01  NLL=-9.6100e+00  NLL_R=-8.4031e+00  NLL_ω=-1.2069e+00  MSE_R=6.4817e-04  MSE_ω=7.8563e-02
  test : −ELBO=-7.6783e+00  NLL=-7.2297e+00  NLL_R=-7.2135e+00  NLL_ω=-1.6153e-02  MSE_R=1.1645e-03  MSE_ω=1.4088e-01
  sigma: σ_R=1.4735e-02  σ_ω=1.6177e-01  β=1.0000e+00
  PL   : train=-9.8163e-01  test=-9.6522e-01  σ_φ̄(train)=7.9558e-05  σ_φ̄(test)=6.7707e-06  σ_obs_ω=5.0000e-01  λ_PL=1.00
  KL   : M=1.186e+03  V=4.102e+02  Dw=1.403e+03  g=2.223e+03  sigma=6.794e+01  total=5.290e+03
  subnet MSE  M=1.706e+00  V=1.274e+01  Dw=3.623e-02  g=2.946e-01
[step   5200]
  train: −ELBO=-1.0080e+01  NLL=-9.6135e+00  NLL_R=-8.3997e+00  NLL_ω=-1.2138e+00  MSE_R=6.4964e-04  MSE_ω=7.8202e-02
  test : −ELBO=-7.6593e+00  NLL=-7.2095e+00  NLL_R=-7.2014e+00  NLL_ω=-8.0769e-03  MSE_R=1.1656e-03  MSE_ω=1.4099e-01
  sigma: σ_R=1.4671e-02  σ_ω=1.6137e-01  β=1.0000e+00
  PL   : train=-9.8101e-01  test=-9.6433e-01  σ_φ̄(train)=7.2564e-05  σ_φ̄(test)=5.4740e-06  σ_obs_ω=5.0000e-01  λ_PL=1.00
  KL   : M=1.180e+03  V=4.098e+02  Dw=1.400e+03  g=2.214e+03  sigma=6.540e+01  total=5.269e+03
  subnet MSE  M=1.707e+00  V=1.269e+01  Dw=3.680e-02  g=2.934e-01
[step   5250]
  train: −ELBO=-1.0085e+01  NLL=-9.6158e+00  NLL_R=-8.4020e+00  NLL_ω=-1.2138e+00  MSE_R=6.4865e-04  MSE_ω=7.8199e-02
  test : −ELBO=-7.6437e+00  NLL=-7.1913e+00  NLL_R=-7.1913e+00  NLL_ω=-3.5286e-05  MSE_R=1.1673e-03  MSE_ω=1.4122e-01
  sigma: σ_R=1.4638e-02  σ_ω=1.6114e-01  β=1.0000e+00
  PL   : train=-9.8106e-01  test=-9.6431e-01  σ_φ̄(train)=1.4665e-04  σ_φ̄(test)=4.7783e-06  σ_obs_ω=5.0000e-01  λ_PL=1.00
  KL   : M=1.172e+03  V=4.094e+02  Dw=1.396e+03  g=2.204e+03  sigma=6.191e+01  total=5.243e+03
  subnet MSE  M=1.702e+00  V=1.257e+01  Dw=3.725e-02  g=2.937e-01
[step   5300]
  train: −ELBO=-1.0134e+01  NLL=-9.6628e+00  NLL_R=-8.4266e+00  NLL_ω=-1.2362e+00  MSE_R=6.3810e-04  MSE_ω=7.7042e-02
  test : −ELBO=-7.6294e+00  NLL=-7.1750e+00  NLL_R=-7.1833e+00  NLL_ω=8.2989e-03  MSE_R=1.1692e-03  MSE_ω=1.4133e-01
  sigma: σ_R=1.4616e-02  σ_ω=1.6072e-01  β=1.0000e+00
  PL   : train=-9.8160e-01  test=-9.6467e-01  σ_φ̄(train)=6.5286e-05  σ_φ̄(test)=3.8758e-06  σ_obs_ω=5.0000e-01  λ_PL=1.00
  KL   : M=1.166e+03  V=4.091e+02  Dw=1.394e+03  g=2.197e+03  sigma=6.001e+01  total=5.226e+03
  subnet MSE  M=1.717e+00  V=1.266e+01  Dw=3.649e-02  g=2.944e-01
[step   5350]
  train: −ELBO=-1.0130e+01  NLL=-9.6572e+00  NLL_R=-8.4297e+00  NLL_ω=-1.2276e+00  MSE_R=6.3680e-04  MSE_ω=7.7487e-02
  test : −ELBO=-7.5855e+00  NLL=-7.1291e+00  NLL_R=-7.1619e+00  NLL_ω=3.2823e-02  MSE_R=1.1764e-03  MSE_ω=1.4232e-01
  sigma: σ_R=1.4591e-02  σ_ω=1.6040e-01  β=1.0000e+00
  PL   : train=-9.8126e-01  test=-9.6460e-01  σ_φ̄(train)=1.2107e-04  σ_φ̄(test)=3.2342e-06  σ_obs_ω=5.0000e-01  λ_PL=1.00
  KL   : M=1.160e+03  V=4.088e+02  Dw=1.391e+03  g=2.188e+03  sigma=5.752e+01  total=5.205e+03
  subnet MSE  M=1.713e+00  V=1.266e+01  Dw=3.664e-02  g=2.944e-01
[step   5400]
  train: −ELBO=-1.0136e+01  NLL=-9.6608e+00  NLL_R=-8.4246e+00  NLL_ω=-1.2363e+00  MSE_R=6.3898e-04  MSE_ω=7.7039e-02
  test : −ELBO=-7.5668e+00  NLL=-7.1083e+00  NLL_R=-7.1542e+00  NLL_ω=4.5894e-02  MSE_R=1.1796e-03  MSE_ω=1.4278e-01
  sigma: σ_R=1.4586e-02  σ_ω=1.6011e-01  β=1.0000e+00
  PL   : train=-9.8138e-01  test=-9.6440e-01  σ_φ̄(train)=1.3140e-05  σ_φ̄(test)=7.6587e-07  σ_obs_ω=5.0000e-01  λ_PL=1.00
  KL   : M=1.150e+03  V=4.082e+02  Dw=1.388e+03  g=2.177e+03  sigma=5.865e+01  total=5.181e+03
  subnet MSE  M=1.715e+00  V=1.271e+01  Dw=3.661e-02  g=2.941e-01
[step   5450]
  train: −ELBO=-1.0172e+01  NLL=-9.6949e+00  NLL_R=-8.4444e+00  NLL_ω=-1.2506e+00  MSE_R=6.3059e-04  MSE_ω=7.6306e-02
  test : −ELBO=-7.5176e+00  NLL=-7.0578e+00  NLL_R=-7.1238e+00  NLL_ω=6.5947e-02  MSE_R=1.1880e-03  MSE_ω=1.4372e-01
  sigma: σ_R=1.4529e-02  σ_ω=1.6002e-01  β=1.0000e+00
  PL   : train=-9.8144e-01  test=-9.6381e-01  σ_φ̄(train)=1.6010e-05  σ_φ̄(test)=7.5536e-07  σ_obs_ω=5.0000e-01  λ_PL=1.00
  KL   : M=1.143e+03  V=4.076e+02  Dw=1.385e+03  g=2.168e+03  sigma=5.796e+01  total=5.162e+03
  subnet MSE  M=1.700e+00  V=1.265e+01  Dw=3.753e-02  g=2.942e-01
[step   5500]
  train: −ELBO=-1.0166e+01  NLL=-9.6870e+00  NLL_R=-8.4376e+00  NLL_ω=-1.2494e+00  MSE_R=6.3346e-04  MSE_ω=7.6366e-02
  test : −ELBO=-7.5022e+00  NLL=-7.0404e+00  NLL_R=-7.1181e+00  NLL_ω=7.7724e-02  MSE_R=1.1906e-03  MSE_ω=1.4406e-01
  sigma: σ_R=1.4535e-02  σ_ω=1.5971e-01  β=1.0000e+00
  PL   : train=-9.8121e-01  test=-9.6355e-01  σ_φ̄(train)=1.9182e-05  σ_φ̄(test)=7.3924e-07  σ_obs_ω=5.0000e-01  λ_PL=1.00
  KL   : M=1.136e+03  V=4.071e+02  Dw=1.382e+03  g=2.156e+03  sigma=5.712e+01  total=5.139e+03
  subnet MSE  M=1.707e+00  V=1.265e+01  Dw=3.678e-02  g=2.938e-01
[step   5550]
  train: −ELBO=-1.0182e+01  NLL=-9.6993e+00  NLL_R=-8.4429e+00  NLL_ω=-1.2564e+00  MSE_R=6.3121e-04  MSE_ω=7.6014e-02
  test : −ELBO=-7.4802e+00  NLL=-7.0157e+00  NLL_R=-7.1065e+00  NLL_ω=9.0785e-02  MSE_R=1.1926e-03  MSE_ω=1.4446e-01
  sigma: σ_R=1.4494e-02  σ_ω=1.5940e-01  β=1.0000e+00
  PL   : train=-9.8255e-01  test=-9.6440e-01  σ_φ̄(train)=2.7906e-05  σ_φ̄(test)=7.3425e-07  σ_obs_ω=5.0000e-01  λ_PL=1.00
  KL   : M=1.129e+03  V=4.067e+02  Dw=1.379e+03  g=2.148e+03  sigma=5.643e+01  total=5.119e+03
  subnet MSE  M=1.702e+00  V=1.264e+01  Dw=3.698e-02  g=2.955e-01
[step   5600]
  train: −ELBO=-1.0159e+01  NLL=-9.6758e+00  NLL_R=-8.4326e+00  NLL_ω=-1.2433e+00  MSE_R=6.3557e-04  MSE_ω=7.6678e-02
  test : −ELBO=-7.5444e+00  NLL=-7.0784e+00  NLL_R=-7.1391e+00  NLL_ω=6.0644e-02  MSE_R=1.1813e-03  MSE_ω=1.4301e-01
  sigma: σ_R=1.4523e-02  σ_ω=1.5947e-01  β=1.0000e+00
  PL   : train=-9.8223e-01  test=-9.6470e-01  σ_φ̄(train)=1.8209e-05  σ_φ̄(test)=7.3338e-07  σ_obs_ω=5.0000e-01  λ_PL=1.00
  KL   : M=1.125e+03  V=4.064e+02  Dw=1.378e+03  g=2.142e+03  sigma=5.598e+01  total=5.107e+03
  subnet MSE  M=1.712e+00  V=1.264e+01  Dw=3.719e-02  g=2.960e-01
[step   5650]
  train: −ELBO=-1.0190e+01  NLL=-9.7055e+00  NLL_R=-8.4520e+00  NLL_ω=-1.2535e+00  MSE_R=6.2740e-04  MSE_ω=7.6157e-02
  test : −ELBO=-7.4138e+00  NLL=-6.9475e+00  NLL_R=-7.0705e+00  NLL_ω=1.2306e-01  MSE_R=1.2068e-03  MSE_ω=1.4613e-01
  sigma: σ_R=1.4484e-02  σ_ω=1.5943e-01  β=1.0000e+00
  PL   : train=-9.8190e-01  test=-9.6357e-01  σ_φ̄(train)=1.7035e-05  σ_φ̄(test)=7.2406e-07  σ_obs_ω=5.0000e-01  λ_PL=1.00
  KL   : M=1.120e+03  V=4.059e+02  Dw=1.376e+03  g=2.136e+03  sigma=5.546e+01  total=5.093e+03
  subnet MSE  M=1.693e+00  V=1.277e+01  Dw=3.586e-02  g=2.945e-01
[step   5700]
  train: −ELBO=-1.0196e+01  NLL=-9.7090e+00  NLL_R=-8.4504e+00  NLL_ω=-1.2586e+00  MSE_R=6.2808e-04  MSE_ω=7.5901e-02
  test : −ELBO=-7.4480e+00  NLL=-6.9793e+00  NLL_R=-7.0880e+00  NLL_ω=1.0865e-01  MSE_R=1.1983e-03  MSE_ω=1.4509e-01
  sigma: σ_R=1.4468e-02  σ_ω=1.5908e-01  β=1.0000e+00
  PL   : train=-9.8236e-01  test=-9.6429e-01  σ_φ̄(train)=1.7888e-05  σ_φ̄(test)=6.8336e-07  σ_obs_ω=5.0000e-01  λ_PL=1.00
  KL   : M=1.114e+03  V=4.053e+02  Dw=1.373e+03  g=2.128e+03  sigma=5.484e+01  total=5.075e+03
  subnet MSE  M=1.701e+00  V=1.266e+01  Dw=3.708e-02  g=2.960e-01
[step   5750]
  train: −ELBO=-1.0220e+01  NLL=-9.7315e+00  NLL_R=-8.4644e+00  NLL_ω=-1.2671e+00  MSE_R=6.2222e-04  MSE_ω=7.5469e-02
  test : −ELBO=-7.4465e+00  NLL=-6.9767e+00  NLL_R=-7.0877e+00  NLL_ω=1.1103e-01  MSE_R=1.1967e-03  MSE_ω=1.4497e-01
  sigma: σ_R=1.4443e-02  σ_ω=1.5879e-01  β=1.0000e+00
  PL   : train=-9.8249e-01  test=-9.6425e-01  σ_φ̄(train)=2.1590e-05  σ_φ̄(test)=6.5650e-07  σ_obs_ω=5.0000e-01  λ_PL=1.00
  KL   : M=1.109e+03  V=4.050e+02  Dw=1.371e+03  g=2.123e+03  sigma=5.447e+01  total=5.063e+03
  subnet MSE  M=1.707e+00  V=1.265e+01  Dw=3.709e-02  g=2.958e-01
[step   5800]
  train: −ELBO=-1.0193e+01  NLL=-9.7039e+00  NLL_R=-8.4474e+00  NLL_ω=-1.2565e+00  MSE_R=6.2933e-04  MSE_ω=7.6005e-02
  test : −ELBO=-7.4268e+00  NLL=-6.9559e+00  NLL_R=-7.0786e+00  NLL_ω=1.2271e-01  MSE_R=1.2024e-03  MSE_ω=1.4559e-01
  sigma: σ_R=1.4466e-02  σ_ω=1.5881e-01  β=1.0000e+00
  PL   : train=-9.8245e-01  test=-9.6383e-01  σ_φ̄(train)=1.3452e-05  σ_φ̄(test)=6.6719e-07  σ_obs_ω=5.0000e-01  λ_PL=1.00
  KL   : M=1.104e+03  V=4.045e+02  Dw=1.370e+03  g=2.115e+03  sigma=5.386e+01  total=5.048e+03
  subnet MSE  M=1.709e+00  V=1.267e+01  Dw=3.682e-02  g=2.953e-01
[step   5850]
  train: −ELBO=-1.0223e+01  NLL=-9.7328e+00  NLL_R=-8.4658e+00  NLL_ω=-1.2670e+00  MSE_R=6.2164e-04  MSE_ω=7.5476e-02
  test : −ELBO=-7.4540e+00  NLL=-6.9818e+00  NLL_R=-7.0892e+00  NLL_ω=1.0734e-01  MSE_R=1.1967e-03  MSE_ω=1.4486e-01
  sigma: σ_R=1.4454e-02  σ_ω=1.5888e-01  β=1.0000e+00
  PL   : train=-9.8218e-01  test=-9.6413e-01  σ_φ̄(train)=1.3761e-05  σ_φ̄(test)=6.6947e-07  σ_obs_ω=5.0000e-01  λ_PL=1.00
  KL   : M=1.101e+03  V=4.042e+02  Dw=1.368e+03  g=2.111e+03  sigma=5.349e+01  total=5.038e+03
  subnet MSE  M=1.709e+00  V=1.268e+01  Dw=3.679e-02  g=2.954e-01
[step   5900]
  train: −ELBO=-1.0246e+01  NLL=-9.7546e+00  NLL_R=-8.4759e+00  NLL_ω=-1.2786e+00  MSE_R=6.1746e-04  MSE_ω=7.4892e-02
  test : −ELBO=-7.3816e+00  NLL=-6.9082e+00  NLL_R=-7.0523e+00  NLL_ω=1.4415e-01  MSE_R=1.2080e-03  MSE_ω=1.4632e-01
  sigma: σ_R=1.4401e-02  σ_ω=1.5844e-01  β=1.0000e+00
  PL   : train=-9.8252e-01  test=-9.6394e-01  σ_φ̄(train)=1.7788e-05  σ_φ̄(test)=6.8472e-07  σ_obs_ω=5.0000e-01  λ_PL=1.00
  KL   : M=1.096e+03  V=4.036e+02  Dw=1.366e+03  g=2.104e+03  sigma=5.290e+01  total=5.024e+03
  subnet MSE  M=1.703e+00  V=1.266e+01  Dw=3.717e-02  g=2.959e-01
[step   5950]
  train: −ELBO=-1.0226e+01  NLL=-9.7332e+00  NLL_R=-8.4637e+00  NLL_ω=-1.2696e+00  MSE_R=6.2253e-04  MSE_ω=7.5347e-02
  test : −ELBO=-7.3410e+00  NLL=-6.8672e+00  NLL_R=-7.0308e+00  NLL_ω=1.6358e-01  MSE_R=1.2144e-03  MSE_ω=1.4709e-01
  sigma: σ_R=1.4371e-02  σ_ω=1.5821e-01  β=1.0000e+00
  PL   : train=-9.8202e-01  test=-9.6329e-01  σ_φ̄(train)=1.8485e-05  σ_φ̄(test)=6.9954e-07  σ_obs_ω=5.0000e-01  λ_PL=1.00
  KL   : M=1.093e+03  V=4.033e+02  Dw=1.365e+03  g=2.099e+03  sigma=5.246e+01  total=5.013e+03
  subnet MSE  M=1.702e+00  V=1.266e+01  Dw=3.661e-02  g=2.950e-01
[step   6000]
  train: −ELBO=-1.0246e+01  NLL=-9.7517e+00  NLL_R=-8.4714e+00  NLL_ω=-1.2803e+00  MSE_R=6.1934e-04  MSE_ω=7.4811e-02
  test : −ELBO=-7.3424e+00  NLL=-6.8671e+00  NLL_R=-7.0318e+00  NLL_ω=1.6470e-01  MSE_R=1.2137e-03  MSE_ω=1.4705e-01
  sigma: σ_R=1.4369e-02  σ_ω=1.5811e-01  β=1.0000e+00
  PL   : train=-9.8252e-01  test=-9.6357e-01  σ_φ̄(train)=1.9154e-05  σ_φ̄(test)=7.1089e-07  σ_obs_ω=5.0000e-01  λ_PL=1.00
  KL   : M=1.089e+03  V=4.028e+02  Dw=1.364e+03  g=2.093e+03  sigma=5.188e+01  total=5.000e+03
  subnet MSE  M=1.699e+00  V=1.263e+01  Dw=3.691e-02  g=2.955e-01
[step   6050]
  train: −ELBO=-1.0232e+01  NLL=-9.7362e+00  NLL_R=-8.4640e+00  NLL_ω=-1.2722e+00  MSE_R=6.2239e-04  MSE_ω=7.5216e-02
  test : −ELBO=-7.3595e+00  NLL=-6.8823e+00  NLL_R=-7.0379e+00  NLL_ω=1.5565e-01  MSE_R=1.2110e-03  MSE_ω=1.4658e-01
  sigma: σ_R=1.4362e-02  σ_ω=1.5809e-01  β=1.0000e+00
  PL   : train=-9.8242e-01  test=-9.6382e-01  σ_φ̄(train)=3.6422e-05  σ_φ̄(test)=7.0933e-07  σ_obs_ω=5.0000e-01  λ_PL=1.00
  KL   : M=1.083e+03  V=4.022e+02  Dw=1.361e+03  g=2.085e+03  sigma=5.117e+01  total=4.983e+03
  subnet MSE  M=1.697e+00  V=1.268e+01  Dw=3.753e-02  g=2.964e-01
[step   6100]
  train: −ELBO=-1.0246e+01  NLL=-9.7482e+00  NLL_R=-8.4684e+00  NLL_ω=-1.2798e+00  MSE_R=6.2058e-04  MSE_ω=7.4833e-02
  test : −ELBO=-7.2823e+00  NLL=-6.8041e+00  NLL_R=-6.9997e+00  NLL_ω=1.9562e-01  MSE_R=1.2244e-03  MSE_ω=1.4829e-01
  sigma: σ_R=1.4331e-02  σ_ω=1.5777e-01  β=1.0000e+00
  PL   : train=-9.8250e-01  test=-9.6314e-01  σ_φ̄(train)=2.0189e-05  σ_φ̄(test)=6.5118e-07  σ_obs_ω=5.0000e-01  λ_PL=1.00
  KL   : M=1.077e+03  V=4.015e+02  Dw=1.359e+03  g=2.077e+03  sigma=5.042e+01  total=4.965e+03
  subnet MSE  M=1.705e+00  V=1.267e+01  Dw=3.731e-02  g=2.959e-01
[step   6150]
  train: −ELBO=-1.0256e+01  NLL=-9.7571e+00  NLL_R=-8.4746e+00  NLL_ω=-1.2825e+00  MSE_R=6.1800e-04  MSE_ω=7.4700e-02
  test : −ELBO=-7.2394e+00  NLL=-6.7602e+00  NLL_R=-6.9784e+00  NLL_ω=2.1821e-01  MSE_R=1.2319e-03  MSE_ω=1.4912e-01
  sigma: σ_R=1.4322e-02  σ_ω=1.5746e-01  β=1.0000e+00
  PL   : train=-9.8181e-01  test=-9.6244e-01  σ_φ̄(train)=1.6717e-05  σ_φ̄(test)=6.1997e-07  σ_obs_ω=5.0000e-01  λ_PL=1.00
  KL   : M=1.072e+03  V=4.007e+02  Dw=1.358e+03  g=2.069e+03  sigma=4.964e+01  total=4.949e+03
  subnet MSE  M=1.701e+00  V=1.272e+01  Dw=3.754e-02  g=2.949e-01
[step   6200]
  train: −ELBO=-1.0285e+01  NLL=-9.7834e+00  NLL_R=-8.4869e+00  NLL_ω=-1.2966e+00  MSE_R=6.1298e-04  MSE_ω=7.4002e-02
  test : −ELBO=-7.2809e+00  NLL=-6.7990e+00  NLL_R=-6.9971e+00  NLL_ω=1.9805e-01  MSE_R=1.2242e-03  MSE_ω=1.4821e-01
  sigma: σ_R=1.4324e-02  σ_ω=1.5756e-01  β=1.0000e+00
  PL   : train=-9.8269e-01  test=-9.6337e-01  σ_φ̄(train)=1.8533e-05  σ_φ̄(test)=5.7875e-07  σ_obs_ω=5.0000e-01  λ_PL=1.00
  KL   : M=1.066e+03  V=3.996e+02  Dw=1.355e+03  g=2.062e+03  sigma=4.889e+01  total=4.931e+03
  subnet MSE  M=1.708e+00  V=1.268e+01  Dw=3.743e-02  g=2.966e-01
[step   6250]
  train: −ELBO=-1.0261e+01  NLL=-9.7583e+00  NLL_R=-8.4713e+00  NLL_ω=-1.2870e+00  MSE_R=6.1935e-04  MSE_ω=7.4478e-02
  test : −ELBO=-7.2425e+00  NLL=-6.7594e+00  NLL_R=-6.9793e+00  NLL_ω=2.1985e-01  MSE_R=1.2313e-03  MSE_ω=1.4913e-01
  sigma: σ_R=1.4315e-02  σ_ω=1.5737e-01  β=1.0000e+00
  PL   : train=-9.8256e-01  test=-9.6328e-01  σ_φ̄(train)=3.7255e-05  σ_φ̄(test)=5.9032e-07  σ_obs_ω=5.0000e-01  λ_PL=1.00
  KL   : M=1.061e+03  V=3.988e+02  Dw=1.354e+03  g=2.055e+03  sigma=4.819e+01  total=4.917e+03
  subnet MSE  M=1.702e+00  V=1.269e+01  Dw=3.714e-02  g=2.966e-01
[step   6300]
  train: −ELBO=-1.0293e+01  NLL=-9.7889e+00  NLL_R=-8.4925e+00  NLL_ω=-1.2963e+00  MSE_R=6.1066e-04  MSE_ω=7.4015e-02
  test : −ELBO=-7.1672e+00  NLL=-6.6826e+00  NLL_R=-6.9411e+00  NLL_ω=2.5853e-01  MSE_R=1.2451e-03  MSE_ω=1.5082e-01
  sigma: σ_R=1.4305e-02  σ_ω=1.5718e-01  β=1.0000e+00
  PL   : train=-9.8288e-01  test=-9.6307e-01  σ_φ̄(train)=3.1114e-05  σ_φ̄(test)=6.0728e-07  σ_obs_ω=5.0000e-01  λ_PL=1.00
  KL   : M=1.055e+03  V=3.977e+02  Dw=1.352e+03  g=2.048e+03  sigma=4.732e+01  total=4.900e+03
  subnet MSE  M=1.693e+00  V=1.266e+01  Dw=3.757e-02  g=2.970e-01
[step   6350]
  train: −ELBO=-1.0300e+01  NLL=-9.7935e+00  NLL_R=-8.4963e+00  NLL_ω=-1.2972e+00  MSE_R=6.0912e-04  MSE_ω=7.3972e-02
  test : −ELBO=-7.1968e+00  NLL=-6.7106e+00  NLL_R=-6.9568e+00  NLL_ω=2.4618e-01  MSE_R=1.2389e-03  MSE_ω=1.5016e-01
  sigma: σ_R=1.4302e-02  σ_ω=1.5709e-01  β=1.0000e+00
  PL   : train=-9.8301e-01  test=-9.6318e-01  σ_φ̄(train)=8.0140e-06  σ_φ̄(test)=2.8346e-07  σ_obs_ω=5.0000e-01  λ_PL=1.00
  KL   : M=1.049e+03  V=3.966e+02  Dw=1.351e+03  g=2.040e+03  sigma=4.725e+01  total=4.884e+03
  subnet MSE  M=1.703e+00  V=1.269e+01  Dw=3.766e-02  g=2.968e-01
[step   6400]
  train: −ELBO=-1.0294e+01  NLL=-9.7868e+00  NLL_R=-8.4890e+00  NLL_ω=-1.2978e+00  MSE_R=6.1211e-04  MSE_ω=7.3943e-02
  test : −ELBO=-7.1208e+00  NLL=-6.6344e+00  NLL_R=-6.9155e+00  NLL_ω=2.8117e-01  MSE_R=1.2501e-03  MSE_ω=1.5148e-01
  sigma: σ_R=1.4242e-02  σ_ω=1.5672e-01  β=1.0000e+00
  PL   : train=-9.8257e-01  test=-9.6223e-01  σ_φ̄(train)=6.8585e-06  σ_φ̄(test)=2.0977e-07  σ_obs_ω=5.0000e-01  λ_PL=1.00
  KL   : M=1.045e+03  V=3.958e+02  Dw=1.350e+03  g=2.035e+03  sigma=4.725e+01  total=4.872e+03
  subnet MSE  M=1.693e+00  V=1.270e+01  Dw=3.769e-02  g=2.959e-01
[step   6450]
  train: −ELBO=-1.0301e+01  NLL=-9.7932e+00  NLL_R=-8.4915e+00  NLL_ω=-1.3018e+00  MSE_R=6.1110e-04  MSE_ω=7.3748e-02
  test : −ELBO=-7.1050e+00  NLL=-6.6173e+00  NLL_R=-6.9090e+00  NLL_ω=2.9167e-01  MSE_R=1.2565e-03  MSE_ω=1.5226e-01
  sigma: σ_R=1.4278e-02  σ_ω=1.5696e-01  β=1.0000e+00
  PL   : train=-9.8293e-01  test=-9.6248e-01  σ_φ̄(train)=1.0953e-05  σ_φ̄(test)=2.1200e-07  σ_obs_ω=5.0000e-01  λ_PL=1.00
  KL   : M=1.042e+03  V=3.950e+02  Dw=1.349e+03  g=2.030e+03  sigma=4.689e+01  total=4.863e+03
  subnet MSE  M=1.699e+00  V=1.273e+01  Dw=3.766e-02  g=2.969e-01
[step   6500]
  train: −ELBO=-1.0293e+01  NLL=-9.7843e+00  NLL_R=-8.4889e+00  NLL_ω=-1.2955e+00  MSE_R=6.1217e-04  MSE_ω=7.4057e-02
  test : −ELBO=-7.1281e+00  NLL=-6.6394e+00  NLL_R=-6.9202e+00  NLL_ω=2.8085e-01  MSE_R=1.2505e-03  MSE_ω=1.5161e-01
  sigma: σ_R=1.4263e-02  σ_ω=1.5684e-01  β=1.0000e+00
  PL   : train=-9.8306e-01  test=-9.6285e-01  σ_φ̄(train)=2.1651e-05  σ_φ̄(test)=2.1428e-07  σ_obs_ω=5.0000e-01  λ_PL=1.00
  KL   : M=1.040e+03  V=3.943e+02  Dw=1.348e+03  g=2.027e+03  sigma=4.661e+01  total=4.856e+03
  subnet MSE  M=1.704e+00  V=1.271e+01  Dw=3.766e-02  g=2.974e-01
[step   6550]
  train: −ELBO=-1.0318e+01  NLL=-9.8082e+00  NLL_R=-8.4999e+00  NLL_ω=-1.3083e+00  MSE_R=6.0768e-04  MSE_ω=7.3424e-02
  test : −ELBO=-7.1091e+00  NLL=-6.6202e+00  NLL_R=-6.9091e+00  NLL_ω=2.8892e-01  MSE_R=1.2534e-03  MSE_ω=1.5191e-01
  sigma: σ_R=1.4249e-02  σ_ω=1.5676e-01  β=1.0000e+00
  PL   : train=-9.8268e-01  test=-9.6225e-01  σ_φ̄(train)=8.6514e-06  σ_φ̄(test)=2.1652e-07  σ_obs_ω=5.0000e-01  λ_PL=1.00
  KL   : M=1.037e+03  V=3.936e+02  Dw=1.347e+03  g=2.023e+03  sigma=4.630e+01  total=4.847e+03
  subnet MSE  M=1.698e+00  V=1.269e+01  Dw=3.768e-02  g=2.963e-01
[step   6600]
  train: −ELBO=-1.0316e+01  NLL=-9.8044e+00  NLL_R=-8.4992e+00  NLL_ω=-1.3052e+00  MSE_R=6.0796e-04  MSE_ω=7.3578e-02
  test : −ELBO=-7.1207e+00  NLL=-6.6298e+00  NLL_R=-6.9168e+00  NLL_ω=2.8697e-01  MSE_R=1.2509e-03  MSE_ω=1.5167e-01
  sigma: σ_R=1.4251e-02  σ_ω=1.5660e-01  β=1.0000e+00
  PL   : train=-9.8353e-01  test=-9.6322e-01  σ_φ̄(train)=7.5808e-06  σ_φ̄(test)=2.0944e-07  σ_obs_ω=5.0000e-01  λ_PL=1.00
  KL   : M=1.033e+03  V=3.929e+02  Dw=1.346e+03  g=2.018e+03  sigma=4.590e+01  total=4.836e+03
  subnet MSE  M=1.693e+00  V=1.269e+01  Dw=3.749e-02  g=2.976e-01
[step   6650]
  train: −ELBO=-1.0335e+01  NLL=-9.8240e+00  NLL_R=-8.5101e+00  NLL_ω=-1.3138e+00  MSE_R=6.0355e-04  MSE_ω=7.3156e-02
  test : −ELBO=-7.0105e+00  NLL=-6.5200e+00  NLL_R=-6.8607e+00  NLL_ω=3.4079e-01  MSE_R=1.2685e-03  MSE_ω=1.5380e-01
  sigma: σ_R=1.4195e-02  σ_ω=1.5610e-01  β=1.0000e+00
  PL   : train=-9.8224e-01  test=-9.6188e-01  σ_φ̄(train)=1.0723e-05  σ_φ̄(test)=2.1070e-07  σ_obs_ω=5.0000e-01  λ_PL=1.00
  KL   : M=1.031e+03  V=3.921e+02  Dw=1.345e+03  g=2.014e+03  sigma=4.554e+01  total=4.827e+03
  subnet MSE  M=1.688e+00  V=1.268e+01  Dw=3.739e-02  g=2.964e-01
[step   6700]
  train: −ELBO=-1.0339e+01  NLL=-9.8276e+00  NLL_R=-8.5119e+00  NLL_ω=-1.3157e+00  MSE_R=6.0284e-04  MSE_ω=7.3065e-02
  test : −ELBO=-7.0405e+00  NLL=-6.5489e+00  NLL_R=-6.8726e+00  NLL_ω=3.2374e-01  MSE_R=1.2624e-03  MSE_ω=1.5309e-01
  sigma: σ_R=1.4184e-02  σ_ω=1.5623e-01  β=1.0000e+00
  PL   : train=-9.8237e-01  test=-9.6208e-01  σ_φ̄(train)=1.6368e-05  σ_φ̄(test)=2.1431e-07  σ_obs_ω=5.0000e-01  λ_PL=1.00
  KL   : M=1.028e+03  V=3.914e+02  Dw=1.344e+03  g=2.010e+03  sigma=4.519e+01  total=4.818e+03
  subnet MSE  M=1.690e+00  V=1.272e+01  Dw=3.746e-02  g=2.964e-01
[step   6750]
  train: −ELBO=-1.0330e+01  NLL=-9.8162e+00  NLL_R=-8.5051e+00  NLL_ω=-1.3112e+00  MSE_R=6.0559e-04  MSE_ω=7.3286e-02
  test : −ELBO=-7.0173e+00  NLL=-6.5243e+00  NLL_R=-6.8622e+00  NLL_ω=3.3793e-01  MSE_R=1.2691e-03  MSE_ω=1.5385e-01
  sigma: σ_R=1.4211e-02  σ_ω=1.5629e-01  β=1.0000e+00
  PL   : train=-9.8365e-01  test=-9.6266e-01  σ_φ̄(train)=9.2558e-06  σ_φ̄(test)=2.1094e-07  σ_obs_ω=5.0000e-01  λ_PL=1.00
  KL   : M=1.025e+03  V=3.905e+02  Dw=1.344e+03  g=2.006e+03  sigma=4.482e+01  total=4.810e+03
  subnet MSE  M=1.691e+00  V=1.278e+01  Dw=3.787e-02  g=2.981e-01
[step   6800]
  train: −ELBO=-1.0352e+01  NLL=-9.8376e+00  NLL_R=-8.5151e+00  NLL_ω=-1.3225e+00  MSE_R=6.0155e-04  MSE_ω=7.2737e-02
  test : −ELBO=-6.9821e+00  NLL=-6.4886e+00  NLL_R=-6.8443e+00  NLL_ω=3.5575e-01  MSE_R=1.2707e-03  MSE_ω=1.5402e-01
  sigma: σ_R=1.4155e-02  σ_ω=1.5564e-01  β=1.0000e+00
  PL   : train=-9.8339e-01  test=-9.6235e-01  σ_φ̄(train)=2.1452e-05  σ_φ̄(test)=2.1904e-07  σ_obs_ω=5.0000e-01  λ_PL=1.00
  KL   : M=1.022e+03  V=3.895e+02  Dw=1.343e+03  g=2.003e+03  sigma=4.441e+01  total=4.801e+03
  subnet MSE  M=1.686e+00  V=1.265e+01  Dw=3.813e-02  g=2.977e-01
[step   6850]
  train: −ELBO=-1.0368e+01  NLL=-9.8530e+00  NLL_R=-8.5229e+00  NLL_ω=-1.3301e+00  MSE_R=5.9843e-04  MSE_ω=7.2365e-02
  test : −ELBO=-6.9212e+00  NLL=-6.4283e+00  NLL_R=-6.8115e+00  NLL_ω=3.8315e-01  MSE_R=1.2847e-03  MSE_ω=1.5563e-01
  sigma: σ_R=1.4161e-02  σ_ω=1.5589e-01  β=1.0000e+00
  PL   : train=-9.8243e-01  test=-9.6070e-01  σ_φ̄(train)=1.2489e-05  σ_φ̄(test)=1.9892e-07  σ_obs_ω=5.0000e-01  λ_PL=1.00
  KL   : M=1.019e+03  V=3.884e+02  Dw=1.342e+03  g=1.998e+03  sigma=4.399e+01  total=4.791e+03
  subnet MSE  M=1.688e+00  V=1.267e+01  Dw=3.816e-02  g=2.956e-01
[step   6900]
  train: −ELBO=-1.0384e+01  NLL=-9.8676e+00  NLL_R=-8.5318e+00  NLL_ω=-1.3358e+00  MSE_R=5.9488e-04  MSE_ω=7.2095e-02
  test : −ELBO=-6.8930e+00  NLL=-6.3985e+00  NLL_R=-6.7977e+00  NLL_ω=3.9919e-01  MSE_R=1.2854e-03  MSE_ω=1.5576e-01
  sigma: σ_R=1.4116e-02  σ_ω=1.5531e-01  β=1.0000e+00
  PL   : train=-9.8316e-01  test=-9.6160e-01  σ_φ̄(train)=8.2978e-06  σ_φ̄(test)=1.3784e-07  σ_obs_ω=5.0000e-01  λ_PL=1.00
  KL   : M=1.017e+03  V=3.875e+02  Dw=1.341e+03  g=1.994e+03  sigma=4.393e+01  total=4.784e+03
  subnet MSE  M=1.687e+00  V=1.270e+01  Dw=3.814e-02  g=2.971e-01
[step   6950]
  train: −ELBO=-1.0354e+01  NLL=-9.8369e+00  NLL_R=-8.5162e+00  NLL_ω=-1.3207e+00  MSE_R=6.0111e-04  MSE_ω=7.2822e-02
  test : −ELBO=-6.9465e+00  NLL=-6.4510e+00  NLL_R=-6.8244e+00  NLL_ω=3.7339e-01  MSE_R=1.2775e-03  MSE_ω=1.5481e-01
  sigma: σ_R=1.4140e-02  σ_ω=1.5556e-01  β=1.0000e+00
  PL   : train=-9.8310e-01  test=-9.6180e-01  σ_φ̄(train)=7.1205e-06  σ_φ̄(test)=1.1180e-07  σ_obs_ω=5.0000e-01  λ_PL=1.00
  KL   : M=1.015e+03  V=3.867e+02  Dw=1.340e+03  g=1.990e+03  sigma=4.378e+01  total=4.776e+03
  subnet MSE  M=1.690e+00  V=1.265e+01  Dw=3.748e-02  g=2.969e-01
[step   7000]
  train: −ELBO=-1.0376e+01  NLL=-9.8584e+00  NLL_R=-8.5278e+00  NLL_ω=-1.3306e+00  MSE_R=5.9647e-04  MSE_ω=7.2344e-02
  test : −ELBO=-6.9591e+00  NLL=-6.4632e+00  NLL_R=-6.8334e+00  NLL_ω=3.7021e-01  MSE_R=1.2757e-03  MSE_ω=1.5461e-01
  sigma: σ_R=1.4162e-02  σ_ω=1.5551e-01  β=1.0000e+00
  PL   : train=-9.8349e-01  test=-9.6170e-01  σ_φ̄(train)=4.9688e-06  σ_φ̄(test)=1.1394e-07  σ_obs_ω=5.0000e-01  λ_PL=1.00
  KL   : M=1.013e+03  V=3.860e+02  Dw=1.340e+03  g=1.987e+03  sigma=4.348e+01  total=4.770e+03
  subnet MSE  M=1.688e+00  V=1.266e+01  Dw=3.789e-02  g=2.967e-01
[step   7050]
  train: −ELBO=-1.0372e+01  NLL=-9.8540e+00  NLL_R=-8.5231e+00  NLL_ω=-1.3309e+00  MSE_R=5.9835e-04  MSE_ω=7.2329e-02
  test : −ELBO=-6.9366e+00  NLL=-6.4392e+00  NLL_R=-6.8228e+00  NLL_ω=3.8360e-01  MSE_R=1.2800e-03  MSE_ω=1.5524e-01
  sigma: σ_R=1.4160e-02  σ_ω=1.5549e-01  β=1.0000e+00
  PL   : train=-9.8308e-01  test=-9.6228e-01  σ_φ̄(train)=1.1039e-05  σ_φ̄(test)=1.0799e-07  σ_obs_ω=5.0000e-01  λ_PL=1.00
  KL   : M=1.010e+03  V=3.851e+02  Dw=1.339e+03  g=1.983e+03  sigma=4.303e+01  total=4.761e+03
  subnet MSE  M=1.684e+00  V=1.267e+01  Dw=3.798e-02  g=2.977e-01
[step   7100]
  train: −ELBO=-1.0393e+01  NLL=-9.8737e+00  NLL_R=-8.5319e+00  NLL_ω=-1.3418e+00  MSE_R=5.9486e-04  MSE_ω=7.1803e-02
  test : −ELBO=-6.8424e+00  NLL=-6.3452e+00  NLL_R=-6.7732e+00  NLL_ω=4.2804e-01  MSE_R=1.2921e-03  MSE_ω=1.5670e-01
  sigma: σ_R=1.4083e-02  σ_ω=1.5490e-01  β=1.0000e+00
  PL   : train=-9.8344e-01  test=-9.6154e-01  σ_φ̄(train)=6.8993e-06  σ_φ̄(test)=9.9500e-08  σ_obs_ω=5.0000e-01  λ_PL=1.00
  KL   : M=1.009e+03  V=3.843e+02  Dw=1.339e+03  g=1.980e+03  sigma=4.273e+01  total=4.754e+03
  subnet MSE  M=1.681e+00  V=1.268e+01  Dw=3.815e-02  g=2.971e-01
[step   7150]
  train: −ELBO=-1.0388e+01  NLL=-9.8680e+00  NLL_R=-8.5296e+00  NLL_ω=-1.3384e+00  MSE_R=5.9578e-04  MSE_ω=7.1967e-02
  test : −ELBO=-6.8306e+00  NLL=-6.3325e+00  NLL_R=-6.7689e+00  NLL_ω=4.3636e-01  MSE_R=1.2959e-03  MSE_ω=1.5712e-01
  sigma: σ_R=1.4100e-02  σ_ω=1.5489e-01  β=1.0000e+00
  PL   : train=-9.8362e-01  test=-9.6144e-01  σ_φ̄(train)=1.1258e-05  σ_φ̄(test)=9.7094e-08  σ_obs_ω=5.0000e-01  λ_PL=1.00
  KL   : M=1.006e+03  V=3.835e+02  Dw=1.338e+03  g=1.976e+03  sigma=4.225e+01  total=4.745e+03
  subnet MSE  M=1.670e+00  V=1.265e+01  Dw=3.816e-02  g=2.977e-01
[step   7200]
  train: −ELBO=-1.0411e+01  NLL=-9.8900e+00  NLL_R=-8.5426e+00  NLL_ω=-1.3474e+00  MSE_R=5.9060e-04  MSE_ω=7.1537e-02
  test : −ELBO=-6.8324e+00  NLL=-6.3340e+00  NLL_R=-6.7667e+00  NLL_ω=4.3261e-01  MSE_R=1.2947e-03  MSE_ω=1.5690e-01
  sigma: σ_R=1.4078e-02  σ_ω=1.5484e-01  β=1.0000e+00
  PL   : train=-9.8364e-01  test=-9.6126e-01  σ_φ̄(train)=5.2112e-06  σ_φ̄(test)=9.3617e-08  σ_obs_ω=5.0000e-01  λ_PL=1.00
  KL   : M=1.004e+03  V=3.827e+02  Dw=1.338e+03  g=1.973e+03  sigma=4.191e+01  total=4.740e+03
  subnet MSE  M=1.680e+00  V=1.267e+01  Dw=3.835e-02  g=2.974e-01
[step   7250]
  train: −ELBO=-1.0417e+01  NLL=-9.8959e+00  NLL_R=-8.5466e+00  NLL_ω=-1.3493e+00  MSE_R=5.8904e-04  MSE_ω=7.1446e-02
  test : −ELBO=-6.7339e+00  NLL=-6.2351e+00  NLL_R=-6.7169e+00  NLL_ω=4.8181e-01  MSE_R=1.3105e-03  MSE_ω=1.5881e-01
  sigma: σ_R=1.4037e-02  σ_ω=1.5444e-01  β=1.0000e+00
  PL   : train=-9.8349e-01  test=-9.6088e-01  σ_φ̄(train)=7.1463e-06  σ_φ̄(test)=8.5633e-08  σ_obs_ω=5.0000e-01  λ_PL=1.00
  KL   : M=1.002e+03  V=3.819e+02  Dw=1.338e+03  g=1.969e+03  sigma=4.155e+01  total=4.732e+03
  subnet MSE  M=1.667e+00  V=1.267e+01  Dw=3.815e-02  g=2.970e-01
[step   7300]
  train: −ELBO=-1.0415e+01  NLL=-9.8928e+00  NLL_R=-8.5453e+00  NLL_ω=-1.3475e+00  MSE_R=5.8955e-04  MSE_ω=7.1534e-02
  test : −ELBO=-6.7283e+00  NLL=-6.2287e+00  NLL_R=-6.7138e+00  NLL_ω=4.8502e-01  MSE_R=1.3109e-03  MSE_ω=1.5894e-01
  sigma: σ_R=1.4032e-02  σ_ω=1.5443e-01  β=1.0000e+00
  PL   : train=-9.8354e-01  test=-9.6085e-01  σ_φ̄(train)=5.6751e-06  σ_φ̄(test)=8.7680e-08  σ_obs_ω=5.0000e-01  λ_PL=1.00
  KL   : M=9.998e+02  V=3.807e+02  Dw=1.337e+03  g=1.965e+03  sigma=4.102e+01  total=4.724e+03
  subnet MSE  M=1.668e+00  V=1.269e+01  Dw=3.849e-02  g=2.973e-01
[step   7350]
  train: −ELBO=-1.0419e+01  NLL=-9.8968e+00  NLL_R=-8.5481e+00  NLL_ω=-1.3486e+00  MSE_R=5.8845e-04  MSE_ω=7.1478e-02
  test : −ELBO=-6.6765e+00  NLL=-6.1765e+00  NLL_R=-6.6864e+00  NLL_ω=5.0986e-01  MSE_R=1.3185e-03  MSE_ω=1.5981e-01
  sigma: σ_R=1.4008e-02  σ_ω=1.5420e-01  β=1.0000e+00
  PL   : train=-9.8317e-01  test=-9.6043e-01  σ_φ̄(train)=1.0064e-05  σ_φ̄(test)=8.0777e-08  σ_obs_ω=5.0000e-01  λ_PL=1.00
  KL   : M=9.981e+02  V=3.795e+02  Dw=1.336e+03  g=1.961e+03  sigma=4.042e+01  total=4.716e+03
  subnet MSE  M=1.668e+00  V=1.270e+01  Dw=3.877e-02  g=2.970e-01
[step   7400]
  train: −ELBO=-1.0435e+01  NLL=-9.9104e+00  NLL_R=-8.5523e+00  NLL_ω=-1.3581e+00  MSE_R=5.8682e-04  MSE_ω=7.1029e-02
  test : −ELBO=-6.6828e+00  NLL=-6.1813e+00  NLL_R=-6.6891e+00  NLL_ω=5.0785e-01  MSE_R=1.3151e-03  MSE_ω=1.5949e-01
  sigma: σ_R=1.3978e-02  σ_ω=1.5395e-01  β=1.0000e+00
  PL   : train=-9.8399e-01  test=-9.6128e-01  σ_φ̄(train)=7.9812e-06  σ_φ̄(test)=7.6003e-08  σ_obs_ω=5.0000e-01  λ_PL=1.00
  KL   : M=9.964e+02  V=3.784e+02  Dw=1.335e+03  g=1.958e+03  sigma=3.986e+01  total=4.708e+03
  subnet MSE  M=1.675e+00  V=1.270e+01  Dw=3.859e-02  g=2.981e-01
[step   7450]
  train: −ELBO=-1.0438e+01  NLL=-9.9144e+00  NLL_R=-8.5544e+00  NLL_ω=-1.3599e+00  MSE_R=5.8598e-04  MSE_ω=7.0942e-02
  test : −ELBO=-6.6577e+00  NLL=-6.1560e+00  NLL_R=-6.6745e+00  NLL_ω=5.1848e-01  MSE_R=1.3178e-03  MSE_ω=1.5972e-01
  sigma: σ_R=1.3953e-02  σ_ω=1.5374e-01  β=1.0000e+00
  PL   : train=-9.8320e-01  test=-9.6083e-01  σ_φ̄(train)=1.1623e-05  σ_φ̄(test)=7.2782e-08  σ_obs_ω=5.0000e-01  λ_PL=1.00
  KL   : M=9.946e+02  V=3.772e+02  Dw=1.335e+03  g=1.955e+03  sigma=3.926e+01  total=4.702e+03
  subnet MSE  M=1.673e+00  V=1.267e+01  Dw=3.817e-02  g=2.978e-01
[step   7500]
  train: −ELBO=-1.0432e+01  NLL=-9.9066e+00  NLL_R=-8.5526e+00  NLL_ω=-1.3540e+00  MSE_R=5.8669e-04  MSE_ω=7.1224e-02
  test : −ELBO=-6.6485e+00  NLL=-6.1457e+00  NLL_R=-6.6728e+00  NLL_ω=5.2714e-01  MSE_R=1.3228e-03  MSE_ω=1.6045e-01
  sigma: σ_R=1.3993e-02  σ_ω=1.5400e-01  β=1.0000e+00
  PL   : train=-9.8451e-01  test=-9.6153e-01  σ_φ̄(train)=8.2109e-06  σ_φ̄(test)=6.3759e-08  σ_obs_ω=5.0000e-01  λ_PL=1.00
  KL   : M=9.934e+02  V=3.765e+02  Dw=1.335e+03  g=1.953e+03  sigma=3.889e+01  total=4.697e+03
  subnet MSE  M=1.662e+00  V=1.275e+01  Dw=3.869e-02  g=2.992e-01
[step   7550]
  train: −ELBO=-1.0435e+01  NLL=-9.9097e+00  NLL_R=-8.5505e+00  NLL_ω=-1.3592e+00  MSE_R=5.8754e-04  MSE_ω=7.0976e-02
  test : −ELBO=-6.6757e+00  NLL=-6.1730e+00  NLL_R=-6.6866e+00  NLL_ω=5.1357e-01  MSE_R=1.3176e-03  MSE_ω=1.5979e-01
  sigma: σ_R=1.4001e-02  σ_ω=1.5400e-01  β=1.0000e+00
  PL   : train=-9.8378e-01  test=-9.6093e-01  σ_φ̄(train)=1.6606e-05  σ_φ̄(test)=5.9698e-08  σ_obs_ω=5.0000e-01  λ_PL=1.00
  KL   : M=9.923e+02  V=3.755e+02  Dw=1.335e+03  g=1.950e+03  sigma=3.844e+01  total=4.692e+03
  subnet MSE  M=1.668e+00  V=1.273e+01  Dw=3.867e-02  g=2.980e-01
[step   7600]
  train: −ELBO=-1.0406e+01  NLL=-9.8815e+00  NLL_R=-8.5371e+00  NLL_ω=-1.3444e+00  MSE_R=5.9272e-04  MSE_ω=7.1671e-02
  test : −ELBO=-6.5856e+00  NLL=-6.0845e+00  NLL_R=-6.6408e+00  NLL_ω=5.5626e-01  MSE_R=1.3293e-03  MSE_ω=1.6112e-01
  sigma: σ_R=1.3938e-02  σ_ω=1.5342e-01  β=1.0000e+00
  PL   : train=-9.8233e-01  test=-9.5877e-01  σ_φ̄(train)=7.9934e-06  σ_φ̄(test)=5.8853e-08  σ_obs_ω=5.0000e-01  λ_PL=1.00
  KL   : M=9.909e+02  V=3.747e+02  Dw=1.335e+03  g=1.948e+03  sigma=3.799e+01  total=4.687e+03
  subnet MSE  M=1.664e+00  V=1.248e+01  Dw=4.068e-02  g=2.960e-01
[step   7650]
  train: −ELBO=-1.0440e+01  NLL=-9.9135e+00  NLL_R=-8.5548e+00  NLL_ω=-1.3586e+00  MSE_R=5.8583e-04  MSE_ω=7.1003e-02
  test : −ELBO=-6.5749e+00  NLL=-6.0723e+00  NLL_R=-6.6361e+00  NLL_ω=5.6378e-01  MSE_R=1.3327e-03  MSE_ω=1.6163e-01
  sigma: σ_R=1.3948e-02  σ_ω=1.5350e-01  β=1.0000e+00
  PL   : train=-9.8419e-01  test=-9.5987e-01  σ_φ̄(train)=3.2501e-05  σ_φ̄(test)=5.2769e-08  σ_obs_ω=5.0000e-01  λ_PL=1.00
  KL   : M=9.898e+02  V=3.735e+02  Dw=1.335e+03  g=1.946e+03  sigma=3.749e+01  total=4.682e+03
  subnet MSE  M=1.661e+00  V=1.266e+01  Dw=3.886e-02  g=2.984e-01
[step   7700]
  train: −ELBO=-1.0452e+01  NLL=-9.9246e+00  NLL_R=-8.5600e+00  NLL_ω=-1.3646e+00  MSE_R=5.8380e-04  MSE_ω=7.0724e-02
  test : −ELBO=-6.6005e+00  NLL=-6.0966e+00  NLL_R=-6.6467e+00  NLL_ω=5.5017e-01  MSE_R=1.3281e-03  MSE_ω=1.6104e-01
  sigma: σ_R=1.3948e-02  σ_ω=1.5359e-01  β=1.0000e+00
  PL   : train=-9.8419e-01  test=-9.6100e-01  σ_φ̄(train)=2.6545e-06  σ_φ̄(test)=1.4844e-08  σ_obs_ω=5.0000e-01  λ_PL=1.00
  KL   : M=9.893e+02  V=3.725e+02  Dw=1.335e+03  g=1.944e+03  sigma=3.893e+01  total=4.680e+03
  subnet MSE  M=1.659e+00  V=1.270e+01  Dw=3.887e-02  g=2.985e-01
[step   7750]
  train: −ELBO=-1.0481e+01  NLL=-9.9540e+00  NLL_R=-8.5771e+00  NLL_ω=-1.3769e+00  MSE_R=5.7720e-04  MSE_ω=7.0144e-02
  test : −ELBO=-6.5411e+00  NLL=-6.0374e+00  NLL_R=-6.6179e+00  NLL_ω=5.8051e-01  MSE_R=1.3334e-03  MSE_ω=1.6180e-01
  sigma: σ_R=1.3894e-02  σ_ω=1.5304e-01  β=1.0000e+00
  PL   : train=-9.8424e-01  test=-9.6050e-01  σ_φ̄(train)=1.5714e-06  σ_φ̄(test)=1.4366e-08  σ_obs_ω=5.0000e-01  λ_PL=1.00
  KL   : M=9.880e+02  V=3.715e+02  Dw=1.336e+03  g=1.943e+03  sigma=3.875e+01  total=4.677e+03
  subnet MSE  M=1.657e+00  V=1.266e+01  Dw=3.914e-02  g=2.982e-01
[step   7800]
  train: −ELBO=-1.0471e+01  NLL=-9.9432e+00  NLL_R=-8.5694e+00  NLL_ω=-1.3738e+00  MSE_R=5.8017e-04  MSE_ω=7.0290e-02
  test : −ELBO=-6.5024e+00  NLL=-5.9984e+00  NLL_R=-6.5990e+00  NLL_ω=6.0055e-01  MSE_R=1.3434e-03  MSE_ω=1.6292e-01
  sigma: σ_R=1.3917e-02  σ_ω=1.5316e-01  β=1.0000e+00
  PL   : train=-9.8404e-01  test=-9.6045e-01  σ_φ̄(train)=9.1137e-06  σ_φ̄(test)=1.4396e-08  σ_obs_ω=5.0000e-01  λ_PL=1.00
  KL   : M=9.870e+02  V=3.706e+02  Dw=1.336e+03  g=1.942e+03  sigma=3.858e+01  total=4.675e+03
  subnet MSE  M=1.660e+00  V=1.266e+01  Dw=3.888e-02  g=2.985e-01
[step   7850]
  train: −ELBO=-1.0474e+01  NLL=-9.9460e+00  NLL_R=-8.5704e+00  NLL_ω=-1.3756e+00  MSE_R=5.7977e-04  MSE_ω=7.0205e-02
  test : −ELBO=-6.5456e+00  NLL=-6.0417e+00  NLL_R=-6.6200e+00  NLL_ω=5.7821e-01  MSE_R=1.3348e-03  MSE_ω=1.6184e-01
  sigma: σ_R=1.3913e-02  σ_ω=1.5315e-01  β=1.0000e+00
  PL   : train=-9.8411e-01  test=-9.6022e-01  σ_φ̄(train)=1.6662e-06  σ_φ̄(test)=1.4352e-08  σ_obs_ω=5.0000e-01  λ_PL=1.00
  KL   : M=9.865e+02  V=3.703e+02  Dw=1.336e+03  g=1.942e+03  sigma=3.851e+01  total=4.673e+03
  subnet MSE  M=1.661e+00  V=1.266e+01  Dw=3.909e-02  g=2.981e-01
[step   7900]
  train: −ELBO=-1.0485e+01  NLL=-9.9575e+00  NLL_R=-8.5754e+00  NLL_ω=-1.3821e+00  MSE_R=5.7785e-04  MSE_ω=6.9899e-02
  test : −ELBO=-6.5318e+00  NLL=-6.0277e+00  NLL_R=-6.6121e+00  NLL_ω=5.8435e-01  MSE_R=1.3363e-03  MSE_ω=1.6198e-01
  sigma: σ_R=1.3899e-02  σ_ω=1.5302e-01  β=1.0000e+00
  PL   : train=-9.8416e-01  test=-9.6027e-01  σ_φ̄(train)=1.2808e-06  σ_φ̄(test)=1.4345e-08  σ_obs_ω=5.0000e-01  λ_PL=1.00
  KL   : M=9.861e+02  V=3.699e+02  Dw=1.336e+03  g=1.941e+03  sigma=3.842e+01  total=4.672e+03
  subnet MSE  M=1.663e+00  V=1.266e+01  Dw=3.923e-02  g=2.981e-01
[step   7950]
  train: −ELBO=-1.0462e+01  NLL=-9.9342e+00  NLL_R=-8.5660e+00  NLL_ω=-1.3682e+00  MSE_R=5.8149e-04  MSE_ω=7.0550e-02
  test : −ELBO=-6.5283e+00  NLL=-6.0239e+00  NLL_R=-6.6119e+00  NLL_ω=5.8804e-01  MSE_R=1.3366e-03  MSE_ω=1.6212e-01
  sigma: σ_R=1.3900e-02  σ_ω=1.5298e-01  β=1.0000e+00
  PL   : train=-9.8419e-01  test=-9.6050e-01  σ_φ̄(train)=2.7716e-06  σ_φ̄(test)=1.4056e-08  σ_obs_ω=5.0000e-01  λ_PL=1.00
  KL   : M=9.855e+02  V=3.693e+02  Dw=1.336e+03  g=1.941e+03  sigma=3.831e+01  total=4.670e+03
  subnet MSE  M=1.666e+00  V=1.265e+01  Dw=3.923e-02  g=2.985e-01
[step   8000]
  train: −ELBO=-1.0476e+01  NLL=-9.9482e+00  NLL_R=-8.5740e+00  NLL_ω=-1.3742e+00  MSE_R=5.7835e-04  MSE_ω=7.0271e-02
  test : −ELBO=-6.5605e+00  NLL=-6.0558e+00  NLL_R=-6.6298e+00  NLL_ω=5.7404e-01  MSE_R=1.3349e-03  MSE_ω=1.6189e-01
  sigma: σ_R=1.3950e-02  σ_ω=1.5334e-01  β=1.0000e+00
  PL   : train=-9.8418e-01  test=-9.6068e-01  σ_φ̄(train)=2.5278e-06  σ_φ̄(test)=1.4153e-08  σ_obs_ω=5.0000e-01  λ_PL=1.00
  KL   : M=9.849e+02  V=3.689e+02  Dw=1.337e+03  g=1.940e+03  sigma=3.821e+01  total=4.669e+03
  subnet MSE  M=1.661e+00  V=1.269e+01  Dw=3.923e-02  g=2.985e-01
[step   8050]
  train: −ELBO=-1.0470e+01  NLL=-9.9410e+00  NLL_R=-8.5691e+00  NLL_ω=-1.3720e+00  MSE_R=5.8028e-04  MSE_ω=7.0376e-02
  test : −ELBO=-6.4619e+00  NLL=-5.9575e+00  NLL_R=-6.5783e+00  NLL_ω=6.2080e-01  MSE_R=1.3476e-03  MSE_ω=1.6351e-01
  sigma: σ_R=1.3880e-02  σ_ω=1.5284e-01  β=1.0000e+00
  PL   : train=-9.8434e-01  test=-9.6028e-01  σ_φ̄(train)=1.9352e-06  σ_φ̄(test)=1.4217e-08  σ_obs_ω=5.0000e-01  λ_PL=1.00
  KL   : M=9.843e+02  V=3.684e+02  Dw=1.337e+03  g=1.940e+03  sigma=3.809e+01  total=4.668e+03
  subnet MSE  M=1.657e+00  V=1.273e+01  Dw=3.937e-02  g=2.987e-01
[step   8100]
  train: −ELBO=-1.0473e+01  NLL=-9.9444e+00  NLL_R=-8.5713e+00  NLL_ω=-1.3731e+00  MSE_R=5.7941e-04  MSE_ω=7.0323e-02
  test : −ELBO=-6.5041e+00  NLL=-5.9994e+00  NLL_R=-6.5985e+00  NLL_ω=5.9910e-01  MSE_R=1.3413e-03  MSE_ω=1.6262e-01
  sigma: σ_R=1.3896e-02  σ_ω=1.5297e-01  β=1.0000e+00
  PL   : train=-9.8453e-01  test=-9.6034e-01  σ_φ̄(train)=4.3185e-06  σ_φ̄(test)=1.4406e-08  σ_obs_ω=5.0000e-01  λ_PL=1.00
  KL   : M=9.836e+02  V=3.681e+02  Dw=1.337e+03  g=1.940e+03  sigma=3.800e+01  total=4.667e+03
  subnet MSE  M=1.651e+00  V=1.270e+01  Dw=3.917e-02  g=2.987e-01
[step   8150]
  train: −ELBO=-1.0497e+01  NLL=-9.9681e+00  NLL_R=-8.5824e+00  NLL_ω=-1.3857e+00  MSE_R=5.7514e-04  MSE_ω=6.9735e-02
  test : −ELBO=-6.4878e+00  NLL=-5.9830e+00  NLL_R=-6.5919e+00  NLL_ω=6.0882e-01  MSE_R=1.3424e-03  MSE_ω=1.6282e-01
  sigma: σ_R=1.3883e-02  σ_ω=1.5277e-01  β=1.0000e+00
  PL   : train=-9.8417e-01  test=-9.6032e-01  σ_φ̄(train)=1.6981e-06  σ_φ̄(test)=1.4544e-08  σ_obs_ω=5.0000e-01  λ_PL=1.00
  KL   : M=9.830e+02  V=3.677e+02  Dw=1.338e+03  g=1.939e+03  sigma=3.792e+01  total=4.665e+03
  subnet MSE  M=1.653e+00  V=1.264e+01  Dw=4.004e-02  g=2.983e-01
[step   8200]
  train: −ELBO=-1.0456e+01  NLL=-9.9288e+00  NLL_R=-8.5605e+00  NLL_ω=-1.3683e+00  MSE_R=5.8359e-04  MSE_ω=7.0547e-02
  test : −ELBO=-6.3706e+00  NLL=-5.8680e+00  NLL_R=-6.5305e+00  NLL_ω=6.6251e-01  MSE_R=1.3655e-03  MSE_ω=1.6558e-01
  sigma: σ_R=1.3878e-02  σ_ω=1.5298e-01  β=1.0000e+00
  PL   : train=-9.8212e-01  test=-9.5788e-01  σ_φ̄(train)=2.0634e-06  σ_φ̄(test)=1.1651e-08  σ_obs_ω=5.0000e-01  λ_PL=1.00
  KL   : M=9.821e+02  V=3.666e+02  Dw=1.338e+03  g=1.938e+03  sigma=3.773e+01  total=4.663e+03
  subnet MSE  M=1.653e+00  V=1.272e+01  Dw=4.037e-02  g=2.958e-01
[step   8250]
  train: −ELBO=-1.0472e+01  NLL=-9.9439e+00  NLL_R=-8.5690e+00  NLL_ω=-1.3748e+00  MSE_R=5.8030e-04  MSE_ω=7.0240e-02
  test : −ELBO=-6.4418e+00  NLL=-5.9377e+00  NLL_R=-6.5679e+00  NLL_ω=6.3026e-01  MSE_R=1.3497e-03  MSE_ω=1.6375e-01
  sigma: σ_R=1.3864e-02  σ_ω=1.5270e-01  β=1.0000e+00
  PL   : train=-9.8340e-01  test=-9.5921e-01  σ_φ̄(train)=1.2809e-06  σ_φ̄(test)=1.1835e-08  σ_obs_ω=5.0000e-01  λ_PL=1.00
  KL   : M=9.815e+02  V=3.657e+02  Dw=1.339e+03  g=1.936e+03  sigma=3.746e+01  total=4.660e+03
  subnet MSE  M=1.647e+00  V=1.263e+01  Dw=4.045e-02  g=2.973e-01
[step   8300]
  train: −ELBO=-1.0477e+01  NLL=-9.9481e+00  NLL_R=-8.5696e+00  NLL_ω=-1.3786e+00  MSE_R=5.8006e-04  MSE_ω=7.0065e-02
  test : −ELBO=-6.3148e+00  NLL=-5.8103e+00  NLL_R=-6.5016e+00  NLL_ω=6.9132e-01  MSE_R=1.3700e-03  MSE_ω=1.6610e-01
  sigma: σ_R=1.3822e-02  σ_ω=1.5232e-01  β=1.0000e+00
  PL   : train=-9.8417e-01  test=-9.5937e-01  σ_φ̄(train)=2.7657e-06  σ_φ̄(test)=1.1929e-08  σ_obs_ω=5.0000e-01  λ_PL=1.00
  KL   : M=9.813e+02  V=3.649e+02  Dw=1.339e+03  g=1.935e+03  sigma=3.724e+01  total=4.658e+03
  subnet MSE  M=1.641e+00  V=1.267e+01  Dw=3.975e-02  g=2.982e-01
[step   8350]
  train: −ELBO=-1.0516e+01  NLL=-9.9863e+00  NLL_R=-8.5920e+00  NLL_ω=-1.3943e+00  MSE_R=5.7148e-04  MSE_ω=6.9333e-02
  test : −ELBO=-6.3470e+00  NLL=-5.8422e+00  NLL_R=-6.5181e+00  NLL_ω=6.7585e-01  MSE_R=1.3680e-03  MSE_ω=1.6592e-01
  sigma: σ_R=1.3858e-02  σ_ω=1.5276e-01  β=1.0000e+00
  PL   : train=-9.8436e-01  test=-9.5941e-01  σ_φ̄(train)=1.5937e-06  σ_φ̄(test)=1.1915e-08  σ_obs_ω=5.0000e-01  λ_PL=1.00
  KL   : M=9.809e+02  V=3.640e+02  Dw=1.339e+03  g=1.935e+03  sigma=3.697e+01  total=4.656e+03
  subnet MSE  M=1.647e+00  V=1.267e+01  Dw=4.004e-02  g=2.986e-01
[step   8400]
  train: −ELBO=-1.0513e+01  NLL=-9.9836e+00  NLL_R=-8.5908e+00  NLL_ω=-1.3928e+00  MSE_R=5.7195e-04  MSE_ω=6.9405e-02
  test : −ELBO=-6.2954e+00  NLL=-5.7911e+00  NLL_R=-6.4928e+00  NLL_ω=7.0162e-01  MSE_R=1.3753e-03  MSE_ω=1.6678e-01
  sigma: σ_R=1.3838e-02  σ_ω=1.5249e-01  β=1.0000e+00
  PL   : train=-9.8404e-01  test=-9.5874e-01  σ_φ̄(train)=9.5300e-06  σ_φ̄(test)=1.2443e-08  σ_obs_ω=5.0000e-01  λ_PL=1.00
  KL   : M=9.803e+02  V=3.634e+02  Dw=1.339e+03  g=1.934e+03  sigma=3.674e+01  total=4.654e+03
  subnet MSE  M=1.646e+00  V=1.270e+01  Dw=4.018e-02  g=2.976e-01
[step   8450]
  train: −ELBO=-1.0514e+01  NLL=-9.9839e+00  NLL_R=-8.5918e+00  NLL_ω=-1.3921e+00  MSE_R=5.7153e-04  MSE_ω=6.9438e-02
  test : −ELBO=-6.3065e+00  NLL=-5.8017e+00  NLL_R=-6.5007e+00  NLL_ω=6.9898e-01  MSE_R=1.3751e-03  MSE_ω=1.6678e-01
  sigma: σ_R=1.3865e-02  σ_ω=1.5257e-01  β=1.0000e+00
  PL   : train=-9.8465e-01  test=-9.5909e-01  σ_φ̄(train)=4.3242e-06  σ_φ̄(test)=1.2852e-08  σ_obs_ω=5.0000e-01  λ_PL=1.00
  KL   : M=9.799e+02  V=3.626e+02  Dw=1.340e+03  g=1.934e+03  sigma=3.650e+01  total=4.653e+03
  subnet MSE  M=1.652e+00  V=1.266e+01  Dw=3.997e-02  g=2.990e-01
[step   8500]
  train: −ELBO=-1.0497e+01  NLL=-9.9663e+00  NLL_R=-8.5784e+00  NLL_ω=-1.3879e+00  MSE_R=5.7668e-04  MSE_ω=6.9632e-02
  test : −ELBO=-6.3265e+00  NLL=-5.8211e+00  NLL_R=-6.5112e+00  NLL_ω=6.9006e-01  MSE_R=1.3704e-03  MSE_ω=1.6621e-01
  sigma: σ_R=1.3859e-02  σ_ω=1.5247e-01  β=1.0000e+00
  PL   : train=-9.8472e-01  test=-9.5970e-01  σ_φ̄(train)=2.9269e-06  σ_φ̄(test)=1.2841e-08  σ_obs_ω=5.0000e-01  λ_PL=1.00
  KL   : M=9.798e+02  V=3.619e+02  Dw=1.340e+03  g=1.934e+03  sigma=3.630e+01  total=4.652e+03
  subnet MSE  M=1.648e+00  V=1.267e+01  Dw=4.041e-02  g=2.994e-01
[step   8550]
  train: −ELBO=-1.0526e+01  NLL=-9.9957e+00  NLL_R=-8.5976e+00  NLL_ω=-1.3981e+00  MSE_R=5.6937e-04  MSE_ω=6.9158e-02
  test : −ELBO=-6.2359e+00  NLL=-5.7317e+00  NLL_R=-6.4650e+00  NLL_ω=7.3333e-01  MSE_R=1.3833e-03  MSE_ω=1.6774e-01
  sigma: σ_R=1.3815e-02  σ_ω=1.5207e-01  β=1.0000e+00
  PL   : train=-9.8403e-01  test=-9.5849e-01  σ_φ̄(train)=1.5504e-06  σ_φ̄(test)=1.2558e-08  σ_obs_ω=5.0000e-01  λ_PL=1.00
  KL   : M=9.795e+02  V=3.616e+02  Dw=1.340e+03  g=1.934e+03  sigma=3.616e+01  total=4.651e+03
  subnet MSE  M=1.647e+00  V=1.266e+01  Dw=4.015e-02  g=2.982e-01
[step   8600]
  train: −ELBO=-1.0494e+01  NLL=-9.9638e+00  NLL_R=-8.5808e+00  NLL_ω=-1.3830e+00  MSE_R=5.7576e-04  MSE_ω=6.9858e-02
  test : −ELBO=-6.3105e+00  NLL=-5.8052e+00  NLL_R=-6.5051e+00  NLL_ω=6.9989e-01  MSE_R=1.3715e-03  MSE_ω=1.6643e-01
  sigma: σ_R=1.3842e-02  σ_ω=1.5223e-01  β=1.0000e+00
  PL   : train=-9.8432e-01  test=-9.5936e-01  σ_φ̄(train)=1.5131e-06  σ_φ̄(test)=1.2853e-08  σ_obs_ω=5.0000e-01  λ_PL=1.00
  KL   : M=9.794e+02  V=3.609e+02  Dw=1.341e+03  g=1.933e+03  sigma=3.594e+01  total=4.650e+03
  subnet MSE  M=1.657e+00  V=1.262e+01  Dw=4.045e-02  g=2.988e-01
[step   8650]
  train: −ELBO=-1.0528e+01  NLL=-9.9979e+00  NLL_R=-8.5968e+00  NLL_ω=-1.4011e+00  MSE_R=5.6963e-04  MSE_ω=6.9022e-02
  test : −ELBO=-6.2583e+00  NLL=-5.7535e+00  NLL_R=-6.4792e+00  NLL_ω=7.2568e-01  MSE_R=1.3811e-03  MSE_ω=1.6757e-01
  sigma: σ_R=1.3841e-02  σ_ω=1.5219e-01  β=1.0000e+00
  PL   : train=-9.8445e-01  test=-9.5884e-01  σ_φ̄(train)=1.6433e-06  σ_φ̄(test)=1.2736e-08  σ_obs_ω=5.0000e-01  λ_PL=1.00
  KL   : M=9.794e+02  V=3.604e+02  Dw=1.341e+03  g=1.933e+03  sigma=3.573e+01  total=4.650e+03
  subnet MSE  M=1.652e+00  V=1.268e+01  Dw=4.065e-02  g=2.984e-01
[step   8700]
  train: −ELBO=-1.0518e+01  NLL=-9.9886e+00  NLL_R=-8.5914e+00  NLL_ω=-1.3971e+00  MSE_R=5.7168e-04  MSE_ω=6.9204e-02
  test : −ELBO=-6.2914e+00  NLL=-5.7871e+00  NLL_R=-6.4963e+00  NLL_ω=7.0921e-01  MSE_R=1.3768e-03  MSE_ω=1.6698e-01
  sigma: σ_R=1.3866e-02  σ_ω=1.5238e-01  β=1.0000e+00
  PL   : train=-9.8373e-01  test=-9.5843e-01  σ_φ̄(train)=6.0555e-06  σ_φ̄(test)=1.2566e-08  σ_obs_ω=5.0000e-01  λ_PL=1.00
  KL   : M=9.799e+02  V=3.599e+02  Dw=1.342e+03  g=1.933e+03  sigma=3.553e+01  total=4.650e+03
  subnet MSE  M=1.649e+00  V=1.259e+01  Dw=4.012e-02  g=2.977e-01
[step   8750]
  train: −ELBO=-1.0521e+01  NLL=-9.9906e+00  NLL_R=-8.5927e+00  NLL_ω=-1.3979e+00  MSE_R=5.7122e-04  MSE_ω=6.9169e-02
  test : −ELBO=-6.1923e+00  NLL=-5.6873e+00  NLL_R=-6.4413e+00  NLL_ω=7.5404e-01  MSE_R=1.3860e-03  MSE_ω=1.6809e-01
  sigma: σ_R=1.3763e-02  σ_ω=1.5162e-01  β=1.0000e+00
  PL   : train=-9.8459e-01  test=-9.5902e-01  σ_φ̄(train)=2.1300e-06  σ_φ̄(test)=1.1360e-08  σ_obs_ω=5.0000e-01  λ_PL=1.00
  KL   : M=9.795e+02  V=3.593e+02  Dw=1.342e+03  g=1.933e+03  sigma=3.533e+01  total=4.649e+03
  subnet MSE  M=1.642e+00  V=1.264e+01  Dw=4.026e-02  g=2.987e-01
[step   8800]
  train: −ELBO=-1.0531e+01  NLL=-1.0000e+01  NLL_R=-8.5993e+00  NLL_ω=-1.4010e+00  MSE_R=5.6871e-04  MSE_ω=6.9028e-02
  test : −ELBO=-6.1900e+00  NLL=-5.6853e+00  NLL_R=-6.4398e+00  NLL_ω=7.5447e-01  MSE_R=1.3878e-03  MSE_ω=1.6822e-01
  sigma: σ_R=1.3774e-02  σ_ω=1.5172e-01  β=1.0000e+00
  PL   : train=-9.8431e-01  test=-9.5868e-01  σ_φ̄(train)=1.2737e-06  σ_φ̄(test)=8.8549e-09  σ_obs_ω=5.0000e-01  λ_PL=1.00
  KL   : M=9.797e+02  V=3.588e+02  Dw=1.343e+03  g=1.932e+03  sigma=3.522e+01  total=4.649e+03
  subnet MSE  M=1.641e+00  V=1.263e+01  Dw=4.053e-02  g=2.983e-01
[step   8850]
  train: −ELBO=-1.0561e+01  NLL=-1.0031e+01  NLL_R=-8.6130e+00  NLL_ω=-1.4177e+00  MSE_R=5.6355e-04  MSE_ω=6.8263e-02
  test : −ELBO=-6.1726e+00  NLL=-5.6680e+00  NLL_R=-6.4333e+00  NLL_ω=7.6529e-01  MSE_R=1.3869e-03  MSE_ω=1.6816e-01
  sigma: σ_R=1.3746e-02  σ_ω=1.5130e-01  β=1.0000e+00
  PL   : train=-9.8438e-01  test=-9.5849e-01  σ_φ̄(train)=1.9253e-06  σ_φ̄(test)=8.8587e-09  σ_obs_ω=5.0000e-01  λ_PL=1.00
  KL   : M=9.799e+02  V=3.581e+02  Dw=1.344e+03  g=1.932e+03  sigma=3.497e+01  total=4.648e+03
  subnet MSE  M=1.644e+00  V=1.256e+01  Dw=4.084e-02  g=2.980e-01
[step   8900]
  train: −ELBO=-1.0543e+01  NLL=-1.0012e+01  NLL_R=-8.6023e+00  NLL_ω=-1.4099e+00  MSE_R=5.6756e-04  MSE_ω=6.8617e-02
  test : −ELBO=-6.1266e+00  NLL=-5.6212e+00  NLL_R=-6.4091e+00  NLL_ω=7.8788e-01  MSE_R=1.3919e-03  MSE_ω=1.6889e-01
  sigma: σ_R=1.3708e-02  σ_ω=1.5103e-01  β=1.0000e+00
  PL   : train=-9.8493e-01  test=-9.5945e-01  σ_φ̄(train)=2.3056e-06  σ_φ̄(test)=8.8393e-09  σ_obs_ω=5.0000e-01  λ_PL=1.00
  KL   : M=9.807e+02  V=3.577e+02  Dw=1.344e+03  g=1.932e+03  sigma=3.475e+01  total=4.649e+03
  subnet MSE  M=1.637e+00  V=1.264e+01  Dw=4.046e-02  g=2.997e-01
[step   8950]
  train: −ELBO=-1.0564e+01  NLL=-1.0034e+01  NLL_R=-8.6149e+00  NLL_ω=-1.4187e+00  MSE_R=5.6282e-04  MSE_ω=6.8216e-02
  test : −ELBO=-6.0591e+00  NLL=-5.5553e+00  NLL_R=-6.3776e+00  NLL_ω=8.2228e-01  MSE_R=1.4032e-03  MSE_ω=1.7024e-01
  sigma: σ_R=1.3707e-02  σ_ω=1.5091e-01  β=1.0000e+00
  PL   : train=-9.8429e-01  test=-9.5793e-01  σ_φ̄(train)=3.6903e-06  σ_φ̄(test)=9.3099e-09  σ_obs_ω=5.0000e-01  λ_PL=1.00
  KL   : M=9.814e+02  V=3.571e+02  Dw=1.345e+03  g=1.932e+03  sigma=3.446e+01  total=4.650e+03
  subnet MSE  M=1.633e+00  V=1.263e+01  Dw=4.083e-02  g=2.981e-01
[step   9000]
  train: −ELBO=-1.0536e+01  NLL=-1.0006e+01  NLL_R=-8.5996e+00  NLL_ω=-1.4059e+00  MSE_R=5.6858e-04  MSE_ω=6.8802e-02
  test : −ELBO=-6.0053e+00  NLL=-5.5008e+00  NLL_R=-6.3505e+00  NLL_ω=8.4966e-01  MSE_R=1.4178e-03  MSE_ω=1.7195e-01
  sigma: σ_R=1.3735e-02  σ_ω=1.5119e-01  β=1.0000e+00
  PL   : train=-9.8495e-01  test=-9.5862e-01  σ_φ̄(train)=3.0952e-06  σ_φ̄(test)=9.4966e-09  σ_obs_ω=5.0000e-01  λ_PL=1.00
  KL   : M=9.818e+02  V=3.564e+02  Dw=1.346e+03  g=1.932e+03  sigma=3.420e+01  total=4.650e+03
  subnet MSE  M=1.630e+00  V=1.273e+01  Dw=4.086e-02  g=2.996e-01
[step   9050]
  train: −ELBO=-1.0545e+01  NLL=-1.0014e+01  NLL_R=-8.6043e+00  NLL_ω=-1.4098e+00  MSE_R=5.6683e-04  MSE_ω=6.8621e-02
  test : −ELBO=-6.0608e+00  NLL=-5.5561e+00  NLL_R=-6.3790e+00  NLL_ω=8.2294e-01  MSE_R=1.4069e-03  MSE_ω=1.7061e-01
  sigma: σ_R=1.3742e-02  σ_ω=1.5113e-01  β=1.0000e+00
  PL   : train=-9.8512e-01  test=-9.5889e-01  σ_φ̄(train)=3.6809e-06  σ_φ̄(test)=9.6487e-09  σ_obs_ω=5.0000e-01  λ_PL=1.00
  KL   : M=9.821e+02  V=3.560e+02  Dw=1.347e+03  g=1.932e+03  sigma=3.394e+01  total=4.651e+03
  subnet MSE  M=1.637e+00  V=1.266e+01  Dw=4.090e-02  g=2.997e-01
[step   9100]
  train: −ELBO=-1.0544e+01  NLL=-1.0014e+01  NLL_R=-8.6033e+00  NLL_ω=-1.4108e+00  MSE_R=5.6717e-04  MSE_ω=6.8576e-02
  test : −ELBO=-6.0012e+00  NLL=-5.4979e+00  NLL_R=-6.3459e+00  NLL_ω=8.4802e-01  MSE_R=1.4110e-03  MSE_ω=1.7098e-01
  sigma: σ_R=1.3672e-02  σ_ω=1.5056e-01  β=1.0000e+00
  PL   : train=-9.8408e-01  test=-9.5748e-01  σ_φ̄(train)=3.0834e-06  σ_φ̄(test)=9.4949e-09  σ_obs_ω=5.0000e-01  λ_PL=1.00
  KL   : M=9.825e+02  V=3.553e+02  Dw=1.349e+03  g=1.931e+03  sigma=3.369e+01  total=4.651e+03
  subnet MSE  M=1.631e+00  V=1.268e+01  Dw=4.149e-02  g=2.993e-01
[step   9150]
  train: −ELBO=-1.0568e+01  NLL=-1.0037e+01  NLL_R=-8.6165e+00  NLL_ω=-1.4207e+00  MSE_R=5.6222e-04  MSE_ω=6.8124e-02
  test : −ELBO=-5.9389e+00  NLL=-5.4348e+00  NLL_R=-6.3144e+00  NLL_ω=8.7964e-01  MSE_R=1.4183e-03  MSE_ω=1.7195e-01
  sigma: σ_R=1.3628e-02  σ_ω=1.5015e-01  β=1.0000e+00
  PL   : train=-9.8494e-01  test=-9.5846e-01  σ_φ̄(train)=2.4286e-06  σ_φ̄(test)=9.7096e-09  σ_obs_ω=5.0000e-01  λ_PL=1.00
  KL   : M=9.832e+02  V=3.547e+02  Dw=1.350e+03  g=1.931e+03  sigma=3.338e+01  total=4.652e+03
  subnet MSE  M=1.634e+00  V=1.262e+01  Dw=4.135e-02  g=2.997e-01
[step   9200]
  train: −ELBO=-1.0567e+01  NLL=-1.0037e+01  NLL_R=-8.6160e+00  NLL_ω=-1.4206e+00  MSE_R=5.6241e-04  MSE_ω=6.8130e-02
  test : −ELBO=-6.0168e+00  NLL=-5.5126e+00  NLL_R=-6.3567e+00  NLL_ω=8.4410e-01  MSE_R=1.4100e-03  MSE_ω=1.7093e-01
  sigma: σ_R=1.3691e-02  σ_ω=1.5063e-01  β=1.0000e+00
  PL   : train=-9.8499e-01  test=-9.5863e-01  σ_φ̄(train)=1.9101e-05  σ_φ̄(test)=1.0225e-08  σ_obs_ω=5.0000e-01  λ_PL=1.00
  KL   : M=9.841e+02  V=3.538e+02  Dw=1.351e+03  g=1.931e+03  sigma=3.298e+01  total=4.653e+03
  subnet MSE  M=1.632e+00  V=1.264e+01  Dw=4.130e-02  g=2.997e-01
[step   9250]
  train: −ELBO=-1.0570e+01  NLL=-1.0040e+01  NLL_R=-8.6192e+00  NLL_ω=-1.4203e+00  MSE_R=5.6123e-04  MSE_ω=6.8142e-02
  test : −ELBO=-5.9884e+00  NLL=-5.4844e+00  NLL_R=-6.3408e+00  NLL_ω=8.5630e-01  MSE_R=1.4131e-03  MSE_ω=1.7132e-01
  sigma: σ_R=1.3675e-02  σ_ω=1.5054e-01  β=1.0000e+00
  PL   : train=-9.8502e-01  test=-9.5859e-01  σ_φ̄(train)=4.9376e-06  σ_φ̄(test)=9.5219e-09  σ_obs_ω=5.0000e-01  λ_PL=1.00
  KL   : M=9.853e+02  V=3.532e+02  Dw=1.352e+03  g=1.932e+03  sigma=3.268e+01  total=4.656e+03
  subnet MSE  M=1.639e+00  V=1.262e+01  Dw=4.176e-02  g=3.000e-01
[step   9300]
  train: −ELBO=-1.0553e+01  NLL=-1.0022e+01  NLL_R=-8.6082e+00  NLL_ω=-1.4142e+00  MSE_R=5.6531e-04  MSE_ω=6.8419e-02
  test : −ELBO=-6.0079e+00  NLL=-5.5039e+00  NLL_R=-6.3500e+00  NLL_ω=8.4605e-01  MSE_R=1.4087e-03  MSE_ω=1.7073e-01
  sigma: σ_R=1.3663e-02  σ_ω=1.5043e-01  β=1.0000e+00
  PL   : train=-9.8527e-01  test=-9.5875e-01  σ_φ̄(train)=7.7761e-06  σ_φ̄(test)=9.6985e-09  σ_obs_ω=5.0000e-01  λ_PL=1.00
  KL   : M=9.863e+02  V=3.528e+02  Dw=1.353e+03  g=1.932e+03  sigma=3.246e+01  total=4.657e+03
  subnet MSE  M=1.635e+00  V=1.261e+01  Dw=4.150e-02  g=3.004e-01
[step   9350]
  train: −ELBO=-1.0573e+01  NLL=-1.0042e+01  NLL_R=-8.6186e+00  NLL_ω=-1.4230e+00  MSE_R=5.6146e-04  MSE_ω=6.8022e-02
  test : −ELBO=-5.9907e+00  NLL=-5.4864e+00  NLL_R=-6.3442e+00  NLL_ω=8.5778e-01  MSE_R=1.4134e-03  MSE_ω=1.7143e-01
  sigma: σ_R=1.3689e-02  σ_ω=1.5058e-01  β=1.0000e+00
  PL   : train=-9.8625e-01  test=-9.5936e-01  σ_φ̄(train)=3.4801e-06  σ_φ̄(test)=1.7631e-08  σ_obs_ω=5.0000e-01  λ_PL=1.00
  KL   : M=9.879e+02  V=3.524e+02  Dw=1.355e+03  g=1.933e+03  sigma=3.193e+01  total=4.660e+03
  subnet MSE  M=1.629e+00  V=1.256e+01  Dw=4.206e-02  g=3.018e-01
[step   9400]
  train: −ELBO=-1.0585e+01  NLL=-1.0055e+01  NLL_R=-8.6263e+00  NLL_ω=-1.4291e+00  MSE_R=5.5854e-04  MSE_ω=6.7746e-02
  test : −ELBO=-5.8943e+00  NLL=-5.3923e+00  NLL_R=-6.2989e+00  NLL_ω=9.0661e-01  MSE_R=1.4342e-03  MSE_ω=1.7391e-01
  sigma: σ_R=1.3716e-02  σ_ω=1.5077e-01  β=1.0000e+00
  PL   : train=-9.8509e-01  test=-9.5733e-01  σ_φ̄(train)=2.0400e-06  σ_φ̄(test)=7.4069e-09  σ_obs_ω=5.0000e-01  λ_PL=1.00
  KL   : M=9.886e+02  V=3.521e+02  Dw=1.356e+03  g=1.933e+03  sigma=3.288e+01  total=4.662e+03
  subnet MSE  M=1.627e+00  V=1.267e+01  Dw=4.224e-02  g=2.992e-01
[step   9450]
  train: −ELBO=-1.0562e+01  NLL=-1.0034e+01  NLL_R=-8.6166e+00  NLL_ω=-1.4172e+00  MSE_R=5.6221e-04  MSE_ω=6.8285e-02
  test : −ELBO=-5.9544e+00  NLL=-5.4532e+00  NLL_R=-6.3237e+00  NLL_ω=8.7050e-01  MSE_R=1.4190e-03  MSE_ω=1.7203e-01
  sigma: σ_R=1.3667e-02  σ_ω=1.5056e-01  β=1.0000e+00
  PL   : train=-9.8408e-01  test=-9.5678e-01  σ_φ̄(train)=1.3553e-06  σ_φ̄(test)=6.7165e-09  σ_obs_ω=5.0000e-01  λ_PL=1.00
  KL   : M=9.894e+02  V=3.520e+02  Dw=1.356e+03  g=1.934e+03  sigma=3.297e+01  total=4.664e+03
  subnet MSE  M=1.632e+00  V=1.254e+01  Dw=4.244e-02  g=2.982e-01
[step   9500]
  train: −ELBO=-1.0561e+01  NLL=-1.0032e+01  NLL_R=-8.6148e+00  NLL_ω=-1.4170e+00  MSE_R=5.6285e-04  MSE_ω=6.8295e-02
  test : −ELBO=-5.9574e+00  NLL=-5.4542e+00  NLL_R=-6.3248e+00  NLL_ω=8.7060e-01  MSE_R=1.4196e-03  MSE_ω=1.7224e-01
  sigma: σ_R=1.3676e-02  σ_ω=1.5073e-01  β=1.0000e+00
  PL   : train=-9.8521e-01  test=-9.5890e-01  σ_φ̄(train)=1.2722e-06  σ_φ̄(test)=6.7755e-09  σ_obs_ω=5.0000e-01  λ_PL=1.00
  KL   : M=9.904e+02  V=3.516e+02  Dw=1.357e+03  g=1.934e+03  sigma=3.279e+01  total=4.666e+03
  subnet MSE  M=1.636e+00  V=1.276e+01  Dw=4.127e-02  g=3.007e-01
[step   9550]
  train: −ELBO=-1.0552e+01  NLL=-1.0023e+01  NLL_R=-8.6089e+00  NLL_ω=-1.4144e+00  MSE_R=5.6507e-04  MSE_ω=6.8411e-02
  test : −ELBO=-5.9717e+00  NLL=-5.4701e+00  NLL_R=-6.3292e+00  NLL_ω=8.5912e-01  MSE_R=1.4145e-03  MSE_ω=1.7150e-01
  sigma: σ_R=1.3647e-02  σ_ω=1.5052e-01  β=1.0000e+00
  PL   : train=-9.8414e-01  test=-9.5739e-01  σ_φ̄(train)=1.1818e-06  σ_φ̄(test)=6.9098e-09  σ_obs_ω=5.0000e-01  λ_PL=1.00
  KL   : M=9.915e+02  V=3.512e+02  Dw=1.358e+03  g=1.934e+03  sigma=3.258e+01  total=4.668e+03
  subnet MSE  M=1.626e+00  V=1.246e+01  Dw=4.331e-02  g=2.989e-01
[step   9600]
  train: −ELBO=-1.0585e+01  NLL=-1.0057e+01  NLL_R=-8.6270e+00  NLL_ω=-1.4299e+00  MSE_R=5.5830e-04  MSE_ω=6.7711e-02
  test : −ELBO=-5.8843e+00  NLL=-5.3829e+00  NLL_R=-6.2893e+00  NLL_ω=9.0632e-01  MSE_R=1.4271e-03  MSE_ω=1.7292e-01
  sigma: σ_R=1.3630e-02  σ_ω=1.5003e-01  β=1.0000e+00
  PL   : train=-9.8472e-01  test=-9.5743e-01  σ_φ̄(train)=1.5183e-06  σ_φ̄(test)=7.1983e-09  σ_obs_ω=5.0000e-01  λ_PL=1.00
  KL   : M=9.933e+02  V=3.508e+02  Dw=1.360e+03  g=1.934e+03  sigma=3.235e+01  total=4.670e+03
  subnet MSE  M=1.634e+00  V=1.252e+01  Dw=4.247e-02  g=2.996e-01
[step   9650]
  train: −ELBO=-1.0601e+01  NLL=-1.0073e+01  NLL_R=-8.6361e+00  NLL_ω=-1.4366e+00  MSE_R=5.5492e-04  MSE_ω=6.7406e-02
  test : −ELBO=-5.9066e+00  NLL=-5.4051e+00  NLL_R=-6.3011e+00  NLL_ω=8.9601e-01  MSE_R=1.4211e-03  MSE_ω=1.7223e-01
  sigma: σ_R=1.3618e-02  σ_ω=1.4989e-01  β=1.0000e+00
  PL   : train=-9.8489e-01  test=-9.5782e-01  σ_φ̄(train)=2.0205e-06  σ_φ̄(test)=7.3274e-09  σ_obs_ω=5.0000e-01  λ_PL=1.00
  KL   : M=9.942e+02  V=3.506e+02  Dw=1.361e+03  g=1.934e+03  sigma=3.220e+01  total=4.672e+03
  subnet MSE  M=1.636e+00  V=1.257e+01  Dw=4.265e-02  g=2.997e-01
[step   9700]
  train: −ELBO=-1.0607e+01  NLL=-1.0078e+01  NLL_R=-8.6390e+00  NLL_ω=-1.4392e+00  MSE_R=5.5387e-04  MSE_ω=6.7289e-02
  test : −ELBO=-5.7901e+00  NLL=-5.2892e+00  NLL_R=-6.2418e+00  NLL_ω=9.5261e-01  MSE_R=1.4392e-03  MSE_ω=1.7454e-01
  sigma: σ_R=1.3586e-02  σ_ω=1.4969e-01  β=1.0000e+00
  PL   : train=-9.8510e-01  test=-9.5744e-01  σ_φ̄(train)=2.8731e-06  σ_φ̄(test)=7.3853e-09  σ_obs_ω=5.0000e-01  λ_PL=1.00
  KL   : M=9.958e+02  V=3.502e+02  Dw=1.362e+03  g=1.935e+03  sigma=3.199e+01  total=4.675e+03
  subnet MSE  M=1.621e+00  V=1.263e+01  Dw=4.204e-02  g=2.995e-01
[step   9750]
  train: −ELBO=-1.0606e+01  NLL=-1.0078e+01  NLL_R=-8.6374e+00  NLL_ω=-1.4402e+00  MSE_R=5.5445e-04  MSE_ω=6.7246e-02
  test : −ELBO=-5.8308e+00  NLL=-5.3298e+00  NLL_R=-6.2611e+00  NLL_ω=9.3132e-01  MSE_R=1.4307e-03  MSE_ω=1.7344e-01
  sigma: σ_R=1.3578e-02  σ_ω=1.4962e-01  β=1.0000e+00
  PL   : train=-9.8533e-01  test=-9.5795e-01  σ_φ̄(train)=1.2366e-06  σ_φ̄(test)=7.7432e-09  σ_obs_ω=5.0000e-01  λ_PL=1.00
  KL   : M=9.978e+02  V=3.498e+02  Dw=1.364e+03  g=1.936e+03  sigma=3.171e+01  total=4.679e+03
  subnet MSE  M=1.626e+00  V=1.263e+01  Dw=4.239e-02  g=3.001e-01
[step   9800]
  train: −ELBO=-1.0616e+01  NLL=-1.0087e+01  NLL_R=-8.6434e+00  NLL_ω=-1.4440e+00  MSE_R=5.5223e-04  MSE_ω=6.7076e-02
  test : −ELBO=-5.7842e+00  NLL=-5.2837e+00  NLL_R=-6.2376e+00  NLL_ω=9.5390e-01  MSE_R=1.4384e-03  MSE_ω=1.7437e-01
  sigma: σ_R=1.3577e-02  σ_ω=1.4964e-01  β=1.0000e+00
  PL   : train=-9.8533e-01  test=-9.5772e-01  σ_φ̄(train)=5.8979e-06  σ_φ̄(test)=7.8301e-09  σ_obs_ω=5.0000e-01  λ_PL=1.00
  KL   : M=9.993e+02  V=3.498e+02  Dw=1.365e+03  g=1.936e+03  sigma=3.153e+01  total=4.682e+03
  subnet MSE  M=1.619e+00  V=1.264e+01  Dw=4.252e-02  g=3.002e-01
[step   9850]
  train: −ELBO=-1.0620e+01  NLL=-1.0092e+01  NLL_R=-8.6431e+00  NLL_ω=-1.4490e+00  MSE_R=5.5236e-04  MSE_ω=6.6851e-02
  test : −ELBO=-5.7313e+00  NLL=-5.2317e+00  NLL_R=-6.2126e+00  NLL_ω=9.8097e-01  MSE_R=1.4439e-03  MSE_ω=1.7498e-01
  sigma: σ_R=1.3536e-02  σ_ω=1.4911e-01  β=1.0000e+00
  PL   : train=-9.8542e-01  test=-9.5754e-01  σ_φ̄(train)=1.7362e-06  σ_φ̄(test)=8.2245e-09  σ_obs_ω=5.0000e-01  λ_PL=1.00
  KL   : M=1.002e+03  V=3.495e+02  Dw=1.367e+03  g=1.939e+03  sigma=3.115e+01  total=4.689e+03
  subnet MSE  M=1.618e+00  V=1.265e+01  Dw=4.290e-02  g=3.004e-01
[step   9900]
  train: −ELBO=-1.0649e+01  NLL=-1.0122e+01  NLL_R=-8.6612e+00  NLL_ω=-1.4603e+00  MSE_R=5.4569e-04  MSE_ω=6.6348e-02
  test : −ELBO=-5.7490e+00  NLL=-5.2495e+00  NLL_R=-6.2201e+00  NLL_ω=9.7066e-01  MSE_R=1.4410e-03  MSE_ω=1.7466e-01
  sigma: σ_R=1.3538e-02  σ_ω=1.4923e-01  β=1.0000e+00
  PL   : train=-9.8555e-01  test=-9.5781e-01  σ_φ̄(train)=2.6874e-06  σ_φ̄(test)=8.8917e-09  σ_obs_ω=5.0000e-01  λ_PL=1.00
  KL   : M=1.003e+03  V=3.493e+02  Dw=1.369e+03  g=1.940e+03  sigma=3.084e+01  total=4.692e+03
  subnet MSE  M=1.625e+00  V=1.263e+01  Dw=4.266e-02  g=3.008e-01
[step   9950]
  train: −ELBO=-1.0622e+01  NLL=-1.0095e+01  NLL_R=-8.6448e+00  NLL_ω=-1.4499e+00  MSE_R=5.5173e-04  MSE_ω=6.6814e-02
  test : −ELBO=-5.7030e+00  NLL=-5.2043e+00  NLL_R=-6.1979e+00  NLL_ω=9.9361e-01  MSE_R=1.4485e-03  MSE_ω=1.7560e-01
  sigma: σ_R=1.3536e-02  σ_ω=1.4919e-01  β=1.0000e+00
  PL   : train=-9.8560e-01  test=-9.5714e-01  σ_φ̄(train)=1.7512e-06  σ_φ̄(test)=9.2062e-09  σ_obs_ω=5.0000e-01  λ_PL=1.00
  KL   : M=1.005e+03  V=3.491e+02  Dw=1.370e+03  g=1.940e+03  sigma=3.069e+01  total=4.695e+03
  subnet MSE  M=1.616e+00  V=1.261e+01  Dw=4.269e-02  g=3.009e-01
[step  10000]
  train: −ELBO=-1.0621e+01  NLL=-1.0095e+01  NLL_R=-8.6472e+00  NLL_ω=-1.4477e+00  MSE_R=5.5082e-04  MSE_ω=6.6908e-02
  test : −ELBO=-5.6464e+00  NLL=-5.1487e+00  NLL_R=-6.1686e+00  NLL_ω=1.0199e+00  MSE_R=1.4554e-03  MSE_ω=1.7638e-01
  sigma: σ_R=1.3506e-02  σ_ω=1.4890e-01  β=1.0000e+00
  PL   : train=-9.8500e-01  test=-9.5666e-01  σ_φ̄(train)=1.6404e-05  σ_φ̄(test)=9.5427e-09  σ_obs_ω=5.0000e-01  λ_PL=1.00
  KL   : M=1.006e+03  V=3.487e+02  Dw=1.372e+03  g=1.941e+03  sigma=3.042e+01  total=4.699e+03
  subnet MSE  M=1.624e+00  V=1.267e+01  Dw=4.268e-02  g=2.996e-01

Final per-trajectory eval ...
Final trajectory train loss 9.8481e+01 +/- 6.6568e+01
Final trajectory test loss  1.0253e+02 +/- 6.8243e+01
Final trajectory train l2 loss 9.8349e+01 +/- 6.6586e+01
Final trajectory test l2 loss  1.0127e+02 +/- 6.7969e+01
Final trajectory train geo loss 1.3162e-01 +/- 1.6102e-01
Final trajectory test geo loss  1.2599e+00 +/- 1.7472e+00
Saved final stats:  /mnt/data/thribhuvan/Projects/stochastic_port_hamiltonian/Final/SPHNP v2/src/models/3D_SO3_Windy_Pendulum/ph_gp_sde/data/run_wp3d_jax/obs0_fric0p5_wind0p5_ext0-sine_lr0p001_s10000_np5_smp64_T20_seed0_randu7_G0p5-0p7-0p1_260609-214529/wp3d-so3hamGPSDE-5p-stats.pkl
