Run dir : /mnt/data/thribhuvan/Projects/stochastic_port_hamiltonian/Final/SPHNP v2/src/models/3D_SO3_Windy_Pendulum/ph_gp_sde/data/run_wp3d_jax/obs0p25_fric0p5_wind0p5_ext0-sine_lr0p001_s10000_np5_smp64_T20_seed0_randu7_G0p5-0p7-0p1_260610-021411
model contains 11582 parameters
Loaded data from /mnt/data/thribhuvan/Projects/stochastic_port_hamiltonian/Final/SPHNP v2/datasets/data/windy_pendulum_3d/wp3d_dataset_extforce-sine-std0p0_fric0p5_var_fricFalse_obs_noise0p25_wind_force0p5_random_uTrue_uScale7p0_G_0p5_0p7_0p1_steps20.pkl
  dt = 0.0500  h = 0.0050  n_outer (per window) = 4  n_substeps = 10
  train batch B = 2560, test batch B = 2560, T_obs = 5, N (= B·(T−1)) = 10240

Pretraining M_net for 200 steps (lr=0.001, target = 1.000·I₃)
  using 12800 q samples drawn from training data
  pretrain step    0: loss=2.049e+00
  pretrain step   20: loss=1.925e+00
  pretrain step   40: loss=1.793e+00
  pretrain step   60: loss=1.654e+00
  pretrain step   80: loss=1.517e+00
  pretrain step  100: loss=1.385e+00
  pretrain step  120: loss=1.261e+00
  pretrain step  140: loss=1.145e+00
  pretrain step  160: loss=1.038e+00
  pretrain step  180: loss=9.392e-01
  pretrain step  199: loss=8.540e-01
  pretrain done. initial loss=2.049e+00  final loss=8.540e-01  max|M(q₀) − target|=2.230e+00
[step      0]
  train: −ELBO=1.2933e+02  NLL=1.2966e+02  NLL_R=1.5042e+01  NLL_ω=1.1461e+02  MSE_R=3.8386e-01  MSE_ω=2.3753e+00
  test : −ELBO=8.1294e+01  NLL=8.1314e+01  NLL_R=-3.4186e+00  NLL_ω=8.4733e+01  MSE_R=1.4616e-02  MSE_ω=1.7812e+00
  sigma: σ_R=1.0000e-01  σ_ω=1.0000e-01  β=0.0000e+00
  PL   : train=-3.2098e-01  test=-7.6666e-01  σ_φ̄(train)=6.9920e-01  σ_φ̄(test)=6.9182e-01  σ_obs_ω=5.0000e-01  λ_PL=1.00
  KL   : M=2.003e+03  V=3.320e+02  Dw=1.992e+03  g=2.988e+03  sigma=3.320e+02  total=7.647e+03
  subnet MSE  M=8.665e-01  V=2.712e+01  Dw=6.553e-03  g=3.284e-01
[step     50]
  train: −ELBO=9.8362e+01  NLL=9.8702e+01  NLL_R=1.3680e+01  NLL_ω=8.5022e+01  MSE_R=3.7999e-01  MSE_ω=1.9059e+00
  test : −ELBO=5.8052e+01  NLL=5.8096e+01  NLL_R=-3.5212e+00  NLL_ω=6.1617e+01  MSE_R=1.1236e-02  MSE_ω=1.4071e+00
  sigma: σ_R=1.0353e-01  σ_ω=1.0344e-01  β=5.0000e-02
  PL   : train=-3.7785e-01  test=-7.9297e-01  σ_φ̄(train)=5.8256e-01  σ_φ̄(test)=5.7715e-01  σ_obs_ω=5.0000e-01  λ_PL=1.00
  KL   : M=2.008e+03  V=3.328e+02  Dw=1.994e+03  g=2.997e+03  sigma=3.329e+02  total=7.664e+03
  subnet MSE  M=5.652e-01  V=2.703e+01  Dw=8.751e-03  g=2.857e-01
[step    100]
  train: −ELBO=7.6225e+01  NLL=7.6579e+01  NLL_R=1.2295e+01  NLL_ω=6.4284e+01  MSE_R=3.7767e-01  MSE_ω=1.5742e+00
  test : −ELBO=3.9656e+01  NLL=3.9738e+01  NLL_R=-3.5488e+00  NLL_ω=4.3287e+01  MSE_R=8.6775e-03  MSE_ω=1.0908e+00
  sigma: σ_R=1.0790e-01  σ_ω=1.0741e-01  β=1.0000e-01
  PL   : train=-4.2885e-01  test=-8.3149e-01  σ_φ̄(train)=4.2467e-01  σ_φ̄(test)=4.1699e-01  σ_obs_ω=5.0000e-01  λ_PL=1.00
  KL   : M=2.014e+03  V=3.335e+02  Dw=1.995e+03  g=3.001e+03  sigma=3.341e+02  total=7.677e+03
  subnet MSE  M=3.731e-01  V=2.678e+01  Dw=1.445e-02  g=2.886e-01
[step    150]
  train: −ELBO=6.4469e+01  NLL=6.4807e+01  NLL_R=1.1134e+01  NLL_ω=5.3673e+01  MSE_R=3.7578e-01  MSE_ω=1.4190e+00
  test : −ELBO=3.0520e+01  NLL=3.0622e+01  NLL_R=-3.5142e+00  NLL_ω=3.4136e+01  MSE_R=7.3242e-03  MSE_ω=9.3804e-01
  sigma: σ_R=1.1214e-01  σ_ω=1.1107e-01  β=1.5000e-01
  PL   : train=-4.5008e-01  test=-8.5231e-01  σ_φ̄(train)=3.0160e-01  σ_φ̄(test)=2.8897e-01  σ_obs_ω=5.0000e-01  λ_PL=1.00
  KL   : M=2.018e+03  V=3.341e+02  Dw=1.996e+03  g=3.004e+03  sigma=3.350e+02  total=7.688e+03
  subnet MSE  M=3.994e-01  V=2.658e+01  Dw=2.098e-02  g=2.750e-01
[step    200]
  train: −ELBO=5.4352e+01  NLL=5.4676e+01  NLL_R=1.0074e+01  NLL_ω=4.4602e+01  MSE_R=3.7455e-01  MSE_ω=1.2747e+00
  test : −ELBO=2.5421e+01  NLL=2.5536e+01  NLL_R=-3.4386e+00  NLL_ω=2.8974e+01  MSE_R=6.7485e-03  MSE_ω=8.6390e-01
  sigma: σ_R=1.1665e-01  σ_ω=1.1483e-01  β=2.0000e-01
  PL   : train=-4.7486e-01  test=-8.6634e-01  σ_φ̄(train)=2.0125e-01  σ_φ̄(test)=1.9035e-01  σ_obs_ω=5.0000e-01  λ_PL=1.00
  KL   : M=2.021e+03  V=3.347e+02  Dw=1.998e+03  g=3.007e+03  sigma=3.358e+02  total=7.697e+03
  subnet MSE  M=5.000e-01  V=2.618e+01  Dw=3.271e-02  g=2.749e-01
[step    250]
  train: −ELBO=4.7118e+01  NLL=4.7425e+01  NLL_R=9.1270e+00  NLL_ω=3.8298e+01  MSE_R=3.7343e-01  MSE_ω=1.1814e+00
  test : −ELBO=2.0741e+01  NLL=2.0869e+01  NLL_R=-3.3637e+00  NLL_ω=2.4232e+01  MSE_R=6.1079e-03  MSE_ω=7.8581e-01
  sigma: σ_R=1.2125e-01  σ_ω=1.1868e-01  β=2.5000e-01
  PL   : train=-4.9559e-01  test=-8.8008e-01  σ_φ̄(train)=1.4277e-01  σ_φ̄(test)=1.3268e-01  σ_obs_ω=5.0000e-01  λ_PL=1.00
  KL   : M=2.024e+03  V=3.355e+02  Dw=1.999e+03  g=3.010e+03  sigma=3.363e+02  total=7.705e+03
  subnet MSE  M=5.925e-01  V=2.558e+01  Dw=4.310e-02  g=2.875e-01
[step    300]
  train: −ELBO=4.1091e+01  NLL=4.1378e+01  NLL_R=8.3163e+00  NLL_ω=3.3061e+01  MSE_R=3.7187e-01  MSE_ω=1.0941e+00
  test : −ELBO=1.6844e+01  NLL=1.6982e+01  NLL_R=-3.2893e+00  NLL_ω=2.0271e+01  MSE_R=5.5389e-03  MSE_ω=7.1266e-01
  sigma: σ_R=1.2562e-01  σ_ω=1.2224e-01  β=3.0000e-01
  PL   : train=-5.1264e-01  test=-8.9072e-01  σ_φ̄(train)=9.8430e-02  σ_φ̄(test)=9.1019e-02  σ_obs_ω=5.0000e-01  λ_PL=1.00
  KL   : M=2.025e+03  V=3.365e+02  Dw=2.001e+03  g=3.012e+03  sigma=3.368e+02  total=7.711e+03
  subnet MSE  M=7.047e-01  V=2.467e+01  Dw=5.523e-02  g=2.903e-01
[step    350]
  train: −ELBO=3.6869e+01  NLL=3.7127e+01  NLL_R=7.6233e+00  NLL_ω=2.9504e+01  MSE_R=3.7091e-01  MSE_ω=1.0410e+00
  test : −ELBO=1.3450e+01  NLL=1.3597e+01  NLL_R=-3.2153e+00  NLL_ω=1.6812e+01  MSE_R=4.9892e-03  MSE_ω=6.4127e-01
  sigma: σ_R=1.2991e-01  σ_ω=1.2564e-01  β=3.5000e-01
  PL   : train=-5.2202e-01  test=-9.0073e-01  σ_φ̄(train)=7.8437e-02  σ_φ̄(test)=7.0756e-02  σ_obs_ω=5.0000e-01  λ_PL=1.00
  KL   : M=2.027e+03  V=3.376e+02  Dw=2.002e+03  g=3.013e+03  sigma=3.370e+02  total=7.717e+03
  subnet MSE  M=8.181e-01  V=2.363e+01  Dw=6.055e-02  g=2.920e-01
[step    400]
  train: −ELBO=3.1387e+01  NLL=3.1619e+01  NLL_R=6.8106e+00  NLL_ω=2.4809e+01  MSE_R=3.6952e-01  MSE_ω=9.5367e-01
  test : −ELBO=9.6737e+00  NLL=9.8311e+00  NLL_R=-3.1189e+00  NLL_ω=1.2950e+01  MSE_R=4.3060e-03  MSE_ω=5.5258e-01
  sigma: σ_R=1.3560e-01  σ_ω=1.3010e-01  β=4.0000e-01
  PL   : train=-5.3384e-01  test=-9.1180e-01  σ_φ̄(train)=5.9857e-02  σ_φ̄(test)=5.3590e-02  σ_obs_ω=5.0000e-01  λ_PL=1.00
  KL   : M=2.028e+03  V=3.394e+02  Dw=2.004e+03  g=3.015e+03  sigma=3.374e+02  total=7.724e+03
  subnet MSE  M=1.013e+00  V=2.218e+01  Dw=6.028e-02  g=2.938e-01
[step    450]
  train: −ELBO=2.8596e+01  NLL=2.8796e+01  NLL_R=6.3003e+00  NLL_ω=2.2496e+01  MSE_R=3.6899e-01  MSE_ω=9.1620e-01
  test : −ELBO=8.0668e+00  NLL=8.2293e+00  NLL_R=-3.0414e+00  NLL_ω=1.1271e+01  MSE_R=4.0367e-03  MSE_ω=5.1795e-01
  sigma: σ_R=1.3975e-01  σ_ω=1.3329e-01  β=4.5000e-01
  PL   : train=-5.3985e-01  test=-9.1721e-01  σ_φ̄(train)=5.1340e-02  σ_φ̄(test)=4.6419e-02  σ_obs_ω=5.0000e-01  λ_PL=1.00
  KL   : M=2.029e+03  V=3.403e+02  Dw=2.005e+03  g=3.016e+03  sigma=3.375e+02  total=7.728e+03
  subnet MSE  M=1.071e+00  V=2.156e+01  Dw=5.882e-02  g=2.971e-01
[step    500]
  train: −ELBO=2.5686e+01  NLL=2.5854e+01  NLL_R=5.7041e+00  NLL_ω=2.0150e+01  MSE_R=3.6770e-01  MSE_ω=8.8120e-01
  test : −ELBO=6.1196e+00  NLL=6.2857e+00  NLL_R=-2.9454e+00  NLL_ω=9.2311e+00  MSE_R=3.6741e-03  MSE_ω=4.6976e-01
  sigma: σ_R=1.4504e-01  σ_ω=1.3737e-01  β=5.0000e-01
  PL   : train=-5.4515e-01  test=-9.2110e-01  σ_φ̄(train)=3.9170e-02  σ_φ̄(test)=3.4613e-02  σ_obs_ω=5.0000e-01  λ_PL=1.00
  KL   : M=2.029e+03  V=3.415e+02  Dw=2.006e+03  g=3.017e+03  sigma=3.377e+02  total=7.732e+03
  subnet MSE  M=1.182e+00  V=2.066e+01  Dw=6.385e-02  g=2.955e-01
[step    550]
  train: −ELBO=2.2915e+01  NLL=2.3050e+01  NLL_R=5.1778e+00  NLL_ω=1.7873e+01  MSE_R=3.6730e-01  MSE_ω=8.4220e-01
  test : −ELBO=4.7586e+00  NLL=4.9303e+00  NLL_R=-2.8460e+00  NLL_ω=7.7763e+00  MSE_R=3.4339e-03  MSE_ω=4.3720e-01
  sigma: σ_R=1.5057e-01  σ_ω=1.4168e-01  β=5.5000e-01
  PL   : train=-5.5084e-01  test=-9.2697e-01  σ_φ̄(train)=3.4076e-02  σ_φ̄(test)=2.9923e-02  σ_obs_ω=5.0000e-01  λ_PL=1.00
  KL   : M=2.030e+03  V=3.427e+02  Dw=2.007e+03  g=3.018e+03  sigma=3.379e+02  total=7.735e+03
  subnet MSE  M=1.239e+00  V=2.002e+01  Dw=6.042e-02  g=2.974e-01
[step    600]
  train: −ELBO=2.1008e+01  NLL=2.1104e+01  NLL_R=4.6946e+00  NLL_ω=1.6409e+01  MSE_R=3.6680e-01  MSE_ω=8.3037e-01
  test : −ELBO=3.7858e+00  NLL=3.9566e+00  NLL_R=-2.7416e+00  NLL_ω=6.6983e+00  MSE_R=3.2837e-03  MSE_ω=4.1556e-01
  sigma: σ_R=1.5632e-01  σ_ω=1.4621e-01  β=6.0000e-01
  PL   : train=-5.4945e-01  test=-9.2650e-01  σ_φ̄(train)=3.0324e-02  σ_φ̄(test)=2.6469e-02  σ_obs_ω=5.0000e-01  λ_PL=1.00
  KL   : M=2.030e+03  V=3.439e+02  Dw=2.007e+03  g=3.019e+03  sigma=3.380e+02  total=7.738e+03
  subnet MSE  M=1.304e+00  V=1.953e+01  Dw=6.493e-02  g=2.931e-01
[step    650]
  train: −ELBO=1.9034e+01  NLL=1.9094e+01  NLL_R=4.2459e+00  NLL_ω=1.4849e+01  MSE_R=3.6622e-01  MSE_ω=8.1134e-01
  test : −ELBO=3.0849e+00  NLL=3.2564e+00  NLL_R=-2.6334e+00  NLL_ω=5.8898e+00  MSE_R=3.1860e-03  MSE_ω=4.0254e-01
  sigma: σ_R=1.6241e-01  σ_ω=1.5113e-01  β=6.5000e-01
  PL   : train=-5.5153e-01  test=-9.2748e-01  σ_φ̄(train)=2.7096e-02  σ_φ̄(test)=2.4510e-02  σ_obs_ω=5.0000e-01  λ_PL=1.00
  KL   : M=2.030e+03  V=3.450e+02  Dw=2.008e+03  g=3.021e+03  sigma=3.380e+02  total=7.742e+03
  subnet MSE  M=1.293e+00  V=1.940e+01  Dw=6.231e-02  g=2.907e-01
[step    700]
  train: −ELBO=1.7558e+01  NLL=1.7583e+01  NLL_R=3.9202e+00  NLL_ω=1.3663e+01  MSE_R=3.6598e-01  MSE_ω=7.9526e-01
  test : −ELBO=2.3755e+00  NLL=2.5464e+00  NLL_R=-2.5472e+00  NLL_ω=5.0936e+00  MSE_R=3.0352e-03  MSE_ω=3.8260e-01
  sigma: σ_R=1.6747e-01  σ_ω=1.5527e-01  β=7.0000e-01
  PL   : train=-5.5500e-01  test=-9.2722e-01  σ_φ̄(train)=2.3448e-02  σ_φ̄(test)=2.0720e-02  σ_obs_ω=5.0000e-01  λ_PL=1.00
  KL   : M=2.030e+03  V=3.459e+02  Dw=2.008e+03  g=3.021e+03  sigma=3.382e+02  total=7.744e+03
  subnet MSE  M=1.289e+00  V=1.898e+01  Dw=6.097e-02  g=2.942e-01
[step    750]
  train: −ELBO=1.6110e+01  NLL=1.6099e+01  NLL_R=3.5884e+00  NLL_ω=1.2511e+01  MSE_R=3.6545e-01  MSE_ω=7.8056e-01
  test : −ELBO=1.6856e+00  NLL=1.8641e+00  NLL_R=-2.4534e+00  NLL_ω=4.3175e+00  MSE_R=2.8712e-03  MSE_ω=3.6160e-01
  sigma: σ_R=1.7319e-01  σ_ω=1.5996e-01  β=7.5000e-01
  PL   : train=-5.5681e-01  test=-9.3496e-01  σ_φ̄(train)=1.9715e-02  σ_φ̄(test)=1.7451e-02  σ_obs_ω=5.0000e-01  λ_PL=1.00
  KL   : M=2.030e+03  V=3.467e+02  Dw=2.009e+03  g=3.022e+03  sigma=3.385e+02  total=7.746e+03
  subnet MSE  M=1.308e+00  V=1.858e+01  Dw=5.765e-02  g=2.939e-01
[step    800]
  train: −ELBO=1.4857e+01  NLL=1.4806e+01  NLL_R=3.3227e+00  NLL_ω=1.1483e+01  MSE_R=3.6514e-01  MSE_ω=7.6339e-01
  test : −ELBO=1.3111e+00  NLL=1.4872e+00  NLL_R=-2.3684e+00  NLL_ω=3.8556e+00  MSE_R=2.8096e-03  MSE_ω=3.5209e-01
  sigma: σ_R=1.7839e-01  σ_ω=1.6427e-01  β=8.0000e-01
  PL   : train=-5.5473e-01  test=-9.3241e-01  σ_φ̄(train)=1.8144e-02  σ_φ̄(test)=1.6045e-02  σ_obs_ω=5.0000e-01  λ_PL=1.00
  KL   : M=2.029e+03  V=3.474e+02  Dw=2.008e+03  g=3.022e+03  sigma=3.383e+02  total=7.745e+03
  subnet MSE  M=1.343e+00  V=1.806e+01  Dw=6.796e-02  g=2.903e-01
[step    850]
  train: −ELBO=1.3765e+01  NLL=1.3676e+01  NLL_R=3.0716e+00  NLL_ω=1.0604e+01  MSE_R=3.6503e-01  MSE_ω=7.5239e-01
  test : −ELBO=8.8792e-01  NLL=1.0653e+00  NLL_R=-2.2809e+00  NLL_ω=3.3462e+00  MSE_R=2.6966e-03  MSE_ω=3.3841e-01
  sigma: σ_R=1.8395e-01  σ_ω=1.6893e-01  β=8.5000e-01
  PL   : train=-5.5417e-01  test=-9.3375e-01  σ_φ̄(train)=1.5843e-02  σ_φ̄(test)=1.4152e-02  σ_obs_ω=5.0000e-01  λ_PL=1.00
  KL   : M=2.029e+03  V=3.481e+02  Dw=2.008e+03  g=3.023e+03  sigma=3.383e+02  total=7.745e+03
  subnet MSE  M=1.341e+00  V=1.796e+01  Dw=6.687e-02  g=2.881e-01
[step    900]
  train: −ELBO=1.3229e+01  NLL=1.3101e+01  NLL_R=2.8954e+00  NLL_ω=1.0206e+01  MSE_R=3.6478e-01  MSE_ω=7.5744e-01
  test : −ELBO=7.6070e-01  NLL=9.3603e-01  NLL_R=-2.2144e+00  NLL_ω=3.1505e+00  MSE_R=2.6979e-03  MSE_ω=3.3754e-01
  sigma: σ_R=1.8821e-01  σ_ω=1.7255e-01  β=9.0000e-01
  PL   : train=-5.5308e-01  test=-9.3162e-01  σ_φ̄(train)=1.4186e-02  σ_φ̄(test)=1.2233e-02  σ_obs_ω=5.0000e-01  λ_PL=1.00
  KL   : M=2.028e+03  V=3.487e+02  Dw=2.007e+03  g=3.023e+03  sigma=3.383e+02  total=7.744e+03
  subnet MSE  M=1.362e+00  V=1.794e+01  Dw=6.521e-02  g=2.855e-01
[step    950]
  train: −ELBO=1.2346e+01  NLL=1.2185e+01  NLL_R=2.7230e+00  NLL_ω=9.4621e+00  MSE_R=3.6453e-01  MSE_ω=7.4172e-01
  test : −ELBO=2.4220e-01  NLL=4.1992e-01  NLL_R=-2.1460e+00  NLL_ω=2.5659e+00  MSE_R=2.4997e-03  MSE_ω=3.1255e-01
  sigma: σ_R=1.9277e-01  σ_ω=1.7647e-01  β=9.5000e-01
  PL   : train=-5.5790e-01  test=-9.3405e-01  σ_φ̄(train)=1.3532e-02  σ_φ̄(test)=1.1695e-02  σ_obs_ω=5.0000e-01  λ_PL=1.00
  KL   : M=2.028e+03  V=3.493e+02  Dw=2.006e+03  g=3.024e+03  sigma=3.382e+02  total=7.745e+03
  subnet MSE  M=1.375e+00  V=1.736e+01  Dw=6.280e-02  g=2.894e-01
[step   1000]
  train: −ELBO=1.1480e+01  NLL=1.1285e+01  NLL_R=2.5421e+00  NLL_ω=8.7425e+00  MSE_R=3.6388e-01  MSE_ω=7.2749e-01
  test : −ELBO=-8.2378e-02  NLL=1.0388e-01  NLL_R=-2.0706e+00  NLL_ω=2.1744e+00  MSE_R=2.3860e-03  MSE_ω=2.9786e-01
  sigma: σ_R=1.9791e-01  σ_ω=1.8090e-01  β=1.0000e+00
  PL   : train=-5.6077e-01  test=-9.4251e-01  σ_φ̄(train)=1.2762e-02  σ_φ̄(test)=1.1269e-02  σ_obs_ω=5.0000e-01  λ_PL=1.00
  KL   : M=2.027e+03  V=3.499e+02  Dw=2.005e+03  g=3.024e+03  sigma=3.381e+02  total=7.744e+03
  subnet MSE  M=1.338e+00  V=1.705e+01  Dw=6.209e-02  g=2.941e-01
[step   1050]
  train: −ELBO=1.0902e+01  NLL=1.0708e+01  NLL_R=2.4034e+00  NLL_ω=8.3050e+00  MSE_R=3.6378e-01  MSE_ω=7.2507e-01
  test : −ELBO=-1.3779e-01  NLL=-3.6306e-02  NLL_R=-2.0054e+00  NLL_ω=1.9691e+00  MSE_R=2.3457e-03  MSE_ω=2.9236e-01
  sigma: σ_R=2.0243e-01  σ_ω=1.8482e-01  β=1.0000e+00
  PL   : train=-5.6249e-01  test=-8.5757e-01  σ_φ̄(train)=1.2678e-02  σ_φ̄(test)=1.1012e-02  σ_obs_ω=5.0000e-01  λ_PL=1.00
  KL   : M=2.026e+03  V=3.504e+02  Dw=2.004e+03  g=3.024e+03  sigma=3.379e+02  total=7.742e+03
  subnet MSE  M=1.382e+00  V=1.679e+01  Dw=5.988e-02  g=2.916e-01
[step   1100]
  train: −ELBO=9.8348e+00  NLL=9.6475e+00  NLL_R=2.2076e+00  NLL_ω=7.4399e+00  MSE_R=3.6382e-01  MSE_ω=7.0494e-01
  test : −ELBO=-5.0613e-01  NLL=-3.1486e-01  NLL_R=-1.9016e+00  NLL_ω=1.5867e+00  MSE_R=2.2240e-03  MSE_ω=2.7754e-01
  sigma: σ_R=2.0969e-01  σ_ω=1.9114e-01  β=1.0000e+00
  PL   : train=-5.6855e-01  test=-9.4707e-01  σ_φ̄(train)=1.2439e-02  σ_φ̄(test)=1.0687e-02  σ_obs_ω=5.0000e-01  λ_PL=1.00
  KL   : M=2.024e+03  V=3.514e+02  Dw=2.002e+03  g=3.024e+03  sigma=3.378e+02  total=7.739e+03
  subnet MSE  M=1.316e+00  V=1.678e+01  Dw=5.726e-02  g=2.969e-01
[step   1150]
  train: −ELBO=9.0423e+00  NLL=8.8568e+00  NLL_R=2.0275e+00  NLL_ω=6.8293e+00  MSE_R=3.6415e-01  MSE_ω=7.0064e-01
  test : −ELBO=-6.6298e-01  NLL=-4.6969e-01  NLL_R=-1.7941e+00  NLL_ω=1.3244e+00  MSE_R=2.1541e-03  MSE_ω=2.6894e-01
  sigma: σ_R=2.1757e-01  σ_ω=1.9807e-01  β=1.0000e+00
  PL   : train=-5.6991e-01  test=-9.4865e-01  σ_φ̄(train)=1.1109e-02  σ_φ̄(test)=9.5177e-03  σ_obs_ω=5.0000e-01  λ_PL=1.00
  KL   : M=2.022e+03  V=3.523e+02  Dw=2.000e+03  g=3.023e+03  sigma=3.376e+02  total=7.735e+03
  subnet MSE  M=1.319e+00  V=1.667e+01  Dw=5.552e-02  g=2.958e-01
[step   1200]
  train: −ELBO=8.3607e+00  NLL=8.1715e+00  NLL_R=1.8830e+00  NLL_ω=6.2885e+00  MSE_R=3.6380e-01  MSE_ω=6.9263e-01
  test : −ELBO=-6.8894e-01  NLL=-4.9856e-01  NLL_R=-1.7008e+00  NLL_ω=1.2022e+00  MSE_R=2.1526e-03  MSE_ω=2.6815e-01
  sigma: σ_R=2.2457e-01  σ_ω=2.0432e-01  β=1.0000e+00
  PL   : train=-5.6561e-01  test=-9.4521e-01  σ_φ̄(train)=1.0607e-02  σ_φ̄(test)=9.1741e-03  σ_obs_ω=5.0000e-01  λ_PL=1.00
  KL   : M=2.020e+03  V=3.529e+02  Dw=1.997e+03  g=3.023e+03  sigma=3.375e+02  total=7.730e+03
  subnet MSE  M=1.299e+00  V=1.669e+01  Dw=5.235e-02  g=2.885e-01
[step   1250]
  train: −ELBO=7.6456e+00  NLL=7.4611e+00  NLL_R=1.7500e+00  NLL_ω=5.7111e+00  MSE_R=3.6365e-01  MSE_ω=6.7981e-01
  test : −ELBO=-7.4048e-01  NLL=-5.4822e-01  NLL_R=-1.6038e+00  NLL_ω=1.0556e+00  MSE_R=2.1215e-03  MSE_ω=2.6452e-01
  sigma: σ_R=2.3212e-01  σ_ω=2.1122e-01  β=1.0000e+00
  PL   : train=-5.6968e-01  test=-9.4648e-01  σ_φ̄(train)=1.0552e-02  σ_φ̄(test)=9.0476e-03  σ_obs_ω=5.0000e-01  λ_PL=1.00
  KL   : M=2.017e+03  V=3.538e+02  Dw=1.994e+03  g=3.022e+03  sigma=3.373e+02  total=7.723e+03
  subnet MSE  M=1.293e+00  V=1.658e+01  Dw=5.195e-02  g=2.891e-01
[step   1300]
  train: −ELBO=7.0131e+00  NLL=6.8349e+00  NLL_R=1.6454e+00  NLL_ω=5.1896e+00  MSE_R=3.6363e-01  MSE_ω=6.6376e-01
  test : −ELBO=-8.8975e-01  NLL=-6.9205e-01  NLL_R=-1.5180e+00  NLL_ω=8.2595e-01  MSE_R=2.0146e-03  MSE_ω=2.5052e-01
  sigma: σ_R=2.3904e-01  σ_ω=2.1762e-01  β=1.0000e+00
  PL   : train=-5.7540e-01  test=-9.5127e-01  σ_φ̄(train)=8.8562e-03  σ_φ̄(test)=7.5464e-03  σ_obs_ω=5.0000e-01  λ_PL=1.00
  KL   : M=2.014e+03  V=3.546e+02  Dw=1.991e+03  g=3.021e+03  sigma=3.370e+02  total=7.717e+03
  subnet MSE  M=1.354e+00  V=1.636e+01  Dw=5.060e-02  g=2.941e-01
[step   1350]
  train: −ELBO=6.7808e+00  NLL=6.6007e+00  NLL_R=1.5863e+00  NLL_ω=5.0145e+00  MSE_R=3.6344e-01  MSE_ω=6.6594e-01
  test : −ELBO=-9.2390e-01  NLL=-7.2758e-01  NLL_R=-1.4648e+00  NLL_ω=7.3725e-01  MSE_R=1.9806e-03  MSE_ω=2.4582e-01
  sigma: σ_R=2.4330e-01  σ_ω=2.2165e-01  β=1.0000e+00
  PL   : train=-5.7307e-01  test=-9.4942e-01  σ_φ̄(train)=8.3283e-03  σ_φ̄(test)=7.0598e-03  σ_obs_ω=5.0000e-01  λ_PL=1.00
  KL   : M=2.011e+03  V=3.550e+02  Dw=1.989e+03  g=3.020e+03  sigma=3.368e+02  total=7.712e+03
  subnet MSE  M=1.369e+00  V=1.629e+01  Dw=5.184e-02  g=2.889e-01
[step   1400]
  train: −ELBO=6.3052e+00  NLL=6.1210e+00  NLL_R=1.4983e+00  NLL_ω=4.6227e+00  MSE_R=3.6296e-01  MSE_ω=6.5659e-01
  test : −ELBO=-1.0200e+00  NLL=-8.2176e-01  NLL_R=-1.3820e+00  NLL_ω=5.6019e-01  MSE_R=1.8831e-03  MSE_ω=2.3305e-01
  sigma: σ_R=2.5030e-01  σ_ω=2.2834e-01  β=1.0000e+00
  PL   : train=-5.6818e-01  test=-9.5052e-01  σ_φ̄(train)=7.7722e-03  σ_φ̄(test)=6.6629e-03  σ_obs_ω=5.0000e-01  λ_PL=1.00
  KL   : M=2.008e+03  V=3.560e+02  Dw=1.985e+03  g=3.018e+03  sigma=3.365e+02  total=7.704e+03
  subnet MSE  M=1.405e+00  V=1.587e+01  Dw=5.413e-02  g=2.897e-01
[step   1450]
  train: −ELBO=5.8842e+00  NLL=5.7085e+00  NLL_R=1.4238e+00  NLL_ω=4.2847e+00  MSE_R=3.6317e-01  MSE_ω=6.5061e-01
  test : −ELBO=-9.8462e-01  NLL=-7.8438e-01  NLL_R=-1.2957e+00  NLL_ω=5.1135e-01  MSE_R=1.8743e-03  MSE_ω=2.3220e-01
  sigma: σ_R=2.5765e-01  σ_ω=2.3549e-01  β=1.0000e+00
  PL   : train=-5.7557e-01  test=-9.5151e-01  σ_φ̄(train)=7.5354e-03  σ_φ̄(test)=6.3702e-03  σ_obs_ω=5.0000e-01  λ_PL=1.00
  KL   : M=2.003e+03  V=3.567e+02  Dw=1.981e+03  g=3.016e+03  sigma=3.361e+02  total=7.693e+03
  subnet MSE  M=1.395e+00  V=1.605e+01  Dw=5.212e-02  g=2.893e-01
[step   1500]
  train: −ELBO=5.4546e+00  NLL=5.2769e+00  NLL_R=1.3518e+00  NLL_ω=3.9251e+00  MSE_R=3.6263e-01  MSE_ω=6.3997e-01
  test : −ELBO=-1.0177e+00  NLL=-8.1417e-01  NLL_R=-1.2087e+00  NLL_ω=3.9458e-01  MSE_R=1.8031e-03  MSE_ω=2.2238e-01
  sigma: σ_R=2.6535e-01  σ_ω=2.4320e-01  β=1.0000e+00
  PL   : train=-5.7237e-01  test=-9.5360e-01  σ_φ̄(train)=7.5467e-03  σ_φ̄(test)=6.3827e-03  σ_obs_ω=5.0000e-01  λ_PL=1.00
  KL   : M=1.998e+03  V=3.575e+02  Dw=1.976e+03  g=3.014e+03  sigma=3.356e+02  total=7.681e+03
  subnet MSE  M=1.419e+00  V=1.579e+01  Dw=5.120e-02  g=2.901e-01
[step   1550]
  train: −ELBO=5.1568e+00  NLL=4.9898e+00  NLL_R=1.2922e+00  NLL_ω=3.6975e+00  MSE_R=3.6237e-01  MSE_ω=6.4191e-01
  test : −ELBO=-1.0129e+00  NLL=-8.0950e-01  NLL_R=-1.1236e+00  NLL_ω=3.1409e-01  MSE_R=1.7376e-03  MSE_ω=2.1481e-01
  sigma: σ_R=2.7312e-01  σ_ω=2.5124e-01  β=1.0000e+00
  PL   : train=-5.8154e-01  test=-9.5197e-01  σ_φ̄(train)=8.2759e-03  σ_φ̄(test)=6.9928e-03  σ_obs_ω=5.0000e-01  λ_PL=1.00
  KL   : M=1.991e+03  V=3.581e+02  Dw=1.969e+03  g=3.012e+03  sigma=3.350e+02  total=7.665e+03
  subnet MSE  M=1.440e+00  V=1.565e+01  Dw=5.169e-02  g=2.954e-01
[step   1600]
  train: −ELBO=4.6954e+00  NLL=4.5333e+00  NLL_R=1.2301e+00  NLL_ω=3.3033e+00  MSE_R=3.6241e-01  MSE_ω=6.2772e-01
  test : −ELBO=-9.5432e-01  NLL=-7.4474e-01  NLL_R=-1.0126e+00  NLL_ω=2.6785e-01  MSE_R=1.7035e-03  MSE_ω=2.0997e-01
  sigma: σ_R=2.8344e-01  σ_ω=2.6232e-01  β=1.0000e+00
  PL   : train=-5.8413e-01  test=-9.5576e-01  σ_φ̄(train)=7.2387e-03  σ_φ̄(test)=6.2597e-03  σ_obs_ω=5.0000e-01  λ_PL=1.00
  KL   : M=1.981e+03  V=3.593e+02  Dw=1.960e+03  g=3.007e+03  sigma=3.341e+02  total=7.641e+03
  subnet MSE  M=1.489e+00  V=1.557e+01  Dw=5.020e-02  g=2.932e-01
[step   1650]
  train: −ELBO=4.3959e+00  NLL=4.2378e+00  NLL_R=1.1895e+00  NLL_ω=3.0483e+00  MSE_R=3.6242e-01  MSE_ω=6.2056e-01
  test : −ELBO=-9.1593e-01  NLL=-7.0132e-01  NLL_R=-9.2646e-01  NLL_ω=2.2514e-01  MSE_R=1.6476e-03  MSE_ω=2.0334e-01
  sigma: σ_R=2.9189e-01  σ_ω=2.7183e-01  β=1.0000e+00
  PL   : train=-5.8586e-01  test=-9.5851e-01  σ_φ̄(train)=6.8380e-03  σ_φ̄(test)=5.9064e-03  σ_obs_ω=5.0000e-01  λ_PL=1.00
  KL   : M=1.972e+03  V=3.604e+02  Dw=1.950e+03  g=3.003e+03  sigma=3.331e+02  total=7.618e+03
  subnet MSE  M=1.511e+00  V=1.549e+01  Dw=5.329e-02  g=2.941e-01
[step   1700]
  train: −ELBO=4.2176e+00  NLL=4.0612e+00  NLL_R=1.1673e+00  NLL_ω=2.8940e+00  MSE_R=3.6261e-01  MSE_ω=6.1718e-01
  test : −ELBO=-8.6956e-01  NLL=-6.5355e-01  NLL_R=-8.6703e-01  NLL_ω=2.1349e-01  MSE_R=1.6265e-03  MSE_ω=2.0025e-01
  sigma: σ_R=2.9778e-01  σ_ω=2.7886e-01  β=1.0000e+00
  PL   : train=-5.8567e-01  test=-9.5804e-01  σ_φ̄(train)=6.5215e-03  σ_φ̄(test)=5.5447e-03  σ_obs_ω=5.0000e-01  λ_PL=1.00
  KL   : M=1.964e+03  V=3.611e+02  Dw=1.942e+03  g=2.999e+03  sigma=3.324e+02  total=7.599e+03
  subnet MSE  M=1.490e+00  V=1.541e+01  Dw=5.066e-02  g=2.921e-01
[step   1750]
  train: −ELBO=3.9746e+00  NLL=3.8228e+00  NLL_R=1.1380e+00  NLL_ω=2.6848e+00  MSE_R=3.6219e-01  MSE_ω=6.1091e-01
  test : −ELBO=-8.1042e-01  NLL=-5.9074e-01  NLL_R=-7.8493e-01  NLL_ω=1.9419e-01  MSE_R=1.5764e-03  MSE_ω=1.9378e-01
  sigma: σ_R=3.0610e-01  σ_ω=2.8936e-01  β=1.0000e+00
  PL   : train=-5.8710e-01  test=-9.5855e-01  σ_φ̄(train)=5.8614e-03  σ_φ̄(test)=4.9482e-03  σ_obs_ω=5.0000e-01  λ_PL=1.00
  KL   : M=1.951e+03  V=3.622e+02  Dw=1.930e+03  g=2.992e+03  sigma=3.312e+02  total=7.567e+03
  subnet MSE  M=1.550e+00  V=1.530e+01  Dw=4.701e-02  g=2.918e-01
[step   1800]
  train: −ELBO=3.7470e+00  NLL=3.6003e+00  NLL_R=1.1153e+00  NLL_ω=2.4850e+00  MSE_R=3.6210e-01  MSE_ω=6.0535e-01
  test : −ELBO=-7.4991e-01  NLL=-5.2339e-01  NLL_R=-6.9737e-01  NLL_ω=1.7398e-01  MSE_R=1.5011e-03  MSE_ω=1.8408e-01
  sigma: σ_R=3.1531e-01  σ_ω=3.0188e-01  β=1.0000e+00
  PL   : train=-5.8790e-01  test=-9.6112e-01  σ_φ̄(train)=5.3309e-03  σ_φ̄(test)=4.4119e-03  σ_obs_ω=5.0000e-01  λ_PL=1.00
  KL   : M=1.934e+03  V=3.635e+02  Dw=1.913e+03  g=2.983e+03  sigma=3.295e+02  total=7.523e+03
  subnet MSE  M=1.553e+00  V=1.507e+01  Dw=4.927e-02  g=2.935e-01
[step   1850]
  train: −ELBO=3.5814e+00  NLL=3.4397e+00  NLL_R=1.1056e+00  NLL_ω=2.3341e+00  MSE_R=3.6234e-01  MSE_ω=5.9592e-01
  test : −ELBO=-6.8797e-01  NLL=-4.5856e-01  NLL_R=-6.4132e-01  NLL_ω=1.8275e-01  MSE_R=1.4687e-03  MSE_ω=1.7977e-01
  sigma: σ_R=3.2128e-01  σ_ω=3.1095e-01  β=1.0000e+00
  PL   : train=-5.8939e-01  test=-9.6044e-01  σ_φ̄(train)=5.1489e-03  σ_φ̄(test)=4.2607e-03  σ_obs_ω=5.0000e-01  λ_PL=1.00
  KL   : M=1.919e+03  V=3.644e+02  Dw=1.899e+03  g=2.976e+03  sigma=3.280e+02  total=7.487e+03
  subnet MSE  M=1.579e+00  V=1.503e+01  Dw=4.837e-02  g=2.914e-01
[step   1900]
  train: −ELBO=3.3900e+00  NLL=3.2555e+00  NLL_R=1.0935e+00  NLL_ω=2.1620e+00  MSE_R=3.6198e-01  MSE_ω=5.8574e-01
  test : −ELBO=-5.9645e-01  NLL=-3.5894e-01  NLL_R=-5.6776e-01  NLL_ω=2.0881e-01  MSE_R=1.4244e-03  MSE_ω=1.7429e-01
  sigma: σ_R=3.2931e-01  σ_ω=3.2446e-01  β=1.0000e+00
  PL   : train=-5.9057e-01  test=-9.6244e-01  σ_φ̄(train)=4.4490e-03  σ_φ̄(test)=3.6319e-03  σ_obs_ω=5.0000e-01  λ_PL=1.00
  KL   : M=1.895e+03  V=3.658e+02  Dw=1.875e+03  g=2.963e+03  sigma=3.254e+02  total=7.424e+03
  subnet MSE  M=1.586e+00  V=1.496e+01  Dw=4.685e-02  g=2.924e-01
[step   1950]
  train: −ELBO=3.2944e+00  NLL=3.1685e+00  NLL_R=1.0887e+00  NLL_ω=2.0798e+00  MSE_R=3.6194e-01  MSE_ω=5.8558e-01
  test : −ELBO=-5.2328e-01  NLL=-2.7823e-01  NLL_R=-5.1863e-01  NLL_ω=2.4040e-01  MSE_R=1.3944e-03  MSE_ω=1.7046e-01
  sigma: σ_R=3.3476e-01  σ_ω=3.3578e-01  β=1.0000e+00
  PL   : train=-5.9321e-01  test=-9.6399e-01  σ_φ̄(train)=4.1911e-03  σ_φ̄(test)=3.4872e-03  σ_obs_ω=5.0000e-01  λ_PL=1.00
  KL   : M=1.872e+03  V=3.669e+02  Dw=1.853e+03  g=2.949e+03  sigma=3.227e+02  total=7.364e+03
  subnet MSE  M=1.643e+00  V=1.488e+01  Dw=4.525e-02  g=2.949e-01
[step   2000]
  train: −ELBO=3.1452e+00  NLL=3.0299e+00  NLL_R=1.0844e+00  NLL_ω=1.9454e+00  MSE_R=3.6169e-01  MSE_ω=5.7538e-01
  test : −ELBO=-4.2056e-01  NLL=-1.6547e-01  NLL_R=-4.6456e-01  NLL_ω=2.9909e-01  MSE_R=1.3639e-03  MSE_ω=1.6676e-01
  sigma: σ_R=3.4099e-01  σ_ω=3.5219e-01  β=1.0000e+00
  PL   : train=-5.9398e-01  test=-9.6432e-01  σ_φ̄(train)=3.7935e-03  σ_φ̄(test)=3.0521e-03  σ_obs_ω=5.0000e-01  λ_PL=1.00
  KL   : M=1.834e+03  V=3.685e+02  Dw=1.817e+03  g=2.926e+03  sigma=3.181e+02  total=7.264e+03
  subnet MSE  M=1.664e+00  V=1.481e+01  Dw=4.475e-02  g=2.953e-01
[step   2050]
  train: −ELBO=3.0937e+00  NLL=2.9850e+00  NLL_R=1.0843e+00  NLL_ω=1.9007e+00  MSE_R=3.6179e-01  MSE_ω=5.7330e-01
  test : −ELBO=-3.6613e-01  NLL=-1.0457e-01  NLL_R=-4.4491e-01  NLL_ω=3.4034e-01  MSE_R=1.3657e-03  MSE_ω=1.6691e-01
  sigma: σ_R=3.4325e-01  σ_ω=3.6076e-01  β=1.0000e+00
  PL   : train=-5.9435e-01  test=-9.6453e-01  σ_φ̄(train)=3.6773e-03  σ_φ̄(test)=2.9842e-03  σ_obs_ω=5.0000e-01  λ_PL=1.00
  KL   : M=1.811e+03  V=3.691e+02  Dw=1.794e+03  g=2.911e+03  sigma=3.150e+02  total=7.200e+03
  subnet MSE  M=1.667e+00  V=1.479e+01  Dw=4.517e-02  g=2.954e-01
[step   2100]
  train: −ELBO=3.0414e+00  NLL=2.9448e+00  NLL_R=1.0847e+00  NLL_ω=1.8601e+00  MSE_R=3.6196e-01  MSE_ω=5.7284e-01
  test : −ELBO=-3.0289e-01  NLL=-3.0938e-02  NLL_R=-4.2728e-01  NLL_ω=3.9634e-01  MSE_R=1.3694e-03  MSE_ω=1.6744e-01
  sigma: σ_R=3.4528e-01  σ_ω=3.7196e-01  β=1.0000e+00
  PL   : train=-5.9725e-01  test=-9.6559e-01  σ_φ̄(train)=3.7640e-03  σ_φ̄(test)=2.9616e-03  σ_obs_ω=5.0000e-01  λ_PL=1.00
  KL   : M=1.776e+03  V=3.700e+02  Dw=1.761e+03  g=2.888e+03  sigma=3.103e+02  total=7.105e+03
  subnet MSE  M=1.664e+00  V=1.482e+01  Dw=4.426e-02  g=2.981e-01
[step   2150]
  train: −ELBO=2.9863e+00  NLL=2.8973e+00  NLL_R=1.0832e+00  NLL_ω=1.8142e+00  MSE_R=3.6162e-01  MSE_ω=5.6759e-01
  test : −ELBO=-2.6400e-01  NLL=1.5661e-02  NLL_R=-4.1772e-01  NLL_ω=4.3338e-01  MSE_R=1.3445e-03  MSE_ω=1.6396e-01
  sigma: σ_R=3.4643e-01  σ_ω=3.8220e-01  β=1.0000e+00
  PL   : train=-5.9489e-01  test=-9.6334e-01  σ_φ̄(train)=3.2820e-03  σ_φ̄(test)=2.6570e-03  σ_obs_ω=5.0000e-01  λ_PL=1.00
  KL   : M=1.739e+03  V=3.705e+02  Dw=1.726e+03  g=2.862e+03  sigma=3.051e+02  total=7.003e+03
  subnet MSE  M=1.690e+00  V=1.469e+01  Dw=4.252e-02  g=2.929e-01
[step   2200]
  train: −ELBO=2.9552e+00  NLL=2.8776e+00  NLL_R=1.0845e+00  NLL_ω=1.7931e+00  MSE_R=3.6194e-01  MSE_ω=5.6659e-01
  test : −ELBO=-2.3083e-01  NLL=5.9899e-02  NLL_R=-4.1362e-01  NLL_ω=4.7352e-01  MSE_R=1.3371e-03  MSE_ω=1.6335e-01
  sigma: σ_R=3.4691e-01  σ_ω=3.9080e-01  β=1.0000e+00
  PL   : train=-5.9619e-01  test=-9.6437e-01  σ_φ̄(train)=3.1674e-03  σ_φ̄(test)=2.4894e-03  σ_obs_ω=5.0000e-01  λ_PL=1.00
  KL   : M=1.702e+03  V=3.710e+02  Dw=1.691e+03  g=2.836e+03  sigma=2.998e+02  total=6.900e+03
  subnet MSE  M=1.694e+00  V=1.467e+01  Dw=4.198e-02  g=2.943e-01
[step   2250]
  train: −ELBO=2.9035e+00  NLL=2.8400e+00  NLL_R=1.0841e+00  NLL_ω=1.7559e+00  MSE_R=3.6184e-01  MSE_ω=5.5879e-01
  test : −ELBO=-2.0822e-01  NLL=9.3713e-02  NLL_R=-4.1170e-01  NLL_ω=5.0541e-01  MSE_R=1.3202e-03  MSE_ω=1.6113e-01
  sigma: σ_R=3.4715e-01  σ_ω=3.9864e-01  β=1.0000e+00
  PL   : train=-5.9900e-01  test=-9.6425e-01  σ_φ̄(train)=3.0058e-03  σ_φ̄(test)=2.2880e-03  σ_obs_ω=5.0000e-01  λ_PL=1.00
  KL   : M=1.662e+03  V=3.714e+02  Dw=1.653e+03  g=2.805e+03  sigma=2.938e+02  total=6.784e+03
  subnet MSE  M=1.726e+00  V=1.456e+01  Dw=4.124e-02  g=2.938e-01
[step   2300]
  train: −ELBO=2.8753e+00  NLL=2.8283e+00  NLL_R=1.0837e+00  NLL_ω=1.7446e+00  MSE_R=3.6175e-01  MSE_ω=5.5829e-01
  test : −ELBO=-1.7945e-01  NLL=1.3951e-01  NLL_R=-4.1088e-01  NLL_ω=5.5039e-01  MSE_R=1.3211e-03  MSE_ω=1.6131e-01
  sigma: σ_R=3.4724e-01  σ_ω=4.0756e-01  β=1.0000e+00
  PL   : train=-5.9974e-01  test=-9.6542e-01  σ_φ̄(train)=2.8650e-03  σ_φ̄(test)=2.1366e-03  σ_obs_ω=5.0000e-01  λ_PL=1.00
  KL   : M=1.606e+03  V=3.715e+02  Dw=1.600e+03  g=2.760e+03  sigma=2.850e+02  total=6.623e+03
  subnet MSE  M=1.726e+00  V=1.460e+01  Dw=4.349e-02  g=2.978e-01
[step   2350]
  train: −ELBO=2.8397e+00  NLL=2.8116e+00  NLL_R=1.0837e+00  NLL_ω=1.7279e+00  MSE_R=3.6174e-01  MSE_ω=5.5437e-01
  test : −ELBO=-1.6359e-01  NLL=1.6424e-01  NLL_R=-4.1125e-01  NLL_ω=5.7549e-01  MSE_R=1.2929e-03  MSE_ω=1.5753e-01
  sigma: σ_R=3.4722e-01  σ_ω=4.1485e-01  β=1.0000e+00
  PL   : train=-6.0145e-01  test=-9.5712e-01  σ_φ̄(train)=2.8671e-03  σ_φ̄(test)=2.1782e-03  σ_obs_ω=5.0000e-01  λ_PL=1.00
  KL   : M=1.547e+03  V=3.714e+02  Dw=1.545e+03  g=2.709e+03  sigma=2.752e+02  total=6.447e+03
  subnet MSE  M=1.757e+00  V=1.438e+01  Dw=4.267e-02  g=2.972e-01
[step   2400]
  train: −ELBO=2.8146e+00  NLL=2.7999e+00  NLL_R=1.0841e+00  NLL_ω=1.7157e+00  MSE_R=3.6185e-01  MSE_ω=5.5075e-01
  test : −ELBO=-1.5441e-01  NLL=1.9383e-01  NLL_R=-4.1136e-01  NLL_ω=6.0519e-01  MSE_R=1.3201e-03  MSE_ω=1.6088e-01
  sigma: σ_R=3.4719e-01  σ_ω=4.1892e-01  β=1.0000e+00
  PL   : train=-6.0036e-01  test=-9.6312e-01  σ_φ̄(train)=2.7292e-03  σ_φ̄(test)=1.9814e-03  σ_obs_ω=5.0000e-01  λ_PL=1.00
  KL   : M=1.498e+03  V=3.710e+02  Dw=1.499e+03  g=2.664e+03  sigma=2.669e+02  total=6.299e+03
  subnet MSE  M=1.782e+00  V=1.451e+01  Dw=4.099e-02  g=2.934e-01
[step   2450]
  train: −ELBO=2.7747e+00  NLL=2.7860e+00  NLL_R=1.0837e+00  NLL_ω=1.7023e+00  MSE_R=3.6175e-01  MSE_ω=5.4634e-01
  test : −ELBO=-1.6474e-01  NLL=2.0784e-01  NLL_R=-4.1153e-01  NLL_ω=6.1937e-01  MSE_R=1.2992e-03  MSE_ω=1.5828e-01
  sigma: σ_R=3.4718e-01  σ_ω=4.2318e-01  β=1.0000e+00
  PL   : train=-6.0252e-01  test=-9.6312e-01  σ_φ̄(train)=2.3830e-03  σ_φ̄(test)=1.6812e-03  σ_obs_ω=5.0000e-01  λ_PL=1.00
  KL   : M=1.419e+03  V=3.700e+02  Dw=1.426e+03  g=2.586e+03  sigma=2.528e+02  total=6.054e+03
  subnet MSE  M=1.811e+00  V=1.435e+01  Dw=4.077e-02  g=2.966e-01
[step   2500]
  train: −ELBO=2.7397e+00  NLL=2.7734e+00  NLL_R=1.0838e+00  NLL_ω=1.6896e+00  MSE_R=3.6178e-01  MSE_ω=5.4178e-01
  test : −ELBO=-1.7074e-01  NLL=2.2391e-01  NLL_R=-4.1084e-01  NLL_ω=6.3475e-01  MSE_R=1.3193e-03  MSE_ω=1.6108e-01
  sigma: σ_R=3.4725e-01  σ_ω=4.2480e-01  β=1.0000e+00
  PL   : train=-6.0407e-01  test=-9.6469e-01  σ_φ̄(train)=2.0946e-03  σ_φ̄(test)=1.4010e-03  σ_obs_ω=5.0000e-01  λ_PL=1.00
  KL   : M=1.353e+03  V=3.683e+02  Dw=1.365e+03  g=2.514e+03  sigma=2.404e+02  total=5.841e+03
  subnet MSE  M=1.834e+00  V=1.436e+01  Dw=4.023e-02  g=2.967e-01
[step   2550]
  train: −ELBO=2.7117e+00  NLL=2.7620e+00  NLL_R=1.0838e+00  NLL_ω=1.6781e+00  MSE_R=3.6179e-01  MSE_ω=5.3766e-01
  test : −ELBO=-1.8592e-01  NLL=2.2432e-01  NLL_R=-4.1124e-01  NLL_ω=6.3556e-01  MSE_R=1.3259e-03  MSE_ω=1.6159e-01
  sigma: σ_R=3.4720e-01  σ_ω=4.2469e-01  β=1.0000e+00
  PL   : train=-6.0325e-01  test=-9.6278e-01  σ_φ̄(train)=1.8183e-03  σ_φ̄(test)=1.1742e-03  σ_obs_ω=5.0000e-01  λ_PL=1.00
  KL   : M=1.298e+03  V=3.666e+02  Dw=1.314e+03  g=2.453e+03  sigma=2.300e+02  total=5.662e+03
  subnet MSE  M=1.859e+00  V=1.433e+01  Dw=4.119e-02  g=2.966e-01
[step   2600]
  train: −ELBO=2.6962e+00  NLL=2.7647e+00  NLL_R=1.0839e+00  NLL_ω=1.6809e+00  MSE_R=3.6179e-01  MSE_ω=5.3865e-01
  test : −ELBO=-2.0706e-01  NLL=2.2063e-01  NLL_R=-4.1103e-01  NLL_ω=6.3166e-01  MSE_R=1.3222e-03  MSE_ω=1.6120e-01
  sigma: σ_R=3.4723e-01  σ_ω=4.2413e-01  β=1.0000e+00
  PL   : train=-6.0509e-01  test=-9.6386e-01  σ_φ̄(train)=1.6420e-03  σ_φ̄(test)=9.9797e-04  σ_obs_ω=5.0000e-01  λ_PL=1.00
  KL   : M=1.248e+03  V=3.646e+02  Dw=1.268e+03  g=2.394e+03  sigma=2.200e+02  total=5.494e+03
  subnet MSE  M=1.887e+00  V=1.438e+01  Dw=4.071e-02  g=2.976e-01
[step   2650]
  train: −ELBO=2.6624e+00  NLL=2.7501e+00  NLL_R=1.0840e+00  NLL_ω=1.6661e+00  MSE_R=3.6183e-01  MSE_ω=5.3334e-01
  test : −ELBO=-2.2846e-01  NLL=2.1628e-01  NLL_R=-4.1149e-01  NLL_ω=6.2777e-01  MSE_R=1.3213e-03  MSE_ω=1.6117e-01
  sigma: σ_R=3.4717e-01  σ_ω=4.2336e-01  β=1.0000e+00
  PL   : train=-6.0700e-01  test=-9.6376e-01  σ_φ̄(train)=1.5469e-03  σ_φ̄(test)=9.0725e-04  σ_obs_ω=5.0000e-01  λ_PL=1.00
  KL   : M=1.195e+03  V=3.621e+02  Dw=1.220e+03  g=2.330e+03  sigma=2.095e+02  total=5.318e+03
  subnet MSE  M=1.901e+00  V=1.434e+01  Dw=4.134e-02  g=2.976e-01
[step   2700]
  train: −ELBO=2.6484e+00  NLL=2.7486e+00  NLL_R=1.0826e+00  NLL_ω=1.6660e+00  MSE_R=3.6149e-01  MSE_ω=5.3332e-01
  test : −ELBO=-2.3956e-01  NLL=2.1730e-01  NLL_R=-4.1139e-01  NLL_ω=6.2870e-01  MSE_R=1.3318e-03  MSE_ω=1.6242e-01
  sigma: σ_R=3.4718e-01  σ_ω=4.2284e-01  β=1.0000e+00
  PL   : train=-6.0661e-01  test=-9.6303e-01  σ_φ̄(train)=1.4981e-03  σ_φ̄(test)=8.4414e-04  σ_obs_ω=5.0000e-01  λ_PL=1.00
  KL   : M=1.156e+03  V=3.600e+02  Dw=1.185e+03  g=2.283e+03  sigma=2.015e+02  total=5.186e+03
  subnet MSE  M=1.913e+00  V=1.434e+01  Dw=3.975e-02  g=2.968e-01
[step   2750]
  train: −ELBO=2.6350e+00  NLL=2.7464e+00  NLL_R=1.0833e+00  NLL_ω=1.6631e+00  MSE_R=3.6164e-01  MSE_ω=5.3231e-01
  test : −ELBO=-2.4633e-01  NLL=2.2050e-01  NLL_R=-4.1124e-01  NLL_ω=6.3174e-01  MSE_R=1.3477e-03  MSE_ω=1.6432e-01
  sigma: σ_R=3.4719e-01  σ_ω=4.2238e-01  β=1.0000e+00
  PL   : train=-6.0679e-01  test=-9.6204e-01  σ_φ̄(train)=1.3513e-03  σ_φ̄(test)=7.4317e-04  σ_obs_ω=5.0000e-01  λ_PL=1.00
  KL   : M=1.123e+03  V=3.583e+02  Dw=1.155e+03  g=2.242e+03  sigma=1.947e+02  total=5.073e+03
  subnet MSE  M=1.925e+00  V=1.435e+01  Dw=3.946e-02  g=2.953e-01
[step   2800]
  train: −ELBO=2.6261e+00  NLL=2.7485e+00  NLL_R=1.0831e+00  NLL_ω=1.6654e+00  MSE_R=3.6161e-01  MSE_ω=5.3312e-01
  test : −ELBO=-2.6616e-01  NLL=2.1215e-01  NLL_R=-4.1130e-01  NLL_ω=6.2345e-01  MSE_R=1.3306e-03  MSE_ω=1.6202e-01
  sigma: σ_R=3.4719e-01  σ_ω=4.2201e-01  β=1.0000e+00
  PL   : train=-6.0784e-01  test=-9.6357e-01  σ_φ̄(train)=1.3272e-03  σ_φ̄(test)=6.8357e-04  σ_obs_ω=5.0000e-01  λ_PL=1.00
  KL   : M=1.094e+03  V=3.565e+02  Dw=1.128e+03  g=2.205e+03  sigma=1.885e+02  total=4.972e+03
  subnet MSE  M=1.940e+00  V=1.435e+01  Dw=4.015e-02  g=2.978e-01
[step   2850]
  train: −ELBO=2.5980e+00  NLL=2.7367e+00  NLL_R=1.0832e+00  NLL_ω=1.6535e+00  MSE_R=3.6163e-01  MSE_ω=5.2889e-01
  test : −ELBO=-2.8120e-01  NLL=2.1221e-01  NLL_R=-4.1124e-01  NLL_ω=6.2345e-01  MSE_R=1.3394e-03  MSE_ω=1.6316e-01
  sigma: σ_R=3.4720e-01  σ_ω=4.2136e-01  β=1.0000e+00
  PL   : train=-6.0860e-01  test=-9.6303e-01  σ_φ̄(train)=1.2026e-03  σ_φ̄(test)=5.9772e-04  σ_obs_ω=5.0000e-01  λ_PL=1.00
  KL   : M=1.047e+03  V=3.535e+02  Dw=1.086e+03  g=2.146e+03  sigma=1.786e+02  total=4.812e+03
  subnet MSE  M=1.941e+00  V=1.422e+01  Dw=3.897e-02  g=2.966e-01
[step   2900]
  train: −ELBO=2.5801e+00  NLL=2.7345e+00  NLL_R=1.0829e+00  NLL_ω=1.6516e+00  MSE_R=3.6155e-01  MSE_ω=5.2824e-01
  test : −ELBO=-2.9900e-01  NLL=2.1026e-01  NLL_R=-4.1146e-01  NLL_ω=6.2172e-01  MSE_R=1.3419e-03  MSE_ω=1.6349e-01
  sigma: σ_R=3.4716e-01  σ_ω=4.2082e-01  β=1.0000e+00
  PL   : train=-6.0854e-01  test=-9.6308e-01  σ_φ̄(train)=1.0974e-03  σ_φ̄(test)=4.7494e-04  σ_obs_ω=5.0000e-01  λ_PL=1.00
  KL   : M=1.001e+03  V=3.502e+02  Dw=1.045e+03  g=2.087e+03  sigma=1.685e+02  total=4.651e+03
  subnet MSE  M=1.951e+00  V=1.430e+01  Dw=4.153e-02  g=2.981e-01
[step   2950]
  train: −ELBO=2.5611e+00  NLL=2.7318e+00  NLL_R=1.0821e+00  NLL_ω=1.6497e+00  MSE_R=3.6138e-01  MSE_ω=5.2756e-01
  test : −ELBO=-3.1745e-01  NLL=2.0733e-01  NLL_R=-4.1144e-01  NLL_ω=6.1877e-01  MSE_R=1.3389e-03  MSE_ω=1.6320e-01
  sigma: σ_R=3.4718e-01  σ_ω=4.2039e-01  β=1.0000e+00
  PL   : train=-6.0991e-01  test=-9.6359e-01  σ_φ̄(train)=9.5875e-04  σ_φ̄(test)=3.5858e-04  σ_obs_ω=5.0000e-01  λ_PL=1.00
  KL   : M=9.567e+02  V=3.470e+02  Dw=1.005e+03  g=2.030e+03  sigma=1.590e+02  total=4.497e+03
  subnet MSE  M=1.970e+00  V=1.429e+01  Dw=3.784e-02  g=2.986e-01
[step   3000]
  train: −ELBO=2.5465e+00  NLL=2.7312e+00  NLL_R=1.0841e+00  NLL_ω=1.6471e+00  MSE_R=3.6186e-01  MSE_ω=5.2665e-01
  test : −ELBO=-3.3822e-01  NLL=2.0135e-01  NLL_R=-4.1131e-01  NLL_ω=6.1266e-01  MSE_R=1.3285e-03  MSE_ω=1.6189e-01
  sigma: σ_R=3.4719e-01  σ_ω=4.1990e-01  β=1.0000e+00
  PL   : train=-6.0857e-01  test=-9.6304e-01  σ_φ̄(train)=8.3665e-04  σ_φ̄(test)=3.0967e-04  σ_obs_ω=5.0000e-01  λ_PL=1.00
  KL   : M=9.121e+02  V=3.436e+02  Dw=9.659e+02  g=1.970e+03  sigma=1.490e+02  total=4.340e+03
  subnet MSE  M=1.972e+00  V=1.420e+01  Dw=3.907e-02  g=2.976e-01
[step   3050]
  train: −ELBO=2.5263e+00  NLL=2.7293e+00  NLL_R=1.0838e+00  NLL_ω=1.6455e+00  MSE_R=3.6177e-01  MSE_ω=5.2610e-01
  test : −ELBO=-3.5055e-01  NLL=2.0514e-01  NLL_R=-4.1150e-01  NLL_ω=6.1664e-01  MSE_R=1.3465e-03  MSE_ω=1.6413e-01
  sigma: σ_R=3.4716e-01  σ_ω=4.1942e-01  β=1.0000e+00
  PL   : train=-6.1007e-01  test=-9.6255e-01  σ_φ̄(train)=9.0724e-04  σ_φ̄(test)=2.6132e-04  σ_obs_ω=5.0000e-01  λ_PL=1.00
  KL   : M=8.641e+02  V=3.394e+02  Dw=9.234e+02  g=1.904e+03  sigma=1.382e+02  total=4.169e+03
  subnet MSE  M=1.980e+00  V=1.424e+01  Dw=3.896e-02  g=2.984e-01
[step   3100]
  train: −ELBO=2.5113e+00  NLL=2.7250e+00  NLL_R=1.0830e+00  NLL_ω=1.6420e+00  MSE_R=3.6158e-01  MSE_ω=5.2488e-01
  test : −ELBO=-3.6430e-01  NLL=2.0177e-01  NLL_R=-4.1127e-01  NLL_ω=6.1304e-01  MSE_R=1.3433e-03  MSE_ω=1.6363e-01
  sigma: σ_R=3.4719e-01  σ_ω=4.1897e-01  β=1.0000e+00
  PL   : train=-6.1111e-01  test=-9.6331e-01  σ_φ̄(train)=9.9106e-04  σ_φ̄(test)=2.4989e-04  σ_obs_ω=5.0000e-01  λ_PL=1.00
  KL   : M=8.367e+02  V=3.369e+02  Dw=8.988e+02  g=1.866e+03  sigma=1.318e+02  total=4.070e+03
  subnet MSE  M=1.989e+00  V=1.423e+01  Dw=3.902e-02  g=2.996e-01
[step   3150]
  train: −ELBO=2.5063e+00  NLL=2.7305e+00  NLL_R=1.0834e+00  NLL_ω=1.6470e+00  MSE_R=3.6168e-01  MSE_ω=5.2664e-01
  test : −ELBO=-3.7285e-01  NLL=2.0332e-01  NLL_R=-4.1131e-01  NLL_ω=6.1463e-01  MSE_R=1.3526e-03  MSE_ω=1.6495e-01
  sigma: σ_R=3.4718e-01  σ_ω=4.1854e-01  β=1.0000e+00
  PL   : train=-6.1069e-01  test=-9.6244e-01  σ_φ̄(train)=7.5108e-04  σ_φ̄(test)=1.7232e-04  σ_obs_ω=5.0000e-01  λ_PL=1.00
  KL   : M=8.063e+02  V=3.340e+02  Dw=8.716e+02  g=1.821e+03  sigma=1.252e+02  total=3.958e+03
  subnet MSE  M=1.994e+00  V=1.423e+01  Dw=3.932e-02  g=2.987e-01
[step   3200]
  train: −ELBO=2.4928e+00  NLL=2.7262e+00  NLL_R=1.0829e+00  NLL_ω=1.6433e+00  MSE_R=3.6155e-01  MSE_ω=5.2534e-01
  test : −ELBO=-3.7829e-01  NLL=2.0597e-01  NLL_R=-4.1115e-01  NLL_ω=6.1711e-01  MSE_R=1.3632e-03  MSE_ω=1.6620e-01
  sigma: σ_R=3.4719e-01  σ_ω=4.1831e-01  β=1.0000e+00
  PL   : train=-6.1075e-01  test=-9.6146e-01  σ_φ̄(train)=5.7779e-04  σ_φ̄(test)=1.3582e-04  σ_obs_ω=5.0000e-01  λ_PL=1.00
  KL   : M=7.806e+02  V=3.313e+02  Dw=8.488e+02  g=1.784e+03  sigma=1.194e+02  total=3.864e+03
  subnet MSE  M=2.000e+00  V=1.423e+01  Dw=3.836e-02  g=2.981e-01
[step   3250]
  train: −ELBO=2.4757e+00  NLL=2.7198e+00  NLL_R=1.0833e+00  NLL_ω=1.6365e+00  MSE_R=3.6166e-01  MSE_ω=5.2293e-01
  test : −ELBO=-3.9477e-01  NLL=2.0080e-01  NLL_R=-4.1117e-01  NLL_ω=6.1197e-01  MSE_R=1.3531e-03  MSE_ω=1.6477e-01
  sigma: σ_R=3.4719e-01  σ_ω=4.1810e-01  β=1.0000e+00
  PL   : train=-6.1156e-01  test=-9.6278e-01  σ_φ̄(train)=5.2909e-04  σ_φ̄(test)=1.1124e-04  σ_obs_ω=5.0000e-01  λ_PL=1.00
  KL   : M=7.534e+02  V=3.282e+02  Dw=8.251e+02  g=1.744e+03  sigma=1.130e+02  total=3.764e+03
  subnet MSE  M=1.997e+00  V=1.423e+01  Dw=3.886e-02  g=2.988e-01
[step   3300]
  train: −ELBO=2.4617e+00  NLL=2.7195e+00  NLL_R=1.0827e+00  NLL_ω=1.6368e+00  MSE_R=3.6152e-01  MSE_ω=5.2304e-01
  test : −ELBO=-4.0959e-01  NLL=1.9959e-01  NLL_R=-4.1147e-01  NLL_ω=6.1106e-01  MSE_R=1.3534e-03  MSE_ω=1.6493e-01
  sigma: σ_R=3.4716e-01  σ_ω=4.1782e-01  β=1.0000e+00
  PL   : train=-6.1133e-01  test=-9.6244e-01  σ_φ̄(train)=4.1721e-04  σ_φ̄(test)=8.2903e-05  σ_obs_ω=5.0000e-01  λ_PL=1.00
  KL   : M=7.148e+02  V=3.237e+02  Dw=7.915e+02  g=1.686e+03  sigma=1.042e+02  total=3.620e+03
  subnet MSE  M=2.004e+00  V=1.417e+01  Dw=3.992e-02  g=2.992e-01
[step   3350]
  train: −ELBO=2.4487e+00  NLL=2.7205e+00  NLL_R=1.0834e+00  NLL_ω=1.6370e+00  MSE_R=3.6169e-01  MSE_ω=5.2313e-01
  test : −ELBO=-4.1634e-01  NLL=2.0422e-01  NLL_R=-4.1070e-01  NLL_ω=6.1492e-01  MSE_R=1.3705e-03  MSE_ω=1.6696e-01
  sigma: σ_R=3.4724e-01  σ_ω=4.1742e-01  β=1.0000e+00
  PL   : train=-6.1276e-01  test=-9.6129e-01  σ_φ̄(train)=4.8530e-04  σ_φ̄(test)=6.5127e-05  σ_obs_ω=5.0000e-01  λ_PL=1.00
  KL   : M=6.809e+02  V=3.195e+02  Dw=7.615e+02  g=1.633e+03  sigma=9.634e+01  total=3.491e+03
  subnet MSE  M=2.009e+00  V=1.421e+01  Dw=4.091e-02  g=3.001e-01
[step   3400]
  train: −ELBO=2.4299e+00  NLL=2.7140e+00  NLL_R=1.0826e+00  NLL_ω=1.6314e+00  MSE_R=3.6150e-01  MSE_ω=5.2117e-01
  test : −ELBO=-4.2882e-01  NLL=2.0467e-01  NLL_R=-4.1158e-01  NLL_ω=6.1625e-01  MSE_R=1.3767e-03  MSE_ω=1.6762e-01
  sigma: σ_R=3.4713e-01  σ_ω=4.1730e-01  β=1.0000e+00
  PL   : train=-6.1186e-01  test=-9.6091e-01  σ_φ̄(train)=3.9499e-04  σ_φ̄(test)=4.3788e-05  σ_obs_ω=5.0000e-01  λ_PL=1.00
  KL   : M=6.458e+02  V=3.148e+02  Dw=7.305e+02  g=1.577e+03  sigma=8.821e+01  total=3.356e+03
  subnet MSE  M=2.013e+00  V=1.424e+01  Dw=3.913e-02  g=2.978e-01
[step   3450]
  train: −ELBO=2.4196e+00  NLL=2.7156e+00  NLL_R=1.0820e+00  NLL_ω=1.6336e+00  MSE_R=3.6135e-01  MSE_ω=5.2193e-01
  test : −ELBO=-4.5113e-01  NLL=1.9478e-01  NLL_R=-4.1135e-01  NLL_ω=6.0613e-01  MSE_R=1.3509e-03  MSE_ω=1.6442e-01
  sigma: σ_R=3.4717e-01  σ_ω=4.1710e-01  β=1.0000e+00
  PL   : train=-6.1251e-01  test=-9.6228e-01  σ_φ̄(train)=3.5989e-04  σ_φ̄(test)=3.0823e-05  σ_obs_ω=5.0000e-01  λ_PL=1.00
  KL   : M=6.164e+02  V=3.106e+02  Dw=7.045e+02  g=1.528e+03  sigma=8.163e+01  total=3.241e+03
  subnet MSE  M=2.016e+00  V=1.416e+01  Dw=4.007e-02  g=3.001e-01
[step   3500]
  train: −ELBO=2.4067e+00  NLL=2.7121e+00  NLL_R=1.0831e+00  NLL_ω=1.6290e+00  MSE_R=3.6161e-01  MSE_ω=5.2033e-01
  test : −ELBO=-4.5147e-01  NLL=2.0230e-01  NLL_R=-4.1121e-01  NLL_ω=6.1351e-01  MSE_R=1.3770e-03  MSE_ω=1.6755e-01
  sigma: σ_R=3.4718e-01  σ_ω=4.1679e-01  β=1.0000e+00
  PL   : train=-6.1266e-01  test=-9.6077e-01  σ_φ̄(train)=2.9896e-04  σ_φ̄(test)=2.1116e-05  σ_obs_ω=5.0000e-01  λ_PL=1.00
  KL   : M=5.921e+02  V=3.069e+02  Dw=6.828e+02  g=1.488e+03  sigma=7.639e+01  total=3.146e+03
  subnet MSE  M=2.016e+00  V=1.418e+01  Dw=4.151e-02  g=2.988e-01
[step   3550]
  train: −ELBO=2.3992e+00  NLL=2.7141e+00  NLL_R=1.0833e+00  NLL_ω=1.6308e+00  MSE_R=3.6164e-01  MSE_ω=5.2098e-01
  test : −ELBO=-4.5844e-01  NLL=2.0379e-01  NLL_R=-4.1142e-01  NLL_ω=6.1521e-01  MSE_R=1.3844e-03  MSE_ω=1.6860e-01
  sigma: σ_R=3.4715e-01  σ_ω=4.1651e-01  β=1.0000e+00
  PL   : train=-6.1420e-01  test=-9.6147e-01  σ_φ̄(train)=2.5523e-04  σ_φ̄(test)=1.7858e-05  σ_obs_ω=5.0000e-01  λ_PL=1.00
  KL   : M=5.718e+02  V=3.036e+02  Dw=6.647e+02  g=1.453e+03  sigma=7.185e+01  total=3.065e+03
  subnet MSE  M=2.019e+00  V=1.417e+01  Dw=3.941e-02  g=3.002e-01
[step   3600]
  train: −ELBO=2.3808e+00  NLL=2.7057e+00  NLL_R=1.0830e+00  NLL_ω=1.6226e+00  MSE_R=3.6159e-01  MSE_ω=5.1813e-01
  test : −ELBO=-4.7425e-01  NLL=1.9792e-01  NLL_R=-4.1111e-01  NLL_ω=6.0902e-01  MSE_R=1.3656e-03  MSE_ω=1.6643e-01
  sigma: σ_R=3.4720e-01  σ_ω=4.1652e-01  β=1.0000e+00
  PL   : train=-6.1512e-01  test=-9.6233e-01  σ_φ̄(train)=2.3158e-04  σ_φ̄(test)=1.7035e-05  σ_obs_ω=5.0000e-01  λ_PL=1.00
  KL   : M=5.492e+02  V=2.996e+02  Dw=6.439e+02  g=1.413e+03  sigma=6.649e+01  total=2.972e+03
  subnet MSE  M=2.024e+00  V=1.419e+01  Dw=3.942e-02  g=3.003e-01
[step   3650]
  train: −ELBO=2.3765e+00  NLL=2.7061e+00  NLL_R=1.0828e+00  NLL_ω=1.6233e+00  MSE_R=3.6154e-01  MSE_ω=5.1836e-01
  test : −ELBO=-4.7560e-01  NLL=2.0180e-01  NLL_R=-4.1143e-01  NLL_ω=6.1323e-01  MSE_R=1.3827e-03  MSE_ω=1.6826e-01
  sigma: σ_R=3.4715e-01  σ_ω=4.1630e-01  β=1.0000e+00
  PL   : train=-6.1292e-01  test=-9.6058e-01  σ_φ̄(train)=1.8545e-04  σ_φ̄(test)=1.1791e-05  σ_obs_ω=5.0000e-01  λ_PL=1.00
  KL   : M=5.318e+02  V=2.964e+02  Dw=6.280e+02  g=1.382e+03  sigma=6.284e+01  total=2.901e+03
  subnet MSE  M=2.028e+00  V=1.412e+01  Dw=4.063e-02  g=2.989e-01
[step   3700]
  train: −ELBO=2.4110e+00  NLL=2.7026e+00  NLL_R=1.0829e+00  NLL_ω=1.6197e+00  MSE_R=3.6155e-01  MSE_ω=5.1714e-01
  test : −ELBO=-4.8488e-01  NLL=1.9990e-01  NLL_R=-4.1148e-01  NLL_ω=6.1138e-01  MSE_R=1.3787e-03  MSE_ω=1.6793e-01
  sigma: σ_R=3.4715e-01  σ_ω=4.1612e-01  β=1.0000e+00
  PL   : train=-5.6773e-01  test=-9.6081e-01  σ_φ̄(train)=1.7688e-04  σ_φ̄(test)=8.2852e-06  σ_obs_ω=5.0000e-01  λ_PL=1.00
  KL   : M=5.144e+02  V=2.930e+02  Dw=6.113e+02  g=1.350e+03  sigma=5.927e+01  total=2.828e+03
  subnet MSE  M=2.026e+00  V=1.421e+01  Dw=3.969e-02  g=3.006e-01
[step   3750]
  train: −ELBO=2.3732e+00  NLL=2.7157e+00  NLL_R=1.0823e+00  NLL_ω=1.6334e+00  MSE_R=3.6142e-01  MSE_ω=5.2187e-01
  test : −ELBO=-4.9801e-01  NLL=1.9386e-01  NLL_R=-4.1179e-01  NLL_ω=6.0565e-01  MSE_R=1.3632e-03  MSE_ω=1.6578e-01
  sigma: σ_R=3.4712e-01  σ_ω=4.1621e-01  β=1.0000e+00
  PL   : train=-6.1300e-01  test=-9.6225e-01  σ_φ̄(train)=3.6642e-04  σ_φ̄(test)=7.4915e-06  σ_obs_ω=5.0000e-01  λ_PL=1.00
  KL   : M=5.008e+02  V=2.903e+02  Dw=5.989e+02  g=1.324e+03  sigma=5.619e+01  total=2.770e+03
  subnet MSE  M=2.032e+00  V=1.405e+01  Dw=4.080e-02  g=3.010e-01
[step   3800]
  train: −ELBO=2.3526e+00  NLL=2.7022e+00  NLL_R=1.0830e+00  NLL_ω=1.6192e+00  MSE_R=3.6159e-01  MSE_ω=5.1694e-01
  test : −ELBO=-4.9326e-01  NLL=2.0354e-01  NLL_R=-4.1140e-01  NLL_ω=6.1495e-01  MSE_R=1.3886e-03  MSE_ω=1.6912e-01
  sigma: σ_R=3.4715e-01  σ_ω=4.1615e-01  β=1.0000e+00
  PL   : train=-6.1477e-01  test=-9.6192e-01  σ_φ̄(train)=2.8427e-04  σ_φ̄(test)=7.3648e-06  σ_obs_ω=5.0000e-01  λ_PL=1.00
  KL   : M=4.879e+02  V=2.876e+02  Dw=5.871e+02  g=1.300e+03  sigma=5.321e+01  total=2.715e+03
  subnet MSE  M=2.032e+00  V=1.420e+01  Dw=4.079e-02  g=3.012e-01
[step   3850]
  train: −ELBO=2.3572e+00  NLL=2.7103e+00  NLL_R=1.0834e+00  NLL_ω=1.6269e+00  MSE_R=3.6169e-01  MSE_ω=5.1960e-01
  test : −ELBO=-5.0106e-01  NLL=1.9984e-01  NLL_R=-4.1181e-01  NLL_ω=6.1165e-01  MSE_R=1.3794e-03  MSE_ω=1.6805e-01
  sigma: σ_R=3.4711e-01  σ_ω=4.1611e-01  β=1.0000e+00
  PL   : train=-6.1352e-01  test=-9.6116e-01  σ_φ̄(train)=1.1365e-04  σ_φ̄(test)=4.3962e-06  σ_obs_ω=5.0000e-01  λ_PL=1.00
  KL   : M=4.763e+02  V=2.851e+02  Dw=5.765e+02  g=1.277e+03  sigma=5.120e+01  total=2.666e+03
  subnet MSE  M=2.032e+00  V=1.417e+01  Dw=3.983e-02  g=2.992e-01
[step   3900]
  train: −ELBO=2.3467e+00  NLL=2.7061e+00  NLL_R=1.0826e+00  NLL_ω=1.6235e+00  MSE_R=3.6149e-01  MSE_ω=5.1843e-01
  test : −ELBO=-5.0736e-01  NLL=1.9863e-01  NLL_R=-4.1121e-01  NLL_ω=6.0984e-01  MSE_R=1.3791e-03  MSE_ω=1.6790e-01
  sigma: σ_R=3.4718e-01  σ_ω=4.1583e-01  β=1.0000e+00
  PL   : train=-6.1459e-01  test=-9.6115e-01  σ_φ̄(train)=1.0081e-04  σ_φ̄(test)=3.6129e-06  σ_obs_ω=5.0000e-01  λ_PL=1.00
  KL   : M=4.644e+02  V=2.824e+02  Dw=5.652e+02  g=1.253e+03  sigma=4.870e+01  total=2.614e+03
  subnet MSE  M=2.035e+00  V=1.416e+01  Dw=3.902e-02  g=2.996e-01
[step   3950]
  train: −ELBO=2.3401e+00  NLL=2.7053e+00  NLL_R=1.0821e+00  NLL_ω=1.6231e+00  MSE_R=3.6138e-01  MSE_ω=5.1831e-01
  test : −ELBO=-5.1276e-01  NLL=1.9903e-01  NLL_R=-4.1152e-01  NLL_ω=6.1055e-01  MSE_R=1.3871e-03  MSE_ω=1.6882e-01
  sigma: σ_R=3.4714e-01  σ_ω=4.1543e-01  β=1.0000e+00
  PL   : train=-6.1456e-01  test=-9.6107e-01  σ_φ̄(train)=2.8518e-04  σ_φ̄(test)=2.9012e-06  σ_obs_ω=5.0000e-01  λ_PL=1.00
  KL   : M=4.505e+02  V=2.792e+02  Dw=5.527e+02  g=1.226e+03  sigma=4.582e+01  total=2.554e+03
  subnet MSE  M=2.036e+00  V=1.415e+01  Dw=4.134e-02  g=3.005e-01
[step   4000]
  train: −ELBO=2.3347e+00  NLL=2.7048e+00  NLL_R=1.0832e+00  NLL_ω=1.6216e+00  MSE_R=3.6163e-01  MSE_ω=5.1777e-01
  test : −ELBO=-5.1398e-01  NLL=2.0208e-01  NLL_R=-4.1192e-01  NLL_ω=6.1401e-01  MSE_R=1.3967e-03  MSE_ω=1.7009e-01
  sigma: σ_R=3.4709e-01  σ_ω=4.1538e-01  β=1.0000e+00
  PL   : train=-6.1450e-01  test=-9.6044e-01  σ_φ̄(train)=1.1907e-04  σ_φ̄(test)=2.6244e-06  σ_obs_ω=5.0000e-01  λ_PL=1.00
  KL   : M=4.391e+02  V=2.764e+02  Dw=5.419e+02  g=1.202e+03  sigma=4.337e+01  total=2.503e+03
  subnet MSE  M=2.036e+00  V=1.411e+01  Dw=3.976e-02  g=2.993e-01
[step   4050]
  train: −ELBO=2.3288e+00  NLL=2.7028e+00  NLL_R=1.0825e+00  NLL_ω=1.6204e+00  MSE_R=3.6145e-01  MSE_ω=5.1736e-01
  test : −ELBO=-5.1708e-01  NLL=2.0387e-01  NLL_R=-4.1135e-01  NLL_ω=6.1522e-01  MSE_R=1.3985e-03  MSE_ω=1.7032e-01
  sigma: σ_R=3.4715e-01  σ_ω=4.1548e-01  β=1.0000e+00
  PL   : train=-6.1343e-01  test=-9.6027e-01  σ_φ̄(train)=8.3253e-05  σ_φ̄(test)=2.1405e-06  σ_obs_ω=5.0000e-01  λ_PL=1.00
  KL   : M=4.278e+02  V=2.734e+02  Dw=5.312e+02  g=1.178e+03  sigma=4.099e+01  total=2.452e+03
  subnet MSE  M=2.038e+00  V=1.424e+01  Dw=3.941e-02  g=2.984e-01
[step   4100]
  train: −ELBO=2.3449e+00  NLL=2.7019e+00  NLL_R=1.0829e+00  NLL_ω=1.6190e+00  MSE_R=3.6156e-01  MSE_ω=5.1687e-01
  test : −ELBO=-5.3121e-01  NLL=1.9616e-01  NLL_R=-4.1170e-01  NLL_ω=6.0786e-01  MSE_R=1.3790e-03  MSE_ω=1.6800e-01
  sigma: σ_R=3.4712e-01  σ_ω=4.1535e-01  β=1.0000e+00
  PL   : train=-5.9232e-01  test=-9.6267e-01  σ_φ̄(train)=8.5428e-05  σ_φ̄(test)=1.6958e-06  σ_obs_ω=5.0000e-01  λ_PL=1.00
  KL   : M=4.185e+02  V=2.710e+02  Dw=5.224e+02  g=1.159e+03  sigma=3.925e+01  total=2.410e+03
  subnet MSE  M=2.038e+00  V=1.416e+01  Dw=4.080e-02  g=3.022e-01
[step   4150]
  train: −ELBO=2.3207e+00  NLL=2.7044e+00  NLL_R=1.0826e+00  NLL_ω=1.6218e+00  MSE_R=3.6148e-01  MSE_ω=5.1785e-01
  test : −ELBO=-5.3511e-01  NLL=1.9463e-01  NLL_R=-4.1172e-01  NLL_ω=6.0635e-01  MSE_R=1.3766e-03  MSE_ω=1.6746e-01
  sigma: σ_R=3.4712e-01  σ_ω=4.1537e-01  β=1.0000e+00
  PL   : train=-6.1503e-01  test=-9.6103e-01  σ_φ̄(train)=1.0781e-04  σ_φ̄(test)=1.3517e-06  σ_obs_ω=5.0000e-01  λ_PL=1.00
  KL   : M=4.092e+02  V=2.685e+02  Dw=5.137e+02  g=1.140e+03  sigma=3.750e+01  total=2.369e+03
  subnet MSE  M=2.038e+00  V=1.416e+01  Dw=4.083e-02  g=2.995e-01
[step   4200]
  train: −ELBO=2.3143e+00  NLL=2.7042e+00  NLL_R=1.0826e+00  NLL_ω=1.6216e+00  MSE_R=3.6148e-01  MSE_ω=5.1780e-01
  test : −ELBO=-5.4426e-01  NLL=1.9246e-01  NLL_R=-4.1271e-01  NLL_ω=6.0518e-01  MSE_R=1.3786e-03  MSE_ω=1.6782e-01
  sigma: σ_R=3.4701e-01  σ_ω=4.1492e-01  β=1.0000e+00
  PL   : train=-6.1516e-01  test=-9.6176e-01  σ_φ̄(train)=1.4792e-04  σ_φ̄(test)=1.0768e-06  σ_obs_ω=5.0000e-01  λ_PL=1.00
  KL   : M=3.952e+02  V=2.647e+02  Dw=5.007e+02  g=1.111e+03  sigma=3.474e+01  total=2.306e+03
  subnet MSE  M=2.038e+00  V=1.407e+01  Dw=4.058e-02  g=3.007e-01
[step   4250]
  train: −ELBO=2.3057e+00  NLL=2.7001e+00  NLL_R=1.0825e+00  NLL_ω=1.6176e+00  MSE_R=3.6145e-01  MSE_ω=5.1642e-01
  test : −ELBO=-5.4308e-01  NLL=1.9716e-01  NLL_R=-4.1188e-01  NLL_ω=6.0904e-01  MSE_R=1.3914e-03  MSE_ω=1.6919e-01
  sigma: σ_R=3.4710e-01  σ_ω=4.1489e-01  β=1.0000e+00
  PL   : train=-6.1401e-01  test=-9.5975e-01  σ_φ̄(train)=6.3598e-05  σ_φ̄(test)=6.5715e-07  σ_obs_ω=5.0000e-01  λ_PL=1.00
  KL   : M=3.830e+02  V=2.611e+02  Dw=4.889e+02  g=1.083e+03  sigma=3.288e+01  total=2.249e+03
  subnet MSE  M=2.041e+00  V=1.409e+01  Dw=4.043e-02  g=2.986e-01
[step   4300]
  train: −ELBO=2.3047e+00  NLL=2.7034e+00  NLL_R=1.0821e+00  NLL_ω=1.6213e+00  MSE_R=3.6137e-01  MSE_ω=5.1768e-01
  test : −ELBO=-5.4658e-01  NLL=1.9838e-01  NLL_R=-4.1138e-01  NLL_ω=6.0976e-01  MSE_R=1.3895e-03  MSE_ω=1.6891e-01
  sigma: σ_R=3.4716e-01  σ_ω=4.1520e-01  β=1.0000e+00
  PL   : train=-6.1376e-01  test=-9.5993e-01  σ_φ̄(train)=3.8240e-05  σ_φ̄(test)=4.1828e-07  σ_obs_ω=5.0000e-01  λ_PL=1.00
  KL   : M=3.729e+02  V=2.580e+02  Dw=4.793e+02  g=1.061e+03  sigma=3.145e+01  total=2.202e+03
  subnet MSE  M=2.042e+00  V=1.410e+01  Dw=4.040e-02  g=2.976e-01
[step   4350]
  train: −ELBO=2.2960e+00  NLL=2.7019e+00  NLL_R=1.0830e+00  NLL_ω=1.6189e+00  MSE_R=3.6158e-01  MSE_ω=5.1686e-01
  test : −ELBO=-5.5543e-01  NLL=1.9254e-01  NLL_R=-4.1147e-01  NLL_ω=6.0401e-01  MSE_R=1.3768e-03  MSE_ω=1.6747e-01
  sigma: σ_R=3.4715e-01  σ_ω=4.1488e-01  β=1.0000e+00
  PL   : train=-6.1607e-01  test=-9.5803e-01  σ_φ̄(train)=8.5310e-05  σ_φ̄(test)=3.6403e-07  σ_obs_ω=5.0000e-01  λ_PL=1.00
  KL   : M=3.623e+02  V=2.544e+02  Dw=4.690e+02  g=1.037e+03  sigma=2.948e+01  total=2.152e+03
  subnet MSE  M=2.044e+00  V=1.411e+01  Dw=4.017e-02  g=3.009e-01
[step   4400]
  train: −ELBO=2.2916e+00  NLL=2.7012e+00  NLL_R=1.0828e+00  NLL_ω=1.6184e+00  MSE_R=3.6154e-01  MSE_ω=5.1668e-01
  test : −ELBO=-5.6052e-01  NLL=1.9509e-01  NLL_R=-4.1140e-01  NLL_ω=6.0650e-01  MSE_R=1.3829e-03  MSE_ω=1.6816e-01
  sigma: σ_R=3.4715e-01  σ_ω=4.1498e-01  β=1.0000e+00
  PL   : train=-6.1516e-01  test=-9.6100e-01  σ_φ̄(train)=7.9244e-05  σ_φ̄(test)=4.1364e-07  σ_obs_ω=5.0000e-01  λ_PL=1.00
  KL   : M=3.526e+02  V=2.510e+02  Dw=4.600e+02  g=1.014e+03  sigma=2.741e+01  total=2.105e+03
  subnet MSE  M=2.046e+00  V=1.405e+01  Dw=4.083e-02  g=2.998e-01
[step   4450]
  train: −ELBO=2.2862e+00  NLL=2.6995e+00  NLL_R=1.0829e+00  NLL_ω=1.6166e+00  MSE_R=3.6156e-01  MSE_ω=5.1605e-01
  test : −ELBO=-5.6617e-01  NLL=1.9365e-01  NLL_R=-4.1150e-01  NLL_ω=6.0515e-01  MSE_R=1.3776e-03  MSE_ω=1.6750e-01
  sigma: σ_R=3.4715e-01  σ_ω=4.1510e-01  β=1.0000e+00
  PL   : train=-6.1483e-01  test=-9.6132e-01  σ_φ̄(train)=5.2244e-05  σ_φ̄(test)=3.7929e-07  σ_obs_ω=5.0000e-01  λ_PL=1.00
  KL   : M=3.444e+02  V=2.480e+02  Dw=4.518e+02  g=9.941e+02  sigma=2.574e+01  total=2.064e+03
  subnet MSE  M=2.046e+00  V=1.410e+01  Dw=4.080e-02  g=3.004e-01
[step   4500]
  train: −ELBO=2.2820e+00  NLL=2.6979e+00  NLL_R=1.0836e+00  NLL_ω=1.6143e+00  MSE_R=3.6173e-01  MSE_ω=5.1528e-01
  test : −ELBO=-5.5300e-01  NLL=2.0267e-01  NLL_R=-4.1166e-01  NLL_ω=6.1433e-01  MSE_R=1.4064e-03  MSE_ω=1.7123e-01
  sigma: σ_R=3.4711e-01  σ_ω=4.1477e-01  β=1.0000e+00
  PL   : train=-6.1470e-01  test=-9.5438e-01  σ_φ̄(train)=3.4762e-05  σ_φ̄(test)=3.7186e-07  σ_obs_ω=5.0000e-01  λ_PL=1.00
  KL   : M=3.387e+02  V=2.456e+02  Dw=4.463e+02  g=9.802e+02  sigma=2.464e+01  total=2.035e+03
  subnet MSE  M=2.047e+00  V=1.411e+01  Dw=4.021e-02  g=2.985e-01
[step   4550]
  train: −ELBO=2.2761e+00  NLL=2.6962e+00  NLL_R=1.0834e+00  NLL_ω=1.6128e+00  MSE_R=3.6167e-01  MSE_ω=5.1475e-01
  test : −ELBO=-5.7105e-01  NLL=1.9486e-01  NLL_R=-4.1164e-01  NLL_ω=6.0650e-01  MSE_R=1.3861e-03  MSE_ω=1.6884e-01
  sigma: σ_R=3.4713e-01  σ_ω=4.1458e-01  β=1.0000e+00
  PL   : train=-6.1597e-01  test=-9.6178e-01  σ_φ̄(train)=9.6273e-05  σ_φ̄(test)=3.0857e-07  σ_obs_ω=5.0000e-01  λ_PL=1.00
  KL   : M=3.327e+02  V=2.432e+02  Dw=4.405e+02  g=9.664e+02  sigma=2.373e+01  total=2.007e+03
  subnet MSE  M=2.048e+00  V=1.410e+01  Dw=4.008e-02  g=3.008e-01
[step   4600]
  train: −ELBO=2.2742e+00  NLL=2.6977e+00  NLL_R=1.0830e+00  NLL_ω=1.6147e+00  MSE_R=3.6159e-01  MSE_ω=5.1540e-01
  test : −ELBO=-5.6506e-01  NLL=1.9286e-01  NLL_R=-4.1136e-01  NLL_ω=6.0422e-01  MSE_R=1.3827e-03  MSE_ω=1.6832e-01
  sigma: σ_R=3.4716e-01  σ_ω=4.1442e-01  β=1.0000e+00
  PL   : train=-6.1492e-01  test=-9.4928e-01  σ_φ̄(train)=3.6519e-05  σ_φ̄(test)=1.9742e-07  σ_obs_ω=5.0000e-01  λ_PL=1.00
  KL   : M=3.233e+02  V=2.393e+02  Dw=4.316e+02  g=9.434e+02  sigma=2.250e+01  total=1.960e+03
  subnet MSE  M=2.048e+00  V=1.411e+01  Dw=4.053e-02  g=3.011e-01
[step   4650]
  train: −ELBO=2.2718e+00  NLL=2.6996e+00  NLL_R=1.0820e+00  NLL_ω=1.6176e+00  MSE_R=3.6134e-01  MSE_ω=5.1640e-01
  test : −ELBO=-5.7748e-01  NLL=1.9567e-01  NLL_R=-4.1127e-01  NLL_ω=6.0694e-01  MSE_R=1.3910e-03  MSE_ω=1.6923e-01
  sigma: σ_R=3.4718e-01  σ_ω=4.1443e-01  β=1.0000e+00
  PL   : train=-6.1544e-01  test=-9.6069e-01  σ_φ̄(train)=2.8364e-05  σ_φ̄(test)=1.4798e-07  σ_obs_ω=5.0000e-01  λ_PL=1.00
  KL   : M=3.156e+02  V=2.359e+02  Dw=4.244e+02  g=9.240e+02  sigma=2.149e+01  total=1.921e+03
  subnet MSE  M=2.048e+00  V=1.407e+01  Dw=4.082e-02  g=3.000e-01
[step   4700]
  train: −ELBO=2.2703e+00  NLL=2.7001e+00  NLL_R=1.0825e+00  NLL_ω=1.6177e+00  MSE_R=3.6146e-01  MSE_ω=5.1643e-01
  test : −ELBO=-5.7483e-01  NLL=2.0033e-01  NLL_R=-4.1102e-01  NLL_ω=6.1135e-01  MSE_R=1.4032e-03  MSE_ω=1.7076e-01
  sigma: σ_R=3.4719e-01  σ_ω=4.1443e-01  β=1.0000e+00
  PL   : train=-6.1452e-01  test=-9.5981e-01  σ_φ̄(train)=4.7369e-05  σ_φ̄(test)=1.4678e-07  σ_obs_ω=5.0000e-01  λ_PL=1.00
  KL   : M=3.097e+02  V=2.331e+02  Dw=4.189e+02  g=9.093e+02  sigma=2.044e+01  total=1.891e+03
  subnet MSE  M=2.053e+00  V=1.411e+01  Dw=4.018e-02  g=2.988e-01
[step   4750]
  train: −ELBO=2.2647e+00  NLL=2.6977e+00  NLL_R=1.0824e+00  NLL_ω=1.6154e+00  MSE_R=3.6143e-01  MSE_ω=5.1564e-01
  test : −ELBO=-5.7925e-01  NLL=1.9952e-01  NLL_R=-4.1201e-01  NLL_ω=6.1153e-01  MSE_R=1.4025e-03  MSE_ω=1.7071e-01
  sigma: σ_R=3.4707e-01  σ_ω=4.1449e-01  β=1.0000e+00
  PL   : train=-6.1450e-01  test=-9.6020e-01  σ_φ̄(train)=3.1995e-05  σ_φ̄(test)=4.0124e-08  σ_obs_ω=5.0000e-01  λ_PL=1.00
  KL   : M=3.028e+02  V=2.298e+02  Dw=4.127e+02  g=8.920e+02  sigma=2.100e+01  total=1.858e+03
  subnet MSE  M=2.052e+00  V=1.413e+01  Dw=3.893e-02  g=2.994e-01
[step   4800]
  train: −ELBO=2.2652e+00  NLL=2.7028e+00  NLL_R=1.0824e+00  NLL_ω=1.6204e+00  MSE_R=3.6144e-01  MSE_ω=5.1736e-01
  test : −ELBO=-5.8568e-01  NLL=1.9785e-01  NLL_R=-4.1124e-01  NLL_ω=6.0909e-01  MSE_R=1.3924e-03  MSE_ω=1.6987e-01
  sigma: σ_R=3.4718e-01  σ_ω=4.1449e-01  β=1.0000e+00
  PL   : train=-6.1574e-01  test=-9.6161e-01  σ_φ̄(train)=1.7977e-05  σ_φ̄(test)=4.0407e-08  σ_obs_ω=5.0000e-01  λ_PL=1.00
  KL   : M=2.962e+02  V=2.266e+02  Dw=4.064e+02  g=8.750e+02  sigma=2.029e+01  total=1.824e+03
  subnet MSE  M=2.051e+00  V=1.410e+01  Dw=4.033e-02  g=3.006e-01
[step   4850]
  train: −ELBO=2.2549e+00  NLL=2.6954e+00  NLL_R=1.0825e+00  NLL_ω=1.6129e+00  MSE_R=3.6146e-01  MSE_ω=5.1478e-01
  test : −ELBO=-5.8596e-01  NLL=1.9877e-01  NLL_R=-4.1094e-01  NLL_ω=6.0971e-01  MSE_R=1.4000e-03  MSE_ω=1.7033e-01
  sigma: σ_R=3.4720e-01  σ_ω=4.1434e-01  β=1.0000e+00
  PL   : train=-6.1589e-01  test=-9.6012e-01  σ_φ̄(train)=2.0770e-05  σ_φ̄(test)=4.4404e-08  σ_obs_ω=5.0000e-01  λ_PL=1.00
  KL   : M=2.907e+02  V=2.238e+02  Dw=4.016e+02  g=8.611e+02  sigma=1.959e+01  total=1.797e+03
  subnet MSE  M=2.050e+00  V=1.411e+01  Dw=4.176e-02  g=3.003e-01
[step   4900]
  train: −ELBO=2.2650e+00  NLL=2.7075e+00  NLL_R=1.0828e+00  NLL_ω=1.6246e+00  MSE_R=3.6154e-01  MSE_ω=5.1881e-01
  test : −ELBO=-5.8554e-01  NLL=2.0184e-01  NLL_R=-4.1061e-01  NLL_ω=6.1245e-01  MSE_R=1.4125e-03  MSE_ω=1.7190e-01
  sigma: σ_R=3.4722e-01  σ_ω=4.1400e-01  β=1.0000e+00
  PL   : train=-6.1451e-01  test=-9.5934e-01  σ_φ̄(train)=7.2417e-05  σ_φ̄(test)=3.4921e-08  σ_obs_ω=5.0000e-01  λ_PL=1.00
  KL   : M=2.838e+02  V=2.203e+02  Dw=3.955e+02  g=8.432e+02  sigma=1.904e+01  total=1.762e+03
  subnet MSE  M=2.055e+00  V=1.405e+01  Dw=4.193e-02  g=2.993e-01
[step   4950]
  train: −ELBO=2.2536e+00  NLL=2.7002e+00  NLL_R=1.0841e+00  NLL_ω=1.6161e+00  MSE_R=3.6184e-01  MSE_ω=5.1590e-01
  test : −ELBO=-5.8360e-01  NLL=2.0686e-01  NLL_R=-4.1084e-01  NLL_ω=6.1770e-01  MSE_R=1.4237e-03  MSE_ω=1.7338e-01
  sigma: σ_R=3.4720e-01  σ_ω=4.1415e-01  β=1.0000e+00
  PL   : train=-6.1577e-01  test=-9.5962e-01  σ_φ̄(train)=1.4247e-05  σ_φ̄(test)=3.3361e-08  σ_obs_ω=5.0000e-01  λ_PL=1.00
  KL   : M=2.781e+02  V=2.171e+02  Dw=3.904e+02  g=8.285e+02  sigma=1.844e+01  total=1.732e+03
  subnet MSE  M=2.053e+00  V=1.419e+01  Dw=3.984e-02  g=3.003e-01
[step   5000]
  train: −ELBO=2.2435e+00  NLL=2.6922e+00  NLL_R=1.0829e+00  NLL_ω=1.6093e+00  MSE_R=3.6157e-01  MSE_ω=5.1354e-01
  test : −ELBO=-5.9566e-01  NLL=1.9736e-01  NLL_R=-4.1116e-01  NLL_ω=6.0852e-01  MSE_R=1.3981e-03  MSE_ω=1.7010e-01
  sigma: σ_R=3.4718e-01  σ_ω=4.1425e-01  β=1.0000e+00
  PL   : train=-6.1610e-01  test=-9.6041e-01  σ_φ̄(train)=2.8921e-05  σ_φ̄(test)=3.0623e-08  σ_obs_ω=5.0000e-01  λ_PL=1.00
  KL   : M=2.747e+02  V=2.152e+02  Dw=3.870e+02  g=8.196e+02  sigma=1.815e+01  total=1.715e+03
  subnet MSE  M=2.055e+00  V=1.405e+01  Dw=4.070e-02  g=2.999e-01
[step   5050]
  train: −ELBO=2.2468e+00  NLL=2.6983e+00  NLL_R=1.0825e+00  NLL_ω=1.6158e+00  MSE_R=3.6147e-01  MSE_ω=5.1578e-01
  test : −ELBO=-6.0273e-01  NLL=1.9327e-01  NLL_R=-4.1184e-01  NLL_ω=6.0511e-01  MSE_R=1.3917e-03  MSE_ω=1.6939e-01
  sigma: σ_R=3.4711e-01  σ_ω=4.1395e-01  β=1.0000e+00
  PL   : train=-6.1642e-01  test=-9.6084e-01  σ_φ̄(train)=3.4880e-04  σ_φ̄(test)=3.2091e-08  σ_obs_ω=5.0000e-01  λ_PL=1.00
  KL   : M=2.697e+02  V=2.123e+02  Dw=3.826e+02  g=8.065e+02  sigma=1.760e+01  total=1.689e+03
  subnet MSE  M=2.054e+00  V=1.403e+01  Dw=4.046e-02  g=3.004e-01
[step   5100]
  train: −ELBO=2.2392e+00  NLL=2.6934e+00  NLL_R=1.0839e+00  NLL_ω=1.6095e+00  MSE_R=3.6181e-01  MSE_ω=5.1363e-01
  test : −ELBO=-5.9982e-01  NLL=1.9784e-01  NLL_R=-4.1123e-01  NLL_ω=6.0907e-01  MSE_R=1.4044e-03  MSE_ω=1.7062e-01
  sigma: σ_R=3.4717e-01  σ_ω=4.1404e-01  β=1.0000e+00
  PL   : train=-6.1610e-01  test=-9.5949e-01  σ_φ̄(train)=1.4015e-05  σ_φ̄(test)=2.8575e-08  σ_obs_ω=5.0000e-01  λ_PL=1.00
  KL   : M=2.636e+02  V=2.087e+02  Dw=3.775e+02  g=7.906e+02  sigma=1.718e+01  total=1.658e+03
  subnet MSE  M=2.054e+00  V=1.408e+01  Dw=4.202e-02  g=2.995e-01
[step   5150]
  train: −ELBO=2.2390e+00  NLL=2.6950e+00  NLL_R=1.0828e+00  NLL_ω=1.6122e+00  MSE_R=3.6153e-01  MSE_ω=5.1456e-01
  test : −ELBO=-6.1245e-01  NLL=1.8872e-01  NLL_R=-4.1131e-01  NLL_ω=6.0004e-01  MSE_R=1.3782e-03  MSE_ω=1.6745e-01
  sigma: σ_R=3.4717e-01  σ_ω=4.1408e-01  β=1.0000e+00
  PL   : train=-6.1609e-01  test=-9.6120e-01  σ_φ̄(train)=3.4449e-05  σ_φ̄(test)=3.0371e-08  σ_obs_ω=5.0000e-01  λ_PL=1.00
  KL   : M=2.600e+02  V=2.064e+02  Dw=3.745e+02  g=7.814e+02  sigma=1.673e+01  total=1.639e+03
  subnet MSE  M=2.056e+00  V=1.399e+01  Dw=4.131e-02  g=3.013e-01
[step   5200]
  train: −ELBO=2.2370e+00  NLL=2.6934e+00  NLL_R=1.0835e+00  NLL_ω=1.6099e+00  MSE_R=3.6171e-01  MSE_ω=5.1376e-01
  test : −ELBO=-5.9992e-01  NLL=1.9972e-01  NLL_R=-4.1167e-01  NLL_ω=6.1139e-01  MSE_R=1.4097e-03  MSE_ω=1.7134e-01
  sigma: σ_R=3.4713e-01  σ_ω=4.1412e-01  β=1.0000e+00
  PL   : train=-6.1514e-01  test=-9.5833e-01  σ_φ̄(train)=1.9501e-05  σ_φ̄(test)=2.6385e-08  σ_obs_ω=5.0000e-01  λ_PL=1.00
  KL   : M=2.574e+02  V=2.047e+02  Dw=3.724e+02  g=7.742e+02  sigma=1.670e+01  total=1.625e+03
  subnet MSE  M=2.055e+00  V=1.409e+01  Dw=4.033e-02  g=2.987e-01
[step   5250]
  train: −ELBO=2.2381e+00  NLL=2.6974e+00  NLL_R=1.0826e+00  NLL_ω=1.6148e+00  MSE_R=3.6149e-01  MSE_ω=5.1542e-01
  test : −ELBO=-6.1252e-01  NLL=1.9086e-01  NLL_R=-4.1190e-01  NLL_ω=6.0276e-01  MSE_R=1.3882e-03  MSE_ω=1.6864e-01
  sigma: σ_R=3.4710e-01  σ_ω=4.1390e-01  β=1.0000e+00
  PL   : train=-6.1604e-01  test=-9.6012e-01  σ_φ̄(train)=9.3641e-05  σ_φ̄(test)=2.5726e-08  σ_obs_ω=5.0000e-01  λ_PL=1.00
  KL   : M=2.535e+02  V=2.023e+02  Dw=3.691e+02  g=7.643e+02  sigma=1.630e+01  total=1.605e+03
  subnet MSE  M=2.053e+00  V=1.404e+01  Dw=4.009e-02  g=2.998e-01
[step   5300]
  train: −ELBO=2.2338e+00  NLL=2.6950e+00  NLL_R=1.0824e+00  NLL_ω=1.6126e+00  MSE_R=3.6145e-01  MSE_ω=5.1468e-01
  test : −ELBO=-6.0699e-01  NLL=1.9778e-01  NLL_R=-4.1176e-01  NLL_ω=6.0954e-01  MSE_R=1.4101e-03  MSE_ω=1.7134e-01
  sigma: σ_R=3.4710e-01  σ_ω=4.1370e-01  β=1.0000e+00
  PL   : train=-6.1604e-01  test=-9.5956e-01  σ_φ̄(train)=2.2005e-05  σ_φ̄(test)=2.4273e-08  σ_obs_ω=5.0000e-01  λ_PL=1.00
  KL   : M=2.496e+02  V=1.997e+02  Dw=3.659e+02  g=7.544e+02  sigma=1.586e+01  total=1.585e+03
  subnet MSE  M=2.057e+00  V=1.414e+01  Dw=4.094e-02  g=3.003e-01
[step   5350]
  train: −ELBO=2.2385e+00  NLL=2.7027e+00  NLL_R=1.0832e+00  NLL_ω=1.6195e+00  MSE_R=3.6162e-01  MSE_ω=5.1706e-01
  test : −ELBO=-6.1703e-01  NLL=1.9257e-01  NLL_R=-4.1174e-01  NLL_ω=6.0431e-01  MSE_R=1.3898e-03  MSE_ω=1.6893e-01
  sigma: σ_R=3.4711e-01  σ_ω=4.1405e-01  β=1.0000e+00
  PL   : train=-6.1687e-01  test=-9.6223e-01  σ_φ̄(train)=1.8677e-04  σ_φ̄(test)=1.8296e-08  σ_obs_ω=5.0000e-01  λ_PL=1.00
  KL   : M=2.454e+02  V=1.967e+02  Dw=3.627e+02  g=7.429e+02  sigma=1.560e+01  total=1.563e+03
  subnet MSE  M=2.058e+00  V=1.410e+01  Dw=4.095e-02  g=3.026e-01
[step   5400]
  train: −ELBO=2.2280e+00  NLL=2.6937e+00  NLL_R=1.0829e+00  NLL_ω=1.6108e+00  MSE_R=3.6156e-01  MSE_ω=5.1407e-01
  test : −ELBO=-6.1726e-01  NLL=1.9343e-01  NLL_R=-4.1178e-01  NLL_ω=6.0521e-01  MSE_R=1.4030e-03  MSE_ω=1.7060e-01
  sigma: σ_R=3.4710e-01  σ_ω=4.1325e-01  β=1.0000e+00
  PL   : train=-6.1621e-01  test=-9.6115e-01  σ_φ̄(train)=1.2665e-05  σ_φ̄(test)=1.4142e-08  σ_obs_ω=5.0000e-01  λ_PL=1.00
  KL   : M=2.412e+02  V=1.937e+02  Dw=3.592e+02  g=7.316e+02  sigma=1.537e+01  total=1.541e+03
  subnet MSE  M=2.061e+00  V=1.409e+01  Dw=4.068e-02  g=3.018e-01
[step   5450]
  train: −ELBO=2.2187e+00  NLL=2.6868e+00  NLL_R=1.0834e+00  NLL_ω=1.6034e+00  MSE_R=3.6168e-01  MSE_ω=5.1153e-01
  test : −ELBO=-6.1758e-01  NLL=1.9480e-01  NLL_R=-4.1085e-01  NLL_ω=6.0565e-01  MSE_R=1.3935e-03  MSE_ω=1.6946e-01
  sigma: σ_R=3.4721e-01  σ_ω=4.1404e-01  β=1.0000e+00
  PL   : train=-6.1675e-01  test=-9.6103e-01  σ_φ̄(train)=2.0537e-05  σ_φ̄(test)=1.4116e-08  σ_obs_ω=5.0000e-01  λ_PL=1.00
  KL   : M=2.376e+02  V=1.911e+02  Dw=3.562e+02  g=7.225e+02  sigma=1.493e+01  total=1.522e+03
  subnet MSE  M=2.061e+00  V=1.407e+01  Dw=3.984e-02  g=3.010e-01
[step   5500]
  train: −ELBO=2.2228e+00  NLL=2.6929e+00  NLL_R=1.0837e+00  NLL_ω=1.6092e+00  MSE_R=3.6175e-01  MSE_ω=5.1352e-01
  test : −ELBO=-6.2236e-01  NLL=1.9239e-01  NLL_R=-4.1132e-01  NLL_ω=6.0371e-01  MSE_R=1.3951e-03  MSE_ω=1.6959e-01
  sigma: σ_R=3.4715e-01  σ_ω=4.1351e-01  β=1.0000e+00
  PL   : train=-6.1676e-01  test=-9.6136e-01  σ_φ̄(train)=1.1401e-05  σ_φ̄(test)=7.4162e-09  σ_obs_ω=5.0000e-01  λ_PL=1.00
  KL   : M=2.334e+02  V=1.882e+02  Dw=3.530e+02  g=7.118e+02  sigma=1.538e+01  total=1.502e+03
  subnet MSE  M=2.060e+00  V=1.408e+01  Dw=4.038e-02  g=3.020e-01
[step   5550]
  train: −ELBO=2.2190e+00  NLL=2.6905e+00  NLL_R=1.0822e+00  NLL_ω=1.6082e+00  MSE_R=3.6140e-01  MSE_ω=5.1319e-01
  test : −ELBO=-6.2357e-01  NLL=1.9204e-01  NLL_R=-4.1134e-01  NLL_ω=6.0338e-01  MSE_R=1.3952e-03  MSE_ω=1.6944e-01
  sigma: σ_R=3.4716e-01  σ_ω=4.1358e-01  β=1.0000e+00
  PL   : train=-6.1643e-01  test=-9.6056e-01  σ_φ̄(train)=1.8328e-05  σ_φ̄(test)=8.0697e-09  σ_obs_ω=5.0000e-01  λ_PL=1.00
  KL   : M=2.302e+02  V=1.858e+02  Dw=3.504e+02  g=7.031e+02  sigma=1.503e+01  total=1.484e+03
  subnet MSE  M=2.059e+00  V=1.401e+01  Dw=4.186e-02  g=3.011e-01
[step   5600]
  train: −ELBO=2.2241e+00  NLL=2.6968e+00  NLL_R=1.0836e+00  NLL_ω=1.6132e+00  MSE_R=3.6172e-01  MSE_ω=5.1490e-01
  test : −ELBO=-6.0635e-01  NLL=2.0671e-01  NLL_R=-4.1138e-01  NLL_ω=6.1808e-01  MSE_R=1.4327e-03  MSE_ω=1.7419e-01
  sigma: σ_R=3.4713e-01  σ_ω=4.1376e-01  β=1.0000e+00
  PL   : train=-6.1651e-01  test=-9.5684e-01  σ_φ̄(train)=1.3949e-05  σ_φ̄(test)=7.5930e-09  σ_obs_ω=5.0000e-01  λ_PL=1.00
  KL   : M=2.280e+02  V=1.841e+02  Dw=3.487e+02  g=6.970e+02  sigma=1.485e+01  total=1.473e+03
  subnet MSE  M=2.061e+00  V=1.412e+01  Dw=4.040e-02  g=2.988e-01
[step   5650]
  train: −ELBO=2.2178e+00  NLL=2.6923e+00  NLL_R=1.0827e+00  NLL_ω=1.6096e+00  MSE_R=3.6151e-01  MSE_ω=5.1365e-01
  test : −ELBO=-6.2018e-01  NLL=1.9762e-01  NLL_R=-4.1118e-01  NLL_ω=6.0880e-01  MSE_R=1.4112e-03  MSE_ω=1.7150e-01
  sigma: σ_R=3.4716e-01  σ_ω=4.1346e-01  β=1.0000e+00
  PL   : train=-6.1690e-01  test=-9.6017e-01  σ_φ̄(train)=1.1353e-05  σ_φ̄(test)=6.7166e-09  σ_obs_ω=5.0000e-01  λ_PL=1.00
  KL   : M=2.255e+02  V=1.820e+02  Dw=3.467e+02  g=6.894e+02  sigma=1.463e+01  total=1.458e+03
  subnet MSE  M=2.062e+00  V=1.406e+01  Dw=4.138e-02  g=3.007e-01
[step   5700]
  train: −ELBO=2.2138e+00  NLL=2.6903e+00  NLL_R=1.0828e+00  NLL_ω=1.6075e+00  MSE_R=3.6152e-01  MSE_ω=5.1295e-01
  test : −ELBO=-6.1986e-01  NLL=1.9936e-01  NLL_R=-4.1129e-01  NLL_ω=6.1064e-01  MSE_R=1.4176e-03  MSE_ω=1.7232e-01
  sigma: σ_R=3.4715e-01  σ_ω=4.1335e-01  β=1.0000e+00
  PL   : train=-6.1713e-01  test=-9.5981e-01  σ_φ̄(train)=3.6494e-05  σ_φ̄(test)=6.4305e-09  σ_obs_ω=5.0000e-01  λ_PL=1.00
  KL   : M=2.222e+02  V=1.792e+02  Dw=3.440e+02  g=6.803e+02  sigma=1.429e+01  total=1.440e+03
  subnet MSE  M=2.062e+00  V=1.408e+01  Dw=4.109e-02  g=3.007e-01
[step   5750]
  train: −ELBO=2.2054e+00  NLL=2.6836e+00  NLL_R=1.0827e+00  NLL_ω=1.6009e+00  MSE_R=3.6151e-01  MSE_ω=5.1070e-01
  test : −ELBO=-6.2090e-01  NLL=1.9855e-01  NLL_R=-4.1114e-01  NLL_ω=6.0970e-01  MSE_R=1.4186e-03  MSE_ω=1.7231e-01
  sigma: σ_R=3.4717e-01  σ_ω=4.1317e-01  β=1.0000e+00
  PL   : train=-6.1712e-01  test=-9.5835e-01  σ_φ̄(train)=2.0417e-05  σ_φ̄(test)=6.3804e-09  σ_obs_ω=5.0000e-01  λ_PL=1.00
  KL   : M=2.192e+02  V=1.766e+02  Dw=3.411e+02  g=6.717e+02  sigma=1.398e+01  total=1.423e+03
  subnet MSE  M=2.064e+00  V=1.406e+01  Dw=4.100e-02  g=2.998e-01
[step   5800]
  train: −ELBO=2.2114e+00  NLL=2.6902e+00  NLL_R=1.0836e+00  NLL_ω=1.6066e+00  MSE_R=3.6173e-01  MSE_ω=5.1264e-01
  test : −ELBO=-6.1073e-01  NLL=2.1037e-01  NLL_R=-4.1147e-01  NLL_ω=6.2184e-01  MSE_R=1.4403e-03  MSE_ω=1.7522e-01
  sigma: σ_R=3.4711e-01  σ_ω=4.1391e-01  β=1.0000e+00
  PL   : train=-6.1632e-01  test=-9.5856e-01  σ_φ̄(train)=9.4596e-06  σ_φ̄(test)=6.5566e-09  σ_obs_ω=5.0000e-01  λ_PL=1.00
  KL   : M=2.167e+02  V=1.742e+02  Dw=3.389e+02  g=6.644e+02  sigma=1.367e+01  total=1.408e+03
  subnet MSE  M=2.064e+00  V=1.415e+01  Dw=3.968e-02  g=2.991e-01
[step   5850]
  train: −ELBO=2.2054e+00  NLL=2.6867e+00  NLL_R=1.0836e+00  NLL_ω=1.6031e+00  MSE_R=3.6173e-01  MSE_ω=5.1142e-01
  test : −ELBO=-6.2551e-01  NLL=1.9871e-01  NLL_R=-4.1154e-01  NLL_ω=6.1024e-01  MSE_R=1.4201e-03  MSE_ω=1.7266e-01
  sigma: σ_R=3.4713e-01  σ_ω=4.1305e-01  β=1.0000e+00
  PL   : train=-6.1732e-01  test=-9.6022e-01  σ_φ̄(train)=1.5863e-05  σ_φ̄(test)=4.9504e-09  σ_obs_ω=5.0000e-01  λ_PL=1.00
  KL   : M=2.141e+02  V=1.718e+02  Dw=3.368e+02  g=6.568e+02  sigma=1.360e+01  total=1.393e+03
  subnet MSE  M=2.064e+00  V=1.401e+01  Dw=4.154e-02  g=3.018e-01
[step   5900]
  train: −ELBO=2.2089e+00  NLL=2.6919e+00  NLL_R=1.0828e+00  NLL_ω=1.6091e+00  MSE_R=3.6152e-01  MSE_ω=5.1350e-01
  test : −ELBO=-6.3233e-01  NLL=1.9443e-01  NLL_R=-4.1133e-01  NLL_ω=6.0576e-01  MSE_R=1.4013e-03  MSE_ω=1.7037e-01
  sigma: σ_R=3.4715e-01  σ_ω=4.1348e-01  β=1.0000e+00
  PL   : train=-6.1826e-01  test=-9.6198e-01  σ_φ̄(train)=1.5543e-05  σ_φ̄(test)=5.2415e-09  σ_obs_ω=5.0000e-01  λ_PL=1.00
  KL   : M=2.128e+02  V=1.704e+02  Dw=3.356e+02  g=6.527e+02  sigma=1.340e+01  total=1.385e+03
  subnet MSE  M=2.062e+00  V=1.409e+01  Dw=4.087e-02  g=3.033e-01
[step   5950]
  train: −ELBO=2.2154e+00  NLL=2.6983e+00  NLL_R=1.0833e+00  NLL_ω=1.6149e+00  MSE_R=3.6167e-01  MSE_ω=5.1548e-01
  test : −ELBO=-6.1961e-01  NLL=2.0524e-01  NLL_R=-4.1106e-01  NLL_ω=6.1630e-01  MSE_R=1.4329e-03  MSE_ω=1.7415e-01
  sigma: σ_R=3.4716e-01  σ_ω=4.1341e-01  β=1.0000e+00
  PL   : train=-6.1689e-01  test=-9.5880e-01  σ_φ̄(train)=6.1469e-06  σ_φ̄(test)=4.0967e-09  σ_obs_ω=5.0000e-01  λ_PL=1.00
  KL   : M=2.105e+02  V=1.681e+02  Dw=3.336e+02  g=6.464e+02  sigma=1.329e+01  total=1.372e+03
  subnet MSE  M=2.058e+00  V=1.414e+01  Dw=3.936e-02  g=2.990e-01
[step   6000]
  train: −ELBO=2.2149e+00  NLL=2.6975e+00  NLL_R=1.0830e+00  NLL_ω=1.6145e+00  MSE_R=3.6158e-01  MSE_ω=5.1532e-01
  test : −ELBO=-6.2409e-01  NLL=2.0279e-01  NLL_R=-4.1108e-01  NLL_ω=6.1387e-01  MSE_R=1.4244e-03  MSE_ω=1.7324e-01
  sigma: σ_R=3.4717e-01  σ_ω=4.1342e-01  β=1.0000e+00
  PL   : train=-6.1567e-01  test=-9.5998e-01  σ_φ̄(train)=2.1855e-05  σ_φ̄(test)=2.9489e-09  σ_obs_ω=5.0000e-01  λ_PL=1.00
  KL   : M=2.091e+02  V=1.665e+02  Dw=3.325e+02  g=6.417e+02  sigma=1.339e+01  total=1.363e+03
  subnet MSE  M=2.061e+00  V=1.416e+01  Dw=4.183e-02  g=3.006e-01
[step   6050]
  train: −ELBO=2.2057e+00  NLL=2.6904e+00  NLL_R=1.0834e+00  NLL_ω=1.6070e+00  MSE_R=3.6169e-01  MSE_ω=5.1275e-01
  test : −ELBO=-6.2891e-01  NLL=1.9888e-01  NLL_R=-4.1032e-01  NLL_ω=6.0919e-01  MSE_R=1.4126e-03  MSE_ω=1.7165e-01
  sigma: σ_R=3.4724e-01  σ_ω=4.1345e-01  β=1.0000e+00
  PL   : train=-6.1697e-01  test=-9.6007e-01  σ_φ̄(train)=2.9726e-05  σ_φ̄(test)=2.8410e-09  σ_obs_ω=5.0000e-01  λ_PL=1.00
  KL   : M=2.079e+02  V=1.651e+02  Dw=3.313e+02  g=6.372e+02  sigma=1.325e+01  total=1.355e+03
  subnet MSE  M=2.061e+00  V=1.411e+01  Dw=4.104e-02  g=3.006e-01
[step   6100]
  train: −ELBO=2.2069e+00  NLL=2.6916e+00  NLL_R=1.0833e+00  NLL_ω=1.6083e+00  MSE_R=3.6166e-01  MSE_ω=5.1322e-01
  test : −ELBO=-6.2351e-01  NLL=2.0389e-01  NLL_R=-4.1135e-01  NLL_ω=6.1524e-01  MSE_R=1.4353e-03  MSE_ω=1.7442e-01
  sigma: σ_R=3.4710e-01  σ_ω=4.1299e-01  β=1.0000e+00
  PL   : train=-6.1605e-01  test=-9.5871e-01  σ_φ̄(train)=2.5555e-06  σ_φ̄(test)=1.1925e-09  σ_obs_ω=5.0000e-01  λ_PL=1.00
  KL   : M=2.062e+02  V=1.634e+02  Dw=3.296e+02  g=6.320e+02  sigma=1.367e+01  total=1.345e+03
  subnet MSE  M=2.062e+00  V=1.414e+01  Dw=4.114e-02  g=2.998e-01
[step   6150]
  train: −ELBO=2.1934e+00  NLL=2.6806e+00  NLL_R=1.0829e+00  NLL_ω=1.5977e+00  MSE_R=3.6157e-01  MSE_ω=5.0960e-01
  test : −ELBO=-6.3304e-01  NLL=1.9642e-01  NLL_R=-4.1203e-01  NLL_ω=6.0845e-01  MSE_R=1.4154e-03  MSE_ω=1.7203e-01
  sigma: σ_R=3.4707e-01  σ_ω=4.1309e-01  β=1.0000e+00
  PL   : train=-6.1746e-01  test=-9.5966e-01  σ_φ̄(train)=2.9296e-06  σ_φ̄(test)=1.3621e-09  σ_obs_ω=5.0000e-01  λ_PL=1.00
  KL   : M=2.042e+02  V=1.615e+02  Dw=3.281e+02  g=6.262e+02  sigma=1.337e+01  total=1.333e+03
  subnet MSE  M=2.064e+00  V=1.407e+01  Dw=4.166e-02  g=3.004e-01
[step   6200]
  train: −ELBO=2.1988e+00  NLL=2.6869e+00  NLL_R=1.0825e+00  NLL_ω=1.6044e+00  MSE_R=3.6146e-01  MSE_ω=5.1189e-01
  test : −ELBO=-6.2653e-01  NLL=2.0339e-01  NLL_R=-4.1045e-01  NLL_ω=6.1384e-01  MSE_R=1.4303e-03  MSE_ω=1.7378e-01
  sigma: σ_R=3.4725e-01  σ_ω=4.1312e-01  β=1.0000e+00
  PL   : train=-6.1739e-01  test=-9.5919e-01  σ_φ̄(train)=1.2817e-05  σ_φ̄(test)=1.3392e-09  σ_obs_ω=5.0000e-01  λ_PL=1.00
  KL   : M=2.026e+02  V=1.598e+02  Dw=3.267e+02  g=6.216e+02  sigma=1.314e+01  total=1.324e+03
  subnet MSE  M=2.067e+00  V=1.408e+01  Dw=4.220e-02  g=3.009e-01
[step   6250]
  train: −ELBO=2.1941e+00  NLL=2.6837e+00  NLL_R=1.0839e+00  NLL_ω=1.5998e+00  MSE_R=3.6179e-01  MSE_ω=5.1031e-01
  test : −ELBO=-6.2680e-01  NLL=2.0426e-01  NLL_R=-4.1010e-01  NLL_ω=6.1437e-01  MSE_R=1.4315e-03  MSE_ω=1.7400e-01
  sigma: σ_R=3.4725e-01  σ_ω=4.1309e-01  β=1.0000e+00
  PL   : train=-6.1783e-01  test=-9.5936e-01  σ_φ̄(train)=8.6786e-06  σ_φ̄(test)=1.5374e-09  σ_obs_ω=5.0000e-01  λ_PL=1.00
  KL   : M=2.009e+02  V=1.581e+02  Dw=3.252e+02  g=6.170e+02  sigma=1.281e+01  total=1.314e+03
  subnet MSE  M=2.066e+00  V=1.410e+01  Dw=4.190e-02  g=3.007e-01
[step   6300]
  train: −ELBO=2.1996e+00  NLL=2.6890e+00  NLL_R=1.0828e+00  NLL_ω=1.6062e+00  MSE_R=3.6152e-01  MSE_ω=5.1251e-01
  test : −ELBO=-6.3138e-01  NLL=2.0134e-01  NLL_R=-4.1242e-01  NLL_ω=6.1376e-01  MSE_R=1.4250e-03  MSE_ω=1.7308e-01
  sigma: σ_R=3.4701e-01  σ_ω=4.1348e-01  β=1.0000e+00
  PL   : train=-6.1681e-01  test=-9.6010e-01  σ_φ̄(train)=2.0880e-05  σ_φ̄(test)=1.7359e-09  σ_obs_ω=5.0000e-01  λ_PL=1.00
  KL   : M=1.992e+02  V=1.564e+02  Dw=3.236e+02  g=6.129e+02  sigma=1.252e+01  total=1.305e+03
  subnet MSE  M=2.064e+00  V=1.408e+01  Dw=4.125e-02  g=3.012e-01
[step   6350]
  train: −ELBO=2.1971e+00  NLL=2.6882e+00  NLL_R=1.0829e+00  NLL_ω=1.6052e+00  MSE_R=3.6156e-01  MSE_ω=5.1217e-01
  test : −ELBO=-6.3230e-01  NLL=2.0091e-01  NLL_R=-4.1117e-01  NLL_ω=6.1208e-01  MSE_R=1.4273e-03  MSE_ω=1.7326e-01
  sigma: σ_R=3.4714e-01  σ_ω=4.1310e-01  β=1.0000e+00
  PL   : train=-6.1756e-01  test=-9.5970e-01  σ_φ̄(train)=3.4635e-06  σ_φ̄(test)=1.3567e-09  σ_obs_ω=5.0000e-01  λ_PL=1.00
  KL   : M=1.977e+02  V=1.547e+02  Dw=3.222e+02  g=6.084e+02  sigma=1.239e+01  total=1.295e+03
  subnet MSE  M=2.067e+00  V=1.404e+01  Dw=4.231e-02  g=3.007e-01
[step   6400]
  train: −ELBO=2.1953e+00  NLL=2.6874e+00  NLL_R=1.0831e+00  NLL_ω=1.6043e+00  MSE_R=3.6161e-01  MSE_ω=5.1184e-01
  test : −ELBO=-6.3585e-01  NLL=1.9875e-01  NLL_R=-4.1135e-01  NLL_ω=6.1009e-01  MSE_R=1.4178e-03  MSE_ω=1.7226e-01
  sigma: σ_R=3.4713e-01  σ_ω=4.1330e-01  β=1.0000e+00
  PL   : train=-6.1778e-01  test=-9.6021e-01  σ_φ̄(train)=3.6236e-06  σ_φ̄(test)=1.0661e-09  σ_obs_ω=5.0000e-01  λ_PL=1.00
  KL   : M=1.962e+02  V=1.530e+02  Dw=3.210e+02  g=6.039e+02  sigma=1.234e+01  total=1.287e+03
  subnet MSE  M=2.069e+00  V=1.405e+01  Dw=4.219e-02  g=3.016e-01
[step   6450]
  train: −ELBO=2.1946e+00  NLL=2.6872e+00  NLL_R=1.0833e+00  NLL_ω=1.6039e+00  MSE_R=3.6165e-01  MSE_ω=5.1170e-01
  test : −ELBO=-6.3823e-01  NLL=1.9743e-01  NLL_R=-4.1104e-01  NLL_ω=6.0847e-01  MSE_R=1.4209e-03  MSE_ω=1.7256e-01
  sigma: σ_R=3.4718e-01  σ_ω=4.1272e-01  β=1.0000e+00
  PL   : train=-6.1715e-01  test=-9.6021e-01  σ_φ̄(train)=1.8336e-05  σ_φ̄(test)=1.2900e-09  σ_obs_ω=5.0000e-01  λ_PL=1.00
  KL   : M=1.942e+02  V=1.511e+02  Dw=3.199e+02  g=5.984e+02  sigma=1.200e+01  total=1.276e+03
  subnet MSE  M=2.065e+00  V=1.410e+01  Dw=4.255e-02  g=3.014e-01
[step   6500]
  train: −ELBO=2.1998e+00  NLL=2.6928e+00  NLL_R=1.0832e+00  NLL_ω=1.6095e+00  MSE_R=3.6164e-01  MSE_ω=5.1363e-01
  test : −ELBO=-6.2792e-01  NLL=2.0702e-01  NLL_R=-4.1047e-01  NLL_ω=6.1750e-01  MSE_R=1.4489e-03  MSE_ω=1.7606e-01
  sigma: σ_R=3.4722e-01  σ_ω=4.1248e-01  β=1.0000e+00
  PL   : train=-6.1659e-01  test=-9.5855e-01  σ_φ̄(train)=5.1699e-06  σ_φ̄(test)=8.3873e-10  σ_obs_ω=5.0000e-01  λ_PL=1.00
  KL   : M=1.924e+02  V=1.493e+02  Dw=3.186e+02  g=5.930e+02  sigma=1.252e+01  total=1.266e+03
  subnet MSE  M=2.069e+00  V=1.412e+01  Dw=4.236e-02  g=3.003e-01
[step   6550]
  train: −ELBO=2.1994e+00  NLL=2.6924e+00  NLL_R=1.0829e+00  NLL_ω=1.6095e+00  MSE_R=3.6156e-01  MSE_ω=5.1362e-01
  test : −ELBO=-6.4867e-01  NLL=1.8828e-01  NLL_R=-4.1140e-01  NLL_ω=5.9968e-01  MSE_R=1.3978e-03  MSE_ω=1.6979e-01
  sigma: σ_R=3.4715e-01  σ_ω=4.1261e-01  β=1.0000e+00
  PL   : train=-6.1610e-01  test=-9.6000e-01  σ_φ̄(train)=4.0565e-06  σ_φ̄(test)=6.8624e-10  σ_obs_ω=5.0000e-01  λ_PL=1.00
  KL   : M=1.911e+02  V=1.481e+02  Dw=3.177e+02  g=5.900e+02  sigma=1.317e+01  total=1.260e+03
  subnet MSE  M=2.067e+00  V=1.392e+01  Dw=4.288e-02  g=3.005e-01
[step   6600]
  train: −ELBO=2.1894e+00  NLL=2.6851e+00  NLL_R=1.0825e+00  NLL_ω=1.6027e+00  MSE_R=3.6145e-01  MSE_ω=5.1129e-01
  test : −ELBO=-6.4103e-01  NLL=1.9666e-01  NLL_R=-4.0923e-01  NLL_ω=6.0589e-01  MSE_R=1.4151e-03  MSE_ω=1.7185e-01
  sigma: σ_R=3.4746e-01  σ_ω=4.1262e-01  β=1.0000e+00
  PL   : train=-6.1805e-01  test=-9.6002e-01  σ_φ̄(train)=2.4175e-06  σ_φ̄(test)=7.5072e-10  σ_obs_ω=5.0000e-01  λ_PL=1.00
  KL   : M=1.897e+02  V=1.469e+02  Dw=3.167e+02  g=5.868e+02  sigma=1.295e+01  total=1.253e+03
  subnet MSE  M=2.067e+00  V=1.403e+01  Dw=4.261e-02  g=3.018e-01
[step   6650]
  train: −ELBO=2.1932e+00  NLL=2.6890e+00  NLL_R=1.0828e+00  NLL_ω=1.6063e+00  MSE_R=3.6152e-01  MSE_ω=5.1251e-01
  test : −ELBO=-6.3858e-01  NLL=1.9984e-01  NLL_R=-4.1133e-01  NLL_ω=6.1117e-01  MSE_R=1.4229e-03  MSE_ω=1.7277e-01
  sigma: σ_R=3.4721e-01  σ_ω=4.1318e-01  β=1.0000e+00
  PL   : train=-6.1728e-01  test=-9.5983e-01  σ_φ̄(train)=1.8045e-05  σ_φ̄(test)=8.5345e-10  σ_obs_ω=5.0000e-01  λ_PL=1.00
  KL   : M=1.880e+02  V=1.451e+02  Dw=3.152e+02  g=5.826e+02  sigma=1.266e+01  total=1.244e+03
  subnet MSE  M=2.068e+00  V=1.407e+01  Dw=4.055e-02  g=3.006e-01
[step   6700]
  train: −ELBO=2.1874e+00  NLL=2.6856e+00  NLL_R=1.0832e+00  NLL_ω=1.6024e+00  MSE_R=3.6163e-01  MSE_ω=5.1121e-01
  test : −ELBO=-6.3868e-01  NLL=2.0144e-01  NLL_R=-4.0864e-01  NLL_ω=6.1007e-01  MSE_R=1.4240e-03  MSE_ω=1.7307e-01
  sigma: σ_R=3.4749e-01  σ_ω=4.1282e-01  β=1.0000e+00
  PL   : train=-6.1861e-01  test=-9.6050e-01  σ_φ̄(train)=1.5381e-05  σ_φ̄(test)=1.0058e-09  σ_obs_ω=5.0000e-01  λ_PL=1.00
  KL   : M=1.862e+02  V=1.431e+02  Dw=3.136e+02  g=5.779e+02  sigma=1.232e+01  total=1.233e+03
  subnet MSE  M=2.069e+00  V=1.405e+01  Dw=4.282e-02  g=3.023e-01
[step   6750]
  train: −ELBO=2.1862e+00  NLL=2.6836e+00  NLL_R=1.0832e+00  NLL_ω=1.6004e+00  MSE_R=3.6163e-01  MSE_ω=5.1050e-01
  test : −ELBO=-6.3770e-01  NLL=2.0141e-01  NLL_R=-4.1088e-01  NLL_ω=6.1229e-01  MSE_R=1.4279e-03  MSE_ω=1.7345e-01
  sigma: σ_R=3.4720e-01  σ_ω=4.1305e-01  β=1.0000e+00
  PL   : train=-6.1707e-01  test=-9.5878e-01  σ_φ̄(train)=3.6172e-06  σ_φ̄(test)=9.1180e-10  σ_obs_ω=5.0000e-01  λ_PL=1.00
  KL   : M=1.849e+02  V=1.417e+02  Dw=3.122e+02  g=5.743e+02  sigma=1.243e+01  total=1.226e+03
  subnet MSE  M=2.069e+00  V=1.413e+01  Dw=4.238e-02  g=2.999e-01
[step   6800]
  train: −ELBO=2.1943e+00  NLL=2.6918e+00  NLL_R=1.0831e+00  NLL_ω=1.6087e+00  MSE_R=3.6160e-01  MSE_ω=5.1336e-01
  test : −ELBO=-6.3968e-01  NLL=2.0009e-01  NLL_R=-4.1106e-01  NLL_ω=6.1115e-01  MSE_R=1.4270e-03  MSE_ω=1.7329e-01
  sigma: σ_R=3.4717e-01  σ_ω=4.1282e-01  β=1.0000e+00
  PL   : train=-6.1681e-01  test=-9.5908e-01  σ_φ̄(train)=1.0264e-05  σ_φ̄(test)=9.5801e-10  σ_obs_ω=5.0000e-01  λ_PL=1.00
  KL   : M=1.843e+02  V=1.411e+02  Dw=3.116e+02  g=5.726e+02  sigma=1.233e+01  total=1.222e+03
  subnet MSE  M=2.067e+00  V=1.409e+01  Dw=4.154e-02  g=3.004e-01
[step   6850]
  train: −ELBO=2.1921e+00  NLL=2.6894e+00  NLL_R=1.0828e+00  NLL_ω=1.6066e+00  MSE_R=3.6153e-01  MSE_ω=5.1263e-01
  test : −ELBO=-6.3999e-01  NLL=1.9945e-01  NLL_R=-4.1112e-01  NLL_ω=6.1057e-01  MSE_R=1.4244e-03  MSE_ω=1.7324e-01
  sigma: σ_R=3.4717e-01  σ_ω=4.1278e-01  β=1.0000e+00
  PL   : train=-6.1621e-01  test=-9.5837e-01  σ_φ̄(train)=1.5575e-05  σ_φ̄(test)=8.6616e-10  σ_obs_ω=5.0000e-01  λ_PL=1.00
  KL   : M=1.835e+02  V=1.403e+02  Dw=3.110e+02  g=5.709e+02  sigma=1.227e+01  total=1.218e+03
  subnet MSE  M=2.067e+00  V=1.408e+01  Dw=4.151e-02  g=2.990e-01
[step   6900]
  train: −ELBO=2.1896e+00  NLL=2.6876e+00  NLL_R=1.0826e+00  NLL_ω=1.6051e+00  MSE_R=3.6148e-01  MSE_ω=5.1210e-01
  test : −ELBO=-6.4675e-01  NLL=1.9382e-01  NLL_R=-4.1295e-01  NLL_ω=6.0677e-01  MSE_R=1.4213e-03  MSE_ω=1.7240e-01
  sigma: σ_R=3.4701e-01  σ_ω=4.1246e-01  β=1.0000e+00
  PL   : train=-6.1618e-01  test=-9.5872e-01  σ_φ̄(train)=4.0319e-06  σ_φ̄(test)=9.7376e-10  σ_obs_ω=5.0000e-01  λ_PL=1.00
  KL   : M=1.823e+02  V=1.387e+02  Dw=3.099e+02  g=5.671e+02  sigma=1.202e+01  total=1.210e+03
  subnet MSE  M=2.066e+00  V=1.403e+01  Dw=4.241e-02  g=3.000e-01
[step   6950]
  train: −ELBO=2.1851e+00  NLL=2.6842e+00  NLL_R=1.0823e+00  NLL_ω=1.6018e+00  MSE_R=3.6142e-01  MSE_ω=5.1100e-01
  test : −ELBO=-6.4251e-01  NLL=1.9911e-01  NLL_R=-4.1133e-01  NLL_ω=6.1044e-01  MSE_R=1.4252e-03  MSE_ω=1.7328e-01
  sigma: σ_R=3.4717e-01  σ_ω=4.1263e-01  β=1.0000e+00
  PL   : train=-6.1661e-01  test=-9.5913e-01  σ_φ̄(train)=6.6771e-06  σ_φ̄(test)=1.1543e-09  σ_obs_ω=5.0000e-01  λ_PL=1.00
  KL   : M=1.810e+02  V=1.375e+02  Dw=3.088e+02  g=5.643e+02  sigma=1.175e+01  total=1.203e+03
  subnet MSE  M=2.068e+00  V=1.409e+01  Dw=4.184e-02  g=3.000e-01
[step   7000]
  train: −ELBO=2.1840e+00  NLL=2.6849e+00  NLL_R=1.0823e+00  NLL_ω=1.6026e+00  MSE_R=3.6141e-01  MSE_ω=5.1126e-01
  test : −ELBO=-6.4148e-01  NLL=1.9951e-01  NLL_R=-4.1097e-01  NLL_ω=6.1048e-01  MSE_R=1.4304e-03  MSE_ω=1.7397e-01
  sigma: σ_R=3.4720e-01  σ_ω=4.1231e-01  β=1.0000e+00
  PL   : train=-6.1755e-01  test=-9.5770e-01  σ_φ̄(train)=1.4189e-05  σ_φ̄(test)=1.1718e-09  σ_obs_ω=5.0000e-01  λ_PL=1.00
  KL   : M=1.797e+02  V=1.358e+02  Dw=3.075e+02  g=5.607e+02  sigma=1.155e+01  total=1.195e+03
  subnet MSE  M=2.066e+00  V=1.409e+01  Dw=4.123e-02  g=3.007e-01
[step   7050]
  train: −ELBO=2.1799e+00  NLL=2.6818e+00  NLL_R=1.0828e+00  NLL_ω=1.5990e+00  MSE_R=3.6153e-01  MSE_ω=5.1005e-01
  test : −ELBO=-6.4104e-01  NLL=2.0274e-01  NLL_R=-4.1047e-01  NLL_ω=6.1320e-01  MSE_R=1.4359e-03  MSE_ω=1.7456e-01
  sigma: σ_R=3.4723e-01  σ_ω=4.1246e-01  β=1.0000e+00
  PL   : train=-6.1809e-01  test=-9.5997e-01  σ_φ̄(train)=8.7624e-06  σ_φ̄(test)=1.1821e-09  σ_obs_ω=5.0000e-01  λ_PL=1.00
  KL   : M=1.787e+02  V=1.348e+02  Dw=3.068e+02  g=5.582e+02  sigma=1.141e+01  total=1.190e+03
  subnet MSE  M=2.069e+00  V=1.404e+01  Dw=4.225e-02  g=3.015e-01
[step   7100]
  train: −ELBO=2.1863e+00  NLL=2.6885e+00  NLL_R=1.0832e+00  NLL_ω=1.6052e+00  MSE_R=3.6164e-01  MSE_ω=5.1217e-01
  test : −ELBO=-6.3497e-01  NLL=2.0831e-01  NLL_R=-4.1047e-01  NLL_ω=6.1878e-01  MSE_R=1.4481e-03  MSE_ω=1.7598e-01
  sigma: σ_R=3.4721e-01  σ_ω=4.1271e-01  β=1.0000e+00
  PL   : train=-6.1777e-01  test=-9.5887e-01  σ_φ̄(train)=3.3499e-05  σ_φ̄(test)=1.1586e-09  σ_obs_ω=5.0000e-01  λ_PL=1.00
  KL   : M=1.778e+02  V=1.335e+02  Dw=3.058e+02  g=5.555e+02  sigma=1.119e+01  total=1.184e+03
  subnet MSE  M=2.070e+00  V=1.407e+01  Dw=4.249e-02  g=3.008e-01
[step   7150]
  train: −ELBO=2.1821e+00  NLL=2.6849e+00  NLL_R=1.0823e+00  NLL_ω=1.6026e+00  MSE_R=3.6141e-01  MSE_ω=5.1128e-01
  test : −ELBO=-6.4902e-01  NLL=1.9432e-01  NLL_R=-4.1043e-01  NLL_ω=6.0475e-01  MSE_R=1.4167e-03  MSE_ω=1.7195e-01
  sigma: σ_R=3.4733e-01  σ_ω=4.1225e-01  β=1.0000e+00
  PL   : train=-6.1798e-01  test=-9.5845e-01  σ_φ̄(train)=3.4248e-06  σ_φ̄(test)=8.1419e-10  σ_obs_ω=5.0000e-01  λ_PL=1.00
  KL   : M=1.770e+02  V=1.326e+02  Dw=3.050e+02  g=5.530e+02  sigma=1.120e+01  total=1.179e+03
  subnet MSE  M=2.070e+00  V=1.402e+01  Dw=4.247e-02  g=3.020e-01
[step   7200]
  train: −ELBO=2.1733e+00  NLL=2.6775e+00  NLL_R=1.0827e+00  NLL_ω=1.5948e+00  MSE_R=3.6150e-01  MSE_ω=5.0862e-01
  test : −ELBO=-6.3710e-01  NLL=2.0555e-01  NLL_R=-4.1048e-01  NLL_ω=6.1603e-01  MSE_R=1.4537e-03  MSE_ω=1.7672e-01
  sigma: σ_R=3.4726e-01  σ_ω=4.1171e-01  β=1.0000e+00
  PL   : train=-6.1860e-01  test=-9.5707e-01  σ_φ̄(train)=5.1471e-06  σ_φ̄(test)=9.1321e-10  σ_obs_ω=5.0000e-01  λ_PL=1.00
  KL   : M=1.758e+02  V=1.314e+02  Dw=3.040e+02  g=5.498e+02  sigma=1.093e+01  total=1.172e+03
  subnet MSE  M=2.075e+00  V=1.412e+01  Dw=4.344e-02  g=3.011e-01
[step   7250]
  train: −ELBO=2.1808e+00  NLL=2.6855e+00  NLL_R=1.0822e+00  NLL_ω=1.6033e+00  MSE_R=3.6138e-01  MSE_ω=5.1151e-01
  test : −ELBO=-6.4337e-01  NLL=2.0201e-01  NLL_R=-4.1101e-01  NLL_ω=6.1302e-01  MSE_R=1.4364e-03  MSE_ω=1.7450e-01
  sigma: σ_R=3.4718e-01  σ_ω=4.1249e-01  β=1.0000e+00
  PL   : train=-6.1876e-01  test=-9.5942e-01  σ_φ̄(train)=9.8454e-05  σ_φ̄(test)=7.8940e-10  σ_obs_ω=5.0000e-01  λ_PL=1.00
  KL   : M=1.750e+02  V=1.306e+02  Dw=3.032e+02  g=5.480e+02  sigma=1.099e+01  total=1.168e+03
  subnet MSE  M=2.072e+00  V=1.413e+01  Dw=4.287e-02  g=3.018e-01
[step   7300]
  train: −ELBO=2.1751e+00  NLL=2.6793e+00  NLL_R=1.0826e+00  NLL_ω=1.5967e+00  MSE_R=3.6149e-01  MSE_ω=5.0926e-01
  test : −ELBO=-6.4509e-01  NLL=2.0069e-01  NLL_R=-4.1215e-01  NLL_ω=6.1284e-01  MSE_R=1.4347e-03  MSE_ω=1.7432e-01
  sigma: σ_R=3.4704e-01  σ_ω=4.1259e-01  β=1.0000e+00
  PL   : train=-6.1797e-01  test=-9.5954e-01  σ_φ̄(train)=1.1920e-05  σ_φ̄(test)=7.5503e-10  σ_obs_ω=5.0000e-01  λ_PL=1.00
  KL   : M=1.745e+02  V=1.300e+02  Dw=3.026e+02  g=5.471e+02  sigma=1.089e+01  total=1.165e+03
  subnet MSE  M=2.074e+00  V=1.408e+01  Dw=3.949e-02  g=3.019e-01
[step   7350]
  train: −ELBO=2.1749e+00  NLL=2.6800e+00  NLL_R=1.0834e+00  NLL_ω=1.5966e+00  MSE_R=3.6167e-01  MSE_ω=5.0923e-01
  test : −ELBO=-6.4265e-01  NLL=2.0373e-01  NLL_R=-4.1131e-01  NLL_ω=6.1504e-01  MSE_R=1.4397e-03  MSE_ω=1.7502e-01
  sigma: σ_R=3.4713e-01  σ_ω=4.1257e-01  β=1.0000e+00
  PL   : train=-6.1842e-01  test=-9.5974e-01  σ_φ̄(train)=2.2315e-05  σ_φ̄(test)=7.5772e-10  σ_obs_ω=5.0000e-01  λ_PL=1.00
  KL   : M=1.737e+02  V=1.293e+02  Dw=3.018e+02  g=5.453e+02  sigma=1.076e+01  total=1.161e+03
  subnet MSE  M=2.073e+00  V=1.417e+01  Dw=4.119e-02  g=3.015e-01
[step   7400]
  train: −ELBO=2.1704e+00  NLL=2.6754e+00  NLL_R=1.0829e+00  NLL_ω=1.5924e+00  MSE_R=3.6156e-01  MSE_ω=5.0780e-01
  test : −ELBO=-6.4147e-01  NLL=2.0500e-01  NLL_R=-4.1137e-01  NLL_ω=6.1636e-01  MSE_R=1.4429e-03  MSE_ω=1.7547e-01
  sigma: σ_R=3.4714e-01  σ_ω=4.1260e-01  β=1.0000e+00
  PL   : train=-6.1793e-01  test=-9.5948e-01  σ_φ̄(train)=7.4470e-06  σ_φ̄(test)=7.3184e-10  σ_obs_ω=5.0000e-01  λ_PL=1.00
  KL   : M=1.730e+02  V=1.287e+02  Dw=3.010e+02  g=5.440e+02  sigma=1.063e+01  total=1.157e+03
  subnet MSE  M=2.075e+00  V=1.407e+01  Dw=4.292e-02  g=3.014e-01
[step   7450]
  train: −ELBO=2.1696e+00  NLL=2.6755e+00  NLL_R=1.0824e+00  NLL_ω=1.5931e+00  MSE_R=3.6143e-01  MSE_ω=5.0804e-01
  test : −ELBO=-6.4662e-01  NLL=1.9981e-01  NLL_R=-4.1075e-01  NLL_ω=6.1056e-01  MSE_R=1.4315e-03  MSE_ω=1.7417e-01
  sigma: σ_R=3.4726e-01  σ_ω=4.1217e-01  β=1.0000e+00
  PL   : train=-6.1852e-01  test=-9.5904e-01  σ_φ̄(train)=1.3409e-05  σ_φ̄(test)=7.0395e-10  σ_obs_ω=5.0000e-01  λ_PL=1.00
  KL   : M=1.723e+02  V=1.279e+02  Dw=3.001e+02  g=5.424e+02  sigma=1.049e+01  total=1.153e+03
  subnet MSE  M=2.074e+00  V=1.403e+01  Dw=4.262e-02  g=3.009e-01
[step   7500]
  train: −ELBO=2.1779e+00  NLL=2.6847e+00  NLL_R=1.0821e+00  NLL_ω=1.6026e+00  MSE_R=3.6137e-01  MSE_ω=5.1125e-01
  test : −ELBO=-6.4102e-01  NLL=2.0563e-01  NLL_R=-4.1205e-01  NLL_ω=6.1767e-01  MSE_R=1.4457e-03  MSE_ω=1.7585e-01
  sigma: σ_R=3.4704e-01  σ_ω=4.1260e-01  β=1.0000e+00
  PL   : train=-6.1889e-01  test=-9.5871e-01  σ_φ̄(train)=1.0152e-05  σ_φ̄(test)=6.2327e-10  σ_obs_ω=5.0000e-01  λ_PL=1.00
  KL   : M=1.713e+02  V=1.270e+02  Dw=2.991e+02  g=5.398e+02  sigma=1.043e+01  total=1.148e+03
  subnet MSE  M=2.069e+00  V=1.410e+01  Dw=4.324e-02  g=3.008e-01
[step   7550]
  train: −ELBO=2.1805e+00  NLL=2.6864e+00  NLL_R=1.0816e+00  NLL_ω=1.6048e+00  MSE_R=3.6124e-01  MSE_ω=5.1202e-01
  test : −ELBO=-6.4175e-01  NLL=2.0417e-01  NLL_R=-4.1263e-01  NLL_ω=6.1681e-01  MSE_R=1.4493e-03  MSE_ω=1.7598e-01
  sigma: σ_R=3.4701e-01  σ_ω=4.1238e-01  β=1.0000e+00
  PL   : train=-6.1746e-01  test=-9.5750e-01  σ_φ̄(train)=1.9533e-05  σ_φ̄(test)=6.3344e-10  σ_obs_ω=5.0000e-01  λ_PL=1.00
  KL   : M=1.705e+02  V=1.262e+02  Dw=2.981e+02  g=5.376e+02  sigma=1.033e+01  total=1.143e+03
  subnet MSE  M=2.072e+00  V=1.403e+01  Dw=4.284e-02  g=2.996e-01
[step   7600]
  train: −ELBO=2.1719e+00  NLL=2.6791e+00  NLL_R=1.0830e+00  NLL_ω=1.5962e+00  MSE_R=3.6157e-01  MSE_ω=5.0908e-01
  test : −ELBO=-6.2050e-01  NLL=2.1158e-01  NLL_R=-4.1142e-01  NLL_ω=6.2300e-01  MSE_R=1.4734e-03  MSE_ω=1.7893e-01
  sigma: σ_R=3.4711e-01  σ_ω=4.1181e-01  β=1.0000e+00
  PL   : train=-6.1833e-01  test=-9.4319e-01  σ_φ̄(train)=1.0715e-05  σ_φ̄(test)=5.0897e-10  σ_obs_ω=5.0000e-01  λ_PL=1.00
  KL   : M=1.700e+02  V=1.253e+02  Dw=2.971e+02  g=5.352e+02  sigma=1.029e+01  total=1.138e+03
  subnet MSE  M=2.074e+00  V=1.407e+01  Dw=4.250e-02  g=3.002e-01
[step   7650]
  train: −ELBO=2.1759e+00  NLL=2.6828e+00  NLL_R=1.0824e+00  NLL_ω=1.6004e+00  MSE_R=3.6143e-01  MSE_ω=5.1053e-01
  test : −ELBO=-6.4330e-01  NLL=2.0366e-01  NLL_R=-4.1287e-01  NLL_ω=6.1653e-01  MSE_R=1.4510e-03  MSE_ω=1.7636e-01
  sigma: σ_R=3.4692e-01  σ_ω=4.1211e-01  β=1.0000e+00
  PL   : train=-6.1777e-01  test=-9.5784e-01  σ_φ̄(train)=1.1537e-05  σ_φ̄(test)=2.6810e-10  σ_obs_ω=5.0000e-01  λ_PL=1.00
  KL   : M=1.696e+02  V=1.248e+02  Dw=2.964e+02  g=5.336e+02  sigma=1.095e+01  total=1.135e+03
  subnet MSE  M=2.076e+00  V=1.396e+01  Dw=4.307e-02  g=2.998e-01
[step   7700]
  train: −ELBO=2.1729e+00  NLL=2.6812e+00  NLL_R=1.0839e+00  NLL_ω=1.5973e+00  MSE_R=3.6180e-01  MSE_ω=5.0945e-01
  test : −ELBO=-6.4760e-01  NLL=2.0065e-01  NLL_R=-4.1203e-01  NLL_ω=6.1269e-01  MSE_R=1.4468e-03  MSE_ω=1.7589e-01
  sigma: σ_R=3.4712e-01  σ_ω=4.1146e-01  β=1.0000e+00
  PL   : train=-6.1869e-01  test=-9.5868e-01  σ_φ̄(train)=3.7661e-06  σ_φ̄(test)=3.0356e-10  σ_obs_ω=5.0000e-01  λ_PL=1.00
  KL   : M=1.691e+02  V=1.240e+02  Dw=2.953e+02  g=5.317e+02  sigma=1.076e+01  total=1.131e+03
  subnet MSE  M=2.072e+00  V=1.407e+01  Dw=4.294e-02  g=3.004e-01
[step   7750]
  train: −ELBO=2.1727e+00  NLL=2.6807e+00  NLL_R=1.0836e+00  NLL_ω=1.5970e+00  MSE_R=3.6174e-01  MSE_ω=5.0936e-01
  test : −ELBO=-6.3624e-01  NLL=2.1137e-01  NLL_R=-4.1010e-01  NLL_ω=6.2147e-01  MSE_R=1.4613e-03  MSE_ω=1.7760e-01
  sigma: σ_R=3.4726e-01  σ_ω=4.1230e-01  β=1.0000e+00
  PL   : train=-6.1816e-01  test=-9.5776e-01  σ_φ̄(train)=1.5655e-06  σ_φ̄(test)=1.8786e-10  σ_obs_ω=5.0000e-01  λ_PL=1.00
  KL   : M=1.687e+02  V=1.232e+02  Dw=2.943e+02  g=5.304e+02  sigma=1.149e+01  total=1.128e+03
  subnet MSE  M=2.074e+00  V=1.407e+01  Dw=4.298e-02  g=2.996e-01
[step   7800]
  train: −ELBO=2.1641e+00  NLL=2.6718e+00  NLL_R=1.0817e+00  NLL_ω=1.5901e+00  MSE_R=3.6127e-01  MSE_ω=5.0703e-01
  test : −ELBO=-6.5405e-01  NLL=1.9437e-01  NLL_R=-4.1184e-01  NLL_ω=6.0621e-01  MSE_R=1.4286e-03  MSE_ω=1.7355e-01
  sigma: σ_R=3.4711e-01  σ_ω=4.1161e-01  β=1.0000e+00
  PL   : train=-6.1759e-01  test=-9.5826e-01  σ_φ̄(train)=6.6698e-06  σ_φ̄(test)=1.5170e-10  σ_obs_ω=5.0000e-01  λ_PL=1.00
  KL   : M=1.682e+02  V=1.227e+02  Dw=2.933e+02  g=5.290e+02  sigma=1.163e+01  total=1.125e+03
  subnet MSE  M=2.075e+00  V=1.397e+01  Dw=4.095e-02  g=2.996e-01
[step   7850]
  train: −ELBO=2.1705e+00  NLL=2.6794e+00  NLL_R=1.0838e+00  NLL_ω=1.5957e+00  MSE_R=3.6176e-01  MSE_ω=5.0891e-01
  test : −ELBO=-6.3666e-01  NLL=2.1169e-01  NLL_R=-4.1044e-01  NLL_ω=6.2213e-01  MSE_R=1.4719e-03  MSE_ω=1.7915e-01
  sigma: σ_R=3.4718e-01  σ_ω=4.1149e-01  β=1.0000e+00
  PL   : train=-6.1853e-01  test=-9.5790e-01  σ_φ̄(train)=5.4163e-06  σ_φ̄(test)=1.6182e-10  σ_obs_ω=5.0000e-01  λ_PL=1.00
  KL   : M=1.676e+02  V=1.223e+02  Dw=2.927e+02  g=5.277e+02  sigma=1.151e+01  total=1.122e+03
  subnet MSE  M=2.081e+00  V=1.414e+01  Dw=4.456e-02  g=3.006e-01
[step   7900]
  train: −ELBO=2.1749e+00  NLL=2.6836e+00  NLL_R=1.0828e+00  NLL_ω=1.6009e+00  MSE_R=3.6153e-01  MSE_ω=5.1067e-01
  test : −ELBO=-6.4214e-01  NLL=2.0753e-01  NLL_R=-4.1077e-01  NLL_ω=6.1830e-01  MSE_R=1.4578e-03  MSE_ω=1.7721e-01
  sigma: σ_R=3.4718e-01  σ_ω=4.1190e-01  β=1.0000e+00
  PL   : train=-6.1788e-01  test=-9.5878e-01  σ_φ̄(train)=5.5801e-07  σ_φ̄(test)=1.7440e-10  σ_obs_ω=5.0000e-01  λ_PL=1.00
  KL   : M=1.670e+02  V=1.216e+02  Dw=2.917e+02  g=5.258e+02  sigma=1.131e+01  total=1.117e+03
  subnet MSE  M=2.077e+00  V=1.412e+01  Dw=4.327e-02  g=3.016e-01
[step   7950]
  train: −ELBO=2.1746e+00  NLL=2.6829e+00  NLL_R=1.0819e+00  NLL_ω=1.6010e+00  MSE_R=3.6133e-01  MSE_ω=5.1070e-01
  test : −ELBO=-6.3744e-01  NLL=2.1051e-01  NLL_R=-4.1202e-01  NLL_ω=6.2253e-01  MSE_R=1.4741e-03  MSE_ω=1.7923e-01
  sigma: σ_R=3.4703e-01  σ_ω=4.1158e-01  β=1.0000e+00
  PL   : train=-6.1721e-01  test=-9.5683e-01  σ_φ̄(train)=4.3359e-06  σ_φ̄(test)=1.8554e-10  σ_obs_ω=5.0000e-01  λ_PL=1.00
  KL   : M=1.667e+02  V=1.212e+02  Dw=2.910e+02  g=5.248e+02  sigma=1.119e+01  total=1.115e+03
  subnet MSE  M=2.079e+00  V=1.413e+01  Dw=4.295e-02  g=2.995e-01
[step   8000]
  train: −ELBO=2.1707e+00  NLL=2.6810e+00  NLL_R=1.0835e+00  NLL_ω=1.5975e+00  MSE_R=3.6170e-01  MSE_ω=5.0954e-01
  test : −ELBO=-6.3263e-01  NLL=2.1584e-01  NLL_R=-4.1054e-01  NLL_ω=6.2637e-01  MSE_R=1.4781e-03  MSE_ω=1.7968e-01
  sigma: σ_R=3.4721e-01  σ_ω=4.1210e-01  β=1.0000e+00
  PL   : train=-6.1894e-01  test=-9.5709e-01  σ_φ̄(train)=1.0392e-05  σ_φ̄(test)=2.0255e-10  σ_obs_ω=5.0000e-01  λ_PL=1.00
  KL   : M=1.665e+02  V=1.208e+02  Dw=2.903e+02  g=5.236e+02  sigma=1.104e+01  total=1.112e+03
  subnet MSE  M=2.079e+00  V=1.413e+01  Dw=4.298e-02  g=3.002e-01
[step   8050]
  train: −ELBO=2.1669e+00  NLL=2.6768e+00  NLL_R=1.0822e+00  NLL_ω=1.5946e+00  MSE_R=3.6139e-01  MSE_ω=5.0855e-01
  test : −ELBO=-6.5097e-01  NLL=1.9991e-01  NLL_R=-4.1174e-01  NLL_ω=6.1165e-01  MSE_R=1.4360e-03  MSE_ω=1.7455e-01
  sigma: σ_R=3.4712e-01  σ_ω=4.1217e-01  β=1.0000e+00
  PL   : train=-6.1828e-01  test=-9.5927e-01  σ_φ̄(train)=1.7024e-06  σ_φ̄(test)=2.2019e-10  σ_obs_ω=5.0000e-01  λ_PL=1.00
  KL   : M=1.662e+02  V=1.205e+02  Dw=2.896e+02  g=5.229e+02  sigma=1.088e+01  total=1.110e+03
  subnet MSE  M=2.080e+00  V=1.395e+01  Dw=4.269e-02  g=3.011e-01
[step   8100]
  train: −ELBO=2.1739e+00  NLL=2.6838e+00  NLL_R=1.0827e+00  NLL_ω=1.6010e+00  MSE_R=3.6152e-01  MSE_ω=5.1072e-01
  test : −ELBO=-6.3948e-01  NLL=2.0997e-01  NLL_R=-4.1075e-01  NLL_ω=6.2072e-01  MSE_R=1.4725e-03  MSE_ω=1.7888e-01
  sigma: σ_R=3.4718e-01  σ_ω=4.1137e-01  β=1.0000e+00
  PL   : train=-6.1803e-01  test=-9.5757e-01  σ_φ̄(train)=1.0075e-05  σ_φ̄(test)=2.4420e-10  σ_obs_ω=5.0000e-01  λ_PL=1.00
  KL   : M=1.657e+02  V=1.202e+02  Dw=2.888e+02  g=5.218e+02  sigma=1.071e+01  total=1.107e+03
  subnet MSE  M=2.079e+00  V=1.408e+01  Dw=4.455e-02  g=3.001e-01
[step   8150]
  train: −ELBO=2.1624e+00  NLL=2.6740e+00  NLL_R=1.0829e+00  NLL_ω=1.5911e+00  MSE_R=3.6156e-01  MSE_ω=5.0736e-01
  test : −ELBO=-6.4538e-01  NLL=2.0563e-01  NLL_R=-4.1019e-01  NLL_ω=6.1582e-01  MSE_R=1.4611e-03  MSE_ω=1.7775e-01
  sigma: σ_R=3.4729e-01  σ_ω=4.1106e-01  β=1.0000e+00
  PL   : train=-6.1948e-01  test=-9.5891e-01  σ_φ̄(train)=1.0122e-05  σ_φ̄(test)=2.7266e-10  σ_obs_ω=5.0000e-01  λ_PL=1.00
  KL   : M=1.653e+02  V=1.198e+02  Dw=2.882e+02  g=5.211e+02  sigma=1.054e+01  total=1.105e+03
  subnet MSE  M=2.082e+00  V=1.403e+01  Dw=4.277e-02  g=3.018e-01
[step   8200]
  train: −ELBO=2.1710e+00  NLL=2.6807e+00  NLL_R=1.0830e+00  NLL_ω=1.5977e+00  MSE_R=3.6158e-01  MSE_ω=5.0959e-01
  test : −ELBO=-6.3391e-01  NLL=2.1551e-01  NLL_R=-4.0959e-01  NLL_ω=6.2510e-01  MSE_R=1.4732e-03  MSE_ω=1.7906e-01
  sigma: σ_R=3.4733e-01  σ_ω=4.1217e-01  β=1.0000e+00
  PL   : train=-6.1742e-01  test=-9.5712e-01  σ_φ̄(train)=6.6685e-07  σ_φ̄(test)=2.1898e-10  σ_obs_ω=5.0000e-01  λ_PL=1.00
  KL   : M=1.649e+02  V=1.193e+02  Dw=2.874e+02  g=5.200e+02  sigma=1.148e+01  total=1.103e+03
  subnet MSE  M=2.078e+00  V=1.409e+01  Dw=4.318e-02  g=3.001e-01
[step   8250]
  train: −ELBO=2.1581e+00  NLL=2.6700e+00  NLL_R=1.0821e+00  NLL_ω=1.5879e+00  MSE_R=3.6137e-01  MSE_ω=5.0628e-01
  test : −ELBO=-6.4093e-01  NLL=2.0961e-01  NLL_R=-4.0966e-01  NLL_ω=6.1927e-01  MSE_R=1.4626e-03  MSE_ω=1.7779e-01
  sigma: σ_R=3.4728e-01  σ_ω=4.1199e-01  β=1.0000e+00
  PL   : train=-6.1939e-01  test=-9.5801e-01  σ_φ̄(train)=1.3763e-06  σ_φ̄(test)=2.3217e-10  σ_obs_ω=5.0000e-01  λ_PL=1.00
  KL   : M=1.647e+02  V=1.189e+02  Dw=2.865e+02  g=5.191e+02  sigma=1.139e+01  total=1.101e+03
  subnet MSE  M=2.079e+00  V=1.407e+01  Dw=4.285e-02  g=3.004e-01
[step   8300]
  train: −ELBO=2.1710e+00  NLL=2.6817e+00  NLL_R=1.0830e+00  NLL_ω=1.5987e+00  MSE_R=3.6159e-01  MSE_ω=5.0993e-01
  test : −ELBO=-6.4533e-01  NLL=2.0568e-01  NLL_R=-4.1136e-01  NLL_ω=6.1704e-01  MSE_R=1.4597e-03  MSE_ω=1.7739e-01
  sigma: σ_R=3.4712e-01  σ_ω=4.1153e-01  β=1.0000e+00
  PL   : train=-6.1789e-01  test=-9.5822e-01  σ_φ̄(train)=9.2959e-07  σ_φ̄(test)=2.4860e-10  σ_obs_ω=5.0000e-01  λ_PL=1.00
  KL   : M=1.642e+02  V=1.186e+02  Dw=2.856e+02  g=5.181e+02  sigma=1.128e+01  total=1.098e+03
  subnet MSE  M=2.079e+00  V=1.409e+01  Dw=4.395e-02  g=3.003e-01
[step   8350]
  train: −ELBO=2.1634e+00  NLL=2.6765e+00  NLL_R=1.0825e+00  NLL_ω=1.5940e+00  MSE_R=3.6146e-01  MSE_ω=5.0835e-01
  test : −ELBO=-6.5530e-01  NLL=1.9849e-01  NLL_R=-4.1096e-01  NLL_ω=6.0944e-01  MSE_R=1.4289e-03  MSE_ω=1.7360e-01
  sigma: σ_R=3.4717e-01  σ_ω=4.1230e-01  β=1.0000e+00
  PL   : train=-6.2018e-01  test=-9.6078e-01  σ_φ̄(train)=1.0640e-06  σ_φ̄(test)=2.5866e-10  σ_obs_ω=5.0000e-01  λ_PL=1.00
  KL   : M=1.639e+02  V=1.183e+02  Dw=2.852e+02  g=5.172e+02  sigma=1.119e+01  total=1.096e+03
  subnet MSE  M=2.078e+00  V=1.399e+01  Dw=4.575e-02  g=3.029e-01
[step   8400]
  train: −ELBO=2.1619e+00  NLL=2.6752e+00  NLL_R=1.0825e+00  NLL_ω=1.5927e+00  MSE_R=3.6145e-01  MSE_ω=5.0791e-01
  test : −ELBO=-6.3370e-01  NLL=2.1725e-01  NLL_R=-4.0750e-01  NLL_ω=6.2475e-01  MSE_R=1.4772e-03  MSE_ω=1.7952e-01
  sigma: σ_R=3.4746e-01  σ_ω=4.1190e-01  β=1.0000e+00
  PL   : train=-6.2002e-01  test=-9.5767e-01  σ_φ̄(train)=2.0510e-06  σ_φ̄(test)=2.7424e-10  σ_obs_ω=5.0000e-01  λ_PL=1.00
  KL   : M=1.635e+02  V=1.179e+02  Dw=2.845e+02  g=5.159e+02  sigma=1.108e+01  total=1.093e+03
  subnet MSE  M=2.081e+00  V=1.409e+01  Dw=4.448e-02  g=3.008e-01
[step   8450]
  train: −ELBO=2.1650e+00  NLL=2.6777e+00  NLL_R=1.0830e+00  NLL_ω=1.5947e+00  MSE_R=3.6158e-01  MSE_ω=5.0857e-01
  test : −ELBO=-6.3833e-01  NLL=2.1283e-01  NLL_R=-4.1106e-01  NLL_ω=6.2389e-01  MSE_R=1.4800e-03  MSE_ω=1.7984e-01
  sigma: σ_R=3.4712e-01  σ_ω=4.1141e-01  β=1.0000e+00
  PL   : train=-6.1906e-01  test=-9.5758e-01  σ_φ̄(train)=4.6228e-06  σ_φ̄(test)=2.9346e-10  σ_obs_ω=5.0000e-01  λ_PL=1.00
  KL   : M=1.630e+02  V=1.177e+02  Dw=2.837e+02  g=5.144e+02  sigma=1.097e+01  total=1.090e+03
  subnet MSE  M=2.080e+00  V=1.403e+01  Dw=4.273e-02  g=3.015e-01
[step   8500]
  train: −ELBO=2.1665e+00  NLL=2.6793e+00  NLL_R=1.0826e+00  NLL_ω=1.5967e+00  MSE_R=3.6149e-01  MSE_ω=5.0926e-01
  test : −ELBO=-6.4117e-01  NLL=2.1027e-01  NLL_R=-4.1242e-01  NLL_ω=6.2269e-01  MSE_R=1.4712e-03  MSE_ω=1.7868e-01
  sigma: σ_R=3.4699e-01  σ_ω=4.1193e-01  β=1.0000e+00
  PL   : train=-6.1902e-01  test=-9.5761e-01  σ_φ̄(train)=1.4693e-06  σ_φ̄(test)=3.1066e-10  σ_obs_ω=5.0000e-01  λ_PL=1.00
  KL   : M=1.627e+02  V=1.173e+02  Dw=2.829e+02  g=5.135e+02  sigma=1.086e+01  total=1.087e+03
  subnet MSE  M=2.075e+00  V=1.408e+01  Dw=4.383e-02  g=3.003e-01
[step   8550]
  train: −ELBO=2.1644e+00  NLL=2.6781e+00  NLL_R=1.0818e+00  NLL_ω=1.5963e+00  MSE_R=3.6128e-01  MSE_ω=5.0913e-01
  test : −ELBO=-6.4903e-01  NLL=2.0294e-01  NLL_R=-4.1335e-01  NLL_ω=6.1629e-01  MSE_R=1.4652e-03  MSE_ω=1.7795e-01
  sigma: σ_R=3.4695e-01  σ_ω=4.1112e-01  β=1.0000e+00
  PL   : train=-6.1957e-01  test=-9.5784e-01  σ_φ̄(train)=1.6007e-06  σ_φ̄(test)=3.2897e-10  σ_obs_ω=5.0000e-01  λ_PL=1.00
  KL   : M=1.622e+02  V=1.170e+02  Dw=2.821e+02  g=5.121e+02  sigma=1.079e+01  total=1.084e+03
  subnet MSE  M=2.079e+00  V=1.400e+01  Dw=4.452e-02  g=3.012e-01
[step   8600]
  train: −ELBO=2.1571e+00  NLL=2.6712e+00  NLL_R=1.0829e+00  NLL_ω=1.5882e+00  MSE_R=3.6156e-01  MSE_ω=5.0639e-01
  test : −ELBO=-6.3657e-01  NLL=2.1515e-01  NLL_R=-4.0866e-01  NLL_ω=6.2381e-01  MSE_R=1.4785e-03  MSE_ω=1.7949e-01
  sigma: σ_R=3.4732e-01  σ_ω=4.1178e-01  β=1.0000e+00
  PL   : train=-6.1969e-01  test=-9.5733e-01  σ_φ̄(train)=1.5211e-05  σ_φ̄(test)=3.5311e-10  σ_obs_ω=5.0000e-01  λ_PL=1.00
  KL   : M=1.618e+02  V=1.167e+02  Dw=2.814e+02  g=5.109e+02  sigma=1.068e+01  total=1.082e+03
  subnet MSE  M=2.079e+00  V=1.405e+01  Dw=4.474e-02  g=3.010e-01
[step   8650]
  train: −ELBO=2.1546e+00  NLL=2.6685e+00  NLL_R=1.0836e+00  NLL_ω=1.5849e+00  MSE_R=3.6173e-01  MSE_ω=5.0527e-01
  test : −ELBO=-6.3172e-01  NLL=2.1984e-01  NLL_R=-4.1213e-01  NLL_ω=6.3197e-01  MSE_R=1.5031e-03  MSE_ω=1.8266e-01
  sigma: σ_R=3.4708e-01  σ_ω=4.1142e-01  β=1.0000e+00
  PL   : train=-6.1921e-01  test=-9.5686e-01  σ_φ̄(train)=1.0677e-06  σ_φ̄(test)=3.9516e-10  σ_obs_ω=5.0000e-01  λ_PL=1.00
  KL   : M=1.614e+02  V=1.163e+02  Dw=2.804e+02  g=5.098e+02  sigma=1.052e+01  total=1.078e+03
  subnet MSE  M=2.079e+00  V=1.425e+01  Dw=4.481e-02  g=3.010e-01
[step   8700]
  train: −ELBO=2.1642e+00  NLL=2.6782e+00  NLL_R=1.0819e+00  NLL_ω=1.5963e+00  MSE_R=3.6132e-01  MSE_ω=5.0913e-01
  test : −ELBO=-6.3361e-01  NLL=2.1836e-01  NLL_R=-4.0983e-01  NLL_ω=6.2819e-01  MSE_R=1.4917e-03  MSE_ω=1.8117e-01
  sigma: σ_R=3.4726e-01  σ_ω=4.1150e-01  β=1.0000e+00
  PL   : train=-6.1912e-01  test=-9.5711e-01  σ_φ̄(train)=3.1536e-05  σ_φ̄(test)=3.8651e-10  σ_obs_ω=5.0000e-01  λ_PL=1.00
  KL   : M=1.610e+02  V=1.161e+02  Dw=2.797e+02  g=5.092e+02  sigma=1.051e+01  total=1.077e+03
  subnet MSE  M=2.083e+00  V=1.407e+01  Dw=4.455e-02  g=3.006e-01
[step   8750]
  train: −ELBO=2.1635e+00  NLL=2.6776e+00  NLL_R=1.0826e+00  NLL_ω=1.5950e+00  MSE_R=3.6148e-01  MSE_ω=5.0867e-01
  test : −ELBO=-6.3179e-01  NLL=2.1844e-01  NLL_R=-4.1148e-01  NLL_ω=6.2992e-01  MSE_R=1.5011e-03  MSE_ω=1.8226e-01
  sigma: σ_R=3.4707e-01  σ_ω=4.1126e-01  β=1.0000e+00
  PL   : train=-6.1903e-01  test=-9.5520e-01  σ_φ̄(train)=1.5930e-06  σ_φ̄(test)=3.3528e-10  σ_obs_ω=5.0000e-01  λ_PL=1.00
  KL   : M=1.607e+02  V=1.158e+02  Dw=2.790e+02  g=5.088e+02  sigma=1.060e+01  total=1.075e+03
  subnet MSE  M=2.083e+00  V=1.403e+01  Dw=4.506e-02  g=2.996e-01
[step   8800]
  train: −ELBO=2.1529e+00  NLL=2.6681e+00  NLL_R=1.0826e+00  NLL_ω=1.5856e+00  MSE_R=3.6147e-01  MSE_ω=5.0548e-01
  test : −ELBO=-6.3935e-01  NLL=2.1372e-01  NLL_R=-4.1157e-01  NLL_ω=6.2529e-01  MSE_R=1.4819e-03  MSE_ω=1.8005e-01
  sigma: σ_R=3.4716e-01  σ_ω=4.1172e-01  β=1.0000e+00
  PL   : train=-6.2000e-01  test=-9.5788e-01  σ_φ̄(train)=2.3883e-06  σ_φ̄(test)=3.4489e-10  σ_obs_ω=5.0000e-01  λ_PL=1.00
  KL   : M=1.604e+02  V=1.157e+02  Dw=2.785e+02  g=5.082e+02  sigma=1.053e+01  total=1.073e+03
  subnet MSE  M=2.082e+00  V=1.409e+01  Dw=4.542e-02  g=3.014e-01
[step   8850]
  train: −ELBO=2.1539e+00  NLL=2.6688e+00  NLL_R=1.0827e+00  NLL_ω=1.5860e+00  MSE_R=3.6152e-01  MSE_ω=5.0566e-01
  test : −ELBO=-6.3404e-01  NLL=2.1773e-01  NLL_R=-4.0989e-01  NLL_ω=6.2762e-01  MSE_R=1.5033e-03  MSE_ω=1.8247e-01
  sigma: σ_R=3.4723e-01  σ_ω=4.1059e-01  β=1.0000e+00
  PL   : train=-6.1944e-01  test=-9.5637e-01  σ_φ̄(train)=4.2498e-06  σ_φ̄(test)=3.7670e-10  σ_obs_ω=5.0000e-01  λ_PL=1.00
  KL   : M=1.602e+02  V=1.155e+02  Dw=2.776e+02  g=5.074e+02  sigma=1.041e+01  total=1.071e+03
  subnet MSE  M=2.086e+00  V=1.407e+01  Dw=4.461e-02  g=3.006e-01
[step   8900]
  train: −ELBO=2.1567e+00  NLL=2.6721e+00  NLL_R=1.0826e+00  NLL_ω=1.5895e+00  MSE_R=3.6149e-01  MSE_ω=5.0683e-01
  test : −ELBO=-6.4687e-01  NLL=2.0714e-01  NLL_R=-4.1122e-01  NLL_ω=6.1836e-01  MSE_R=1.4661e-03  MSE_ω=1.7812e-01
  sigma: σ_R=3.4713e-01  σ_ω=4.1139e-01  β=1.0000e+00
  PL   : train=-6.1985e-01  test=-9.5849e-01  σ_φ̄(train)=1.6080e-06  σ_φ̄(test)=3.8087e-10  σ_obs_ω=5.0000e-01  λ_PL=1.00
  KL   : M=1.601e+02  V=1.153e+02  Dw=2.770e+02  g=5.071e+02  sigma=1.036e+01  total=1.070e+03
  subnet MSE  M=2.083e+00  V=1.410e+01  Dw=4.486e-02  g=3.013e-01
[step   8950]
  train: −ELBO=2.1531e+00  NLL=2.6701e+00  NLL_R=1.0820e+00  NLL_ω=1.5881e+00  MSE_R=3.6134e-01  MSE_ω=5.0634e-01
  test : −ELBO=-6.3070e-01  NLL=2.2182e-01  NLL_R=-4.1021e-01  NLL_ω=6.3202e-01  MSE_R=1.5091e-03  MSE_ω=1.8319e-01
  sigma: σ_R=3.4722e-01  σ_ω=4.1117e-01  β=1.0000e+00
  PL   : train=-6.2125e-01  test=-9.5679e-01  σ_φ̄(train)=7.2304e-06  σ_φ̄(test)=3.6998e-10  σ_obs_ω=5.0000e-01  λ_PL=1.00
  KL   : M=1.597e+02  V=1.151e+02  Dw=2.762e+02  g=5.065e+02  sigma=1.035e+01  total=1.068e+03
  subnet MSE  M=2.084e+00  V=1.409e+01  Dw=4.409e-02  g=3.009e-01
[step   9000]
  train: −ELBO=2.1611e+00  NLL=2.6770e+00  NLL_R=1.0832e+00  NLL_ω=1.5938e+00  MSE_R=3.6163e-01  MSE_ω=5.0827e-01
  test : −ELBO=-6.3619e-01  NLL=2.1732e-01  NLL_R=-4.1312e-01  NLL_ω=6.3043e-01  MSE_R=1.4997e-03  MSE_ω=1.8239e-01
  sigma: σ_R=3.4684e-01  σ_ω=4.1129e-01  β=1.0000e+00
  PL   : train=-6.1998e-01  test=-9.5763e-01  σ_φ̄(train)=1.9803e-06  σ_φ̄(test)=3.8219e-10  σ_obs_ω=5.0000e-01  λ_PL=1.00
  KL   : M=1.593e+02  V=1.149e+02  Dw=2.755e+02  g=5.063e+02  sigma=1.027e+01  total=1.066e+03
  subnet MSE  M=2.086e+00  V=1.419e+01  Dw=4.526e-02  g=3.020e-01
[step   9050]
  train: −ELBO=2.1536e+00  NLL=2.6704e+00  NLL_R=1.0826e+00  NLL_ω=1.5878e+00  MSE_R=3.6150e-01  MSE_ω=5.0624e-01
  test : −ELBO=-6.3994e-01  NLL=2.1340e-01  NLL_R=-4.1141e-01  NLL_ω=6.2481e-01  MSE_R=1.4891e-03  MSE_ω=1.8092e-01
  sigma: σ_R=3.4716e-01  σ_ω=4.1111e-01  β=1.0000e+00
  PL   : train=-6.2074e-01  test=-9.5729e-01  σ_φ̄(train)=5.5098e-06  σ_φ̄(test)=4.3578e-10  σ_obs_ω=5.0000e-01  λ_PL=1.00
  KL   : M=1.590e+02  V=1.146e+02  Dw=2.746e+02  g=5.062e+02  sigma=1.011e+01  total=1.064e+03
  subnet MSE  M=2.085e+00  V=1.409e+01  Dw=4.484e-02  g=3.007e-01
[step   9100]
  train: −ELBO=2.1568e+00  NLL=2.6722e+00  NLL_R=1.0827e+00  NLL_ω=1.5894e+00  MSE_R=3.6152e-01  MSE_ω=5.0680e-01
  test : −ELBO=-6.3371e-01  NLL=2.1918e-01  NLL_R=-4.0791e-01  NLL_ω=6.2709e-01  MSE_R=1.4984e-03  MSE_ω=1.8201e-01
  sigma: σ_R=3.4734e-01  σ_ω=4.1081e-01  β=1.0000e+00
  PL   : train=-6.1908e-01  test=-9.5663e-01  σ_φ̄(train)=1.1230e-05  σ_φ̄(test)=4.8725e-10  σ_obs_ω=5.0000e-01  λ_PL=1.00
  KL   : M=1.587e+02  V=1.144e+02  Dw=2.738e+02  g=5.054e+02  sigma=9.967e+00  total=1.062e+03
  subnet MSE  M=2.086e+00  V=1.413e+01  Dw=4.408e-02  g=3.004e-01
[step   9150]
  train: −ELBO=2.1599e+00  NLL=2.6765e+00  NLL_R=1.0820e+00  NLL_ω=1.5945e+00  MSE_R=3.6134e-01  MSE_ω=5.0852e-01
  test : −ELBO=-6.4367e-01  NLL=2.0966e-01  NLL_R=-4.1083e-01  NLL_ω=6.2049e-01  MSE_R=1.4802e-03  MSE_ω=1.7966e-01
  sigma: σ_R=3.4715e-01  σ_ω=4.1086e-01  β=1.0000e+00
  PL   : train=-6.2021e-01  test=-9.5691e-01  σ_φ̄(train)=2.0790e-06  σ_φ̄(test)=5.3074e-10  σ_obs_ω=5.0000e-01  λ_PL=1.00
  KL   : M=1.583e+02  V=1.142e+02  Dw=2.731e+02  g=5.051e+02  sigma=9.832e+00  total=1.061e+03
  subnet MSE  M=2.085e+00  V=1.402e+01  Dw=4.547e-02  g=3.016e-01
[step   9200]
  train: −ELBO=2.1529e+00  NLL=2.6702e+00  NLL_R=1.0815e+00  NLL_ω=1.5887e+00  MSE_R=3.6123e-01  MSE_ω=5.0654e-01
  test : −ELBO=-6.4304e-01  NLL=2.1046e-01  NLL_R=-4.1241e-01  NLL_ω=6.2287e-01  MSE_R=1.4906e-03  MSE_ω=1.8095e-01
  sigma: σ_R=3.4697e-01  σ_ω=4.1049e-01  β=1.0000e+00
  PL   : train=-6.2079e-01  test=-9.5699e-01  σ_φ̄(train)=2.8762e-05  σ_φ̄(test)=5.0742e-10  σ_obs_ω=5.0000e-01  λ_PL=1.00
  KL   : M=1.582e+02  V=1.141e+02  Dw=2.728e+02  g=5.049e+02  sigma=9.768e+00  total=1.060e+03
  subnet MSE  M=2.086e+00  V=1.401e+01  Dw=4.546e-02  g=3.011e-01
[step   9250]
  train: −ELBO=2.1626e+00  NLL=2.6790e+00  NLL_R=1.0827e+00  NLL_ω=1.5963e+00  MSE_R=3.6152e-01  MSE_ω=5.0911e-01
  test : −ELBO=-6.3175e-01  NLL=2.2152e-01  NLL_R=-4.0997e-01  NLL_ω=6.3149e-01  MSE_R=1.5080e-03  MSE_ω=1.8306e-01
  sigma: σ_R=3.4737e-01  σ_ω=4.1103e-01  β=1.0000e+00
  PL   : train=-6.1971e-01  test=-9.5656e-01  σ_φ̄(train)=5.3733e-06  σ_φ̄(test)=4.9499e-10  σ_obs_ω=5.0000e-01  λ_PL=1.00
  KL   : M=1.581e+02  V=1.139e+02  Dw=2.719e+02  g=5.041e+02  sigma=9.683e+00  total=1.058e+03
  subnet MSE  M=2.082e+00  V=1.411e+01  Dw=4.444e-02  g=3.007e-01
[step   9300]
  train: −ELBO=2.1557e+00  NLL=2.6725e+00  NLL_R=1.0830e+00  NLL_ω=1.5895e+00  MSE_R=3.6159e-01  MSE_ω=5.0682e-01
  test : −ELBO=-6.4669e-01  NLL=2.0803e-01  NLL_R=-4.1213e-01  NLL_ω=6.2016e-01  MSE_R=1.4847e-03  MSE_ω=1.8028e-01
  sigma: σ_R=3.4704e-01  σ_ω=4.1036e-01  β=1.0000e+00
  PL   : train=-6.1991e-01  test=-9.5780e-01  σ_φ̄(train)=2.6602e-05  σ_φ̄(test)=3.7109e-10  σ_obs_ω=5.0000e-01  λ_PL=1.00
  KL   : M=1.576e+02  V=1.136e+02  Dw=2.711e+02  g=5.035e+02  sigma=9.770e+00  total=1.056e+03
  subnet MSE  M=2.082e+00  V=1.400e+01  Dw=4.380e-02  g=3.015e-01
[step   9350]
  train: −ELBO=2.1466e+00  NLL=2.6636e+00  NLL_R=1.0827e+00  NLL_ω=1.5809e+00  MSE_R=3.6152e-01  MSE_ω=5.0391e-01
  test : −ELBO=-6.3342e-01  NLL=2.1894e-01  NLL_R=-4.1225e-01  NLL_ω=6.3119e-01  MSE_R=1.5044e-03  MSE_ω=1.8263e-01
  sigma: σ_R=3.4701e-01  σ_ω=4.1124e-01  β=1.0000e+00
  PL   : train=-6.2001e-01  test=-9.5539e-01  σ_φ̄(train)=8.8023e-06  σ_φ̄(test)=3.6232e-10  σ_obs_ω=5.0000e-01  λ_PL=1.00
  KL   : M=1.574e+02  V=1.135e+02  Dw=2.708e+02  g=5.035e+02  sigma=9.725e+00  total=1.055e+03
  subnet MSE  M=2.084e+00  V=1.409e+01  Dw=4.613e-02  g=2.995e-01
[step   9400]
  train: −ELBO=2.1541e+00  NLL=2.6711e+00  NLL_R=1.0826e+00  NLL_ω=1.5884e+00  MSE_R=3.6150e-01  MSE_ω=5.0643e-01
  test : −ELBO=-6.1531e-01  NLL=2.3571e-01  NLL_R=-4.1404e-01  NLL_ω=6.4974e-01  MSE_R=1.5379e-03  MSE_ω=1.8654e-01
  sigma: σ_R=3.4676e-01  σ_ω=4.1269e-01  β=1.0000e+00
  PL   : train=-6.1985e-01  test=-9.5393e-01  σ_φ̄(train)=1.2237e-05  σ_φ̄(test)=3.1524e-10  σ_obs_ω=5.0000e-01  λ_PL=1.00
  KL   : M=1.573e+02  V=1.134e+02  Dw=2.704e+02  g=5.029e+02  sigma=9.761e+00  total=1.054e+03
  subnet MSE  M=2.086e+00  V=1.409e+01  Dw=4.446e-02  g=2.993e-01
[step   9450]
  train: −ELBO=2.1483e+00  NLL=2.6664e+00  NLL_R=1.0826e+00  NLL_ω=1.5838e+00  MSE_R=3.6150e-01  MSE_ω=5.0489e-01
  test : −ELBO=-6.3504e-01  NLL=2.1798e-01  NLL_R=-4.1057e-01  NLL_ω=6.2855e-01  MSE_R=1.5087e-03  MSE_ω=1.8323e-01
  sigma: σ_R=3.4722e-01  σ_ω=4.1043e-01  β=1.0000e+00
  PL   : train=-6.2093e-01  test=-9.5585e-01  σ_φ̄(train)=4.2158e-06  σ_φ̄(test)=3.0330e-10  σ_obs_ω=5.0000e-01  λ_PL=1.00
  KL   : M=1.572e+02  V=1.134e+02  Dw=2.702e+02  g=5.025e+02  sigma=9.802e+00  total=1.053e+03
  subnet MSE  M=2.084e+00  V=1.410e+01  Dw=4.443e-02  g=3.011e-01
[step   9500]
  train: −ELBO=2.1481e+00  NLL=2.6649e+00  NLL_R=1.0822e+00  NLL_ω=1.5827e+00  MSE_R=3.6140e-01  MSE_ω=5.0454e-01
  test : −ELBO=-6.3625e-01  NLL=2.1790e-01  NLL_R=-4.1153e-01  NLL_ω=6.2943e-01  MSE_R=1.5081e-03  MSE_ω=1.8377e-01
  sigma: σ_R=3.4706e-01  σ_ω=4.1011e-01  β=1.0000e+00
  PL   : train=-6.1962e-01  test=-9.5687e-01  σ_φ̄(train)=4.7525e-06  σ_φ̄(test)=3.3669e-10  σ_obs_ω=5.0000e-01  λ_PL=1.00
  KL   : M=1.568e+02  V=1.133e+02  Dw=2.697e+02  g=5.024e+02  sigma=9.655e+00  total=1.052e+03
  subnet MSE  M=2.085e+00  V=1.413e+01  Dw=4.212e-02  g=3.014e-01
[step   9550]
  train: −ELBO=2.1540e+00  NLL=2.6719e+00  NLL_R=1.0830e+00  NLL_ω=1.5889e+00  MSE_R=3.6159e-01  MSE_ω=5.0661e-01
  test : −ELBO=-6.3437e-01  NLL=2.1967e-01  NLL_R=-4.1067e-01  NLL_ω=6.3034e-01  MSE_R=1.5069e-03  MSE_ω=1.8322e-01
  sigma: σ_R=3.4725e-01  σ_ω=4.1079e-01  β=1.0000e+00
  PL   : train=-6.2055e-01  test=-9.5665e-01  σ_φ̄(train)=2.7105e-06  σ_φ̄(test)=3.5167e-10  σ_obs_ω=5.0000e-01  λ_PL=1.00
  KL   : M=1.564e+02  V=1.133e+02  Dw=2.693e+02  g=5.022e+02  sigma=9.560e+00  total=1.051e+03
  subnet MSE  M=2.086e+00  V=1.409e+01  Dw=4.376e-02  g=3.006e-01
[step   9600]
  train: −ELBO=2.1541e+00  NLL=2.6710e+00  NLL_R=1.0831e+00  NLL_ω=1.5879e+00  MSE_R=3.6161e-01  MSE_ω=5.0628e-01
  test : −ELBO=-6.3014e-01  NLL=2.2354e-01  NLL_R=-4.1193e-01  NLL_ω=6.3547e-01  MSE_R=1.5257e-03  MSE_ω=1.8540e-01
  sigma: σ_R=3.4703e-01  σ_ω=4.1040e-01  β=1.0000e+00
  PL   : train=-6.1939e-01  test=-9.5617e-01  σ_φ̄(train)=3.3899e-06  σ_φ̄(test)=4.0134e-10  σ_obs_ω=5.0000e-01  λ_PL=1.00
  KL   : M=1.561e+02  V=1.131e+02  Dw=2.690e+02  g=5.018e+02  sigma=9.414e+00  total=1.049e+03
  subnet MSE  M=2.085e+00  V=1.416e+01  Dw=4.404e-02  g=3.007e-01
[step   9650]
  train: −ELBO=2.1523e+00  NLL=2.6697e+00  NLL_R=1.0828e+00  NLL_ω=1.5868e+00  MSE_R=3.6154e-01  MSE_ω=5.0593e-01
  test : −ELBO=-6.3875e-01  NLL=2.1616e-01  NLL_R=-4.1197e-01  NLL_ω=6.2813e-01  MSE_R=1.5030e-03  MSE_ω=1.8259e-01
  sigma: σ_R=3.4700e-01  σ_ω=4.1060e-01  β=1.0000e+00
  PL   : train=-6.1975e-01  test=-9.5725e-01  σ_φ̄(train)=9.3571e-06  σ_φ̄(test)=4.0097e-10  σ_obs_ω=5.0000e-01  λ_PL=1.00
  KL   : M=1.558e+02  V=1.130e+02  Dw=2.683e+02  g=5.017e+02  sigma=9.313e+00  total=1.048e+03
  subnet MSE  M=2.089e+00  V=1.407e+01  Dw=4.266e-02  g=3.019e-01
[step   9700]
  train: −ELBO=2.1479e+00  NLL=2.6668e+00  NLL_R=1.0825e+00  NLL_ω=1.5843e+00  MSE_R=3.6147e-01  MSE_ω=5.0506e-01
  test : −ELBO=-6.2763e-01  NLL=2.2579e-01  NLL_R=-4.1019e-01  NLL_ω=6.3598e-01  MSE_R=1.5278e-03  MSE_ω=1.8538e-01
  sigma: σ_R=3.4722e-01  σ_ω=4.1052e-01  β=1.0000e+00
  PL   : train=-6.2126e-01  test=-9.5577e-01  σ_φ̄(train)=1.1797e-05  σ_φ̄(test)=3.1851e-10  σ_obs_ω=5.0000e-01  λ_PL=1.00
  KL   : M=1.556e+02  V=1.129e+02  Dw=2.682e+02  g=5.017e+02  sigma=9.567e+00  total=1.048e+03
  subnet MSE  M=2.086e+00  V=1.409e+01  Dw=4.495e-02  g=3.005e-01
[step   9750]
  train: −ELBO=2.1499e+00  NLL=2.6675e+00  NLL_R=1.0827e+00  NLL_ω=1.5849e+00  MSE_R=3.6150e-01  MSE_ω=5.0526e-01
  test : −ELBO=-6.4364e-01  NLL=2.0953e-01  NLL_R=-4.1227e-01  NLL_ω=6.2180e-01  MSE_R=1.4980e-03  MSE_ω=1.8196e-01
  sigma: σ_R=3.4699e-01  σ_ω=4.0973e-01  β=1.0000e+00
  PL   : train=-6.1982e-01  test=-9.5538e-01  σ_φ̄(train)=2.7002e-06  σ_φ̄(test)=3.6316e-10  σ_obs_ω=5.0000e-01  λ_PL=1.00
  KL   : M=1.553e+02  V=1.128e+02  Dw=2.679e+02  g=5.013e+02  sigma=9.407e+00  total=1.047e+03
  subnet MSE  M=2.086e+00  V=1.396e+01  Dw=4.485e-02  g=3.002e-01
[step   9800]
  train: −ELBO=2.1520e+00  NLL=2.6699e+00  NLL_R=1.0828e+00  NLL_ω=1.5872e+00  MSE_R=3.6152e-01  MSE_ω=5.0602e-01
  test : −ELBO=-6.3427e-01  NLL=2.1900e-01  NLL_R=-4.1263e-01  NLL_ω=6.3162e-01  MSE_R=1.5227e-03  MSE_ω=1.8499e-01
  sigma: σ_R=3.4697e-01  σ_ω=4.0982e-01  β=1.0000e+00
  PL   : train=-6.2007e-01  test=-9.5546e-01  σ_φ̄(train)=1.0357e-05  σ_φ̄(test)=4.3125e-10  σ_obs_ω=5.0000e-01  λ_PL=1.00
  KL   : M=1.550e+02  V=1.126e+02  Dw=2.677e+02  g=5.010e+02  sigma=1.002e+01  total=1.046e+03
  subnet MSE  M=2.087e+00  V=1.410e+01  Dw=4.537e-02  g=3.004e-01
[step   9850]
  train: −ELBO=2.1525e+00  NLL=2.6706e+00  NLL_R=1.0829e+00  NLL_ω=1.5877e+00  MSE_R=3.6157e-01  MSE_ω=5.0621e-01
  test : −ELBO=-6.3614e-01  NLL=2.1752e-01  NLL_R=-4.1245e-01  NLL_ω=6.2998e-01  MSE_R=1.5089e-03  MSE_ω=1.8346e-01
  sigma: σ_R=3.4702e-01  σ_ω=4.1056e-01  β=1.0000e+00
  PL   : train=-6.2030e-01  test=-9.5577e-01  σ_φ̄(train)=3.5700e-06  σ_φ̄(test)=4.7360e-10  σ_obs_ω=5.0000e-01  λ_PL=1.00
  KL   : M=1.548e+02  V=1.126e+02  Dw=2.671e+02  g=5.012e+02  sigma=9.929e+00  total=1.046e+03
  subnet MSE  M=2.084e+00  V=1.416e+01  Dw=4.443e-02  g=3.005e-01
[step   9900]
  train: −ELBO=2.1480e+00  NLL=2.6662e+00  NLL_R=1.0829e+00  NLL_ω=1.5833e+00  MSE_R=3.6156e-01  MSE_ω=5.0473e-01
  test : −ELBO=-6.3533e-01  NLL=2.1901e-01  NLL_R=-4.1262e-01  NLL_ω=6.3164e-01  MSE_R=1.5189e-03  MSE_ω=1.8467e-01
  sigma: σ_R=3.4704e-01  σ_ω=4.1006e-01  β=1.0000e+00
  PL   : train=-6.2035e-01  test=-9.5647e-01  σ_φ̄(train)=3.0319e-06  σ_φ̄(test)=4.1354e-10  σ_obs_ω=5.0000e-01  λ_PL=1.00
  KL   : M=1.546e+02  V=1.126e+02  Dw=2.670e+02  g=5.016e+02  sigma=1.012e+01  total=1.046e+03
  subnet MSE  M=2.086e+00  V=1.416e+01  Dw=4.511e-02  g=3.013e-01
[step   9950]
  train: −ELBO=2.1483e+00  NLL=2.6657e+00  NLL_R=1.0828e+00  NLL_ω=1.5829e+00  MSE_R=3.6154e-01  MSE_ω=5.0459e-01
  test : −ELBO=-6.2441e-01  NLL=2.2825e-01  NLL_R=-4.0934e-01  NLL_ω=6.3758e-01  MSE_R=1.5366e-03  MSE_ω=1.8665e-01
  sigma: σ_R=3.4726e-01  σ_ω=4.1009e-01  β=1.0000e+00
  PL   : train=-6.1942e-01  test=-9.5469e-01  σ_φ̄(train)=1.3136e-05  σ_φ̄(test)=4.7358e-10  σ_obs_ω=5.0000e-01  λ_PL=1.00
  KL   : M=1.541e+02  V=1.125e+02  Dw=2.667e+02  g=5.016e+02  sigma=9.962e+00  total=1.045e+03
  subnet MSE  M=2.086e+00  V=1.408e+01  Dw=4.539e-02  g=2.997e-01
[step  10000]
  train: −ELBO=2.1471e+00  NLL=2.6667e+00  NLL_R=1.0828e+00  NLL_ω=1.5838e+00  MSE_R=3.6154e-01  MSE_ω=5.0491e-01
  test : −ELBO=-6.2802e-01  NLL=2.2384e-01  NLL_R=-4.1093e-01  NLL_ω=6.3477e-01  MSE_R=1.5330e-03  MSE_ω=1.8614e-01
  sigma: σ_R=3.4712e-01  σ_ω=4.0985e-01  β=1.0000e+00
  PL   : train=-6.2159e-01  test=-9.5390e-01  σ_φ̄(train)=1.2600e-05  σ_φ̄(test)=4.9273e-10  σ_obs_ω=5.0000e-01  λ_PL=1.00
  KL   : M=1.539e+02  V=1.124e+02  Dw=2.667e+02  g=5.019e+02  sigma=9.875e+00  total=1.045e+03
  subnet MSE  M=2.088e+00  V=1.412e+01  Dw=4.608e-02  g=3.007e-01

Final per-trajectory eval ...
Final trajectory train loss 1.3217e+02 +/- 7.4680e+01
Final trajectory test loss  1.0560e+02 +/- 6.9212e+01
Final trajectory train l2 loss 1.2394e+02 +/- 7.2693e+01
Final trajectory test l2 loss  1.0411e+02 +/- 6.8777e+01
Final trajectory train geo loss 8.2341e+00 +/- 5.2535e+00
Final trajectory test geo loss  1.4945e+00 +/- 1.6942e+00
Saved final stats:  /mnt/data/thribhuvan/Projects/stochastic_port_hamiltonian/Final/SPHNP v2/src/models/3D_SO3_Windy_Pendulum/ph_gp_sde/data/run_wp3d_jax/obs0p25_fric0p5_wind0p5_ext0-sine_lr0p001_s10000_np5_smp64_T20_seed0_randu7_G0p5-0p7-0p1_260610-021411/wp3d-so3hamGPSDE-5p-stats.pkl
