Run dir : /mnt/data/thribhuvan/Projects/stochastic_port_hamiltonian/Final/SPHNP v2/src/models/3D_SO3_Windy_Pendulum/ph_gp_sde/data/run_wp3d_jax/obs0p1_fric0p5_wind0p5_ext0-sine_lr0p001_s10000_np5_smp64_T20_seed0_randu7_G0p5-0p7-0p1_260610-000015
model contains 11582 parameters
Loaded data from /mnt/data/thribhuvan/Projects/stochastic_port_hamiltonian/Final/SPHNP v2/datasets/data/windy_pendulum_3d/wp3d_dataset_extforce-sine-std0p0_fric0p5_var_fricFalse_obs_noise0p1_wind_force0p5_random_uTrue_uScale7p0_G_0p5_0p7_0p1_steps20.pkl
  dt = 0.0500  h = 0.0050  n_outer (per window) = 4  n_substeps = 10
  train batch B = 2560, test batch B = 2560, T_obs = 5, N (= B·(T−1)) = 10240

Pretraining M_net for 200 steps (lr=0.001, target = 1.000·I₃)
  using 12800 q samples drawn from training data
  pretrain step    0: loss=2.049e+00
  pretrain step   20: loss=1.924e+00
  pretrain step   40: loss=1.789e+00
  pretrain step   60: loss=1.648e+00
  pretrain step   80: loss=1.509e+00
  pretrain step  100: loss=1.376e+00
  pretrain step  120: loss=1.250e+00
  pretrain step  140: loss=1.133e+00
  pretrain step  160: loss=1.026e+00
  pretrain step  180: loss=9.271e-01
  pretrain step  199: loss=8.424e-01
  pretrain done. initial loss=2.049e+00  final loss=8.424e-01  max|M(q₀) − target|=2.072e+00
[step      0]
  train: −ELBO=9.8732e+01  NLL=9.9344e+01  NLL_R=-3.9463e-01  NLL_ω=9.9739e+01  MSE_R=7.5126e-02  MSE_ω=2.0778e+00
  test : −ELBO=8.1483e+01  NLL=8.1502e+01  NLL_R=-3.4171e+00  NLL_ω=8.4919e+01  MSE_R=1.4645e-02  MSE_ω=1.7849e+00
  sigma: σ_R=1.0000e-01  σ_ω=1.0000e-01  β=0.0000e+00
  PL   : train=-6.1168e-01  test=-7.6572e-01  σ_φ̄(train)=6.9892e-01  σ_φ̄(test)=6.9175e-01  σ_obs_ω=5.0000e-01  λ_PL=1.00
  KL   : M=2.003e+03  V=3.320e+02  Dw=1.992e+03  g=2.988e+03  sigma=3.320e+02  total=7.647e+03
  subnet MSE  M=8.710e-01  V=2.713e+01  Dw=6.539e-03  g=3.290e-01
[step     50]
  train: −ELBO=6.4216e+01  NLL=6.4866e+01  NLL_R=-7.8898e-01  NLL_ω=6.5655e+01  MSE_R=7.0564e-02  MSE_ω=1.5218e+00
  test : −ELBO=5.1947e+01  NLL=5.2003e+01  NLL_R=-3.5421e+00  NLL_ω=5.5545e+01  MSE_R=1.0357e-02  MSE_ω=1.3035e+00
  sigma: σ_R=1.0453e-01  σ_ω=1.0450e-01  β=5.0000e-02
  PL   : train=-6.8741e-01  test=-8.0472e-01  σ_φ̄(train)=5.4638e-01  σ_φ̄(test)=5.4061e-01  σ_obs_ω=5.0000e-01  λ_PL=1.00
  KL   : M=2.009e+03  V=3.331e+02  Dw=1.994e+03  g=2.997e+03  sigma=3.333e+02  total=7.666e+03
  subnet MSE  M=4.888e-01  V=2.696e+01  Dw=1.024e-02  g=2.852e-01
[step    100]
  train: −ELBO=4.5161e+01  NLL=4.5830e+01  NLL_R=-1.0197e+00  NLL_ω=4.6849e+01  MSE_R=6.8043e-02  MSE_ω=1.1930e+00
  test : −ELBO=3.5465e+01  NLL=3.5556e+01  NLL_R=-3.5612e+00  NLL_ω=3.9117e+01  MSE_R=8.0169e-03  MSE_ω=1.0125e+00
  sigma: σ_R=1.0863e-01  σ_ω=1.0841e-01  β=1.0000e-01
  PL   : train=-7.4338e-01  test=-8.4139e-01  σ_φ̄(train)=3.7951e-01  σ_φ̄(test)=3.7363e-01  σ_obs_ω=5.0000e-01  λ_PL=1.00
  KL   : M=2.016e+03  V=3.340e+02  Dw=1.997e+03  g=3.003e+03  sigma=3.348e+02  total=7.685e+03
  subnet MSE  M=3.619e-01  V=2.660e+01  Dw=1.823e-02  g=2.748e-01
[step    150]
  train: −ELBO=3.6580e+01  NLL=3.7235e+01  NLL_R=-1.1541e+00  NLL_ω=3.8389e+01  MSE_R=6.6651e-02  MSE_ω=1.0495e+00
  test : −ELBO=2.8039e+01  NLL=2.8148e+01  NLL_R=-3.5359e+00  NLL_ω=3.1684e+01  MSE_R=6.8646e-03  MSE_ω=8.8385e-01
  sigma: σ_R=1.1199e-01  σ_ω=1.1150e-01  β=1.5000e-01
  PL   : train=-7.6813e-01  test=-8.6082e-01  σ_φ̄(train)=2.5738e-01  σ_φ̄(test)=2.5047e-01  σ_obs_ω=5.0000e-01  λ_PL=1.00
  KL   : M=2.021e+03  V=3.346e+02  Dw=1.999e+03  g=3.007e+03  sigma=3.360e+02  total=7.697e+03
  subnet MSE  M=3.354e-01  V=2.622e+01  Dw=2.721e-02  g=2.727e-01
[step    200]
  train: −ELBO=2.7746e+01  NLL=2.8393e+01  NLL_R=-1.2902e+00  NLL_ω=2.9683e+01  MSE_R=6.5188e-02  MSE_ω=8.9287e-01
  test : −ELBO=2.2224e+01  NLL=2.2349e+01  NLL_R=-3.4657e+00  NLL_ω=2.5815e+01  MSE_R=6.1520e-03  MSE_ω=7.9054e-01
  sigma: σ_R=1.1643e-01  σ_ω=1.1562e-01  β=2.0000e-01
  PL   : train=-7.9727e-01  test=-8.7797e-01  σ_φ̄(train)=1.5852e-01  σ_φ̄(test)=1.5253e-01  σ_obs_ω=5.0000e-01  λ_PL=1.00
  KL   : M=2.025e+03  V=3.357e+02  Dw=2.001e+03  g=3.011e+03  sigma=3.370e+02  total=7.709e+03
  subnet MSE  M=4.516e-01  V=2.551e+01  Dw=4.209e-02  g=2.747e-01
[step    250]
  train: −ELBO=2.2648e+01  NLL=2.3278e+01  NLL_R=-1.3623e+00  NLL_ω=2.4640e+01  MSE_R=6.4558e-02  MSE_ω=8.0069e-01
  test : −ELBO=1.7642e+01  NLL=1.7782e+01  NLL_R=-3.4110e+00  NLL_ω=2.1193e+01  MSE_R=5.4685e-03  MSE_ω=7.0463e-01
  sigma: σ_R=1.2000e-01  σ_ω=1.1900e-01  β=2.5000e-01
  PL   : train=-8.1789e-01  test=-8.9349e-01  σ_φ̄(train)=1.1373e-01  σ_φ̄(test)=1.0670e-01  σ_obs_ω=5.0000e-01  λ_PL=1.00
  KL   : M=2.028e+03  V=3.369e+02  Dw=2.003e+03  g=3.014e+03  sigma=3.377e+02  total=7.719e+03
  subnet MSE  M=5.796e-01  V=2.452e+01  Dw=4.865e-02  g=2.892e-01
[step    300]
  train: −ELBO=1.8411e+01  NLL=1.9018e+01  NLL_R=-1.4288e+00  NLL_ω=2.0446e+01  MSE_R=6.3674e-02  MSE_ω=7.1768e-01
  test : −ELBO=1.4080e+01  NLL=1.4229e+01  NLL_R=-3.3584e+00  NLL_ω=1.7587e+01  MSE_R=4.9152e-03  MSE_ω=6.3296e-01
  sigma: σ_R=1.2333e-01  σ_ω=1.2229e-01  β=3.0000e-01
  PL   : train=-8.3315e-01  test=-9.0347e-01  σ_φ̄(train)=8.7426e-02  σ_φ̄(test)=8.2892e-02  σ_obs_ω=5.0000e-01  λ_PL=1.00
  KL   : M=2.030e+03  V=3.384e+02  Dw=2.005e+03  g=3.016e+03  sigma=3.383e+02  total=7.727e+03
  subnet MSE  M=6.961e-01  V=2.351e+01  Dw=5.088e-02  g=2.903e-01
[step    350]
  train: −ELBO=1.5236e+01  NLL=1.5813e+01  NLL_R=-1.4759e+00  NLL_ω=1.7289e+01  MSE_R=6.3080e-02  MSE_ω=6.5647e-01
  test : −ELBO=1.0771e+01  NLL=1.0929e+01  NLL_R=-3.3049e+00  NLL_ω=1.4233e+01  MSE_R=4.3646e-03  MSE_ω=5.6023e-01
  sigma: σ_R=1.2666e-01  σ_ω=1.2577e-01  β=3.5000e-01
  PL   : train=-8.4120e-01  test=-9.1244e-01  σ_φ̄(train)=6.8464e-02  σ_φ̄(test)=6.3502e-02  σ_obs_ω=5.0000e-01  λ_PL=1.00
  KL   : M=2.031e+03  V=3.399e+02  Dw=2.007e+03  g=3.018e+03  sigma=3.388e+02  total=7.734e+03
  subnet MSE  M=8.063e-01  V=2.225e+01  Dw=4.983e-02  g=2.927e-01
[step    400]
  train: −ELBO=1.2239e+01  NLL=1.2785e+01  NLL_R=-1.5150e+00  NLL_ω=1.4300e+01  MSE_R=6.2463e-02  MSE_ω=5.9146e-01
  test : −ELBO=7.7275e+00  NLL=7.8929e+00  NLL_R=-3.2536e+00  NLL_ω=1.1146e+01  MSE_R=3.8001e-03  MSE_ω=4.8637e-01
  sigma: σ_R=1.2984e-01  σ_ω=1.2933e-01  β=4.0000e-01
  PL   : train=-8.4914e-01  test=-9.2131e-01  σ_φ̄(train)=5.4869e-02  σ_φ̄(test)=5.0315e-02  σ_obs_ω=5.0000e-01  λ_PL=1.00
  KL   : M=2.032e+03  V=3.418e+02  Dw=2.008e+03  g=3.020e+03  sigma=3.391e+02  total=7.741e+03
  subnet MSE  M=9.381e-01  V=2.093e+01  Dw=5.110e-02  g=2.918e-01
[step    450]
  train: −ELBO=1.0859e+01  NLL=1.1370e+01  NLL_R=-1.5320e+00  NLL_ω=1.2902e+01  MSE_R=6.2191e-02  MSE_ω=5.6209e-01
  test : −ELBO=6.5694e+00  NLL=6.7365e+00  NLL_R=-3.2206e+00  NLL_ω=9.9572e+00  MSE_R=3.6046e-03  MSE_ω=4.6036e-01
  sigma: σ_R=1.3168e-01  σ_ω=1.3159e-01  β=4.5000e-01
  PL   : train=-8.5210e-01  test=-9.2332e-01  σ_φ̄(train)=5.2679e-02  σ_φ̄(test)=4.9362e-02  σ_obs_ω=5.0000e-01  λ_PL=1.00
  KL   : M=2.033e+03  V=3.432e+02  Dw=2.009e+03  g=3.020e+03  sigma=3.391e+02  total=7.744e+03
  subnet MSE  M=9.745e-01  V=2.008e+01  Dw=5.118e-02  g=2.891e-01
[step    500]
  train: −ELBO=9.2633e+00  NLL=9.7440e+00  NLL_R=-1.5537e+00  NLL_ω=1.1298e+01  MSE_R=6.1698e-02  MSE_ω=5.2523e-01
  test : −ELBO=5.0535e+00  NLL=5.2261e+00  NLL_R=-3.1874e+00  NLL_ω=8.4135e+00  MSE_R=3.3087e-03  MSE_ω=4.2168e-01
  sigma: σ_R=1.3363e-01  σ_ω=1.3428e-01  β=5.0000e-01
  PL   : train=-8.5895e-01  test=-9.2921e-01  σ_φ̄(train)=4.7206e-02  σ_φ̄(test)=4.3334e-02  σ_obs_ω=5.0000e-01  λ_PL=1.00
  KL   : M=2.033e+03  V=3.445e+02  Dw=2.009e+03  g=3.021e+03  sigma=3.393e+02  total=7.748e+03
  subnet MSE  M=1.001e+00  V=1.929e+01  Dw=5.205e-02  g=2.926e-01
[step    550]
  train: −ELBO=7.0069e+00  NLL=7.4556e+00  NLL_R=-1.5716e+00  NLL_ω=9.0272e+00  MSE_R=6.1342e-02  MSE_ω=4.7074e-01
  test : −ELBO=3.1533e+00  NLL=3.3291e+00  NLL_R=-3.1353e+00  NLL_ω=6.4644e+00  MSE_R=2.9359e-03  MSE_ω=3.7208e-01
  sigma: σ_R=1.3663e-01  σ_ω=1.3895e-01  β=5.5000e-01
  PL   : train=-8.6520e-01  test=-9.3309e-01  σ_φ̄(train)=3.7521e-02  σ_φ̄(test)=3.3600e-02  σ_obs_ω=5.0000e-01  λ_PL=1.00
  KL   : M=2.035e+03  V=3.466e+02  Dw=2.011e+03  g=3.022e+03  sigma=3.394e+02  total=7.754e+03
  subnet MSE  M=1.064e+00  V=1.845e+01  Dw=5.142e-02  g=2.877e-01
[step    600]
  train: −ELBO=5.9268e+00  NLL=6.3429e+00  NLL_R=-1.5823e+00  NLL_ω=7.9251e+00  MSE_R=6.1044e-02  MSE_ω=4.4505e-01
  test : −ELBO=2.1557e+00  NLL=2.3382e+00  NLL_R=-3.1089e+00  NLL_ω=5.4471e+00  MSE_R=2.7271e-03  MSE_ω=3.4510e-01
  sigma: σ_R=1.3819e-01  σ_ω=1.4209e-01  β=6.0000e-01
  PL   : train=-8.7063e-01  test=-9.4017e-01  σ_φ̄(train)=3.1487e-02  σ_φ̄(test)=2.8245e-02  σ_obs_ω=5.0000e-01  λ_PL=1.00
  KL   : M=2.036e+03  V=3.481e+02  Dw=2.012e+03  g=3.023e+03  sigma=3.397e+02  total=7.758e+03
  subnet MSE  M=1.104e+00  V=1.768e+01  Dw=5.060e-02  g=2.946e-01
[step    650]
  train: −ELBO=5.0726e+00  NLL=5.4538e+00  NLL_R=-1.5922e+00  NLL_ω=7.0461e+00  MSE_R=6.0707e-02  MSE_ω=4.2263e-01
  test : −ELBO=1.4318e+00  NLL=1.6151e+00  NLL_R=-3.0919e+00  NLL_ω=4.7069e+00  MSE_R=2.5721e-03  MSE_ω=3.2484e-01
  sigma: σ_R=1.3920e-01  σ_ω=1.4473e-01  β=6.5000e-01
  PL   : train=-8.7383e-01  test=-9.4115e-01  σ_φ̄(train)=2.5489e-02  σ_φ̄(test)=2.3324e-02  σ_obs_ω=5.0000e-01  λ_PL=1.00
  KL   : M=2.036e+03  V=3.493e+02  Dw=2.012e+03  g=3.023e+03  sigma=3.399e+02  total=7.761e+03
  subnet MSE  M=1.112e+00  V=1.735e+01  Dw=4.824e-02  g=2.903e-01
[step    700]
  train: −ELBO=4.1195e+00  NLL=4.4687e+00  NLL_R=-1.6002e+00  NLL_ω=6.0689e+00  MSE_R=6.0423e-02  MSE_ω=3.9615e-01
  test : −ELBO=4.2076e-01  NLL=6.1012e-01  NLL_R=-3.0793e+00  NLL_ω=3.6894e+00  MSE_R=2.3242e-03  MSE_ω=2.9209e-01
  sigma: σ_R=1.4013e-01  σ_ω=1.4799e-01  β=7.0000e-01
  PL   : train=-8.7990e-01  test=-9.4750e-01  σ_φ̄(train)=2.4759e-02  σ_φ̄(test)=2.2308e-02  σ_obs_ω=5.0000e-01  λ_PL=1.00
  KL   : M=2.037e+03  V=3.508e+02  Dw=2.012e+03  g=3.024e+03  sigma=3.398e+02  total=7.763e+03
  subnet MSE  M=1.153e+00  V=1.662e+01  Dw=4.831e-02  g=2.980e-01
[step    750]
  train: −ELBO=3.4603e+00  NLL=3.7731e+00  NLL_R=-1.6057e+00  NLL_ω=5.3787e+00  MSE_R=6.0217e-02  MSE_ω=3.7808e-01
  test : −ELBO=-9.5330e-02  NLL=9.6368e-02  NLL_R=-3.0705e+00  NLL_ω=3.1668e+00  MSE_R=2.2132e-03  MSE_ω=2.7743e-01
  sigma: σ_R=1.4070e-01  σ_ω=1.5097e-01  β=7.5000e-01
  PL   : train=-8.8144e-01  test=-9.4998e-01  σ_φ̄(train)=2.2425e-02  σ_φ̄(test)=2.0211e-02  σ_obs_ω=5.0000e-01  λ_PL=1.00
  KL   : M=2.037e+03  V=3.522e+02  Dw=2.012e+03  g=3.024e+03  sigma=3.398e+02  total=7.765e+03
  subnet MSE  M=1.165e+00  V=1.637e+01  Dw=4.485e-02  g=2.951e-01
[step    800]
  train: −ELBO=2.7747e+00  NLL=3.0353e+00  NLL_R=-1.6044e+00  NLL_ω=4.6396e+00  MSE_R=6.0273e-02  MSE_ω=3.6006e-01
  test : −ELBO=-6.6185e-01  NLL=-4.6717e-01  NLL_R=-3.0629e+00  NLL_ω=2.5957e+00  MSE_R=2.0916e-03  MSE_ω=2.6183e-01
  sigma: σ_R=1.4122e-01  σ_ω=1.5523e-01  β=8.0000e-01
  PL   : train=-8.6722e-01  test=-9.5302e-01  σ_φ̄(train)=1.9530e-02  σ_φ̄(test)=1.7229e-02  σ_obs_ω=5.0000e-01  λ_PL=1.00
  KL   : M=2.037e+03  V=3.538e+02  Dw=2.011e+03  g=3.024e+03  sigma=3.398e+02  total=7.765e+03
  subnet MSE  M=1.203e+00  V=1.613e+01  Dw=4.340e-02  g=2.980e-01
[step    850]
  train: −ELBO=2.0242e+00  NLL=2.2648e+00  NLL_R=-1.6091e+00  NLL_ω=3.8739e+00  MSE_R=6.0087e-02  MSE_ω=3.3826e-01
  test : −ELBO=-1.2677e+00  NLL=-1.0734e+00  NLL_R=-3.0629e+00  NLL_ω=1.9895e+00  MSE_R=1.9374e-03  MSE_ω=2.4206e-01
  sigma: σ_R=1.4141e-01  σ_ω=1.5987e-01  β=8.5000e-01
  PL   : train=-8.8524e-01  test=-9.5260e-01  σ_φ̄(train)=1.5476e-02  σ_φ̄(test)=1.4057e-02  σ_obs_ω=5.0000e-01  λ_PL=1.00
  KL   : M=2.037e+03  V=3.556e+02  Dw=2.009e+03  g=3.023e+03  sigma=3.399e+02  total=7.765e+03
  subnet MSE  M=1.191e+00  V=1.595e+01  Dw=4.218e-02  g=2.907e-01
[step    900]
  train: −ELBO=1.4567e+00  NLL=1.6612e+00  NLL_R=-1.6171e+00  NLL_ω=3.2783e+00  MSE_R=5.9764e-02  MSE_ω=3.1964e-01
  test : −ELBO=-1.8213e+00  NLL=-1.6248e+00  NLL_R=-3.0679e+00  NLL_ω=1.4432e+00  MSE_R=1.7800e-03  MSE_ω=2.2109e-01
  sigma: σ_R=1.4136e-01  σ_ω=1.6394e-01  β=9.0000e-01
  PL   : train=-8.8695e-01  test=-9.5478e-01  σ_φ̄(train)=1.3502e-02  σ_φ̄(test)=1.1895e-02  σ_obs_ω=5.0000e-01  λ_PL=1.00
  KL   : M=2.037e+03  V=3.574e+02  Dw=2.008e+03  g=3.023e+03  sigma=3.398e+02  total=7.765e+03
  subnet MSE  M=1.238e+00  V=1.504e+01  Dw=4.089e-02  g=2.889e-01
[step    950]
  train: −ELBO=1.1123e+00  NLL=1.2832e+00  NLL_R=-1.6183e+00  NLL_ω=2.9015e+00  MSE_R=5.9716e-02  MSE_ω=3.1010e-01
  test : −ELBO=-2.1501e+00  NLL=-1.9503e+00  NLL_R=-3.0727e+00  NLL_ω=1.1223e+00  MSE_R=1.6924e-03  MSE_ω=2.0986e-01
  sigma: σ_R=1.4124e-01  σ_ω=1.6795e-01  β=9.5000e-01
  PL   : train=-8.9104e-01  test=-9.5786e-01  σ_φ̄(train)=1.3134e-02  σ_φ̄(test)=1.1541e-02  σ_obs_ω=5.0000e-01  λ_PL=1.00
  KL   : M=2.036e+03  V=3.589e+02  Dw=2.005e+03  g=3.023e+03  sigma=3.396e+02  total=7.763e+03
  subnet MSE  M=1.249e+00  V=1.496e+01  Dw=3.692e-02  g=2.919e-01
[step   1000]
  train: −ELBO=7.9208e-01  NLL=9.2823e-01  NLL_R=-1.6208e+00  NLL_ω=2.5490e+00  MSE_R=5.9618e-02  MSE_ω=2.9958e-01
  test : −ELBO=-2.3521e+00  NLL=-2.1495e+00  NLL_R=-3.0767e+00  NLL_ω=9.2721e-01  MSE_R=1.6444e-03  MSE_ω=2.0402e-01
  sigma: σ_R=1.4111e-01  σ_ω=1.7177e-01  β=1.0000e+00
  PL   : train=-8.9385e-01  test=-9.6029e-01  σ_φ̄(train)=1.1994e-02  σ_φ̄(test)=1.0700e-02  σ_obs_ω=5.0000e-01  λ_PL=1.00
  KL   : M=2.034e+03  V=3.603e+02  Dw=2.003e+03  g=3.022e+03  sigma=3.393e+02  total=7.759e+03
  subnet MSE  M=1.258e+00  V=1.495e+01  Dw=3.601e-02  g=2.938e-01
[step   1050]
  train: −ELBO=4.1930e-01  NLL=5.5757e-01  NLL_R=-1.6253e+00  NLL_ω=2.1828e+00  MSE_R=5.9441e-02  MSE_ω=2.8736e-01
  test : −ELBO=-2.6204e+00  NLL=-2.4161e+00  NLL_R=-3.0818e+00  NLL_ω=6.6568e-01  MSE_R=1.5646e-03  MSE_ω=1.9342e-01
  sigma: σ_R=1.4095e-01  σ_ω=1.7602e-01  β=1.0000e+00
  PL   : train=-8.9540e-01  test=-9.6133e-01  σ_φ̄(train)=1.1577e-02  σ_φ̄(test)=1.0251e-02  σ_obs_ω=5.0000e-01  λ_PL=1.00
  KL   : M=2.032e+03  V=3.619e+02  Dw=1.999e+03  g=3.020e+03  sigma=3.391e+02  total=7.753e+03
  subnet MSE  M=1.326e+00  V=1.466e+01  Dw=3.576e-02  g=2.954e-01
[step   1100]
  train: −ELBO=1.6764e-02  NLL=1.4697e-01  NLL_R=-1.6289e+00  NLL_ω=1.7759e+00  MSE_R=5.9297e-02  MSE_ω=2.7368e-01
  test : −ELBO=-2.9133e+00  NLL=-2.7056e+00  NLL_R=-3.0887e+00  NLL_ω=3.8313e-01  MSE_R=1.4698e-03  MSE_ω=1.8146e-01
  sigma: σ_R=1.4074e-01  σ_ω=1.8203e-01  β=1.0000e+00
  PL   : train=-8.8635e-01  test=-9.6384e-01  σ_φ̄(train)=1.0169e-02  σ_φ̄(test)=8.8181e-03  σ_obs_ω=5.0000e-01  λ_PL=1.00
  KL   : M=2.029e+03  V=3.641e+02  Dw=1.994e+03  g=3.017e+03  sigma=3.387e+02  total=7.743e+03
  subnet MSE  M=1.269e+00  V=1.464e+01  Dw=3.531e-02  g=2.940e-01
[step   1150]
  train: −ELBO=-4.4001e-01  NLL=-2.9522e-01  NLL_R=-1.6287e+00  NLL_ω=1.3335e+00  MSE_R=5.9304e-02  MSE_ω=2.5813e-01
  test : −ELBO=-3.2372e+00  NLL=-3.0264e+00  NLL_R=-3.0979e+00  NLL_ω=7.1518e-02  MSE_R=1.3541e-03  MSE_ω=1.6638e-01
  sigma: σ_R=1.4043e-01  σ_ω=1.9075e-01  β=1.0000e+00
  PL   : train=-8.9890e-01  test=-9.6486e-01  σ_φ̄(train)=8.0875e-03  σ_φ̄(test)=6.9914e-03  σ_obs_ω=5.0000e-01  λ_PL=1.00
  KL   : M=2.022e+03  V=3.673e+02  Dw=1.983e+03  g=3.011e+03  sigma=3.379e+02  total=7.722e+03
  subnet MSE  M=1.331e+00  V=1.414e+01  Dw=3.522e-02  g=2.922e-01
[step   1200]
  train: −ELBO=-6.9209e-01  NLL=-5.4454e-01  NLL_R=-1.6343e+00  NLL_ω=1.0898e+00  MSE_R=5.9083e-02  MSE_ω=2.4829e-01
  test : −ELBO=-3.4084e+00  NLL=-3.1956e+00  NLL_R=-3.1018e+00  NLL_ω=-9.3791e-02  MSE_R=1.2769e-03  MSE_ω=1.5686e-01
  sigma: σ_R=1.4034e-01  σ_ω=1.9655e-01  β=1.0000e+00
  PL   : train=-8.9982e-01  test=-9.6508e-01  σ_φ̄(train)=7.0940e-03  σ_φ̄(test)=6.1148e-03  σ_obs_ω=5.0000e-01  λ_PL=1.00
  KL   : M=2.016e+03  V=3.694e+02  Dw=1.974e+03  g=3.006e+03  sigma=3.371e+02  total=7.703e+03
  subnet MSE  M=1.389e+00  V=1.393e+01  Dw=3.353e-02  g=2.900e-01
[step   1250]
  train: −ELBO=-9.5871e-01  NLL=-8.0652e-01  NLL_R=-1.6385e+00  NLL_ω=8.3198e-01  MSE_R=5.8919e-02  MSE_ω=2.3428e-01
  test : −ELBO=-3.5401e+00  NLL=-3.3230e+00  NLL_R=-3.1047e+00  NLL_ω=-2.1828e-01  MSE_R=1.2148e-03  MSE_ω=1.4877e-01
  sigma: σ_R=1.4028e-01  σ_ω=2.0179e-01  β=1.0000e+00
  PL   : train=-9.0237e-01  test=-9.6719e-01  σ_φ̄(train)=5.9327e-03  σ_φ̄(test)=5.0991e-03  σ_obs_ω=5.0000e-01  λ_PL=1.00
  KL   : M=2.010e+03  V=3.712e+02  Dw=1.965e+03  g=3.000e+03  sigma=3.363e+02  total=7.682e+03
  subnet MSE  M=1.367e+00  V=1.380e+01  Dw=3.289e-02  g=2.910e-01
[step   1300]
  train: −ELBO=-1.2208e+00  NLL=-1.0632e+00  NLL_R=-1.6413e+00  NLL_ω=5.7806e-01  MSE_R=5.8809e-02  MSE_ω=2.2055e-01
  test : −ELBO=-3.6864e+00  NLL=-3.4648e+00  NLL_R=-3.1113e+00  NLL_ω=-3.5343e-01  MSE_R=1.1382e-03  MSE_ω=1.3861e-01
  sigma: σ_R=1.4006e-01  σ_ω=2.0973e-01  β=1.0000e+00
  PL   : train=-9.0377e-01  test=-9.6770e-01  σ_φ̄(train)=5.1933e-03  σ_φ̄(test)=4.4275e-03  σ_obs_ω=5.0000e-01  λ_PL=1.00
  KL   : M=1.997e+03  V=3.741e+02  Dw=1.947e+03  g=2.988e+03  sigma=3.346e+02  total=7.641e+03
  subnet MSE  M=1.454e+00  V=1.354e+01  Dw=3.243e-02  g=2.891e-01
[step   1350]
  train: −ELBO=-1.3848e+00  NLL=-1.2200e+00  NLL_R=-1.6428e+00  NLL_ω=4.2276e-01  MSE_R=5.8751e-02  MSE_ω=2.1185e-01
  test : −ELBO=-3.7684e+00  NLL=-3.5400e+00  NLL_R=-3.1147e+00  NLL_ω=-4.2538e-01  MSE_R=1.0841e-03  MSE_ω=1.3196e-01
  sigma: σ_R=1.3997e-01  σ_ω=2.1699e-01  β=1.0000e+00
  PL   : train=-9.0594e-01  test=-9.6930e-01  σ_φ̄(train)=4.6114e-03  σ_φ̄(test)=3.8893e-03  σ_obs_ω=5.0000e-01  λ_PL=1.00
  KL   : M=1.981e+03  V=3.768e+02  Dw=1.926e+03  g=2.974e+03  sigma=3.324e+02  total=7.589e+03
  subnet MSE  M=1.492e+00  V=1.364e+01  Dw=3.077e-02  g=2.895e-01
[step   1400]
  train: −ELBO=-1.5418e+00  NLL=-1.3669e+00  NLL_R=-1.6447e+00  NLL_ω=2.7774e-01  MSE_R=5.8676e-02  MSE_ω=2.0300e-01
  test : −ELBO=-3.8190e+00  NLL=-3.5955e+00  NLL_R=-3.1167e+00  NLL_ω=-4.7875e-01  MSE_R=1.0318e-03  MSE_ω=1.2492e-01
  sigma: σ_R=1.3993e-01  σ_ω=2.2712e-01  β=1.0000e+00
  PL   : train=-9.0650e-01  test=-9.5496e-01  σ_φ̄(train)=3.8017e-03  σ_φ̄(test)=3.2134e-03  σ_obs_ω=5.0000e-01  λ_PL=1.00
  KL   : M=1.951e+03  V=3.806e+02  Dw=1.887e+03  g=2.945e+03  sigma=3.281e+02  total=7.492e+03
  subnet MSE  M=1.537e+00  V=1.350e+01  Dw=3.097e-02  g=2.874e-01
[step   1450]
  train: −ELBO=-1.6620e+00  NLL=-1.4729e+00  NLL_R=-1.6455e+00  NLL_ω=1.7262e-01  MSE_R=5.8644e-02  MSE_ω=1.9458e-01
  test : −ELBO=-3.8739e+00  NLL=-3.6218e+00  NLL_R=-3.1218e+00  NLL_ω=-5.0002e-01  MSE_R=9.9074e-04  MSE_ω=1.1979e-01
  sigma: σ_R=1.3977e-01  σ_ω=2.3565e-01  β=1.0000e+00
  PL   : train=-9.0811e-01  test=-9.7067e-01  σ_φ̄(train)=3.0477e-03  σ_φ̄(test)=2.5362e-03  σ_obs_ω=5.0000e-01  λ_PL=1.00
  KL   : M=1.913e+03  V=3.839e+02  Dw=1.839e+03  g=2.904e+03  sigma=3.221e+02  total=7.362e+03
  subnet MSE  M=1.604e+00  V=1.329e+01  Dw=3.017e-02  g=2.892e-01
[step   1500]
  train: −ELBO=-1.7407e+00  NLL=-1.5339e+00  NLL_R=-1.6486e+00  NLL_ω=1.1464e-01  MSE_R=5.8525e-02  MSE_ω=1.8909e-01
  test : −ELBO=-3.8756e+00  NLL=-3.6086e+00  NLL_R=-3.1198e+00  NLL_ω=-4.8872e-01  MSE_R=9.7960e-04  MSE_ω=1.1832e-01
  sigma: σ_R=1.3985e-01  σ_ω=2.4214e-01  β=1.0000e+00
  PL   : train=-9.0995e-01  test=-9.6999e-01  σ_φ̄(train)=2.5384e-03  σ_φ̄(test)=2.0893e-03  σ_obs_ω=5.0000e-01  λ_PL=1.00
  KL   : M=1.865e+03  V=3.866e+02  Dw=1.783e+03  g=2.851e+03  sigma=3.141e+02  total=7.200e+03
  subnet MSE  M=1.655e+00  V=1.321e+01  Dw=3.022e-02  g=2.897e-01
[step   1550]
  train: −ELBO=-1.7669e+00  NLL=-1.5470e+00  NLL_R=-1.6473e+00  NLL_ω=1.0028e-01  MSE_R=5.8574e-02  MSE_ω=1.8762e-01
  test : −ELBO=-3.8801e+00  NLL=-3.5995e+00  NLL_R=-3.1224e+00  NLL_ω=-4.7706e-01  MSE_R=9.8204e-04  MSE_ω=1.1846e-01
  sigma: σ_R=1.3971e-01  σ_ω=2.4472e-01  β=1.0000e+00
  PL   : train=-9.1076e-01  test=-9.7129e-01  σ_φ̄(train)=2.2864e-03  σ_φ̄(test)=1.8670e-03  σ_obs_ω=5.0000e-01  λ_PL=1.00
  KL   : M=1.829e+03  V=3.882e+02  Dw=1.741e+03  g=2.809e+03  sigma=3.078e+02  total=7.074e+03
  subnet MSE  M=1.669e+00  V=1.331e+01  Dw=3.073e-02  g=2.910e-01
[step   1600]
  train: −ELBO=-1.8103e+00  NLL=-1.5803e+00  NLL_R=-1.6489e+00  NLL_ω=6.8677e-02  MSE_R=5.8510e-02  MSE_ω=1.8386e-01
  test : −ELBO=-3.9062e+00  NLL=-3.6155e+00  NLL_R=-3.1252e+00  NLL_ω=-4.9030e-01  MSE_R=9.6547e-04  MSE_ω=1.1638e-01
  sigma: σ_R=1.3962e-01  σ_ω=2.4565e-01  β=1.0000e+00
  PL   : train=-9.1090e-01  test=-9.7117e-01  σ_φ̄(train)=2.0820e-03  σ_φ̄(test)=1.7202e-03  σ_obs_ω=5.0000e-01  λ_PL=1.00
  KL   : M=1.798e+03  V=3.891e+02  Dw=1.707e+03  g=2.774e+03  sigma=3.025e+02  total=6.972e+03
  subnet MSE  M=1.701e+00  V=1.325e+01  Dw=3.085e-02  g=2.901e-01
[step   1650]
  train: −ELBO=-1.8620e+00  NLL=-1.6115e+00  NLL_R=-1.6501e+00  NLL_ω=3.8688e-02  MSE_R=5.8463e-02  MSE_ω=1.8023e-01
  test : −ELBO=-3.9262e+00  NLL=-3.6158e+00  NLL_R=-3.1247e+00  NLL_ω=-4.9106e-01  MSE_R=9.6297e-04  MSE_ω=1.1606e-01
  sigma: σ_R=1.3963e-01  σ_ω=2.4611e-01  β=1.0000e+00
  PL   : train=-9.1226e-01  test=-9.7187e-01  σ_φ̄(train)=1.7224e-03  σ_φ̄(test)=1.3914e-03  σ_obs_ω=5.0000e-01  λ_PL=1.00
  KL   : M=1.741e+03  V=3.902e+02  Dw=1.645e+03  g=2.708e+03  sigma=2.922e+02  total=6.776e+03
  subnet MSE  M=1.683e+00  V=1.319e+01  Dw=3.140e-02  g=2.912e-01
[step   1700]
  train: −ELBO=-1.8991e+00  NLL=-1.6284e+00  NLL_R=-1.6486e+00  NLL_ω=2.0120e-02  MSE_R=5.8525e-02  MSE_ω=1.7801e-01
  test : −ELBO=-3.9542e+00  NLL=-3.6233e+00  NLL_R=-3.1254e+00  NLL_ω=-4.9789e-01  MSE_R=9.5935e-04  MSE_ω=1.1570e-01
  sigma: σ_R=1.3956e-01  σ_ω=2.4525e-01  β=1.0000e+00
  PL   : train=-9.1199e-01  test=-9.7186e-01  σ_φ̄(train)=1.4758e-03  σ_φ̄(test)=1.1583e-03  σ_obs_ω=5.0000e-01  λ_PL=1.00
  KL   : M=1.680e+03  V=3.907e+02  Dw=1.582e+03  g=2.634e+03  sigma=2.806e+02  total=6.567e+03
  subnet MSE  M=1.713e+00  V=1.314e+01  Dw=3.084e-02  g=2.916e-01
[step   1750]
  train: −ELBO=-1.9310e+00  NLL=-1.6403e+00  NLL_R=-1.6501e+00  NLL_ω=9.7415e-03  MSE_R=5.8466e-02  MSE_ω=1.7679e-01
  test : −ELBO=-3.9708e+00  NLL=-3.6213e+00  NLL_R=-3.1245e+00  NLL_ω=-4.9676e-01  MSE_R=9.6701e-04  MSE_ω=1.1661e-01
  sigma: σ_R=1.3963e-01  σ_ω=2.4376e-01  β=1.0000e+00
  PL   : train=-9.1316e-01  test=-9.7177e-01  σ_φ̄(train)=1.4157e-03  σ_φ̄(test)=1.0714e-03  σ_obs_ω=5.0000e-01  λ_PL=1.00
  KL   : M=1.624e+03  V=3.905e+02  Dw=1.526e+03  g=2.565e+03  sigma=2.696e+02  total=6.374e+03
  subnet MSE  M=1.739e+00  V=1.322e+01  Dw=3.094e-02  g=2.914e-01
[step   1800]
  train: −ELBO=-1.9585e+00  NLL=-1.6548e+00  NLL_R=-1.6513e+00  NLL_ω=-3.5284e-03  MSE_R=5.8418e-02  MSE_ω=1.7523e-01
  test : −ELBO=-3.9886e+00  NLL=-3.6260e+00  NLL_R=-3.1254e+00  NLL_ω=-5.0060e-01  MSE_R=9.6774e-04  MSE_ω=1.1668e-01
  sigma: σ_R=1.3960e-01  σ_ω=2.4271e-01  β=1.0000e+00
  PL   : train=-9.1292e-01  test=-9.7161e-01  σ_φ̄(train)=1.3119e-03  σ_φ̄(test)=9.4891e-04  σ_obs_ω=5.0000e-01  λ_PL=1.00
  KL   : M=1.584e+03  V=3.901e+02  Dw=1.487e+03  g=2.516e+03  sigma=2.618e+02  total=6.239e+03
  subnet MSE  M=1.739e+00  V=1.305e+01  Dw=3.212e-02  g=2.919e-01
[step   1850]
  train: −ELBO=-1.9965e+00  NLL=-1.6731e+00  NLL_R=-1.6495e+00  NLL_ω=-2.3637e-02  MSE_R=5.8489e-02  MSE_ω=1.7290e-01
  test : −ELBO=-4.0037e+00  NLL=-3.6221e+00  NLL_R=-3.1226e+00  NLL_ω=-4.9946e-01  MSE_R=9.7626e-04  MSE_ω=1.1761e-01
  sigma: σ_R=1.3976e-01  σ_ω=2.4107e-01  β=1.0000e+00
  PL   : train=-9.1266e-01  test=-9.7026e-01  σ_φ̄(train)=1.2303e-03  σ_φ̄(test)=8.5603e-04  σ_obs_ω=5.0000e-01  λ_PL=1.00
  KL   : M=1.524e+03  V=3.889e+02  Dw=1.429e+03  g=2.443e+03  sigma=2.494e+02  total=6.034e+03
  subnet MSE  M=1.789e+00  V=1.320e+01  Dw=3.069e-02  g=2.903e-01
[step   1900]
  train: −ELBO=-2.0317e+00  NLL=-1.6922e+00  NLL_R=-1.6518e+00  NLL_ω=-4.0358e-02  MSE_R=5.8397e-02  MSE_ω=1.7098e-01
  test : −ELBO=-4.0190e+00  NLL=-3.6229e+00  NLL_R=-3.1252e+00  NLL_ω=-4.9774e-01  MSE_R=9.8357e-04  MSE_ω=1.1831e-01
  sigma: σ_R=1.3955e-01  σ_ω=2.3996e-01  β=1.0000e+00
  PL   : train=-9.1280e-01  test=-9.6912e-01  σ_φ̄(train)=1.1314e-03  σ_φ̄(test)=7.3741e-04  σ_obs_ω=5.0000e-01  λ_PL=1.00
  KL   : M=1.475e+03  V=3.879e+02  Dw=1.384e+03  g=2.384e+03  sigma=2.394e+02  total=5.870e+03
  subnet MSE  M=1.792e+00  V=1.312e+01  Dw=3.228e-02  g=2.892e-01
[step   1950]
  train: −ELBO=-2.0403e+00  NLL=-1.6871e+00  NLL_R=-1.6515e+00  NLL_ω=-3.5606e-02  MSE_R=5.8409e-02  MSE_ω=1.7153e-01
  test : −ELBO=-4.0491e+00  NLL=-3.6383e+00  NLL_R=-3.1319e+00  NLL_ω=-5.0638e-01  MSE_R=9.7644e-04  MSE_ω=1.1761e-01
  sigma: σ_R=1.3925e-01  σ_ω=2.3931e-01  β=1.0000e+00
  PL   : train=-9.1475e-01  test=-9.7206e-01  σ_φ̄(train)=1.0179e-03  σ_φ̄(test)=6.6722e-04  σ_obs_ω=5.0000e-01  λ_PL=1.00
  KL   : M=1.439e+03  V=3.868e+02  Dw=1.351e+03  g=2.341e+03  sigma=2.319e+02  total=5.751e+03
  subnet MSE  M=1.812e+00  V=1.320e+01  Dw=3.144e-02  g=2.940e-01
[step   2000]
  train: −ELBO=-2.0632e+00  NLL=-1.6988e+00  NLL_R=-1.6532e+00  NLL_ω=-4.5544e-02  MSE_R=5.8344e-02  MSE_ω=1.7040e-01
  test : −ELBO=-4.0506e+00  NLL=-3.6296e+00  NLL_R=-3.1260e+00  NLL_ω=-5.0362e-01  MSE_R=9.8095e-04  MSE_ω=1.1822e-01
  sigma: σ_R=1.3960e-01  σ_ω=2.3865e-01  β=1.0000e+00
  PL   : train=-9.1426e-01  test=-9.7050e-01  σ_φ̄(train)=9.9749e-04  σ_φ̄(test)=6.2484e-04  σ_obs_ω=5.0000e-01  λ_PL=1.00
  KL   : M=1.403e+03  V=3.855e+02  Dw=1.319e+03  g=2.298e+03  sigma=2.243e+02  total=5.630e+03
  subnet MSE  M=1.821e+00  V=1.316e+01  Dw=3.162e-02  g=2.925e-01
[step   2050]
  train: −ELBO=-2.0888e+00  NLL=-1.7133e+00  NLL_R=-1.6525e+00  NLL_ω=-6.0770e-02  MSE_R=5.8371e-02  MSE_ω=1.6867e-01
  test : −ELBO=-4.0628e+00  NLL=-3.6309e+00  NLL_R=-3.1268e+00  NLL_ω=-5.0408e-01  MSE_R=9.8362e-04  MSE_ω=1.1845e-01
  sigma: σ_R=1.3951e-01  σ_ω=2.3800e-01  β=1.0000e+00
  PL   : train=-9.1384e-01  test=-9.6997e-01  σ_φ̄(train)=9.1009e-04  σ_φ̄(test)=5.4932e-04  σ_obs_ω=5.0000e-01  λ_PL=1.00
  KL   : M=1.368e+03  V=3.841e+02  Dw=1.288e+03  g=2.256e+03  sigma=2.168e+02  total=5.512e+03
  subnet MSE  M=1.818e+00  V=1.305e+01  Dw=3.216e-02  g=2.914e-01
[step   2100]
  train: −ELBO=-2.1110e+00  NLL=-1.7224e+00  NLL_R=-1.6516e+00  NLL_ω=-7.0801e-02  MSE_R=5.8407e-02  MSE_ω=1.6754e-01
  test : −ELBO=-4.0657e+00  NLL=-3.6213e+00  NLL_R=-3.1261e+00  NLL_ω=-4.9522e-01  MSE_R=9.9328e-04  MSE_ω=1.1973e-01
  sigma: σ_R=1.3953e-01  σ_ω=2.3735e-01  β=1.0000e+00
  PL   : train=-9.1488e-01  test=-9.7042e-01  σ_φ̄(train)=9.4144e-04  σ_φ̄(test)=5.1124e-04  σ_obs_ω=5.0000e-01  λ_PL=1.00
  KL   : M=1.331e+03  V=3.824e+02  Dw=1.256e+03  g=2.211e+03  sigma=2.088e+02  total=5.389e+03
  subnet MSE  M=1.835e+00  V=1.321e+01  Dw=3.154e-02  g=2.924e-01
[step   2150]
  train: −ELBO=-2.1406e+00  NLL=-1.7353e+00  NLL_R=-1.6543e+00  NLL_ω=-8.1003e-02  MSE_R=5.8300e-02  MSE_ω=1.6641e-01
  test : −ELBO=-4.0921e+00  NLL=-3.6312e+00  NLL_R=-3.1268e+00  NLL_ω=-5.0447e-01  MSE_R=9.8856e-04  MSE_ω=1.1904e-01
  sigma: σ_R=1.3951e-01  σ_ω=2.3651e-01  β=1.0000e+00
  PL   : train=-9.1473e-01  test=-9.7014e-01  σ_φ̄(train)=8.1041e-04  σ_φ̄(test)=4.5216e-04  σ_obs_ω=5.0000e-01  λ_PL=1.00
  KL   : M=1.279e+03  V=3.797e+02  Dw=1.212e+03  g=2.149e+03  sigma=1.977e+02  total=5.217e+03
  subnet MSE  M=1.855e+00  V=1.314e+01  Dw=3.197e-02  g=2.921e-01
[step   2200]
  train: −ELBO=-2.1475e+00  NLL=-1.7307e+00  NLL_R=-1.6524e+00  NLL_ω=-7.8264e-02  MSE_R=5.8374e-02  MSE_ω=1.6672e-01
  test : −ELBO=-4.0958e+00  NLL=-3.6232e+00  NLL_R=-3.1265e+00  NLL_ω=-4.9668e-01  MSE_R=9.9624e-04  MSE_ω=1.2012e-01
  sigma: σ_R=1.3951e-01  σ_ω=2.3600e-01  β=1.0000e+00
  PL   : train=-9.1466e-01  test=-9.7023e-01  σ_φ̄(train)=8.5594e-04  σ_φ̄(test)=4.2574e-04  σ_obs_ω=5.0000e-01  λ_PL=1.00
  KL   : M=1.244e+03  V=3.776e+02  Dw=1.182e+03  g=2.106e+03  sigma=1.898e+02  total=5.098e+03
  subnet MSE  M=1.851e+00  V=1.316e+01  Dw=3.220e-02  g=2.927e-01
[step   2250]
  train: −ELBO=-2.1762e+00  NLL=-1.7436e+00  NLL_R=-1.6523e+00  NLL_ω=-9.1291e-02  MSE_R=5.8380e-02  MSE_ω=1.6528e-01
  test : −ELBO=-4.1085e+00  NLL=-3.6213e+00  NLL_R=-3.1292e+00  NLL_ω=-4.9218e-01  MSE_R=1.0022e-03  MSE_ω=1.2089e-01
  sigma: σ_R=1.3936e-01  σ_ω=2.3530e-01  β=1.0000e+00
  PL   : train=-9.1487e-01  test=-9.6914e-01  σ_φ̄(train)=7.6488e-04  σ_φ̄(test)=3.4506e-04  σ_obs_ω=5.0000e-01  λ_PL=1.00
  KL   : M=1.195e+03  V=3.747e+02  Dw=1.141e+03  g=2.047e+03  sigma=1.795e+02  total=4.938e+03
  subnet MSE  M=1.861e+00  V=1.315e+01  Dw=3.139e-02  g=2.908e-01
[step   2300]
  train: −ELBO=-2.1820e+00  NLL=-1.7400e+00  NLL_R=-1.6541e+00  NLL_ω=-8.5876e-02  MSE_R=5.8309e-02  MSE_ω=1.6588e-01
  test : −ELBO=-4.1161e+00  NLL=-3.6194e+00  NLL_R=-3.1279e+00  NLL_ω=-4.9147e-01  MSE_R=1.0040e-03  MSE_ω=1.2107e-01
  sigma: σ_R=1.3940e-01  σ_ω=2.3502e-01  β=1.0000e+00
  PL   : train=-9.1472e-01  test=-9.6933e-01  σ_φ̄(train)=8.0969e-04  σ_φ̄(test)=2.9987e-04  σ_obs_ω=5.0000e-01  λ_PL=1.00
  KL   : M=1.166e+03  V=3.727e+02  Dw=1.117e+03  g=2.012e+03  sigma=1.731e+02  total=4.841e+03
  subnet MSE  M=1.870e+00  V=1.314e+01  Dw=3.201e-02  g=2.916e-01
[step   2350]
  train: −ELBO=-2.1920e+00  NLL=-1.7384e+00  NLL_R=-1.6522e+00  NLL_ω=-8.6164e-02  MSE_R=5.8383e-02  MSE_ω=1.6584e-01
  test : −ELBO=-4.1317e+00  NLL=-3.6235e+00  NLL_R=-3.1258e+00  NLL_ω=-4.9769e-01  MSE_R=9.9945e-04  MSE_ω=1.2049e-01
  sigma: σ_R=1.3951e-01  σ_ω=2.3476e-01  β=1.0000e+00
  PL   : train=-9.1514e-01  test=-9.6959e-01  σ_φ̄(train)=6.3514e-04  σ_φ̄(test)=2.6327e-04  σ_obs_ω=5.0000e-01  λ_PL=1.00
  KL   : M=1.131e+03  V=3.704e+02  Dw=1.089e+03  g=1.970e+03  sigma=1.654e+02  total=4.726e+03
  subnet MSE  M=1.900e+00  V=1.310e+01  Dw=3.190e-02  g=2.926e-01
[step   2400]
  train: −ELBO=-2.2045e+00  NLL=-1.7431e+00  NLL_R=-1.6521e+00  NLL_ω=-9.1008e-02  MSE_R=5.8388e-02  MSE_ω=1.6531e-01
  test : −ELBO=-4.1240e+00  NLL=-3.6086e+00  NLL_R=-3.1267e+00  NLL_ω=-4.8187e-01  MSE_R=1.0145e-03  MSE_ω=1.2233e-01
  sigma: σ_R=1.3948e-01  σ_ω=2.3447e-01  β=1.0000e+00
  PL   : train=-9.1582e-01  test=-9.6964e-01  σ_φ̄(train)=6.3280e-04  σ_φ̄(test)=2.3695e-04  σ_obs_ω=5.0000e-01  λ_PL=1.00
  KL   : M=1.109e+03  V=3.688e+02  Dw=1.071e+03  g=1.944e+03  sigma=1.605e+02  total=4.653e+03
  subnet MSE  M=1.888e+00  V=1.324e+01  Dw=3.231e-02  g=2.932e-01
[step   2450]
  train: −ELBO=-2.2225e+00  NLL=-1.7509e+00  NLL_R=-1.6533e+00  NLL_ω=-9.7660e-02  MSE_R=5.8341e-02  MSE_ω=1.6458e-01
  test : −ELBO=-4.1329e+00  NLL=-3.6112e+00  NLL_R=-3.1284e+00  NLL_ω=-4.8271e-01  MSE_R=1.0149e-03  MSE_ω=1.2236e-01
  sigma: σ_R=1.3936e-01  σ_ω=2.3415e-01  β=1.0000e+00
  PL   : train=-9.1566e-01  test=-9.6560e-01  σ_φ̄(train)=5.3446e-04  σ_φ̄(test)=1.8943e-04  σ_obs_ω=5.0000e-01  λ_PL=1.00
  KL   : M=1.076e+03  V=3.665e+02  Dw=1.046e+03  g=1.905e+03  sigma=1.535e+02  total=4.547e+03
  subnet MSE  M=1.886e+00  V=1.315e+01  Dw=3.188e-02  g=2.932e-01
[step   2500]
  train: −ELBO=-2.2441e+00  NLL=-1.7602e+00  NLL_R=-1.6535e+00  NLL_ω=-1.0669e-01  MSE_R=5.8333e-02  MSE_ω=1.6359e-01
  test : −ELBO=-4.1480e+00  NLL=-3.6104e+00  NLL_R=-3.1247e+00  NLL_ω=-4.8572e-01  MSE_R=1.0115e-03  MSE_ω=1.2214e-01
  sigma: σ_R=1.3951e-01  σ_ω=2.3386e-01  β=1.0000e+00
  PL   : train=-9.1599e-01  test=-9.6932e-01  σ_φ̄(train)=4.7076e-04  σ_φ̄(test)=1.4814e-04  σ_obs_ω=5.0000e-01  λ_PL=1.00
  KL   : M=1.039e+03  V=3.636e+02  Dw=1.017e+03  g=1.860e+03  sigma=1.453e+02  total=4.424e+03
  subnet MSE  M=1.901e+00  V=1.312e+01  Dw=3.229e-02  g=2.929e-01
[step   2550]
  train: −ELBO=-2.2577e+00  NLL=-1.7606e+00  NLL_R=-1.6520e+00  NLL_ω=-1.0856e-01  MSE_R=5.8389e-02  MSE_ω=1.6339e-01
  test : −ELBO=-4.1641e+00  NLL=-3.6154e+00  NLL_R=-3.1280e+00  NLL_ω=-4.8735e-01  MSE_R=1.0111e-03  MSE_ω=1.2206e-01
  sigma: σ_R=1.3941e-01  σ_ω=2.3356e-01  β=1.0000e+00
  PL   : train=-9.1776e-01  test=-9.6919e-01  σ_φ̄(train)=4.1704e-04  σ_φ̄(test)=1.2049e-04  σ_obs_ω=5.0000e-01  λ_PL=1.00
  KL   : M=1.003e+03  V=3.606e+02  Dw=9.896e+02  g=1.817e+03  sigma=1.375e+02  total=4.308e+03
  subnet MSE  M=1.903e+00  V=1.317e+01  Dw=3.157e-02  g=2.970e-01
[step   2600]
  train: −ELBO=-2.2694e+00  NLL=-1.7659e+00  NLL_R=-1.6527e+00  NLL_ω=-1.1313e-01  MSE_R=5.8362e-02  MSE_ω=1.6289e-01
  test : −ELBO=-4.1584e+00  NLL=-3.6016e+00  NLL_R=-3.1257e+00  NLL_ω=-4.7594e-01  MSE_R=1.0229e-03  MSE_ω=1.2339e-01
  sigma: σ_R=1.3951e-01  σ_ω=2.3333e-01  β=1.0000e+00
  PL   : train=-9.1637e-01  test=-9.6952e-01  σ_φ̄(train)=3.9522e-04  σ_φ̄(test)=1.0511e-04  σ_obs_ω=5.0000e-01  λ_PL=1.00
  KL   : M=9.787e+02  V=3.585e+02  Dw=9.709e+02  g=1.787e+03  sigma=1.321e+02  total=4.227e+03
  subnet MSE  M=1.913e+00  V=1.316e+01  Dw=3.188e-02  g=2.936e-01
[step   2650]
  train: −ELBO=-2.2815e+00  NLL=-1.7700e+00  NLL_R=-1.6517e+00  NLL_ω=-1.1824e-01  MSE_R=5.8402e-02  MSE_ω=1.6233e-01
  test : −ELBO=-4.1695e+00  NLL=-3.6045e+00  NLL_R=-3.1266e+00  NLL_ω=-4.7793e-01  MSE_R=1.0230e-03  MSE_ω=1.2331e-01
  sigma: σ_R=1.3947e-01  σ_ω=2.3294e-01  β=1.0000e+00
  PL   : train=-9.1635e-01  test=-9.6944e-01  σ_φ̄(train)=3.9006e-04  σ_φ̄(test)=9.0918e-05  σ_obs_ω=5.0000e-01  λ_PL=1.00
  KL   : M=9.535e+02  V=3.563e+02  Dw=9.520e+02  g=1.757e+03  sigma=1.266e+02  total=4.145e+03
  subnet MSE  M=1.914e+00  V=1.313e+01  Dw=3.238e-02  g=2.938e-01
[step   2700]
  train: −ELBO=-2.2960e+00  NLL=-1.7757e+00  NLL_R=-1.6548e+00  NLL_ω=-1.2091e-01  MSE_R=5.8281e-02  MSE_ω=1.6205e-01
  test : −ELBO=-4.1850e+00  NLL=-3.6107e+00  NLL_R=-3.1274e+00  NLL_ω=-4.8332e-01  MSE_R=1.0173e-03  MSE_ω=1.2284e-01
  sigma: σ_R=1.3946e-01  σ_ω=2.3257e-01  β=1.0000e+00
  PL   : train=-9.1654e-01  test=-9.7035e-01  σ_φ̄(train)=3.7547e-04  σ_φ̄(test)=7.8606e-05  σ_obs_ω=5.0000e-01  λ_PL=1.00
  KL   : M=9.270e+02  V=3.539e+02  Dw=9.318e+02  g=1.724e+03  sigma=1.207e+02  total=4.058e+03
  subnet MSE  M=1.913e+00  V=1.314e+01  Dw=3.247e-02  g=2.955e-01
[step   2750]
  train: −ELBO=-2.3060e+00  NLL=-1.7759e+00  NLL_R=-1.6536e+00  NLL_ω=-1.2234e-01  MSE_R=5.8330e-02  MSE_ω=1.6189e-01
  test : −ELBO=-4.1801e+00  NLL=-3.5966e+00  NLL_R=-3.1265e+00  NLL_ω=-4.7015e-01  MSE_R=1.0307e-03  MSE_ω=1.2436e-01
  sigma: σ_R=1.3946e-01  σ_ω=2.3227e-01  β=1.0000e+00
  PL   : train=-9.1501e-01  test=-9.6814e-01  σ_φ̄(train)=2.9759e-04  σ_φ̄(test)=5.9149e-05  σ_obs_ω=5.0000e-01  λ_PL=1.00
  KL   : M=8.917e+02  V=3.505e+02  Dw=9.056e+02  g=1.681e+03  sigma=1.132e+02  total=3.942e+03
  subnet MSE  M=1.921e+00  V=1.315e+01  Dw=3.189e-02  g=2.935e-01
[step   2800]
  train: −ELBO=-2.3269e+00  NLL=-1.7863e+00  NLL_R=-1.6533e+00  NLL_ω=-1.3305e-01  MSE_R=5.8340e-02  MSE_ω=1.6074e-01
  test : −ELBO=-4.1979e+00  NLL=-3.6056e+00  NLL_R=-3.1268e+00  NLL_ω=-4.7880e-01  MSE_R=1.0235e-03  MSE_ω=1.2345e-01
  sigma: σ_R=1.3945e-01  σ_ω=2.3222e-01  β=1.0000e+00
  PL   : train=-9.1643e-01  test=-9.6808e-01  σ_φ̄(train)=3.0306e-04  σ_φ̄(test)=5.1945e-05  σ_obs_ω=5.0000e-01  λ_PL=1.00
  KL   : M=8.635e+02  V=3.476e+02  Dw=8.851e+02  g=1.646e+03  sigma=1.072e+02  total=3.849e+03
  subnet MSE  M=1.932e+00  V=1.315e+01  Dw=3.248e-02  g=2.933e-01
[step   2850]
  train: −ELBO=-2.3239e+00  NLL=-1.7760e+00  NLL_R=-1.6533e+00  NLL_ω=-1.2271e-01  MSE_R=5.8339e-02  MSE_ω=1.6185e-01
  test : −ELBO=-4.1964e+00  NLL=-3.5973e+00  NLL_R=-3.1267e+00  NLL_ω=-4.7051e-01  MSE_R=1.0306e-03  MSE_ω=1.2439e-01
  sigma: σ_R=1.3944e-01  σ_ω=2.3207e-01  β=1.0000e+00
  PL   : train=-9.1687e-01  test=-9.6801e-01  σ_φ̄(train)=2.3443e-04  σ_φ̄(test)=4.2384e-05  σ_obs_ω=5.0000e-01  λ_PL=1.00
  KL   : M=8.421e+02  V=3.453e+02  Dw=8.695e+02  g=1.619e+03  sigma=1.027e+02  total=3.779e+03
  subnet MSE  M=1.925e+00  V=1.313e+01  Dw=3.230e-02  g=2.938e-01
[step   2900]
  train: −ELBO=-2.3467e+00  NLL=-1.7871e+00  NLL_R=-1.6547e+00  NLL_ω=-1.3240e-01  MSE_R=5.8284e-02  MSE_ω=1.6081e-01
  test : −ELBO=-4.2138e+00  NLL=-3.6016e+00  NLL_R=-3.1262e+00  NLL_ω=-4.7547e-01  MSE_R=1.0276e-03  MSE_ω=1.2396e-01
  sigma: σ_R=1.3952e-01  σ_ω=2.3176e-01  β=1.0000e+00
  PL   : train=-9.1675e-01  test=-9.6913e-01  σ_φ̄(train)=3.2560e-04  σ_φ̄(test)=3.7097e-05  σ_obs_ω=5.0000e-01  λ_PL=1.00
  KL   : M=8.055e+02  V=3.412e+02  Dw=8.427e+02  g=1.573e+03  sigma=9.475e+01  total=3.658e+03
  subnet MSE  M=1.936e+00  V=1.310e+01  Dw=3.241e-02  g=2.940e-01
[step   2950]
  train: −ELBO=-2.3617e+00  NLL=-1.7957e+00  NLL_R=-1.6545e+00  NLL_ω=-1.4122e-01  MSE_R=5.8293e-02  MSE_ω=1.5986e-01
  test : −ELBO=-4.2121e+00  NLL=-3.5942e+00  NLL_R=-3.1275e+00  NLL_ω=-4.6667e-01  MSE_R=1.0358e-03  MSE_ω=1.2495e-01
  sigma: σ_R=1.3941e-01  σ_ω=2.3162e-01  β=1.0000e+00
  PL   : train=-9.1671e-01  test=-9.6853e-01  σ_φ̄(train)=2.3666e-04  σ_φ̄(test)=2.6798e-05  σ_obs_ω=5.0000e-01  λ_PL=1.00
  KL   : M=7.851e+02  V=3.387e+02  Dw=8.280e+02  g=1.548e+03  sigma=9.109e+01  total=3.591e+03
  subnet MSE  M=1.941e+00  V=1.313e+01  Dw=3.272e-02  g=2.935e-01
[step   3000]
  train: −ELBO=-2.3637e+00  NLL=-1.7919e+00  NLL_R=-1.6527e+00  NLL_ω=-1.3924e-01  MSE_R=5.8363e-02  MSE_ω=1.6008e-01
  test : −ELBO=-4.2282e+00  NLL=-3.6040e+00  NLL_R=-3.1285e+00  NLL_ω=-4.7556e-01  MSE_R=1.0287e-03  MSE_ω=1.2409e-01
  sigma: σ_R=1.3937e-01  σ_ω=2.3130e-01  β=1.0000e+00
  PL   : train=-9.1683e-01  test=-9.6914e-01  σ_φ̄(train)=2.2393e-04  σ_φ̄(test)=2.4460e-05  σ_obs_ω=5.0000e-01  λ_PL=1.00
  KL   : M=7.677e+02  V=3.366e+02  Dw=8.154e+02  g=1.526e+03  sigma=8.755e+01  total=3.534e+03
  subnet MSE  M=1.948e+00  V=1.312e+01  Dw=3.188e-02  g=2.943e-01
[step   3050]
  train: −ELBO=-2.3639e+00  NLL=-1.7859e+00  NLL_R=-1.6531e+00  NLL_ω=-1.3277e-01  MSE_R=5.8348e-02  MSE_ω=1.6077e-01
  test : −ELBO=-4.2302e+00  NLL=-3.6003e+00  NLL_R=-3.1278e+00  NLL_ω=-4.7253e-01  MSE_R=1.0320e-03  MSE_ω=1.2442e-01
  sigma: σ_R=1.3941e-01  σ_ω=2.3129e-01  β=1.0000e+00
  PL   : train=-9.1785e-01  test=-9.6951e-01  σ_φ̄(train)=2.9851e-04  σ_φ̄(test)=2.3849e-05  σ_obs_ω=5.0000e-01  λ_PL=1.00
  KL   : M=7.514e+02  V=3.346e+02  Dw=8.040e+02  g=1.506e+03  sigma=8.414e+01  total=3.480e+03
  subnet MSE  M=1.949e+00  V=1.312e+01  Dw=3.249e-02  g=2.957e-01
[step   3100]
  train: −ELBO=-2.3661e+00  NLL=-1.7847e+00  NLL_R=-1.6549e+00  NLL_ω=-1.2970e-01  MSE_R=5.8276e-02  MSE_ω=1.6110e-01
  test : −ELBO=-4.2261e+00  NLL=-3.5934e+00  NLL_R=-3.1270e+00  NLL_ω=-4.6637e-01  MSE_R=1.0371e-03  MSE_ω=1.2504e-01
  sigma: σ_R=1.3946e-01  σ_ω=2.3143e-01  β=1.0000e+00
  PL   : train=-9.1691e-01  test=-9.6817e-01  σ_φ̄(train)=2.8690e-04  σ_φ̄(test)=1.9212e-05  σ_obs_ω=5.0000e-01  λ_PL=1.00
  KL   : M=7.379e+02  V=3.329e+02  Dw=7.944e+02  g=1.489e+03  sigma=8.154e+01  total=3.436e+03
  subnet MSE  M=1.949e+00  V=1.313e+01  Dw=3.258e-02  g=2.934e-01
[step   3150]
  train: −ELBO=-2.3838e+00  NLL=-1.7969e+00  NLL_R=-1.6535e+00  NLL_ω=-1.4338e-01  MSE_R=5.8333e-02  MSE_ω=1.5963e-01
  test : −ELBO=-4.2309e+00  NLL=-3.5923e+00  NLL_R=-3.1258e+00  NLL_ω=-4.6653e-01  MSE_R=1.0372e-03  MSE_ω=1.2504e-01
  sigma: σ_R=1.3945e-01  σ_ω=2.3136e-01  β=1.0000e+00
  PL   : train=-9.1695e-01  test=-9.6851e-01  σ_φ̄(train)=2.5797e-04  σ_φ̄(test)=1.3166e-05  σ_obs_ω=5.0000e-01  λ_PL=1.00
  KL   : M=7.208e+02  V=3.307e+02  Dw=7.823e+02  g=1.467e+03  sigma=7.854e+01  total=3.379e+03
  subnet MSE  M=1.952e+00  V=1.310e+01  Dw=3.274e-02  g=2.940e-01
[step   3200]
  train: −ELBO=-2.3835e+00  NLL=-1.7901e+00  NLL_R=-1.6542e+00  NLL_ω=-1.3589e-01  MSE_R=5.8306e-02  MSE_ω=1.6044e-01
  test : −ELBO=-4.2319e+00  NLL=-3.5865e+00  NLL_R=-3.1250e+00  NLL_ω=-4.6156e-01  MSE_R=1.0424e-03  MSE_ω=1.2566e-01
  sigma: σ_R=1.3970e-01  σ_ω=2.3105e-01  β=1.0000e+00
  PL   : train=-9.1658e-01  test=-9.6839e-01  σ_φ̄(train)=1.5782e-04  σ_φ̄(test)=1.1007e-05  σ_obs_ω=5.0000e-01  λ_PL=1.00
  KL   : M=6.997e+02  V=3.278e+02  Dw=7.674e+02  g=1.439e+03  sigma=7.441e+01  total=3.309e+03
  subnet MSE  M=1.957e+00  V=1.319e+01  Dw=3.263e-02  g=2.938e-01
[step   3250]
  train: −ELBO=-2.3857e+00  NLL=-1.7848e+00  NLL_R=-1.6529e+00  NLL_ω=-1.3192e-01  MSE_R=5.8355e-02  MSE_ω=1.6086e-01
  test : −ELBO=-4.2494e+00  NLL=-3.5963e+00  NLL_R=-3.1292e+00  NLL_ω=-4.6704e-01  MSE_R=1.0360e-03  MSE_ω=1.2500e-01
  sigma: σ_R=1.3931e-01  σ_ω=2.3130e-01  β=1.0000e+00
  PL   : train=-9.1766e-01  test=-9.6980e-01  σ_φ̄(train)=1.0724e-04  σ_φ̄(test)=8.0817e-06  σ_obs_ω=5.0000e-01  λ_PL=1.00
  KL   : M=6.800e+02  V=3.251e+02  Dw=7.535e+02  g=1.414e+03  sigma=7.088e+01  total=3.244e+03
  subnet MSE  M=1.961e+00  V=1.319e+01  Dw=3.258e-02  g=2.960e-01
[step   3300]
  train: −ELBO=-2.3906e+00  NLL=-1.7847e+00  NLL_R=-1.6549e+00  NLL_ω=-1.2981e-01  MSE_R=5.8277e-02  MSE_ω=1.6109e-01
  test : −ELBO=-4.2449e+00  NLL=-3.5871e+00  NLL_R=-3.1251e+00  NLL_ω=-4.6201e-01  MSE_R=1.0413e-03  MSE_ω=1.2560e-01
  sigma: σ_R=1.3952e-01  σ_ω=2.3109e-01  β=1.0000e+00
  PL   : train=-9.1675e-01  test=-9.6849e-01  σ_φ̄(train)=9.6863e-05  σ_φ̄(test)=7.3998e-06  σ_obs_ω=5.0000e-01  λ_PL=1.00
  KL   : M=6.617e+02  V=3.225e+02  Dw=7.408e+02  g=1.391e+03  sigma=6.752e+01  total=3.183e+03
  subnet MSE  M=1.961e+00  V=1.307e+01  Dw=3.254e-02  g=2.941e-01
[step   3350]
  train: −ELBO=-2.4054e+00  NLL=-1.7922e+00  NLL_R=-1.6534e+00  NLL_ω=-1.3885e-01  MSE_R=5.8337e-02  MSE_ω=1.6012e-01
  test : −ELBO=-4.2625e+00  NLL=-3.5972e+00  NLL_R=-3.1291e+00  NLL_ω=-4.6811e-01  MSE_R=1.0359e-03  MSE_ω=1.2501e-01
  sigma: σ_R=1.3934e-01  σ_ω=2.3090e-01  β=1.0000e+00
  PL   : train=-9.1823e-01  test=-9.7027e-01  σ_φ̄(train)=1.3254e-04  σ_φ̄(test)=5.6780e-06  σ_obs_ω=5.0000e-01  λ_PL=1.00
  KL   : M=6.440e+02  V=3.199e+02  Dw=7.285e+02  g=1.367e+03  sigma=6.448e+01  total=3.124e+03
  subnet MSE  M=1.968e+00  V=1.317e+01  Dw=3.200e-02  g=2.964e-01
[step   3400]
  train: −ELBO=-2.4127e+00  NLL=-1.7959e+00  NLL_R=-1.6536e+00  NLL_ω=-1.4227e-01  MSE_R=5.8329e-02  MSE_ω=1.5976e-01
  test : −ELBO=-4.2430e+00  NLL=-3.5750e+00  NLL_R=-3.1256e+00  NLL_ω=-4.4943e-01  MSE_R=1.0536e-03  MSE_ω=1.2705e-01
  sigma: σ_R=1.3948e-01  σ_ω=2.3076e-01  β=1.0000e+00
  PL   : train=-9.1653e-01  test=-9.6771e-01  σ_φ̄(train)=1.1493e-04  σ_φ̄(test)=5.0707e-06  σ_obs_ω=5.0000e-01  λ_PL=1.00
  KL   : M=6.275e+02  V=3.176e+02  Dw=7.170e+02  g=1.346e+03  sigma=6.144e+01  total=3.069e+03
  subnet MSE  M=1.966e+00  V=1.316e+01  Dw=3.288e-02  g=2.937e-01
[step   3450]
  train: −ELBO=-2.4208e+00  NLL=-1.7992e+00  NLL_R=-1.6545e+00  NLL_ω=-1.4471e-01  MSE_R=5.8295e-02  MSE_ω=1.5949e-01
  test : −ELBO=-4.2433e+00  NLL=-3.5750e+00  NLL_R=-3.1264e+00  NLL_ω=-4.4859e-01  MSE_R=1.0538e-03  MSE_ω=1.2707e-01
  sigma: σ_R=1.3947e-01  σ_ω=2.3097e-01  β=1.0000e+00
  PL   : train=-9.1770e-01  test=-9.6424e-01  σ_φ̄(train)=1.1765e-04  σ_φ̄(test)=4.6114e-06  σ_obs_ω=5.0000e-01  λ_PL=1.00
  KL   : M=6.161e+02  V=3.159e+02  Dw=7.091e+02  g=1.331e+03  sigma=5.946e+01  total=3.032e+03
  subnet MSE  M=1.972e+00  V=1.312e+01  Dw=3.268e-02  g=2.951e-01
[step   3500]
  train: −ELBO=-2.4247e+00  NLL=-1.7990e+00  NLL_R=-1.6544e+00  NLL_ω=-1.4462e-01  MSE_R=5.8297e-02  MSE_ω=1.5950e-01
  test : −ELBO=-4.2613e+00  NLL=-3.5842e+00  NLL_R=-3.1284e+00  NLL_ω=-4.5576e-01  MSE_R=1.0482e-03  MSE_ω=1.2643e-01
  sigma: σ_R=1.3935e-01  σ_ω=2.3055e-01  β=1.0000e+00
  PL   : train=-9.1718e-01  test=-9.6853e-01  σ_φ̄(train)=1.0963e-04  σ_φ̄(test)=3.3122e-06  σ_obs_ω=5.0000e-01  λ_PL=1.00
  KL   : M=6.018e+02  V=3.138e+02  Dw=6.994e+02  g=1.313e+03  sigma=5.730e+01  total=2.985e+03
  subnet MSE  M=1.972e+00  V=1.313e+01  Dw=3.270e-02  g=2.945e-01
[step   3550]
  train: −ELBO=-2.4326e+00  NLL=-1.8011e+00  NLL_R=-1.6539e+00  NLL_ω=-1.4720e-01  MSE_R=5.8318e-02  MSE_ω=1.5923e-01
  test : −ELBO=-4.2701e+00  NLL=-3.5871e+00  NLL_R=-3.1288e+00  NLL_ω=-4.5835e-01  MSE_R=1.0461e-03  MSE_ω=1.2621e-01
  sigma: σ_R=1.3935e-01  σ_ω=2.3036e-01  β=1.0000e+00
  PL   : train=-9.1726e-01  test=-9.6862e-01  σ_φ̄(train)=5.8276e-05  σ_φ̄(test)=2.1394e-06  σ_obs_ω=5.0000e-01  λ_PL=1.00
  KL   : M=5.841e+02  V=3.110e+02  Dw=6.870e+02  g=1.289e+03  sigma=5.479e+01  total=2.926e+03
  subnet MSE  M=1.977e+00  V=1.306e+01  Dw=3.234e-02  g=2.949e-01
[step   3600]
  train: −ELBO=-2.4436e+00  NLL=-1.8080e+00  NLL_R=-1.6536e+00  NLL_ω=-1.5435e-01  MSE_R=5.8327e-02  MSE_ω=1.5847e-01
  test : −ELBO=-4.2588e+00  NLL=-3.5724e+00  NLL_R=-3.1270e+00  NLL_ω=-4.4540e-01  MSE_R=1.0581e-03  MSE_ω=1.2750e-01
  sigma: σ_R=1.3947e-01  σ_ω=2.3067e-01  β=1.0000e+00
  PL   : train=-9.1703e-01  test=-9.6765e-01  σ_φ̄(train)=5.1718e-05  σ_φ̄(test)=2.0117e-06  σ_obs_ω=5.0000e-01  λ_PL=1.00
  KL   : M=5.710e+02  V=3.088e+02  Dw=6.782e+02  g=1.271e+03  sigma=5.253e+01  total=2.882e+03
  subnet MSE  M=1.979e+00  V=1.312e+01  Dw=3.245e-02  g=2.937e-01
[step   3650]
  train: −ELBO=-2.4425e+00  NLL=-1.8000e+00  NLL_R=-1.6523e+00  NLL_ω=-1.4773e-01  MSE_R=5.8379e-02  MSE_ω=1.5917e-01
  test : −ELBO=-4.2569e+00  NLL=-3.5634e+00  NLL_R=-3.1260e+00  NLL_ω=-4.3734e-01  MSE_R=1.0649e-03  MSE_ω=1.2837e-01
  sigma: σ_R=1.3944e-01  σ_ω=2.3061e-01  β=1.0000e+00
  PL   : train=-9.1762e-01  test=-9.6851e-01  σ_φ̄(train)=5.0082e-05  σ_φ̄(test)=1.6006e-06  σ_obs_ω=5.0000e-01  λ_PL=1.00
  KL   : M=5.522e+02  V=3.055e+02  Dw=6.649e+02  g=1.245e+03  sigma=4.939e+01  total=2.817e+03
  subnet MSE  M=1.973e+00  V=1.308e+01  Dw=3.234e-02  g=2.956e-01
[step   3700]
  train: −ELBO=-2.4349e+00  NLL=-1.7890e+00  NLL_R=-1.6520e+00  NLL_ω=-1.3701e-01  MSE_R=5.8391e-02  MSE_ω=1.6032e-01
  test : −ELBO=-4.2436e+00  NLL=-3.5466e+00  NLL_R=-3.1245e+00  NLL_ω=-4.2217e-01  MSE_R=1.0762e-03  MSE_ω=1.2979e-01
  sigma: σ_R=1.3951e-01  σ_ω=2.3136e-01  β=1.0000e+00
  PL   : train=-9.1671e-01  test=-9.6777e-01  σ_φ̄(train)=4.9769e-05  σ_φ̄(test)=1.3267e-06  σ_obs_ω=5.0000e-01  λ_PL=1.00
  KL   : M=5.393e+02  V=3.031e+02  Dw=6.560e+02  g=1.227e+03  sigma=4.741e+01  total=2.773e+03
  subnet MSE  M=1.981e+00  V=1.322e+01  Dw=3.228e-02  g=2.946e-01
[step   3750]
  train: −ELBO=-2.4374e+00  NLL=-1.7884e+00  NLL_R=-1.6527e+00  NLL_ω=-1.3562e-01  MSE_R=5.8362e-02  MSE_ω=1.6046e-01
  test : −ELBO=-4.2626e+00  NLL=-3.5643e+00  NLL_R=-3.1255e+00  NLL_ω=-4.3881e-01  MSE_R=1.0634e-03  MSE_ω=1.2814e-01
  sigma: σ_R=1.3946e-01  σ_ω=2.3090e-01  β=1.0000e+00
  PL   : train=-9.1727e-01  test=-9.6642e-01  σ_φ̄(train)=1.4297e-04  σ_φ̄(test)=1.2383e-06  σ_obs_ω=5.0000e-01  λ_PL=1.00
  KL   : M=5.317e+02  V=3.018e+02  Dw=6.507e+02  g=1.216e+03  sigma=4.613e+01  total=2.747e+03
  subnet MSE  M=1.986e+00  V=1.319e+01  Dw=3.199e-02  g=2.947e-01
[step   3800]
  train: −ELBO=-2.4494e+00  NLL=-1.7957e+00  NLL_R=-1.6529e+00  NLL_ω=-1.4277e-01  MSE_R=5.8355e-02  MSE_ω=1.5970e-01
  test : −ELBO=-4.2717e+00  NLL=-3.5673e+00  NLL_R=-3.1256e+00  NLL_ω=-4.4175e-01  MSE_R=1.0618e-03  MSE_ω=1.2794e-01
  sigma: σ_R=1.3947e-01  σ_ω=2.3047e-01  β=1.0000e+00
  PL   : train=-9.1714e-01  test=-9.6779e-01  σ_φ̄(train)=8.8930e-05  σ_φ̄(test)=1.2528e-06  σ_obs_ω=5.0000e-01  λ_PL=1.00
  KL   : M=5.172e+02  V=2.991e+02  Dw=6.409e+02  g=1.197e+03  sigma=4.357e+01  total=2.697e+03
  subnet MSE  M=1.985e+00  V=1.314e+01  Dw=3.255e-02  g=2.941e-01
[step   3850]
  train: −ELBO=-2.4463e+00  NLL=-1.7887e+00  NLL_R=-1.6521e+00  NLL_ω=-1.3661e-01  MSE_R=5.8386e-02  MSE_ω=1.6036e-01
  test : −ELBO=-4.2706e+00  NLL=-3.5624e+00  NLL_R=-3.1258e+00  NLL_ω=-4.3658e-01  MSE_R=1.0654e-03  MSE_ω=1.2844e-01
  sigma: σ_R=1.3945e-01  σ_ω=2.3062e-01  β=1.0000e+00
  PL   : train=-9.1736e-01  test=-9.6797e-01  σ_φ̄(train)=4.4568e-05  σ_φ̄(test)=9.7608e-07  σ_obs_ω=5.0000e-01  λ_PL=1.00
  KL   : M=5.064e+02  V=2.972e+02  Dw=6.337e+02  g=1.181e+03  sigma=4.206e+01  total=2.661e+03
  subnet MSE  M=1.988e+00  V=1.320e+01  Dw=3.232e-02  g=2.942e-01
[step   3900]
  train: −ELBO=-2.4604e+00  NLL=-1.7985e+00  NLL_R=-1.6535e+00  NLL_ω=-1.4499e-01  MSE_R=5.8333e-02  MSE_ω=1.5946e-01
  test : −ELBO=-4.2756e+00  NLL=-3.5627e+00  NLL_R=-3.1292e+00  NLL_ω=-4.3352e-01  MSE_R=1.0665e-03  MSE_ω=1.2864e-01
  sigma: σ_R=1.3935e-01  σ_ω=2.3114e-01  β=1.0000e+00
  PL   : train=-9.1751e-01  test=-9.6833e-01  σ_φ̄(train)=4.8159e-05  σ_φ̄(test)=9.2418e-07  σ_obs_ω=5.0000e-01  λ_PL=1.00
  KL   : M=4.937e+02  V=2.947e+02  Dw=6.253e+02  g=1.163e+03  sigma=3.987e+01  total=2.617e+03
  subnet MSE  M=1.988e+00  V=1.316e+01  Dw=3.227e-02  g=2.953e-01
[step   3950]
  train: −ELBO=-2.4611e+00  NLL=-1.7964e+00  NLL_R=-1.6523e+00  NLL_ω=-1.4402e-01  MSE_R=5.8377e-02  MSE_ω=1.5957e-01
  test : −ELBO=-4.2735e+00  NLL=-3.5586e+00  NLL_R=-3.1266e+00  NLL_ω=-4.3194e-01  MSE_R=1.0692e-03  MSE_ω=1.2889e-01
  sigma: σ_R=1.3941e-01  σ_ω=2.3083e-01  β=1.0000e+00
  PL   : train=-9.1728e-01  test=-9.6745e-01  σ_φ̄(train)=2.9541e-04  σ_φ̄(test)=8.6172e-07  σ_obs_ω=5.0000e-01  λ_PL=1.00
  KL   : M=4.849e+02  V=2.930e+02  Dw=6.193e+02  g=1.150e+03  sigma=3.840e+01  total=2.586e+03
  subnet MSE  M=1.987e+00  V=1.312e+01  Dw=3.212e-02  g=2.946e-01
[step   4000]
  train: −ELBO=-2.4627e+00  NLL=-1.7955e+00  NLL_R=-1.6525e+00  NLL_ω=-1.4304e-01  MSE_R=5.8371e-02  MSE_ω=1.5967e-01
  test : −ELBO=-4.2732e+00  NLL=-3.5552e+00  NLL_R=-3.1266e+00  NLL_ω=-4.2867e-01  MSE_R=1.0731e-03  MSE_ω=1.2928e-01
  sigma: σ_R=1.3939e-01  σ_ω=2.3065e-01  β=1.0000e+00
  PL   : train=-9.1709e-01  test=-9.6775e-01  σ_φ̄(train)=3.4660e-05  σ_φ̄(test)=5.5519e-07  σ_obs_ω=5.0000e-01  λ_PL=1.00
  KL   : M=4.773e+02  V=2.916e+02  Dw=6.138e+02  g=1.138e+03  sigma=3.769e+01  total=2.559e+03
  subnet MSE  M=1.989e+00  V=1.316e+01  Dw=3.209e-02  g=2.947e-01
[step   4050]
  train: −ELBO=-2.4575e+00  NLL=-1.7867e+00  NLL_R=-1.6535e+00  NLL_ω=-1.3317e-01  MSE_R=5.8332e-02  MSE_ω=1.6072e-01
  test : −ELBO=-4.2780e+00  NLL=-3.5568e+00  NLL_R=-3.1255e+00  NLL_ω=-4.3132e-01  MSE_R=1.0687e-03  MSE_ω=1.2896e-01
  sigma: σ_R=1.3946e-01  σ_ω=2.3079e-01  β=1.0000e+00
  PL   : train=-9.1787e-01  test=-9.6817e-01  σ_φ̄(train)=2.4675e-05  σ_φ̄(test)=4.2160e-07  σ_obs_ω=5.0000e-01  λ_PL=1.00
  KL   : M=4.689e+02  V=2.898e+02  Dw=6.082e+02  g=1.126e+03  sigma=3.675e+01  total=2.530e+03
  subnet MSE  M=1.989e+00  V=1.317e+01  Dw=3.196e-02  g=2.955e-01
[step   4100]
  train: −ELBO=-2.4669e+00  NLL=-1.7936e+00  NLL_R=-1.6512e+00  NLL_ω=-1.4238e-01  MSE_R=5.8420e-02  MSE_ω=1.5974e-01
  test : −ELBO=-4.2733e+00  NLL=-3.5493e+00  NLL_R=-3.1247e+00  NLL_ω=-4.2463e-01  MSE_R=1.0747e-03  MSE_ω=1.2968e-01
  sigma: σ_R=1.3950e-01  σ_ω=2.3078e-01  β=1.0000e+00
  PL   : train=-9.1659e-01  test=-9.6731e-01  σ_φ̄(train)=2.3738e-05  σ_φ̄(test)=3.5962e-07  σ_obs_ω=5.0000e-01  λ_PL=1.00
  KL   : M=4.579e+02  V=2.875e+02  Dw=6.007e+02  g=1.111e+03  sigma=3.515e+01  total=2.492e+03
  subnet MSE  M=1.989e+00  V=1.318e+01  Dw=3.212e-02  g=2.940e-01
[step   4150]
  train: −ELBO=-2.4624e+00  NLL=-1.7858e+00  NLL_R=-1.6529e+00  NLL_ω=-1.3289e-01  MSE_R=5.8354e-02  MSE_ω=1.6075e-01
  test : −ELBO=-4.2802e+00  NLL=-3.5526e+00  NLL_R=-3.1250e+00  NLL_ω=-4.2752e-01  MSE_R=1.0723e-03  MSE_ω=1.2939e-01
  sigma: σ_R=1.3948e-01  σ_ω=2.3071e-01  β=1.0000e+00
  PL   : train=-9.1709e-01  test=-9.6816e-01  σ_φ̄(train)=3.1991e-05  σ_φ̄(test)=2.7979e-07  σ_obs_ω=5.0000e-01  λ_PL=1.00
  KL   : M=4.499e+02  V=2.859e+02  Dw=5.950e+02  g=1.099e+03  sigma=3.414e+01  total=2.463e+03
  subnet MSE  M=1.994e+00  V=1.318e+01  Dw=3.171e-02  g=2.950e-01
[step   4200]
  train: −ELBO=-2.4577e+00  NLL=-1.7789e+00  NLL_R=-1.6519e+00  NLL_ω=-1.2698e-01  MSE_R=5.8395e-02  MSE_ω=1.6139e-01
  test : −ELBO=-4.2590e+00  NLL=-3.5296e+00  NLL_R=-3.1242e+00  NLL_ω=-4.0533e-01  MSE_R=1.0894e-03  MSE_ω=1.3157e-01
  sigma: σ_R=1.3950e-01  σ_ω=2.3143e-01  β=1.0000e+00
  PL   : train=-9.1689e-01  test=-9.6752e-01  σ_φ̄(train)=3.6297e-05  σ_φ̄(test)=2.0589e-07  σ_obs_ω=5.0000e-01  λ_PL=1.00
  KL   : M=4.425e+02  V=2.844e+02  Dw=5.898e+02  g=1.088e+03  sigma=3.341e+01  total=2.438e+03
  subnet MSE  M=1.991e+00  V=1.322e+01  Dw=3.224e-02  g=2.952e-01
[step   4250]
  train: −ELBO=-2.4596e+00  NLL=-1.7796e+00  NLL_R=-1.6536e+00  NLL_ω=-1.2603e-01  MSE_R=5.8329e-02  MSE_ω=1.6149e-01
  test : −ELBO=-4.2590e+00  NLL=-3.5286e+00  NLL_R=-3.1261e+00  NLL_ω=-4.0249e-01  MSE_R=1.0904e-03  MSE_ω=1.3173e-01
  sigma: σ_R=1.3942e-01  σ_ω=2.3202e-01  β=1.0000e+00
  PL   : train=-9.1620e-01  test=-9.6657e-01  σ_φ̄(train)=1.9893e-05  σ_φ̄(test)=1.9863e-07  σ_obs_ω=5.0000e-01  λ_PL=1.00
  KL   : M=4.374e+02  V=2.831e+02  Dw=5.861e+02  g=1.080e+03  sigma=3.260e+01  total=2.419e+03
  subnet MSE  M=1.997e+00  V=1.312e+01  Dw=3.248e-02  g=2.938e-01
[step   4300]
  train: −ELBO=-2.4571e+00  NLL=-1.7745e+00  NLL_R=-1.6527e+00  NLL_ω=-1.2173e-01  MSE_R=5.8363e-02  MSE_ω=1.6196e-01
  test : −ELBO=-4.2562e+00  NLL=-3.5228e+00  NLL_R=-3.1245e+00  NLL_ω=-3.9832e-01  MSE_R=1.0934e-03  MSE_ω=1.3211e-01
  sigma: σ_R=1.3948e-01  σ_ω=2.3229e-01  β=1.0000e+00
  PL   : train=-9.1617e-01  test=-9.6685e-01  σ_φ̄(train)=1.9396e-05  σ_φ̄(test)=1.7781e-07  σ_obs_ω=5.0000e-01  λ_PL=1.00
  KL   : M=4.299e+02  V=2.816e+02  Dw=5.809e+02  g=1.067e+03  sigma=3.145e+01  total=2.391e+03
  subnet MSE  M=1.994e+00  V=1.313e+01  Dw=3.243e-02  g=2.943e-01
[step   4350]
  train: −ELBO=-2.4564e+00  NLL=-1.7707e+00  NLL_R=-1.6515e+00  NLL_ω=-1.1918e-01  MSE_R=5.8411e-02  MSE_ω=1.6223e-01
  test : −ELBO=-4.2530e+00  NLL=-3.5166e+00  NLL_R=-3.1210e+00  NLL_ω=-3.9558e-01  MSE_R=1.0948e-03  MSE_ω=1.3239e-01
  sigma: σ_R=1.3964e-01  σ_ω=2.3237e-01  β=1.0000e+00
  PL   : train=-9.1723e-01  test=-9.6782e-01  σ_φ̄(train)=6.1572e-05  σ_φ̄(test)=1.6619e-07  σ_obs_ω=5.0000e-01  λ_PL=1.00
  KL   : M=4.242e+02  V=2.803e+02  Dw=5.770e+02  g=1.059e+03  sigma=3.059e+01  total=2.371e+03
  subnet MSE  M=1.992e+00  V=1.317e+01  Dw=3.168e-02  g=2.964e-01
[step   4400]
  train: −ELBO=-2.4567e+00  NLL=-1.7680e+00  NLL_R=-1.6513e+00  NLL_ω=-1.1664e-01  MSE_R=5.8416e-02  MSE_ω=1.6251e-01
  test : −ELBO=-4.2462e+00  NLL=-3.5083e+00  NLL_R=-3.1245e+00  NLL_ω=-3.8376e-01  MSE_R=1.1044e-03  MSE_ω=1.3356e-01
  sigma: σ_R=1.3945e-01  σ_ω=2.3277e-01  β=1.0000e+00
  PL   : train=-9.1764e-01  test=-9.6682e-01  σ_φ̄(train)=4.0435e-05  σ_φ̄(test)=1.8368e-07  σ_obs_ω=5.0000e-01  λ_PL=1.00
  KL   : M=4.169e+02  V=2.789e+02  Dw=5.719e+02  g=1.047e+03  sigma=2.933e+01  total=2.344e+03
  subnet MSE  M=1.989e+00  V=1.327e+01  Dw=3.146e-02  g=2.961e-01
[step   4450]
  train: −ELBO=-2.4575e+00  NLL=-1.7684e+00  NLL_R=-1.6514e+00  NLL_ω=-1.1697e-01  MSE_R=5.8414e-02  MSE_ω=1.6247e-01
  test : −ELBO=-4.2552e+00  NLL=-3.5155e+00  NLL_R=-3.1221e+00  NLL_ω=-3.9343e-01  MSE_R=1.0987e-03  MSE_ω=1.3247e-01
  sigma: σ_R=1.3960e-01  σ_ω=2.3294e-01  β=1.0000e+00
  PL   : train=-9.1579e-01  test=-9.6639e-01  σ_φ̄(train)=2.1524e-05  σ_φ̄(test)=1.6307e-07  σ_obs_ω=5.0000e-01  λ_PL=1.00
  KL   : M=4.109e+02  V=2.777e+02  Dw=5.676e+02  g=1.036e+03  sigma=2.851e+01  total=2.321e+03
  subnet MSE  M=1.996e+00  V=1.313e+01  Dw=3.245e-02  g=2.939e-01
[step   4500]
  train: −ELBO=-2.4612e+00  NLL=-1.7694e+00  NLL_R=-1.6508e+00  NLL_ω=-1.1857e-01  MSE_R=5.8437e-02  MSE_ω=1.6229e-01
  test : −ELBO=-4.2525e+00  NLL=-3.5113e+00  NLL_R=-3.1228e+00  NLL_ω=-3.8857e-01  MSE_R=1.0982e-03  MSE_ω=1.3284e-01
  sigma: σ_R=1.3954e-01  σ_ω=2.3358e-01  β=1.0000e+00
  PL   : train=-9.1631e-01  test=-9.6556e-01  σ_φ̄(train)=1.3500e-05  σ_φ̄(test)=1.4444e-07  σ_obs_ω=5.0000e-01  λ_PL=1.00
  KL   : M=4.048e+02  V=2.765e+02  Dw=5.632e+02  g=1.026e+03  sigma=2.766e+01  total=2.299e+03
  subnet MSE  M=1.996e+00  V=1.318e+01  Dw=3.141e-02  g=2.939e-01
[step   4550]
  train: −ELBO=-2.4703e+00  NLL=-1.7752e+00  NLL_R=-1.6513e+00  NLL_ω=-1.2393e-01  MSE_R=5.8419e-02  MSE_ω=1.6172e-01
  test : −ELBO=-4.2579e+00  NLL=-3.5120e+00  NLL_R=-3.1233e+00  NLL_ω=-3.8864e-01  MSE_R=1.1012e-03  MSE_ω=1.3302e-01
  sigma: σ_R=1.3940e-01  σ_ω=2.3285e-01  β=1.0000e+00
  PL   : train=-9.1646e-01  test=-9.6719e-01  σ_φ̄(train)=3.2401e-05  σ_φ̄(test)=9.6152e-08  σ_obs_ω=5.0000e-01  λ_PL=1.00
  KL   : M=3.961e+02  V=2.747e+02  Dw=5.573e+02  g=1.011e+03  sigma=2.679e+01  total=2.266e+03
  subnet MSE  M=2.000e+00  V=1.315e+01  Dw=3.185e-02  g=2.950e-01
[step   4600]
  train: −ELBO=-2.4750e+00  NLL=-1.7760e+00  NLL_R=-1.6504e+00  NLL_ω=-1.2565e-01  MSE_R=5.8453e-02  MSE_ω=1.6153e-01
  test : −ELBO=-4.2650e+00  NLL=-3.5160e+00  NLL_R=-3.1218e+00  NLL_ω=-3.9416e-01  MSE_R=1.0972e-03  MSE_ω=1.3264e-01
  sigma: σ_R=1.3952e-01  σ_ω=2.3194e-01  β=1.0000e+00
  PL   : train=-9.1680e-01  test=-9.6675e-01  σ_φ̄(train)=9.9488e-06  σ_φ̄(test)=6.7914e-08  σ_obs_ω=5.0000e-01  λ_PL=1.00
  KL   : M=3.867e+02  V=2.725e+02  Dw=5.504e+02  g=9.951e+02  sigma=2.595e+01  total=2.231e+03
  subnet MSE  M=2.000e+00  V=1.313e+01  Dw=3.214e-02  g=2.946e-01
[step   4650]
  train: −ELBO=-2.4882e+00  NLL=-1.7856e+00  NLL_R=-1.6536e+00  NLL_ω=-1.3196e-01  MSE_R=5.8328e-02  MSE_ω=1.6086e-01
  test : −ELBO=-4.2828e+00  NLL=-3.5300e+00  NLL_R=-3.1254e+00  NLL_ω=-4.0464e-01  MSE_R=1.0901e-03  MSE_ω=1.3169e-01
  sigma: σ_R=1.3945e-01  σ_ω=2.3124e-01  β=1.0000e+00
  PL   : train=-9.1675e-01  test=-9.6693e-01  σ_φ̄(train)=7.3668e-06  σ_φ̄(test)=6.1891e-08  σ_obs_ω=5.0000e-01  λ_PL=1.00
  KL   : M=3.766e+02  V=2.704e+02  Dw=5.433e+02  g=9.781e+02  sigma=2.461e+01  total=2.193e+03
  subnet MSE  M=2.005e+00  V=1.311e+01  Dw=3.218e-02  g=2.943e-01
[step   4700]
  train: −ELBO=-2.4996e+00  NLL=-1.7932e+00  NLL_R=-1.6533e+00  NLL_ω=-1.3989e-01  MSE_R=5.8338e-02  MSE_ω=1.6001e-01
  test : −ELBO=-4.2833e+00  NLL=-3.5267e+00  NLL_R=-3.1263e+00  NLL_ω=-4.0041e-01  MSE_R=1.0933e-03  MSE_ω=1.3221e-01
  sigma: σ_R=1.3941e-01  σ_ω=2.3103e-01  β=1.0000e+00
  PL   : train=-9.1741e-01  test=-9.6755e-01  σ_φ̄(train)=1.8093e-05  σ_φ̄(test)=7.0979e-08  σ_obs_ω=5.0000e-01  λ_PL=1.00
  KL   : M=3.678e+02  V=2.685e+02  Dw=5.375e+02  g=9.637e+02  sigma=2.329e+01  total=2.161e+03
  subnet MSE  M=2.006e+00  V=1.319e+01  Dw=3.169e-02  g=2.956e-01
[step   4750]
  train: −ELBO=-2.4934e+00  NLL=-1.7847e+00  NLL_R=-1.6533e+00  NLL_ω=-1.3133e-01  MSE_R=5.8339e-02  MSE_ω=1.6092e-01
  test : −ELBO=-4.2839e+00  NLL=-3.5251e+00  NLL_R=-3.1254e+00  NLL_ω=-3.9972e-01  MSE_R=1.0931e-03  MSE_ω=1.3218e-01
  sigma: σ_R=1.3944e-01  σ_ω=2.3139e-01  β=1.0000e+00
  PL   : train=-9.1740e-01  test=-9.6745e-01  σ_φ̄(train)=4.4275e-05  σ_φ̄(test)=6.1830e-08  σ_obs_ω=5.0000e-01  λ_PL=1.00
  KL   : M=3.610e+02  V=2.669e+02  Dw=5.333e+02  g=9.532e+02  sigma=2.262e+01  total=2.137e+03
  subnet MSE  M=2.010e+00  V=1.327e+01  Dw=3.220e-02  g=2.953e-01
[step   4800]
  train: −ELBO=-2.4909e+00  NLL=-1.7806e+00  NLL_R=-1.6525e+00  NLL_ω=-1.2805e-01  MSE_R=5.8370e-02  MSE_ω=1.6128e-01
  test : −ELBO=-4.2921e+00  NLL=-3.5312e+00  NLL_R=-3.1231e+00  NLL_ω=-4.0804e-01  MSE_R=1.0861e-03  MSE_ω=1.3128e-01
  sigma: σ_R=1.3955e-01  σ_ω=2.3144e-01  β=1.0000e+00
  PL   : train=-9.1749e-01  test=-9.6800e-01  σ_φ̄(train)=1.9192e-05  σ_φ̄(test)=5.2371e-08  σ_obs_ω=5.0000e-01  λ_PL=1.00
  KL   : M=3.564e+02  V=2.658e+02  Dw=5.305e+02  g=9.461e+02  sigma=2.224e+01  total=2.121e+03
  subnet MSE  M=2.009e+00  V=1.314e+01  Dw=3.187e-02  g=2.957e-01
[step   4850]
  train: −ELBO=-2.5198e+00  NLL=-1.8079e+00  NLL_R=-1.6538e+00  NLL_ω=-1.5409e-01  MSE_R=5.8321e-02  MSE_ω=1.5850e-01
  test : −ELBO=-4.2948e+00  NLL=-3.5327e+00  NLL_R=-3.1252e+00  NLL_ω=-4.0747e-01  MSE_R=1.0884e-03  MSE_ω=1.3160e-01
  sigma: σ_R=1.3945e-01  σ_ω=2.3042e-01  β=1.0000e+00
  PL   : train=-9.1691e-01  test=-9.6706e-01  σ_φ̄(train)=2.0034e-05  σ_φ̄(test)=5.0577e-08  σ_obs_ω=5.0000e-01  λ_PL=1.00
  KL   : M=3.503e+02  V=2.643e+02  Dw=5.267e+02  g=9.360e+02  sigma=2.152e+01  total=2.099e+03
  subnet MSE  M=2.010e+00  V=1.312e+01  Dw=3.248e-02  g=2.941e-01
[step   4900]
  train: −ELBO=-2.5107e+00  NLL=-1.7964e+00  NLL_R=-1.6528e+00  NLL_ω=-1.4357e-01  MSE_R=5.8359e-02  MSE_ω=1.5961e-01
  test : −ELBO=-4.3086e+00  NLL=-3.5436e+00  NLL_R=-3.1255e+00  NLL_ω=-4.1811e-01  MSE_R=1.0802e-03  MSE_ω=1.3059e-01
  sigma: σ_R=1.3946e-01  σ_ω=2.2988e-01  β=1.0000e+00
  PL   : train=-9.1736e-01  test=-9.6804e-01  σ_φ̄(train)=3.2158e-05  σ_φ̄(test)=2.9642e-08  σ_obs_ω=5.0000e-01  λ_PL=1.00
  KL   : M=3.443e+02  V=2.630e+02  Dw=5.235e+02  g=9.269e+02  sigma=2.129e+01  total=2.079e+03
  subnet MSE  M=2.012e+00  V=1.312e+01  Dw=3.205e-02  g=2.956e-01
[step   4950]
  train: −ELBO=-2.5190e+00  NLL=-1.8026e+00  NLL_R=-1.6537e+00  NLL_ω=-1.4886e-01  MSE_R=5.8323e-02  MSE_ω=1.5905e-01
  test : −ELBO=-4.3084e+00  NLL=-3.5418e+00  NLL_R=-3.1263e+00  NLL_ω=-4.1551e-01  MSE_R=1.0829e-03  MSE_ω=1.3088e-01
  sigma: σ_R=1.3942e-01  σ_ω=2.2983e-01  β=1.0000e+00
  PL   : train=-9.1709e-01  test=-9.6730e-01  σ_φ̄(train)=5.9057e-06  σ_φ̄(test)=2.5378e-08  σ_obs_ω=5.0000e-01  λ_PL=1.00
  KL   : M=3.371e+02  V=2.612e+02  Dw=5.198e+02  g=9.166e+02  sigma=2.058e+01  total=2.055e+03
  subnet MSE  M=2.012e+00  V=1.315e+01  Dw=3.215e-02  g=2.947e-01
[step   5000]
  train: −ELBO=-2.5376e+00  NLL=-1.8192e+00  NLL_R=-1.6526e+00  NLL_ω=-1.6665e-01  MSE_R=5.8369e-02  MSE_ω=1.5718e-01
  test : −ELBO=-4.3148e+00  NLL=-3.5464e+00  NLL_R=-3.1266e+00  NLL_ω=-4.1974e-01  MSE_R=1.0809e-03  MSE_ω=1.3057e-01
  sigma: σ_R=1.3938e-01  σ_ω=2.2931e-01  β=1.0000e+00
  PL   : train=-9.1719e-01  test=-9.6719e-01  σ_φ̄(train)=9.4954e-06  σ_φ̄(test)=1.3502e-08  σ_obs_ω=5.0000e-01  λ_PL=1.00
  KL   : M=3.312e+02  V=2.597e+02  Dw=5.165e+02  g=9.080e+02  sigma=2.051e+01  total=2.036e+03
  subnet MSE  M=2.011e+00  V=1.310e+01  Dw=3.234e-02  g=2.944e-01
[step   5050]
  train: −ELBO=-2.5325e+00  NLL=-1.8111e+00  NLL_R=-1.6519e+00  NLL_ω=-1.5924e-01  MSE_R=5.8395e-02  MSE_ω=1.5796e-01
  test : −ELBO=-4.3221e+00  NLL=-3.5503e+00  NLL_R=-3.1235e+00  NLL_ω=-4.2680e-01  MSE_R=1.0740e-03  MSE_ω=1.2978e-01
  sigma: σ_R=1.3949e-01  σ_ω=2.2945e-01  β=1.0000e+00
  PL   : train=-9.1796e-01  test=-9.6840e-01  σ_φ̄(train)=7.9638e-05  σ_φ̄(test)=1.0373e-08  σ_obs_ω=5.0000e-01  λ_PL=1.00
  KL   : M=3.244e+02  V=2.580e+02  Dw=5.127e+02  g=8.984e+02  sigma=2.006e+01  total=2.014e+03
  subnet MSE  M=2.010e+00  V=1.312e+01  Dw=3.250e-02  g=2.964e-01
[step   5100]
  train: −ELBO=-2.5362e+00  NLL=-1.8123e+00  NLL_R=-1.6538e+00  NLL_ω=-1.5848e-01  MSE_R=5.8321e-02  MSE_ω=1.5804e-01
  test : −ELBO=-4.3318e+00  NLL=-3.5582e+00  NLL_R=-3.1285e+00  NLL_ω=-4.2973e-01  MSE_R=1.0725e-03  MSE_ω=1.2958e-01
  sigma: σ_R=1.3933e-01  σ_ω=2.2901e-01  β=1.0000e+00
  PL   : train=-9.1833e-01  test=-9.6799e-01  σ_φ̄(train)=6.8438e-06  σ_φ̄(test)=1.0816e-08  σ_obs_ω=5.0000e-01  λ_PL=1.00
  KL   : M=3.175e+02  V=2.562e+02  Dw=5.091e+02  g=8.885e+02  sigma=1.934e+01  total=1.991e+03
  subnet MSE  M=2.015e+00  V=1.311e+01  Dw=3.230e-02  g=2.956e-01
[step   5150]
  train: −ELBO=-2.5383e+00  NLL=-1.8122e+00  NLL_R=-1.6535e+00  NLL_ω=-1.5869e-01  MSE_R=5.8331e-02  MSE_ω=1.5801e-01
  test : −ELBO=-4.3375e+00  NLL=-3.5613e+00  NLL_R=-3.1265e+00  NLL_ω=-4.3482e-01  MSE_R=1.0692e-03  MSE_ω=1.2912e-01
  sigma: σ_R=1.3941e-01  σ_ω=2.2872e-01  β=1.0000e+00
  PL   : train=-9.1819e-01  test=-9.6831e-01  σ_φ̄(train)=1.6563e-05  σ_φ̄(test)=1.2114e-08  σ_obs_ω=5.0000e-01  λ_PL=1.00
  KL   : M=3.107e+02  V=2.542e+02  Dw=5.055e+02  g=8.788e+02  sigma=1.862e+01  total=1.968e+03
  subnet MSE  M=2.016e+00  V=1.310e+01  Dw=3.280e-02  g=2.961e-01
[step   5200]
  train: −ELBO=-2.5535e+00  NLL=-1.8258e+00  NLL_R=-1.6539e+00  NLL_ω=-1.7194e-01  MSE_R=5.8318e-02  MSE_ω=1.5663e-01
  test : −ELBO=-4.3374e+00  NLL=-3.5595e+00  NLL_R=-3.1299e+00  NLL_ω=-4.2959e-01  MSE_R=1.0736e-03  MSE_ω=1.2970e-01
  sigma: σ_R=1.3927e-01  σ_ω=2.2858e-01  β=1.0000e+00
  PL   : train=-9.1750e-01  test=-9.6762e-01  σ_φ̄(train)=3.6557e-06  σ_φ̄(test)=4.6644e-09  σ_obs_ω=5.0000e-01  λ_PL=1.00
  KL   : M=3.028e+02  V=2.517e+02  Dw=5.018e+02  g=8.677e+02  sigma=1.926e+01  total=1.943e+03
  subnet MSE  M=2.017e+00  V=1.312e+01  Dw=3.253e-02  g=2.950e-01
[step   5250]
  train: −ELBO=-2.5429e+00  NLL=-1.8118e+00  NLL_R=-1.6536e+00  NLL_ω=-1.5817e-01  MSE_R=5.8327e-02  MSE_ω=1.5806e-01
  test : −ELBO=-4.3406e+00  NLL=-3.5594e+00  NLL_R=-3.1232e+00  NLL_ω=-4.3624e-01  MSE_R=1.0676e-03  MSE_ω=1.2903e-01
  sigma: σ_R=1.3955e-01  σ_ω=2.2848e-01  β=1.0000e+00
  PL   : train=-9.1880e-01  test=-9.6890e-01  σ_φ̄(train)=1.1357e-05  σ_φ̄(test)=4.7397e-09  σ_obs_ω=5.0000e-01  λ_PL=1.00
  KL   : M=2.963e+02  V=2.497e+02  Dw=4.987e+02  g=8.585e+02  sigma=1.884e+01  total=1.922e+03
  subnet MSE  M=2.020e+00  V=1.315e+01  Dw=3.249e-02  g=2.968e-01
[step   5300]
  train: −ELBO=-2.5524e+00  NLL=-1.8196e+00  NLL_R=-1.6548e+00  NLL_ω=-1.6479e-01  MSE_R=5.8282e-02  MSE_ω=1.5737e-01
  test : −ELBO=-4.3252e+00  NLL=-3.5435e+00  NLL_R=-3.1247e+00  NLL_ω=-4.1878e-01  MSE_R=1.0825e-03  MSE_ω=1.3087e-01
  sigma: σ_R=1.3952e-01  σ_ω=2.2839e-01  β=1.0000e+00
  PL   : train=-9.1824e-01  test=-9.6710e-01  σ_φ̄(train)=3.9033e-06  σ_φ̄(test)=5.2161e-09  σ_obs_ω=5.0000e-01  λ_PL=1.00
  KL   : M=2.891e+02  V=2.475e+02  Dw=4.948e+02  g=8.493e+02  sigma=1.829e+01  total=1.899e+03
  subnet MSE  M=2.020e+00  V=1.319e+01  Dw=3.252e-02  g=2.951e-01
[step   5350]
  train: −ELBO=-2.5605e+00  NLL=-1.8259e+00  NLL_R=-1.6538e+00  NLL_ω=-1.7215e-01  MSE_R=5.8321e-02  MSE_ω=1.5660e-01
  test : −ELBO=-4.3377e+00  NLL=-3.5532e+00  NLL_R=-3.1236e+00  NLL_ω=-4.2958e-01  MSE_R=1.0744e-03  MSE_ω=1.2977e-01
  sigma: σ_R=1.3953e-01  σ_ω=2.2829e-01  β=1.0000e+00
  PL   : train=-9.1760e-01  test=-9.6748e-01  σ_φ̄(train)=3.6625e-05  σ_φ̄(test)=5.8589e-09  σ_obs_ω=5.0000e-01  λ_PL=1.00
  KL   : M=2.816e+02  V=2.450e+02  Dw=4.911e+02  g=8.391e+02  sigma=1.767e+01  total=1.874e+03
  subnet MSE  M=2.024e+00  V=1.313e+01  Dw=3.277e-02  g=2.944e-01
[step   5400]
  train: −ELBO=-2.5568e+00  NLL=-1.8204e+00  NLL_R=-1.6541e+00  NLL_ω=-1.6623e-01  MSE_R=5.8307e-02  MSE_ω=1.5722e-01
  test : −ELBO=-4.3405e+00  NLL=-3.5539e+00  NLL_R=-3.1251e+00  NLL_ω=-4.2884e-01  MSE_R=1.0741e-03  MSE_ω=1.2985e-01
  sigma: σ_R=1.3949e-01  σ_ω=2.2829e-01  β=1.0000e+00
  PL   : train=-9.1740e-01  test=-9.6750e-01  σ_φ̄(train)=4.3400e-06  σ_φ̄(test)=6.3113e-09  σ_obs_ω=5.0000e-01  λ_PL=1.00
  KL   : M=2.752e+02  V=2.427e+02  Dw=4.879e+02  g=8.301e+02  sigma=1.714e+01  total=1.853e+03
  subnet MSE  M=2.024e+00  V=1.314e+01  Dw=3.315e-02  g=2.946e-01
[step   5450]
  train: −ELBO=-2.5760e+00  NLL=-1.8381e+00  NLL_R=-1.6539e+00  NLL_ω=-1.8419e-01  MSE_R=5.8318e-02  MSE_ω=1.5535e-01
  test : −ELBO=-4.3374e+00  NLL=-3.5499e+00  NLL_R=-3.1292e+00  NLL_ω=-4.2072e-01  MSE_R=1.0812e-03  MSE_ω=1.3071e-01
  sigma: σ_R=1.3927e-01  σ_ω=2.2827e-01  β=1.0000e+00
  PL   : train=-9.1745e-01  test=-9.6703e-01  σ_φ̄(train)=7.6433e-06  σ_φ̄(test)=5.2805e-09  σ_obs_ω=5.0000e-01  λ_PL=1.00
  KL   : M=2.707e+02  V=2.411e+02  Dw=4.856e+02  g=8.241e+02  sigma=1.690e+01  total=1.838e+03
  subnet MSE  M=2.024e+00  V=1.316e+01  Dw=3.279e-02  g=2.942e-01
[step   5500]
  train: −ELBO=-2.5618e+00  NLL=-1.8221e+00  NLL_R=-1.6528e+00  NLL_ω=-1.6932e-01  MSE_R=5.8358e-02  MSE_ω=1.5690e-01
  test : −ELBO=-4.3469e+00  NLL=-3.5574e+00  NLL_R=-3.1260e+00  NLL_ω=-4.3141e-01  MSE_R=1.0722e-03  MSE_ω=1.2958e-01
  sigma: σ_R=1.3940e-01  σ_ω=2.2830e-01  β=1.0000e+00
  PL   : train=-9.1739e-01  test=-9.6718e-01  σ_φ̄(train)=7.7857e-06  σ_φ̄(test)=5.1009e-09  σ_obs_ω=5.0000e-01  λ_PL=1.00
  KL   : M=2.652e+02  V=2.390e+02  Dw=4.831e+02  g=8.163e+02  sigma=1.647e+01  total=1.820e+03
  subnet MSE  M=2.024e+00  V=1.316e+01  Dw=3.311e-02  g=2.943e-01
[step   5550]
  train: −ELBO=-2.5719e+00  NLL=-1.8300e+00  NLL_R=-1.6540e+00  NLL_ω=-1.7604e-01  MSE_R=5.8314e-02  MSE_ω=1.5620e-01
  test : −ELBO=-4.3477e+00  NLL=-3.5565e+00  NLL_R=-3.1268e+00  NLL_ω=-4.2966e-01  MSE_R=1.0743e-03  MSE_ω=1.2981e-01
  sigma: σ_R=1.3942e-01  σ_ω=2.2809e-01  β=1.0000e+00
  PL   : train=-9.1820e-01  test=-9.6747e-01  σ_φ̄(train)=1.5622e-05  σ_φ̄(test)=5.0455e-09  σ_obs_ω=5.0000e-01  λ_PL=1.00
  KL   : M=2.607e+02  V=2.373e+02  Dw=4.809e+02  g=8.101e+02  sigma=1.610e+01  total=1.805e+03
  subnet MSE  M=2.027e+00  V=1.315e+01  Dw=3.322e-02  g=2.949e-01
[step   5600]
  train: −ELBO=-2.5708e+00  NLL=-1.8272e+00  NLL_R=-1.6539e+00  NLL_ω=-1.7329e-01  MSE_R=5.8318e-02  MSE_ω=1.5649e-01
  test : −ELBO=-4.3534e+00  NLL=-3.5602e+00  NLL_R=-3.1262e+00  NLL_ω=-4.3401e-01  MSE_R=1.0705e-03  MSE_ω=1.2933e-01
  sigma: σ_R=1.3940e-01  σ_ω=2.2814e-01  β=1.0000e+00
  PL   : train=-9.1851e-01  test=-9.6798e-01  σ_φ̄(train)=9.4541e-06  σ_φ̄(test)=3.7301e-09  σ_obs_ω=5.0000e-01  λ_PL=1.00
  KL   : M=2.562e+02  V=2.355e+02  Dw=4.790e+02  g=8.039e+02  sigma=1.594e+01  total=1.791e+03
  subnet MSE  M=2.027e+00  V=1.314e+01  Dw=3.319e-02  g=2.960e-01
[step   5650]
  train: −ELBO=-2.5802e+00  NLL=-1.8354e+00  NLL_R=-1.6546e+00  NLL_ω=-1.8078e-01  MSE_R=5.8289e-02  MSE_ω=1.5571e-01
  test : −ELBO=-4.3548e+00  NLL=-3.5632e+00  NLL_R=-3.1280e+00  NLL_ω=-4.3524e-01  MSE_R=1.0706e-03  MSE_ω=1.2923e-01
  sigma: σ_R=1.3935e-01  σ_ω=2.2809e-01  β=1.0000e+00
  PL   : train=-9.1795e-01  test=-9.6464e-01  σ_φ̄(train)=5.2102e-06  σ_φ̄(test)=1.7835e-09  σ_obs_ω=5.0000e-01  λ_PL=1.00
  KL   : M=2.507e+02  V=2.334e+02  Dw=4.764e+02  g=7.959e+02  sigma=1.616e+01  total=1.773e+03
  subnet MSE  M=2.027e+00  V=1.311e+01  Dw=3.368e-02  g=2.948e-01
[step   5700]
  train: −ELBO=-2.5799e+00  NLL=-1.8335e+00  NLL_R=-1.6548e+00  NLL_ω=-1.7877e-01  MSE_R=5.8283e-02  MSE_ω=1.5591e-01
  test : −ELBO=-4.3467e+00  NLL=-3.5506e+00  NLL_R=-3.1276e+00  NLL_ω=-4.2301e-01  MSE_R=1.0804e-03  MSE_ω=1.3055e-01
  sigma: σ_R=1.3944e-01  σ_ω=2.2782e-01  β=1.0000e+00
  PL   : train=-9.1804e-01  test=-9.6767e-01  σ_φ̄(train)=7.6406e-06  σ_φ̄(test)=1.8720e-09  σ_obs_ω=5.0000e-01  λ_PL=1.00
  KL   : M=2.464e+02  V=2.315e+02  Dw=4.745e+02  g=7.896e+02  sigma=1.576e+01  total=1.758e+03
  subnet MSE  M=2.030e+00  V=1.313e+01  Dw=3.321e-02  g=2.956e-01
[step   5750]
  train: −ELBO=-2.5852e+00  NLL=-1.8380e+00  NLL_R=-1.6545e+00  NLL_ω=-1.8354e-01  MSE_R=5.8294e-02  MSE_ω=1.5542e-01
  test : −ELBO=-4.3536e+00  NLL=-3.5568e+00  NLL_R=-3.1278e+00  NLL_ω=-4.2906e-01  MSE_R=1.0756e-03  MSE_ω=1.2997e-01
  sigma: σ_R=1.3937e-01  σ_ω=2.2763e-01  β=1.0000e+00
  PL   : train=-9.1774e-01  test=-9.6729e-01  σ_φ̄(train)=1.2066e-06  σ_φ̄(test)=1.2139e-09  σ_obs_ω=5.0000e-01  λ_PL=1.00
  KL   : M=2.427e+02  V=2.299e+02  Dw=4.730e+02  g=7.837e+02  sigma=1.701e+01  total=1.746e+03
  subnet MSE  M=2.029e+00  V=1.310e+01  Dw=3.339e-02  g=2.947e-01
[step   5800]
  train: −ELBO=-2.5688e+00  NLL=-1.8192e+00  NLL_R=-1.6521e+00  NLL_ω=-1.6711e-01  MSE_R=5.8387e-02  MSE_ω=1.5713e-01
  test : −ELBO=-4.3532e+00  NLL=-3.5539e+00  NLL_R=-3.1244e+00  NLL_ω=-4.2949e-01  MSE_R=1.0735e-03  MSE_ω=1.2986e-01
  sigma: σ_R=1.3951e-01  σ_ω=2.2793e-01  β=1.0000e+00
  PL   : train=-9.1876e-01  test=-9.6854e-01  σ_φ̄(train)=7.2127e-07  σ_φ̄(test)=1.3017e-09  σ_obs_ω=5.0000e-01  λ_PL=1.00
  KL   : M=2.389e+02  V=2.282e+02  Dw=4.714e+02  g=7.775e+02  sigma=1.679e+01  total=1.733e+03
  subnet MSE  M=2.029e+00  V=1.321e+01  Dw=3.349e-02  g=2.965e-01
[step   5850]
  train: −ELBO=-2.5883e+00  NLL=-1.8377e+00  NLL_R=-1.6535e+00  NLL_ω=-1.8421e-01  MSE_R=5.8333e-02  MSE_ω=1.5535e-01
  test : −ELBO=-4.3626e+00  NLL=-3.5621e+00  NLL_R=-3.1273e+00  NLL_ω=-4.3480e-01  MSE_R=1.0696e-03  MSE_ω=1.2925e-01
  sigma: σ_R=1.3939e-01  σ_ω=2.2821e-01  β=1.0000e+00
  PL   : train=-9.1850e-01  test=-9.6842e-01  σ_φ̄(train)=1.5412e-06  σ_φ̄(test)=1.3078e-09  σ_obs_ω=5.0000e-01  λ_PL=1.00
  KL   : M=2.349e+02  V=2.264e+02  Dw=4.699e+02  g=7.712e+02  sigma=1.656e+01  total=1.719e+03
  subnet MSE  M=2.032e+00  V=1.317e+01  Dw=3.357e-02  g=2.958e-01
[step   5900]
  train: −ELBO=-2.5927e+00  NLL=-1.8407e+00  NLL_R=-1.6543e+00  NLL_ω=-1.8639e-01  MSE_R=5.8299e-02  MSE_ω=1.5512e-01
  test : −ELBO=-4.3548e+00  NLL=-3.5539e+00  NLL_R=-3.1268e+00  NLL_ω=-4.2713e-01  MSE_R=1.0759e-03  MSE_ω=1.3012e-01
  sigma: σ_R=1.3939e-01  σ_ω=2.2785e-01  β=1.0000e+00
  PL   : train=-9.1840e-01  test=-9.6737e-01  σ_φ̄(train)=1.7559e-06  σ_φ̄(test)=1.4149e-09  σ_obs_ω=5.0000e-01  λ_PL=1.00
  KL   : M=2.309e+02  V=2.247e+02  Dw=4.680e+02  g=7.648e+02  sigma=1.628e+01  total=1.705e+03
  subnet MSE  M=2.033e+00  V=1.312e+01  Dw=3.326e-02  g=2.952e-01
[step   5950]
  train: −ELBO=-2.5734e+00  NLL=-1.8208e+00  NLL_R=-1.6545e+00  NLL_ω=-1.6638e-01  MSE_R=5.8295e-02  MSE_ω=1.5719e-01
  test : −ELBO=-4.3575e+00  NLL=-3.5553e+00  NLL_R=-3.1272e+00  NLL_ω=-4.2809e-01  MSE_R=1.0764e-03  MSE_ω=1.3014e-01
  sigma: σ_R=1.3936e-01  σ_ω=2.2735e-01  β=1.0000e+00
  PL   : train=-9.1799e-01  test=-9.6761e-01  σ_φ̄(train)=9.5256e-07  σ_φ̄(test)=1.5396e-09  σ_obs_ω=5.0000e-01  λ_PL=1.00
  KL   : M=2.276e+02  V=2.234e+02  Dw=4.667e+02  g=7.598e+02  sigma=1.603e+01  total=1.693e+03
  subnet MSE  M=2.034e+00  V=1.314e+01  Dw=3.355e-02  g=2.953e-01
[step   6000]
  train: −ELBO=-2.5890e+00  NLL=-1.8350e+00  NLL_R=-1.6536e+00  NLL_ω=-1.8140e-01  MSE_R=5.8328e-02  MSE_ω=1.5564e-01
  test : −ELBO=-4.3544e+00  NLL=-3.5503e+00  NLL_R=-3.1248e+00  NLL_ω=-4.2551e-01  MSE_R=1.0767e-03  MSE_ω=1.3036e-01
  sigma: σ_R=1.3950e-01  σ_ω=2.2752e-01  β=1.0000e+00
  PL   : train=-9.1824e-01  test=-9.6823e-01  σ_φ̄(train)=3.5968e-06  σ_φ̄(test)=1.6032e-09  σ_obs_ω=5.0000e-01  λ_PL=1.00
  KL   : M=2.241e+02  V=2.217e+02  Dw=4.654e+02  g=7.545e+02  sigma=1.579e+01  total=1.682e+03
  subnet MSE  M=2.033e+00  V=1.313e+01  Dw=3.331e-02  g=2.960e-01
[step   6050]
  train: −ELBO=-2.5905e+00  NLL=-1.8358e+00  NLL_R=-1.6537e+00  NLL_ω=-1.8208e-01  MSE_R=5.8323e-02  MSE_ω=1.5557e-01
  test : −ELBO=-4.3544e+00  NLL=-3.5503e+00  NLL_R=-3.1262e+00  NLL_ω=-4.2411e-01  MSE_R=1.0785e-03  MSE_ω=1.3050e-01
  sigma: σ_R=1.3942e-01  σ_ω=2.2762e-01  β=1.0000e+00
  PL   : train=-9.1810e-01  test=-9.6746e-01  σ_φ̄(train)=8.7104e-06  σ_φ̄(test)=1.6307e-09  σ_obs_ω=5.0000e-01  λ_PL=1.00
  KL   : M=2.217e+02  V=2.205e+02  Dw=4.645e+02  g=7.508e+02  sigma=1.561e+01  total=1.673e+03
  subnet MSE  M=2.033e+00  V=1.316e+01  Dw=3.355e-02  g=2.951e-01
[step   6100]
  train: −ELBO=-2.5885e+00  NLL=-1.8337e+00  NLL_R=-1.6528e+00  NLL_ω=-1.8090e-01  MSE_R=5.8358e-02  MSE_ω=1.5569e-01
  test : −ELBO=-4.3445e+00  NLL=-3.5405e+00  NLL_R=-3.1257e+00  NLL_ω=-4.1477e-01  MSE_R=1.0872e-03  MSE_ω=1.3144e-01
  sigma: σ_R=1.3944e-01  σ_ω=2.2769e-01  β=1.0000e+00
  PL   : train=-9.1722e-01  test=-9.6645e-01  σ_φ̄(train)=2.5488e-06  σ_φ̄(test)=1.6084e-09  σ_obs_ω=5.0000e-01  λ_PL=1.00
  KL   : M=2.193e+02  V=2.193e+02  Dw=4.634e+02  g=7.466e+02  sigma=1.543e+01  total=1.664e+03
  subnet MSE  M=2.034e+00  V=1.319e+01  Dw=3.346e-02  g=2.939e-01
[step   6150]
  train: −ELBO=-2.6045e+00  NLL=-1.8478e+00  NLL_R=-1.6547e+00  NLL_ω=-1.9306e-01  MSE_R=5.8286e-02  MSE_ω=1.5444e-01
  test : −ELBO=-4.3533e+00  NLL=-3.5481e+00  NLL_R=-3.1261e+00  NLL_ω=-4.2200e-01  MSE_R=1.0815e-03  MSE_ω=1.3080e-01
  sigma: σ_R=1.3947e-01  σ_ω=2.2725e-01  β=1.0000e+00
  PL   : train=-9.1827e-01  test=-9.6667e-01  σ_φ̄(train)=1.2142e-06  σ_φ̄(test)=1.7453e-09  σ_obs_ω=5.0000e-01  λ_PL=1.00
  KL   : M=2.167e+02  V=2.180e+02  Dw=4.624e+02  g=7.422e+02  sigma=1.519e+01  total=1.654e+03
  subnet MSE  M=2.035e+00  V=1.312e+01  Dw=3.349e-02  g=2.952e-01
[step   6200]
  train: −ELBO=-2.5972e+00  NLL=-1.8396e+00  NLL_R=-1.6534e+00  NLL_ω=-1.8625e-01  MSE_R=5.8338e-02  MSE_ω=1.5514e-01
  test : −ELBO=-4.3454e+00  NLL=-3.5389e+00  NLL_R=-3.1242e+00  NLL_ω=-4.1471e-01  MSE_R=1.0871e-03  MSE_ω=1.3147e-01
  sigma: σ_R=1.3951e-01  σ_ω=2.2761e-01  β=1.0000e+00
  PL   : train=-9.1806e-01  test=-9.6705e-01  σ_φ̄(train)=1.0227e-05  σ_φ̄(test)=1.8413e-09  σ_obs_ω=5.0000e-01  λ_PL=1.00
  KL   : M=2.132e+02  V=2.166e+02  Dw=4.613e+02  g=7.375e+02  sigma=1.489e+01  total=1.644e+03
  subnet MSE  M=2.034e+00  V=1.314e+01  Dw=3.345e-02  g=2.949e-01
[step   6250]
  train: −ELBO=-2.5968e+00  NLL=-1.8383e+00  NLL_R=-1.6536e+00  NLL_ω=-1.8472e-01  MSE_R=5.8328e-02  MSE_ω=1.5530e-01
  test : −ELBO=-4.3463e+00  NLL=-3.5389e+00  NLL_R=-3.1269e+00  NLL_ω=-4.1203e-01  MSE_R=1.0901e-03  MSE_ω=1.3183e-01
  sigma: σ_R=1.3939e-01  σ_ω=2.2718e-01  β=1.0000e+00
  PL   : train=-9.1795e-01  test=-9.6685e-01  σ_φ̄(train)=4.7503e-06  σ_φ̄(test)=2.0523e-09  σ_obs_ω=5.0000e-01  λ_PL=1.00
  KL   : M=2.103e+02  V=2.152e+02  Dw=4.603e+02  g=7.330e+02  sigma=1.459e+01  total=1.633e+03
  subnet MSE  M=2.035e+00  V=1.308e+01  Dw=3.390e-02  g=2.948e-01
[step   6300]
  train: −ELBO=-2.6001e+00  NLL=-1.8408e+00  NLL_R=-1.6534e+00  NLL_ω=-1.8746e-01  MSE_R=5.8338e-02  MSE_ω=1.5501e-01
  test : −ELBO=-4.3480e+00  NLL=-3.5395e+00  NLL_R=-3.1271e+00  NLL_ω=-4.1243e-01  MSE_R=1.0885e-03  MSE_ω=1.3172e-01
  sigma: σ_R=1.3937e-01  σ_ω=2.2754e-01  β=1.0000e+00
  PL   : train=-9.1800e-01  test=-9.6717e-01  σ_φ̄(train)=1.0885e-05  σ_φ̄(test)=1.9236e-09  σ_obs_ω=5.0000e-01  λ_PL=1.00
  KL   : M=2.079e+02  V=2.141e+02  Dw=4.595e+02  g=7.294e+02  sigma=1.446e+01  total=1.625e+03
  subnet MSE  M=2.037e+00  V=1.319e+01  Dw=3.303e-02  g=2.950e-01
[step   6350]
  train: −ELBO=-2.6069e+00  NLL=-1.8461e+00  NLL_R=-1.6535e+00  NLL_ω=-1.9258e-01  MSE_R=5.8332e-02  MSE_ω=1.5449e-01
  test : −ELBO=-4.3519e+00  NLL=-3.5423e+00  NLL_R=-3.1262e+00  NLL_ω=-4.1611e-01  MSE_R=1.0863e-03  MSE_ω=1.3140e-01
  sigma: σ_R=1.3938e-01  σ_ω=2.2726e-01  β=1.0000e+00
  PL   : train=-9.1869e-01  test=-9.6750e-01  σ_φ̄(train)=1.3496e-06  σ_φ̄(test)=1.9724e-09  σ_obs_ω=5.0000e-01  λ_PL=1.00
  KL   : M=2.052e+02  V=2.129e+02  Dw=4.587e+02  g=7.261e+02  sigma=1.427e+01  total=1.617e+03
  subnet MSE  M=2.037e+00  V=1.314e+01  Dw=3.308e-02  g=2.953e-01
[step   6400]
  train: −ELBO=-2.6022e+00  NLL=-1.8404e+00  NLL_R=-1.6543e+00  NLL_ω=-1.8608e-01  MSE_R=5.8300e-02  MSE_ω=1.5516e-01
  test : −ELBO=-4.3632e+00  NLL=-3.5519e+00  NLL_R=-3.1280e+00  NLL_ω=-4.2392e-01  MSE_R=1.0801e-03  MSE_ω=1.3059e-01
  sigma: σ_R=1.3935e-01  σ_ω=2.2723e-01  β=1.0000e+00
  PL   : train=-9.1896e-01  test=-9.6843e-01  σ_φ̄(train)=4.0737e-06  σ_φ̄(test)=2.1566e-09  σ_obs_ω=5.0000e-01  λ_PL=1.00
  KL   : M=2.032e+02  V=2.117e+02  Dw=4.579e+02  g=7.226e+02  sigma=1.403e+01  total=1.609e+03
  subnet MSE  M=2.037e+00  V=1.311e+01  Dw=3.285e-02  g=2.967e-01
[step   6450]
  train: −ELBO=-2.6107e+00  NLL=-1.8493e+00  NLL_R=-1.6541e+00  NLL_ω=-1.9522e-01  MSE_R=5.8308e-02  MSE_ω=1.5421e-01
  test : −ELBO=-4.3397e+00  NLL=-3.5297e+00  NLL_R=-3.1264e+00  NLL_ω=-4.0331e-01  MSE_R=1.0980e-03  MSE_ω=1.3283e-01
  sigma: σ_R=1.3937e-01  σ_ω=2.2668e-01  β=1.0000e+00
  PL   : train=-9.1802e-01  test=-9.6658e-01  σ_φ̄(train)=7.8958e-06  σ_φ̄(test)=2.0530e-09  σ_obs_ω=5.0000e-01  λ_PL=1.00
  KL   : M=2.017e+02  V=2.108e+02  Dw=4.574e+02  g=7.200e+02  sigma=1.394e+01  total=1.604e+03
  subnet MSE  M=2.038e+00  V=1.318e+01  Dw=3.334e-02  g=2.945e-01
[step   6500]
  train: −ELBO=-2.6068e+00  NLL=-1.8443e+00  NLL_R=-1.6543e+00  NLL_ω=-1.9002e-01  MSE_R=5.8302e-02  MSE_ω=1.5475e-01
  test : −ELBO=-4.3518e+00  NLL=-3.5403e+00  NLL_R=-3.1264e+00  NLL_ω=-4.1392e-01  MSE_R=1.0879e-03  MSE_ω=1.3157e-01
  sigma: σ_R=1.3940e-01  σ_ω=2.2747e-01  β=1.0000e+00
  PL   : train=-9.1844e-01  test=-9.6738e-01  σ_φ̄(train)=4.6624e-06  σ_φ̄(test)=1.7348e-09  σ_obs_ω=5.0000e-01  λ_PL=1.00
  KL   : M=1.998e+02  V=2.096e+02  Dw=4.568e+02  g=7.167e+02  sigma=1.413e+01  total=1.597e+03
  subnet MSE  M=2.038e+00  V=1.311e+01  Dw=3.380e-02  g=2.955e-01
[step   6550]
  train: −ELBO=-2.6088e+00  NLL=-1.8459e+00  NLL_R=-1.6546e+00  NLL_ω=-1.9122e-01  MSE_R=5.8288e-02  MSE_ω=1.5463e-01
  test : −ELBO=-4.3396e+00  NLL=-3.5280e+00  NLL_R=-3.1239e+00  NLL_ω=-4.0407e-01  MSE_R=1.0978e-03  MSE_ω=1.3270e-01
  sigma: σ_R=1.3948e-01  σ_ω=2.2697e-01  β=1.0000e+00
  PL   : train=-9.1820e-01  test=-9.6693e-01  σ_φ̄(train)=4.0146e-06  σ_φ̄(test)=1.2820e-09  σ_obs_ω=5.0000e-01  λ_PL=1.00
  KL   : M=1.978e+02  V=2.085e+02  Dw=4.561e+02  g=7.131e+02  sigma=1.490e+01  total=1.590e+03
  subnet MSE  M=2.039e+00  V=1.315e+01  Dw=3.348e-02  g=2.951e-01
[step   6600]
  train: −ELBO=-2.6081e+00  NLL=-1.8447e+00  NLL_R=-1.6556e+00  NLL_ω=-1.8917e-01  MSE_R=5.8252e-02  MSE_ω=1.5484e-01
  test : −ELBO=-4.3467e+00  NLL=-3.5349e+00  NLL_R=-3.1257e+00  NLL_ω=-4.0919e-01  MSE_R=1.0928e-03  MSE_ω=1.3218e-01
  sigma: σ_R=1.3943e-01  σ_ω=2.2687e-01  β=1.0000e+00
  PL   : train=-9.1806e-01  test=-9.6653e-01  σ_φ̄(train)=1.5123e-06  σ_φ̄(test)=1.3157e-09  σ_obs_ω=5.0000e-01  λ_PL=1.00
  KL   : M=1.963e+02  V=2.074e+02  Dw=4.556e+02  g=7.103e+02  sigma=1.474e+01  total=1.584e+03
  subnet MSE  M=2.039e+00  V=1.317e+01  Dw=3.361e-02  g=2.946e-01
[step   6650]
  train: −ELBO=-2.6154e+00  NLL=-1.8514e+00  NLL_R=-1.6542e+00  NLL_ω=-1.9724e-01  MSE_R=5.8306e-02  MSE_ω=1.5401e-01
  test : −ELBO=-4.3419e+00  NLL=-3.5295e+00  NLL_R=-3.1255e+00  NLL_ω=-4.0400e-01  MSE_R=1.0973e-03  MSE_ω=1.3271e-01
  sigma: σ_R=1.3943e-01  σ_ω=2.2699e-01  β=1.0000e+00
  PL   : train=-9.1832e-01  test=-9.6671e-01  σ_φ̄(train)=6.3233e-06  σ_φ̄(test)=1.3754e-09  σ_obs_ω=5.0000e-01  λ_PL=1.00
  KL   : M=1.953e+02  V=2.067e+02  Dw=4.557e+02  g=7.085e+02  sigma=1.463e+01  total=1.581e+03
  subnet MSE  M=2.039e+00  V=1.312e+01  Dw=3.387e-02  g=2.949e-01
[step   6700]
  train: −ELBO=-2.6033e+00  NLL=-1.8395e+00  NLL_R=-1.6537e+00  NLL_ω=-1.8580e-01  MSE_R=5.8324e-02  MSE_ω=1.5518e-01
  test : −ELBO=-4.3446e+00  NLL=-3.5319e+00  NLL_R=-3.1251e+00  NLL_ω=-4.0684e-01  MSE_R=1.0955e-03  MSE_ω=1.3250e-01
  sigma: σ_R=1.3947e-01  σ_ω=2.2650e-01  β=1.0000e+00
  PL   : train=-9.1777e-01  test=-9.6658e-01  σ_φ̄(train)=6.4365e-06  σ_φ̄(test)=1.4044e-09  σ_obs_ω=5.0000e-01  λ_PL=1.00
  KL   : M=1.939e+02  V=2.059e+02  Dw=4.555e+02  g=7.064e+02  sigma=1.451e+01  total=1.576e+03
  subnet MSE  M=2.039e+00  V=1.315e+01  Dw=3.382e-02  g=2.954e-01
[step   6750]
  train: −ELBO=-2.6028e+00  NLL=-1.8383e+00  NLL_R=-1.6538e+00  NLL_ω=-1.8447e-01  MSE_R=5.8319e-02  MSE_ω=1.5532e-01
  test : −ELBO=-4.3437e+00  NLL=-3.5303e+00  NLL_R=-3.1269e+00  NLL_ω=-4.0343e-01  MSE_R=1.0979e-03  MSE_ω=1.3279e-01
  sigma: σ_R=1.3936e-01  σ_ω=2.2680e-01  β=1.0000e+00
  PL   : train=-9.1796e-01  test=-9.6679e-01  σ_φ̄(train)=1.4656e-06  σ_φ̄(test)=1.4456e-09  σ_obs_ω=5.0000e-01  λ_PL=1.00
  KL   : M=1.926e+02  V=2.051e+02  Dw=4.552e+02  g=7.043e+02  sigma=1.438e+01  total=1.572e+03
  subnet MSE  M=2.039e+00  V=1.316e+01  Dw=3.346e-02  g=2.947e-01
[step   6800]
  train: −ELBO=-2.6062e+00  NLL=-1.8421e+00  NLL_R=-1.6549e+00  NLL_ω=-1.8725e-01  MSE_R=5.8279e-02  MSE_ω=1.5504e-01
  test : −ELBO=-4.3306e+00  NLL=-3.5186e+00  NLL_R=-3.1265e+00  NLL_ω=-3.9210e-01  MSE_R=1.1078e-03  MSE_ω=1.3391e-01
  sigma: σ_R=1.3937e-01  σ_ω=2.2706e-01  β=1.0000e+00
  PL   : train=-9.1708e-01  test=-9.6498e-01  σ_φ̄(train)=4.8022e-06  σ_φ̄(test)=1.5814e-09  σ_obs_ω=5.0000e-01  λ_PL=1.00
  KL   : M=1.910e+02  V=2.042e+02  Dw=4.551e+02  g=7.020e+02  sigma=1.421e+01  total=1.567e+03
  subnet MSE  M=2.040e+00  V=1.311e+01  Dw=3.382e-02  g=2.930e-01
[step   6850]
  train: −ELBO=-2.6185e+00  NLL=-1.8526e+00  NLL_R=-1.6562e+00  NLL_ω=-1.9642e-01  MSE_R=5.8227e-02  MSE_ω=1.5409e-01
  test : −ELBO=-4.3459e+00  NLL=-3.5314e+00  NLL_R=-3.1292e+00  NLL_ω=-4.0223e-01  MSE_R=1.0995e-03  MSE_ω=1.3300e-01
  sigma: σ_R=1.3913e-01  σ_ω=2.2639e-01  β=1.0000e+00
  PL   : train=-9.1847e-01  test=-9.6704e-01  σ_φ̄(train)=1.0001e-05  σ_φ̄(test)=1.5785e-09  σ_obs_ω=5.0000e-01  λ_PL=1.00
  KL   : M=1.898e+02  V=2.033e+02  Dw=4.550e+02  g=7.001e+02  sigma=1.407e+01  total=1.562e+03
  subnet MSE  M=2.039e+00  V=1.316e+01  Dw=3.383e-02  g=2.956e-01
[step   6900]
  train: −ELBO=-2.6099e+00  NLL=-1.8440e+00  NLL_R=-1.6529e+00  NLL_ω=-1.9113e-01  MSE_R=5.8356e-02  MSE_ω=1.5463e-01
  test : −ELBO=-4.3514e+00  NLL=-3.5367e+00  NLL_R=-3.1282e+00  NLL_ω=-4.0848e-01  MSE_R=1.0941e-03  MSE_ω=1.3233e-01
  sigma: σ_R=1.3932e-01  σ_ω=2.2650e-01  β=1.0000e+00
  PL   : train=-9.1810e-01  test=-9.6694e-01  σ_φ̄(train)=3.1217e-06  σ_φ̄(test)=1.6208e-09  σ_obs_ω=5.0000e-01  λ_PL=1.00
  KL   : M=1.887e+02  V=2.027e+02  Dw=4.549e+02  g=6.987e+02  sigma=1.395e+01  total=1.559e+03
  subnet MSE  M=2.039e+00  V=1.310e+01  Dw=3.400e-02  g=2.953e-01
[step   6950]
  train: −ELBO=-2.6082e+00  NLL=-1.8421e+00  NLL_R=-1.6536e+00  NLL_ω=-1.8850e-01  MSE_R=5.8328e-02  MSE_ω=1.5490e-01
  test : −ELBO=-4.3426e+00  NLL=-3.5293e+00  NLL_R=-3.1254e+00  NLL_ω=-4.0392e-01  MSE_R=1.0981e-03  MSE_ω=1.3276e-01
  sigma: σ_R=1.3943e-01  σ_ω=2.2671e-01  β=1.0000e+00
  PL   : train=-9.1782e-01  test=-9.6502e-01  σ_φ̄(train)=3.1355e-06  σ_φ̄(test)=1.7558e-09  σ_obs_ω=5.0000e-01  λ_PL=1.00
  KL   : M=1.875e+02  V=2.016e+02  Dw=4.546e+02  g=6.967e+02  sigma=1.377e+01  total=1.554e+03
  subnet MSE  M=2.040e+00  V=1.308e+01  Dw=3.355e-02  g=2.945e-01
[step   7000]
  train: −ELBO=-2.6132e+00  NLL=-1.8464e+00  NLL_R=-1.6542e+00  NLL_ω=-1.9219e-01  MSE_R=5.8305e-02  MSE_ω=1.5452e-01
  test : −ELBO=-4.3412e+00  NLL=-3.5273e+00  NLL_R=-3.1264e+00  NLL_ω=-4.0091e-01  MSE_R=1.1010e-03  MSE_ω=1.3314e-01
  sigma: σ_R=1.3942e-01  σ_ω=2.2640e-01  β=1.0000e+00
  PL   : train=-9.1813e-01  test=-9.6524e-01  σ_φ̄(train)=5.6372e-06  σ_φ̄(test)=1.8333e-09  σ_obs_ω=5.0000e-01  λ_PL=1.00
  KL   : M=1.863e+02  V=2.007e+02  Dw=4.544e+02  g=6.947e+02  sigma=1.359e+01  total=1.550e+03
  subnet MSE  M=2.040e+00  V=1.314e+01  Dw=3.349e-02  g=2.951e-01
[step   7050]
  train: −ELBO=-2.6161e+00  NLL=-1.8481e+00  NLL_R=-1.6543e+00  NLL_ω=-1.9377e-01  MSE_R=5.8302e-02  MSE_ω=1.5436e-01
  test : −ELBO=-4.3429e+00  NLL=-3.5275e+00  NLL_R=-3.1259e+00  NLL_ω=-4.0165e-01  MSE_R=1.0998e-03  MSE_ω=1.3304e-01
  sigma: σ_R=1.3943e-01  σ_ω=2.2647e-01  β=1.0000e+00
  PL   : train=-9.1905e-01  test=-9.6634e-01  σ_φ̄(train)=8.4129e-06  σ_φ̄(test)=1.8878e-09  σ_obs_ω=5.0000e-01  λ_PL=1.00
  KL   : M=1.853e+02  V=1.998e+02  Dw=4.544e+02  g=6.932e+02  sigma=1.342e+01  total=1.546e+03
  subnet MSE  M=2.040e+00  V=1.314e+01  Dw=3.368e-02  g=2.961e-01
[step   7100]
  train: −ELBO=-2.6195e+00  NLL=-1.8502e+00  NLL_R=-1.6539e+00  NLL_ω=-1.9635e-01  MSE_R=5.8317e-02  MSE_ω=1.5410e-01
  test : −ELBO=-4.3356e+00  NLL=-3.5227e+00  NLL_R=-3.1224e+00  NLL_ω=-4.0032e-01  MSE_R=1.1002e-03  MSE_ω=1.3319e-01
  sigma: σ_R=1.3964e-01  σ_ω=2.2635e-01  β=1.0000e+00
  PL   : train=-9.1988e-01  test=-9.6349e-01  σ_φ̄(train)=1.4854e-05  σ_φ̄(test)=1.9141e-09  σ_obs_ω=5.0000e-01  λ_PL=1.00
  KL   : M=1.839e+02  V=1.986e+02  Dw=4.545e+02  g=6.918e+02  sigma=1.321e+01  total=1.542e+03
  subnet MSE  M=2.040e+00  V=1.315e+01  Dw=3.382e-02  g=2.969e-01
[step   7150]
  train: −ELBO=-2.6249e+00  NLL=-1.8564e+00  NLL_R=-1.6555e+00  NLL_ω=-2.0087e-01  MSE_R=5.8254e-02  MSE_ω=1.5363e-01
  test : −ELBO=-4.3500e+00  NLL=-3.5329e+00  NLL_R=-3.1252e+00  NLL_ω=-4.0773e-01  MSE_R=1.0949e-03  MSE_ω=1.3241e-01
  sigma: σ_R=1.3948e-01  σ_ω=2.2665e-01  β=1.0000e+00
  PL   : train=-9.1876e-01  test=-9.6727e-01  σ_φ̄(train)=3.2576e-06  σ_φ̄(test)=1.8470e-09  σ_obs_ω=5.0000e-01  λ_PL=1.00
  KL   : M=1.828e+02  V=1.977e+02  Dw=4.545e+02  g=6.902e+02  sigma=1.306e+01  total=1.538e+03
  subnet MSE  M=2.040e+00  V=1.311e+01  Dw=3.387e-02  g=2.960e-01
[step   7200]
  train: −ELBO=-2.6264e+00  NLL=-1.8579e+00  NLL_R=-1.6546e+00  NLL_ω=-2.0325e-01  MSE_R=5.8288e-02  MSE_ω=1.5339e-01
  test : −ELBO=-4.3388e+00  NLL=-3.5226e+00  NLL_R=-3.1257e+00  NLL_ω=-3.9692e-01  MSE_R=1.1042e-03  MSE_ω=1.3356e-01
  sigma: σ_R=1.3941e-01  σ_ω=2.2626e-01  β=1.0000e+00
  PL   : train=-9.1843e-01  test=-9.6601e-01  σ_φ̄(train)=2.9688e-06  σ_φ̄(test)=1.0261e-09  σ_obs_ω=5.0000e-01  λ_PL=1.00
  KL   : M=1.815e+02  V=1.966e+02  Dw=4.547e+02  g=6.885e+02  sigma=1.339e+01  total=1.535e+03
  subnet MSE  M=2.039e+00  V=1.314e+01  Dw=3.342e-02  g=2.950e-01
[step   7250]
  train: −ELBO=-2.6200e+00  NLL=-1.8510e+00  NLL_R=-1.6548e+00  NLL_ω=-1.9628e-01  MSE_R=5.8283e-02  MSE_ω=1.5411e-01
  test : −ELBO=-4.3384e+00  NLL=-3.5215e+00  NLL_R=-3.1264e+00  NLL_ω=-3.9512e-01  MSE_R=1.1058e-03  MSE_ω=1.3374e-01
  sigma: σ_R=1.3937e-01  σ_ω=2.2631e-01  β=1.0000e+00
  PL   : train=-9.1855e-01  test=-9.6645e-01  σ_φ̄(train)=9.8012e-06  σ_φ̄(test)=1.0357e-09  σ_obs_ω=5.0000e-01  λ_PL=1.00
  KL   : M=1.805e+02  V=1.957e+02  Dw=4.549e+02  g=6.875e+02  sigma=1.324e+01  total=1.532e+03
  subnet MSE  M=2.039e+00  V=1.313e+01  Dw=3.366e-02  g=2.953e-01
[step   7300]
  train: −ELBO=-2.6240e+00  NLL=-1.8551e+00  NLL_R=-1.6553e+00  NLL_ω=-1.9981e-01  MSE_R=5.8262e-02  MSE_ω=1.5374e-01
  test : −ELBO=-4.3337e+00  NLL=-3.5167e+00  NLL_R=-3.1258e+00  NLL_ω=-3.9085e-01  MSE_R=1.1098e-03  MSE_ω=1.3421e-01
  sigma: σ_R=1.3941e-01  σ_ω=2.2611e-01  β=1.0000e+00
  PL   : train=-9.1824e-01  test=-9.6638e-01  σ_φ̄(train)=2.9628e-06  σ_φ̄(test)=1.0667e-09  σ_obs_ω=5.0000e-01  λ_PL=1.00
  KL   : M=1.797e+02  V=1.949e+02  Dw=4.550e+02  g=6.865e+02  sigma=1.310e+01  total=1.529e+03
  subnet MSE  M=2.039e+00  V=1.312e+01  Dw=3.376e-02  g=2.955e-01
[step   7350]
  train: −ELBO=-2.6272e+00  NLL=-1.8575e+00  NLL_R=-1.6543e+00  NLL_ω=-2.0319e-01  MSE_R=5.8302e-02  MSE_ω=1.5340e-01
  test : −ELBO=-4.3334e+00  NLL=-3.5157e+00  NLL_R=-3.1242e+00  NLL_ω=-3.9144e-01  MSE_R=1.1091e-03  MSE_ω=1.3417e-01
  sigma: σ_R=1.3948e-01  σ_ω=2.2596e-01  β=1.0000e+00
  PL   : train=-9.1876e-01  test=-9.6676e-01  σ_φ̄(train)=9.8968e-06  σ_φ̄(test)=1.0908e-09  σ_obs_ω=5.0000e-01  λ_PL=1.00
  KL   : M=1.788e+02  V=1.939e+02  Dw=4.550e+02  g=6.857e+02  sigma=1.291e+01  total=1.526e+03
  subnet MSE  M=2.039e+00  V=1.311e+01  Dw=3.378e-02  g=2.963e-01
[step   7400]
  train: −ELBO=-2.6331e+00  NLL=-1.8634e+00  NLL_R=-1.6552e+00  NLL_ω=-2.0815e-01  MSE_R=5.8265e-02  MSE_ω=1.5289e-01
  test : −ELBO=-4.3332e+00  NLL=-3.5155e+00  NLL_R=-3.1271e+00  NLL_ω=-3.8836e-01  MSE_R=1.1110e-03  MSE_ω=1.3441e-01
  sigma: σ_R=1.3933e-01  σ_ω=2.2642e-01  β=1.0000e+00
  PL   : train=-9.1860e-01  test=-9.6661e-01  σ_φ̄(train)=3.7928e-06  σ_φ̄(test)=1.0168e-09  σ_obs_ω=5.0000e-01  λ_PL=1.00
  KL   : M=1.780e+02  V=1.932e+02  Dw=4.551e+02  g=6.854e+02  sigma=1.279e+01  total=1.524e+03
  subnet MSE  M=2.038e+00  V=1.305e+01  Dw=3.410e-02  g=2.959e-01
[step   7450]
  train: −ELBO=-2.6336e+00  NLL=-1.8637e+00  NLL_R=-1.6553e+00  NLL_ω=-2.0838e-01  MSE_R=5.8263e-02  MSE_ω=1.5287e-01
  test : −ELBO=-4.3339e+00  NLL=-3.5164e+00  NLL_R=-3.1274e+00  NLL_ω=-3.8899e-01  MSE_R=1.1111e-03  MSE_ω=1.3438e-01
  sigma: σ_R=1.3931e-01  σ_ω=2.2625e-01  β=1.0000e+00
  PL   : train=-9.1858e-01  test=-9.6618e-01  σ_φ̄(train)=7.0505e-06  σ_φ̄(test)=1.0611e-09  σ_obs_ω=5.0000e-01  λ_PL=1.00
  KL   : M=1.772e+02  V=1.923e+02  Dw=4.554e+02  g=6.849e+02  sigma=1.263e+01  total=1.522e+03
  subnet MSE  M=2.039e+00  V=1.311e+01  Dw=3.356e-02  g=2.951e-01
[step   7500]
  train: −ELBO=-2.6326e+00  NLL=-1.8623e+00  NLL_R=-1.6557e+00  NLL_ω=-2.0663e-01  MSE_R=5.8248e-02  MSE_ω=1.5305e-01
  test : −ELBO=-4.3350e+00  NLL=-3.5171e+00  NLL_R=-3.1262e+00  NLL_ω=-3.9089e-01  MSE_R=1.1085e-03  MSE_ω=1.3417e-01
  sigma: σ_R=1.3942e-01  σ_ω=2.2629e-01  β=1.0000e+00
  PL   : train=-9.1877e-01  test=-9.6639e-01  σ_φ̄(train)=5.8682e-06  σ_φ̄(test)=9.4492e-10  σ_obs_ω=5.0000e-01  λ_PL=1.00
  KL   : M=1.762e+02  V=1.914e+02  Dw=4.560e+02  g=6.840e+02  sigma=1.258e+01  total=1.520e+03
  subnet MSE  M=2.040e+00  V=1.314e+01  Dw=3.412e-02  g=2.953e-01
[step   7550]
  train: −ELBO=-2.6215e+00  NLL=-1.8498e+00  NLL_R=-1.6534e+00  NLL_ω=-1.9646e-01  MSE_R=5.8337e-02  MSE_ω=1.5409e-01
  test : −ELBO=-4.3393e+00  NLL=-3.5198e+00  NLL_R=-3.1273e+00  NLL_ω=-3.9248e-01  MSE_R=1.1075e-03  MSE_ω=1.3404e-01
  sigma: σ_R=1.3931e-01  σ_ω=2.2615e-01  β=1.0000e+00
  PL   : train=-9.1995e-01  test=-9.6787e-01  σ_φ̄(train)=1.1478e-05  σ_φ̄(test)=9.3940e-10  σ_obs_ω=5.0000e-01  λ_PL=1.00
  KL   : M=1.755e+02  V=1.909e+02  Dw=4.563e+02  g=6.837e+02  sigma=1.250e+01  total=1.519e+03
  subnet MSE  M=2.039e+00  V=1.314e+01  Dw=3.313e-02  g=2.979e-01
[step   7600]
  train: −ELBO=-2.6320e+00  NLL=-1.8613e+00  NLL_R=-1.6549e+00  NLL_ω=-2.0643e-01  MSE_R=5.8278e-02  MSE_ω=1.5307e-01
  test : −ELBO=-4.3302e+00  NLL=-3.5117e+00  NLL_R=-3.1270e+00  NLL_ω=-3.8470e-01  MSE_R=1.1139e-03  MSE_ω=1.3485e-01
  sigma: σ_R=1.3936e-01  σ_ω=2.2600e-01  β=1.0000e+00
  PL   : train=-9.1879e-01  test=-9.6664e-01  σ_φ̄(train)=3.2300e-06  σ_φ̄(test)=1.0193e-09  σ_obs_ω=5.0000e-01  λ_PL=1.00
  KL   : M=1.747e+02  V=1.900e+02  Dw=4.566e+02  g=6.834e+02  sigma=1.231e+01  total=1.517e+03
  subnet MSE  M=2.039e+00  V=1.311e+01  Dw=3.343e-02  g=2.957e-01
[step   7650]
  train: −ELBO=-2.6346e+00  NLL=-1.8637e+00  NLL_R=-1.6547e+00  NLL_ω=-2.0909e-01  MSE_R=5.8287e-02  MSE_ω=1.5279e-01
  test : −ELBO=-4.3190e+00  NLL=-3.5007e+00  NLL_R=-3.1254e+00  NLL_ω=-3.7529e-01  MSE_R=1.1226e-03  MSE_ω=1.3584e-01
  sigma: σ_R=1.3941e-01  σ_ω=2.2584e-01  β=1.0000e+00
  PL   : train=-9.1880e-01  test=-9.6631e-01  σ_φ̄(train)=2.2216e-05  σ_φ̄(test)=9.0937e-10  σ_obs_ω=5.0000e-01  λ_PL=1.00
  KL   : M=1.738e+02  V=1.892e+02  Dw=4.566e+02  g=6.832e+02  sigma=1.226e+01  total=1.515e+03
  subnet MSE  M=2.040e+00  V=1.316e+01  Dw=3.371e-02  g=2.956e-01
[step   7700]
  train: −ELBO=-2.6259e+00  NLL=-1.8546e+00  NLL_R=-1.6531e+00  NLL_ω=-2.0157e-01  MSE_R=5.8349e-02  MSE_ω=1.5356e-01
  test : −ELBO=-4.3082e+00  NLL=-3.4893e+00  NLL_R=-3.1275e+00  NLL_ω=-3.6174e-01  MSE_R=1.1345e-03  MSE_ω=1.3718e-01
  sigma: σ_R=1.3928e-01  σ_ω=2.2615e-01  β=1.0000e+00
  PL   : train=-9.1894e-01  test=-9.6664e-01  σ_φ̄(train)=9.8973e-06  σ_φ̄(test)=9.2694e-10  σ_obs_ω=5.0000e-01  λ_PL=1.00
  KL   : M=1.728e+02  V=1.883e+02  Dw=4.565e+02  g=6.827e+02  sigma=1.205e+01  total=1.512e+03
  subnet MSE  M=2.039e+00  V=1.326e+01  Dw=3.268e-02  g=2.959e-01
[step   7750]
  train: −ELBO=-2.6315e+00  NLL=-1.8597e+00  NLL_R=-1.6532e+00  NLL_ω=-2.0644e-01  MSE_R=5.8342e-02  MSE_ω=1.5306e-01
  test : −ELBO=-4.3306e+00  NLL=-3.5114e+00  NLL_R=-3.1264e+00  NLL_ω=-3.8505e-01  MSE_R=1.1137e-03  MSE_ω=1.3476e-01
  sigma: σ_R=1.3919e-01  σ_ω=2.2621e-01  β=1.0000e+00
  PL   : train=-9.1922e-01  test=-9.6658e-01  σ_φ̄(train)=3.9670e-06  σ_φ̄(test)=7.9163e-10  σ_obs_ω=5.0000e-01  λ_PL=1.00
  KL   : M=1.719e+02  V=1.875e+02  Dw=4.563e+02  g=6.820e+02  sigma=1.199e+01  total=1.510e+03
  subnet MSE  M=2.039e+00  V=1.310e+01  Dw=3.373e-02  g=2.957e-01
[step   7800]
  train: −ELBO=-2.6380e+00  NLL=-1.8663e+00  NLL_R=-1.6545e+00  NLL_ω=-2.1183e-01  MSE_R=5.8293e-02  MSE_ω=1.5252e-01
  test : −ELBO=-4.3194e+00  NLL=-3.5005e+00  NLL_R=-3.1255e+00  NLL_ω=-3.7501e-01  MSE_R=1.1224e-03  MSE_ω=1.3587e-01
  sigma: σ_R=1.3942e-01  σ_ω=2.2583e-01  β=1.0000e+00
  PL   : train=-9.1896e-01  test=-9.6623e-01  σ_φ̄(train)=8.9221e-06  σ_φ̄(test)=5.9679e-10  σ_obs_ω=5.0000e-01  λ_PL=1.00
  KL   : M=1.708e+02  V=1.868e+02  Dw=4.563e+02  g=6.816e+02  sigma=1.289e+01  total=1.508e+03
  subnet MSE  M=2.038e+00  V=1.312e+01  Dw=3.386e-02  g=2.959e-01
[step   7850]
  train: −ELBO=-2.6372e+00  NLL=-1.8653e+00  NLL_R=-1.6550e+00  NLL_ω=-2.1034e-01  MSE_R=5.8274e-02  MSE_ω=1.5267e-01
  test : −ELBO=-4.3243e+00  NLL=-3.5049e+00  NLL_R=-3.1248e+00  NLL_ω=-3.8011e-01  MSE_R=1.1186e-03  MSE_ω=1.3539e-01
  sigma: σ_R=1.3944e-01  σ_ω=2.2557e-01  β=1.0000e+00
  PL   : train=-9.1895e-01  test=-9.6648e-01  σ_φ̄(train)=8.0321e-06  σ_φ̄(test)=5.9325e-10  σ_obs_ω=5.0000e-01  λ_PL=1.00
  KL   : M=1.701e+02  V=1.860e+02  Dw=4.566e+02  g=6.811e+02  sigma=1.281e+01  total=1.507e+03
  subnet MSE  M=2.038e+00  V=1.311e+01  Dw=3.389e-02  g=2.958e-01
[step   7900]
  train: −ELBO=-2.6397e+00  NLL=-1.8676e+00  NLL_R=-1.6550e+00  NLL_ω=-2.1261e-01  MSE_R=5.8274e-02  MSE_ω=1.5244e-01
  test : −ELBO=-4.3207e+00  NLL=-3.5012e+00  NLL_R=-3.1256e+00  NLL_ω=-3.7558e-01  MSE_R=1.1215e-03  MSE_ω=1.3583e-01
  sigma: σ_R=1.3938e-01  σ_ω=2.2569e-01  β=1.0000e+00
  PL   : train=-9.1906e-01  test=-9.6641e-01  σ_φ̄(train)=7.3951e-07  σ_φ̄(test)=6.0175e-10  σ_obs_ω=5.0000e-01  λ_PL=1.00
  KL   : M=1.692e+02  V=1.851e+02  Dw=4.568e+02  g=6.809e+02  sigma=1.267e+01  total=1.505e+03
  subnet MSE  M=2.038e+00  V=1.317e+01  Dw=3.375e-02  g=2.959e-01
[step   7950]
  train: −ELBO=-2.6426e+00  NLL=-1.8697e+00  NLL_R=-1.6554e+00  NLL_ω=-2.1439e-01  MSE_R=5.8260e-02  MSE_ω=1.5226e-01
  test : −ELBO=-4.3246e+00  NLL=-3.5040e+00  NLL_R=-3.1250e+00  NLL_ω=-3.7903e-01  MSE_R=1.1195e-03  MSE_ω=1.3557e-01
  sigma: σ_R=1.3944e-01  σ_ω=2.2510e-01  β=1.0000e+00
  PL   : train=-9.1949e-01  test=-9.6719e-01  σ_φ̄(train)=1.2396e-05  σ_φ̄(test)=6.1350e-10  σ_obs_ω=5.0000e-01  λ_PL=1.00
  KL   : M=1.682e+02  V=1.841e+02  Dw=4.568e+02  g=6.804e+02  sigma=1.251e+01  total=1.502e+03
  subnet MSE  M=2.038e+00  V=1.319e+01  Dw=3.320e-02  g=2.968e-01
[step   8000]
  train: −ELBO=-2.6341e+00  NLL=-1.8616e+00  NLL_R=-1.6533e+00  NLL_ω=-2.0837e-01  MSE_R=5.8341e-02  MSE_ω=1.5287e-01
  test : −ELBO=-4.3237e+00  NLL=-3.5036e+00  NLL_R=-3.1252e+00  NLL_ω=-3.7833e-01  MSE_R=1.1194e-03  MSE_ω=1.3560e-01
  sigma: σ_R=1.3940e-01  σ_ω=2.2536e-01  β=1.0000e+00
  PL   : train=-9.1890e-01  test=-9.6662e-01  σ_φ̄(train)=7.9267e-06  σ_φ̄(test)=6.5065e-10  σ_obs_ω=5.0000e-01  λ_PL=1.00
  KL   : M=1.673e+02  V=1.833e+02  Dw=4.568e+02  g=6.800e+02  sigma=1.237e+01  total=1.500e+03
  subnet MSE  M=2.037e+00  V=1.312e+01  Dw=3.375e-02  g=2.964e-01
[step   8050]
  train: −ELBO=-2.6366e+00  NLL=-1.8642e+00  NLL_R=-1.6546e+00  NLL_ω=-2.0959e-01  MSE_R=5.8288e-02  MSE_ω=1.5274e-01
  test : −ELBO=-4.3106e+00  NLL=-3.4912e+00  NLL_R=-3.1273e+00  NLL_ω=-3.6389e-01  MSE_R=1.1310e-03  MSE_ω=1.3707e-01
  sigma: σ_R=1.3932e-01  σ_ω=2.2540e-01  β=1.0000e+00
  PL   : train=-9.1866e-01  test=-9.6575e-01  σ_φ̄(train)=2.1567e-06  σ_φ̄(test)=6.0898e-10  σ_obs_ω=5.0000e-01  λ_PL=1.00
  KL   : M=1.669e+02  V=1.827e+02  Dw=4.567e+02  g=6.797e+02  sigma=1.231e+01  total=1.498e+03
  subnet MSE  M=2.037e+00  V=1.314e+01  Dw=3.365e-02  g=2.954e-01
[step   8100]
  train: −ELBO=-2.6332e+00  NLL=-1.8604e+00  NLL_R=-1.6544e+00  NLL_ω=-2.0604e-01  MSE_R=5.8298e-02  MSE_ω=1.5310e-01
  test : −ELBO=-4.3267e+00  NLL=-3.5069e+00  NLL_R=-3.1264e+00  NLL_ω=-3.8047e-01  MSE_R=1.1184e-03  MSE_ω=1.3540e-01
  sigma: σ_R=1.3937e-01  σ_ω=2.2530e-01  β=1.0000e+00
  PL   : train=-9.1901e-01  test=-9.6604e-01  σ_φ̄(train)=1.4326e-05  σ_φ̄(test)=6.4817e-10  σ_obs_ω=5.0000e-01  λ_PL=1.00
  KL   : M=1.664e+02  V=1.822e+02  Dw=4.570e+02  g=6.796e+02  sigma=1.218e+01  total=1.497e+03
  subnet MSE  M=2.037e+00  V=1.312e+01  Dw=3.363e-02  g=2.956e-01
[step   8150]
  train: −ELBO=-2.6519e+00  NLL=-1.8787e+00  NLL_R=-1.6546e+00  NLL_ω=-2.2408e-01  MSE_R=5.8290e-02  MSE_ω=1.5127e-01
  test : −ELBO=-4.3158e+00  NLL=-3.4955e+00  NLL_R=-3.1243e+00  NLL_ω=-3.7124e-01  MSE_R=1.1252e-03  MSE_ω=1.3631e-01
  sigma: σ_R=1.3947e-01  σ_ω=2.2548e-01  β=1.0000e+00
  PL   : train=-9.1931e-01  test=-9.6631e-01  σ_φ̄(train)=7.1941e-06  σ_φ̄(test)=6.9187e-10  σ_obs_ω=5.0000e-01  λ_PL=1.00
  KL   : M=1.658e+02  V=1.816e+02  Dw=4.566e+02  g=6.796e+02  sigma=1.206e+01  total=1.496e+03
  subnet MSE  M=2.037e+00  V=1.314e+01  Dw=3.374e-02  g=2.961e-01
[step   8200]
  train: −ELBO=-2.6378e+00  NLL=-1.8660e+00  NLL_R=-1.6550e+00  NLL_ω=-2.1101e-01  MSE_R=5.8272e-02  MSE_ω=1.5260e-01
  test : −ELBO=-4.3044e+00  NLL=-3.4866e+00  NLL_R=-3.1290e+00  NLL_ω=-3.5758e-01  MSE_R=1.1379e-03  MSE_ω=1.3775e-01
  sigma: σ_R=1.3923e-01  σ_ω=2.2505e-01  β=1.0000e+00
  PL   : train=-9.1778e-01  test=-9.6386e-01  σ_φ̄(train)=6.2790e-07  σ_φ̄(test)=4.2178e-10  σ_obs_ω=5.0000e-01  λ_PL=1.00
  KL   : M=1.652e+02  V=1.811e+02  Dw=4.568e+02  g=6.793e+02  sigma=1.341e+01  total=1.496e+03
  subnet MSE  M=2.036e+00  V=1.309e+01  Dw=3.409e-02  g=2.937e-01
[step   8250]
  train: −ELBO=-2.6438e+00  NLL=-1.8709e+00  NLL_R=-1.6544e+00  NLL_ω=-2.1648e-01  MSE_R=5.8297e-02  MSE_ω=1.5204e-01
  test : −ELBO=-4.3112e+00  NLL=-3.4917e+00  NLL_R=-3.1261e+00  NLL_ω=-3.6558e-01  MSE_R=1.1310e-03  MSE_ω=1.3692e-01
  sigma: σ_R=1.3935e-01  σ_ω=2.2522e-01  β=1.0000e+00
  PL   : train=-9.1883e-01  test=-9.6547e-01  σ_φ̄(train)=1.6196e-06  σ_φ̄(test)=4.3477e-10  σ_obs_ω=5.0000e-01  λ_PL=1.00
  KL   : M=1.647e+02  V=1.805e+02  Dw=4.568e+02  g=6.792e+02  sigma=1.336e+01  total=1.494e+03
  subnet MSE  M=2.036e+00  V=1.313e+01  Dw=3.380e-02  g=2.951e-01
[step   8300]
  train: −ELBO=-2.6406e+00  NLL=-1.8672e+00  NLL_R=-1.6544e+00  NLL_ω=-2.1279e-01  MSE_R=5.8296e-02  MSE_ω=1.5242e-01
  test : −ELBO=-4.3185e+00  NLL=-3.4978e+00  NLL_R=-3.1252e+00  NLL_ω=-3.7262e-01  MSE_R=1.1251e-03  MSE_ω=1.3622e-01
  sigma: σ_R=1.3942e-01  σ_ω=2.2510e-01  β=1.0000e+00
  PL   : train=-9.1925e-01  test=-9.6657e-01  σ_φ̄(train)=8.6049e-07  σ_φ̄(test)=4.4303e-10  σ_obs_ω=5.0000e-01  λ_PL=1.00
  KL   : M=1.642e+02  V=1.799e+02  Dw=4.569e+02  g=6.792e+02  sigma=1.331e+01  total=1.494e+03
  subnet MSE  M=2.036e+00  V=1.313e+01  Dw=3.395e-02  g=2.967e-01
[step   8350]
  train: −ELBO=-2.6481e+00  NLL=-1.8747e+00  NLL_R=-1.6558e+00  NLL_ω=-2.1886e-01  MSE_R=5.8244e-02  MSE_ω=1.5180e-01
  test : −ELBO=-4.3198e+00  NLL=-3.4993e+00  NLL_R=-3.1269e+00  NLL_ω=-3.7241e-01  MSE_R=1.1245e-03  MSE_ω=1.3621e-01
  sigma: σ_R=1.3930e-01  σ_ω=2.2536e-01  β=1.0000e+00
  PL   : train=-9.1906e-01  test=-9.6614e-01  σ_φ̄(train)=5.2296e-07  σ_φ̄(test)=4.5169e-10  σ_obs_ω=5.0000e-01  λ_PL=1.00
  KL   : M=1.634e+02  V=1.791e+02  Dw=4.566e+02  g=6.791e+02  sigma=1.323e+01  total=1.491e+03
  subnet MSE  M=2.037e+00  V=1.312e+01  Dw=3.374e-02  g=2.959e-01
[step   8400]
  train: −ELBO=-2.6437e+00  NLL=-1.8699e+00  NLL_R=-1.6545e+00  NLL_ω=-2.1547e-01  MSE_R=5.8295e-02  MSE_ω=1.5215e-01
  test : −ELBO=-4.3084e+00  NLL=-3.4887e+00  NLL_R=-3.1262e+00  NLL_ω=-3.6253e-01  MSE_R=1.1335e-03  MSE_ω=1.3724e-01
  sigma: σ_R=1.3934e-01  σ_ω=2.2510e-01  β=1.0000e+00
  PL   : train=-9.1931e-01  test=-9.6519e-01  σ_φ̄(train)=1.5765e-06  σ_φ̄(test)=4.4968e-10  σ_obs_ω=5.0000e-01  λ_PL=1.00
  KL   : M=1.628e+02  V=1.783e+02  Dw=4.563e+02  g=6.792e+02  sigma=1.318e+01  total=1.490e+03
  subnet MSE  M=2.035e+00  V=1.315e+01  Dw=3.364e-02  g=2.961e-01
[step   8450]
  train: −ELBO=-2.6378e+00  NLL=-1.8647e+00  NLL_R=-1.6540e+00  NLL_ω=-2.1066e-01  MSE_R=5.8313e-02  MSE_ω=1.5263e-01
  test : −ELBO=-4.3080e+00  NLL=-3.4880e+00  NLL_R=-3.1267e+00  NLL_ω=-3.6132e-01  MSE_R=1.1340e-03  MSE_ω=1.3733e-01
  sigma: σ_R=1.3933e-01  σ_ω=2.2540e-01  β=1.0000e+00
  PL   : train=-9.1852e-01  test=-9.6535e-01  σ_φ̄(train)=2.7177e-06  σ_φ̄(test)=4.6127e-10  σ_obs_ω=5.0000e-01  λ_PL=1.00
  KL   : M=1.622e+02  V=1.778e+02  Dw=4.562e+02  g=6.790e+02  sigma=1.312e+01  total=1.488e+03
  subnet MSE  M=2.035e+00  V=1.313e+01  Dw=3.378e-02  g=2.952e-01
[step   8500]
  train: −ELBO=-2.6470e+00  NLL=-1.8729e+00  NLL_R=-1.6550e+00  NLL_ω=-2.1792e-01  MSE_R=5.8273e-02  MSE_ω=1.5190e-01
  test : −ELBO=-4.3110e+00  NLL=-3.4905e+00  NLL_R=-3.1263e+00  NLL_ω=-3.6413e-01  MSE_R=1.1320e-03  MSE_ω=1.3706e-01
  sigma: σ_R=1.3935e-01  σ_ω=2.2519e-01  β=1.0000e+00
  PL   : train=-9.1926e-01  test=-9.6575e-01  σ_φ̄(train)=7.9606e-07  σ_φ̄(test)=4.6956e-10  σ_obs_ω=5.0000e-01  λ_PL=1.00
  KL   : M=1.618e+02  V=1.773e+02  Dw=4.559e+02  g=6.792e+02  sigma=1.307e+01  total=1.487e+03
  subnet MSE  M=2.035e+00  V=1.312e+01  Dw=3.399e-02  g=2.957e-01
[step   8550]
  train: −ELBO=-2.6475e+00  NLL=-1.8730e+00  NLL_R=-1.6552e+00  NLL_ω=-2.1788e-01  MSE_R=5.8268e-02  MSE_ω=1.5190e-01
  test : −ELBO=-4.3085e+00  NLL=-3.4877e+00  NLL_R=-3.1261e+00  NLL_ω=-3.6156e-01  MSE_R=1.1352e-03  MSE_ω=1.3736e-01
  sigma: σ_R=1.3935e-01  σ_ω=2.2498e-01  β=1.0000e+00
  PL   : train=-9.1946e-01  test=-9.6587e-01  σ_φ̄(train)=8.4961e-07  σ_φ̄(test)=4.8060e-10  σ_obs_ω=5.0000e-01  λ_PL=1.00
  KL   : M=1.611e+02  V=1.767e+02  Dw=4.554e+02  g=6.788e+02  sigma=1.301e+01  total=1.485e+03
  subnet MSE  M=2.035e+00  V=1.313e+01  Dw=3.353e-02  g=2.961e-01
[step   8600]
  train: −ELBO=-2.6392e+00  NLL=-1.8662e+00  NLL_R=-1.6548e+00  NLL_ω=-2.1149e-01  MSE_R=5.8284e-02  MSE_ω=1.5255e-01
  test : −ELBO=-4.2917e+00  NLL=-3.4728e+00  NLL_R=-3.1275e+00  NLL_ω=-3.4533e-01  MSE_R=1.1485e-03  MSE_ω=1.3901e-01
  sigma: σ_R=1.3928e-01  σ_ω=2.2491e-01  β=1.0000e+00
  PL   : train=-9.1778e-01  test=-9.6370e-01  σ_φ̄(train)=1.5297e-06  σ_φ̄(test)=4.9091e-10  σ_obs_ω=5.0000e-01  λ_PL=1.00
  KL   : M=1.604e+02  V=1.760e+02  Dw=4.550e+02  g=6.786e+02  sigma=1.295e+01  total=1.483e+03
  subnet MSE  M=2.036e+00  V=1.310e+01  Dw=3.418e-02  g=2.934e-01
[step   8650]
  train: −ELBO=-2.6523e+00  NLL=-1.8766e+00  NLL_R=-1.6547e+00  NLL_ω=-2.2189e-01  MSE_R=5.8284e-02  MSE_ω=1.5150e-01
  test : −ELBO=-4.3043e+00  NLL=-3.4824e+00  NLL_R=-3.1253e+00  NLL_ω=-3.5705e-01  MSE_R=1.1376e-03  MSE_ω=1.3779e-01
  sigma: σ_R=1.3940e-01  σ_ω=2.2505e-01  β=1.0000e+00
  PL   : train=-9.2032e-01  test=-9.6658e-01  σ_φ̄(train)=5.2655e-07  σ_φ̄(test)=4.9011e-10  σ_obs_ω=5.0000e-01  λ_PL=1.00
  KL   : M=1.599e+02  V=1.755e+02  Dw=4.547e+02  g=6.784e+02  sigma=1.291e+01  total=1.481e+03
  subnet MSE  M=2.035e+00  V=1.312e+01  Dw=3.370e-02  g=2.977e-01
[step   8700]
  train: −ELBO=-2.6473e+00  NLL=-1.8727e+00  NLL_R=-1.6557e+00  NLL_ω=-2.1700e-01  MSE_R=5.8248e-02  MSE_ω=1.5199e-01
  test : −ELBO=-4.3094e+00  NLL=-3.4881e+00  NLL_R=-3.1266e+00  NLL_ω=-3.6147e-01  MSE_R=1.1339e-03  MSE_ω=1.3735e-01
  sigma: σ_R=1.3935e-01  σ_ω=2.2514e-01  β=1.0000e+00
  PL   : train=-9.1921e-01  test=-9.6594e-01  σ_φ̄(train)=1.8387e-05  σ_φ̄(test)=5.0098e-10  σ_obs_ω=5.0000e-01  λ_PL=1.00
  KL   : M=1.595e+02  V=1.752e+02  Dw=4.543e+02  g=6.786e+02  sigma=1.286e+01  total=1.480e+03
  subnet MSE  M=2.036e+00  V=1.313e+01  Dw=3.355e-02  g=2.961e-01
[step   8750]
  train: −ELBO=-2.6518e+00  NLL=-1.8765e+00  NLL_R=-1.6551e+00  NLL_ω=-2.2143e-01  MSE_R=5.8272e-02  MSE_ω=1.5154e-01
  test : −ELBO=-4.3012e+00  NLL=-3.4796e+00  NLL_R=-3.1270e+00  NLL_ω=-3.5266e-01  MSE_R=1.1416e-03  MSE_ω=1.3830e-01
  sigma: σ_R=1.3932e-01  σ_ω=2.2465e-01  β=1.0000e+00
  PL   : train=-9.1968e-01  test=-9.6592e-01  σ_φ̄(train)=7.6957e-07  σ_φ̄(test)=4.9020e-10  σ_obs_ω=5.0000e-01  λ_PL=1.00
  KL   : M=1.588e+02  V=1.745e+02  Dw=4.538e+02  g=6.785e+02  sigma=1.279e+01  total=1.478e+03
  subnet MSE  M=2.035e+00  V=1.314e+01  Dw=3.370e-02  g=2.966e-01
[step   8800]
  train: −ELBO=-2.6475e+00  NLL=-1.8727e+00  NLL_R=-1.6549e+00  NLL_ω=-2.1777e-01  MSE_R=5.8278e-02  MSE_ω=1.5191e-01
  test : −ELBO=-4.2936e+00  NLL=-3.4735e+00  NLL_R=-3.1225e+00  NLL_ω=-3.5099e-01  MSE_R=1.1436e-03  MSE_ω=1.3846e-01
  sigma: σ_R=1.3953e-01  σ_ω=2.2466e-01  β=1.0000e+00
  PL   : train=-9.1900e-01  test=-9.6437e-01  σ_φ̄(train)=1.2614e-06  σ_φ̄(test)=4.9016e-10  σ_obs_ω=5.0000e-01  λ_PL=1.00
  KL   : M=1.581e+02  V=1.739e+02  Dw=4.531e+02  g=6.787e+02  sigma=1.273e+01  total=1.476e+03
  subnet MSE  M=2.035e+00  V=1.309e+01  Dw=3.403e-02  g=2.950e-01
[step   8850]
  train: −ELBO=-2.6581e+00  NLL=-1.8832e+00  NLL_R=-1.6551e+00  NLL_ω=-2.2811e-01  MSE_R=5.8271e-02  MSE_ω=1.5087e-01
  test : −ELBO=-4.2919e+00  NLL=-3.4714e+00  NLL_R=-3.1253e+00  NLL_ω=-3.4614e-01  MSE_R=1.1485e-03  MSE_ω=1.3898e-01
  sigma: σ_R=1.3937e-01  σ_ω=2.2454e-01  β=1.0000e+00
  PL   : train=-9.1900e-01  test=-9.6451e-01  σ_φ̄(train)=2.2053e-06  σ_φ̄(test)=5.0110e-10  σ_obs_ω=5.0000e-01  λ_PL=1.00
  KL   : M=1.578e+02  V=1.735e+02  Dw=4.525e+02  g=6.785e+02  sigma=1.269e+01  total=1.475e+03
  subnet MSE  M=2.036e+00  V=1.310e+01  Dw=3.369e-02  g=2.947e-01
[step   8900]
  train: −ELBO=-2.6555e+00  NLL=-1.8802e+00  NLL_R=-1.6555e+00  NLL_ω=-2.2463e-01  MSE_R=5.8253e-02  MSE_ω=1.5122e-01
  test : −ELBO=-4.2956e+00  NLL=-3.4742e+00  NLL_R=-3.1268e+00  NLL_ω=-3.4735e-01  MSE_R=1.1457e-03  MSE_ω=1.3875e-01
  sigma: σ_R=1.3928e-01  σ_ω=2.2535e-01  β=1.0000e+00
  PL   : train=-9.1920e-01  test=-9.6537e-01  σ_φ̄(train)=8.7778e-07  σ_φ̄(test)=5.1849e-10  σ_obs_ω=5.0000e-01  λ_PL=1.00
  KL   : M=1.575e+02  V=1.729e+02  Dw=4.521e+02  g=6.785e+02  sigma=1.263e+01  total=1.474e+03
  subnet MSE  M=2.036e+00  V=1.310e+01  Dw=3.354e-02  g=2.958e-01
[step   8950]
  train: −ELBO=-2.6622e+00  NLL=-1.8860e+00  NLL_R=-1.6560e+00  NLL_ω=-2.3000e-01  MSE_R=5.8234e-02  MSE_ω=1.5068e-01
  test : −ELBO=-4.2838e+00  NLL=-3.4623e+00  NLL_R=-3.1247e+00  NLL_ω=-3.3754e-01  MSE_R=1.1603e-03  MSE_ω=1.3985e-01
  sigma: σ_R=1.3941e-01  σ_ω=2.2437e-01  β=1.0000e+00
  PL   : train=-9.1986e-01  test=-9.6520e-01  σ_φ̄(train)=4.0460e-06  σ_φ̄(test)=5.4067e-10  σ_obs_ω=5.0000e-01  λ_PL=1.00
  KL   : M=1.569e+02  V=1.723e+02  Dw=4.514e+02  g=6.784e+02  sigma=1.255e+01  total=1.472e+03
  subnet MSE  M=2.035e+00  V=1.312e+01  Dw=3.380e-02  g=2.959e-01
[step   9000]
  train: −ELBO=-2.6453e+00  NLL=-1.8700e+00  NLL_R=-1.6537e+00  NLL_ω=-2.1629e-01  MSE_R=5.8324e-02  MSE_ω=1.5206e-01
  test : −ELBO=-4.2766e+00  NLL=-3.4557e+00  NLL_R=-3.1240e+00  NLL_ω=-3.3174e-01  MSE_R=1.1578e-03  MSE_ω=1.4041e-01
  sigma: σ_R=1.3943e-01  σ_ω=2.2463e-01  β=1.0000e+00
  PL   : train=-9.1883e-01  test=-9.6446e-01  σ_φ̄(train)=1.6046e-06  σ_φ̄(test)=5.5277e-10  σ_obs_ω=5.0000e-01  λ_PL=1.00
  KL   : M=1.564e+02  V=1.720e+02  Dw=4.511e+02  g=6.780e+02  sigma=1.251e+01  total=1.470e+03
  subnet MSE  M=2.034e+00  V=1.319e+01  Dw=3.482e-02  g=2.955e-01
[step   9050]
  train: −ELBO=-2.6508e+00  NLL=-1.8753e+00  NLL_R=-1.6546e+00  NLL_ω=-2.2069e-01  MSE_R=5.8290e-02  MSE_ω=1.5162e-01
  test : −ELBO=-4.2911e+00  NLL=-3.4697e+00  NLL_R=-3.1254e+00  NLL_ω=-3.4438e-01  MSE_R=1.1497e-03  MSE_ω=1.3910e-01
  sigma: σ_R=1.3937e-01  σ_ω=2.2491e-01  β=1.0000e+00
  PL   : train=-9.1896e-01  test=-9.6479e-01  σ_φ̄(train)=2.0776e-06  σ_φ̄(test)=5.4631e-10  σ_obs_ω=5.0000e-01  λ_PL=1.00
  KL   : M=1.563e+02  V=1.717e+02  Dw=4.507e+02  g=6.780e+02  sigma=1.249e+01  total=1.469e+03
  subnet MSE  M=2.035e+00  V=1.312e+01  Dw=3.419e-02  g=2.952e-01
[step   9100]
  train: −ELBO=-2.6488e+00  NLL=-1.8729e+00  NLL_R=-1.6552e+00  NLL_ω=-2.1767e-01  MSE_R=5.8265e-02  MSE_ω=1.5192e-01
  test : −ELBO=-4.2918e+00  NLL=-3.4701e+00  NLL_R=-3.1249e+00  NLL_ω=-3.4515e-01  MSE_R=1.1480e-03  MSE_ω=1.3904e-01
  sigma: σ_R=1.3940e-01  σ_ω=2.2476e-01  β=1.0000e+00
  PL   : train=-9.1929e-01  test=-9.6513e-01  σ_φ̄(train)=3.1795e-06  σ_φ̄(test)=5.1133e-10  σ_obs_ω=5.0000e-01  λ_PL=1.00
  KL   : M=1.561e+02  V=1.713e+02  Dw=4.503e+02  g=6.782e+02  sigma=1.247e+01  total=1.468e+03
  subnet MSE  M=2.034e+00  V=1.310e+01  Dw=3.398e-02  g=2.959e-01
[step   9150]
  train: −ELBO=-2.6668e+00  NLL=-1.8904e+00  NLL_R=-1.6559e+00  NLL_ω=-2.3454e-01  MSE_R=5.8240e-02  MSE_ω=1.5022e-01
  test : −ELBO=-4.2862e+00  NLL=-3.4643e+00  NLL_R=-3.1242e+00  NLL_ω=-3.4012e-01  MSE_R=1.1531e-03  MSE_ω=1.3957e-01
  sigma: σ_R=1.3942e-01  σ_ω=2.2456e-01  β=1.0000e+00
  PL   : train=-9.1963e-01  test=-9.6509e-01  σ_φ̄(train)=1.1349e-06  σ_φ̄(test)=5.2087e-10  σ_obs_ω=5.0000e-01  λ_PL=1.00
  KL   : M=1.556e+02  V=1.708e+02  Dw=4.497e+02  g=6.781e+02  sigma=1.241e+01  total=1.467e+03
  subnet MSE  M=2.033e+00  V=1.313e+01  Dw=3.399e-02  g=2.956e-01
[step   9200]
  train: −ELBO=-2.6590e+00  NLL=-1.8829e+00  NLL_R=-1.6555e+00  NLL_ω=-2.2734e-01  MSE_R=5.8253e-02  MSE_ω=1.5095e-01
  test : −ELBO=-4.2827e+00  NLL=-3.4617e+00  NLL_R=-3.1263e+00  NLL_ω=-3.3537e-01  MSE_R=1.1574e-03  MSE_ω=1.4010e-01
  sigma: σ_R=1.3933e-01  σ_ω=2.2406e-01  β=1.0000e+00
  PL   : train=-9.1926e-01  test=-9.6409e-01  σ_φ̄(train)=1.4668e-05  σ_φ̄(test)=5.0982e-10  σ_obs_ω=5.0000e-01  λ_PL=1.00
  KL   : M=1.555e+02  V=1.705e+02  Dw=4.492e+02  g=6.782e+02  sigma=1.238e+01  total=1.466e+03
  subnet MSE  M=2.033e+00  V=1.313e+01  Dw=3.380e-02  g=2.955e-01
[step   9250]
  train: −ELBO=-2.6483e+00  NLL=-1.8731e+00  NLL_R=-1.6548e+00  NLL_ω=-2.1830e-01  MSE_R=5.8280e-02  MSE_ω=1.5186e-01
  test : −ELBO=-4.2792e+00  NLL=-3.4583e+00  NLL_R=-3.1247e+00  NLL_ω=-3.3364e-01  MSE_R=1.1595e-03  MSE_ω=1.4023e-01
  sigma: σ_R=1.3941e-01  σ_ω=2.2448e-01  β=1.0000e+00
  PL   : train=-9.1824e-01  test=-9.6398e-01  σ_φ̄(train)=1.8224e-06  σ_φ̄(test)=5.2023e-10  σ_obs_ω=5.0000e-01  λ_PL=1.00
  KL   : M=1.553e+02  V=1.702e+02  Dw=4.489e+02  g=6.782e+02  sigma=1.233e+01  total=1.465e+03
  subnet MSE  M=2.033e+00  V=1.307e+01  Dw=3.392e-02  g=2.942e-01
[step   9300]
  train: −ELBO=-2.6548e+00  NLL=-1.8778e+00  NLL_R=-1.6536e+00  NLL_ω=-2.2415e-01  MSE_R=5.8328e-02  MSE_ω=1.5127e-01
  test : −ELBO=-4.2860e+00  NLL=-3.4660e+00  NLL_R=-3.1263e+00  NLL_ω=-3.3965e-01  MSE_R=1.1528e-03  MSE_ω=1.3964e-01
  sigma: σ_R=1.3927e-01  σ_ω=2.2431e-01  β=1.0000e+00
  PL   : train=-9.1995e-01  test=-9.6291e-01  σ_φ̄(train)=2.1102e-05  σ_φ̄(test)=5.3384e-10  σ_obs_ω=5.0000e-01  λ_PL=1.00
  KL   : M=1.549e+02  V=1.697e+02  Dw=4.481e+02  g=6.781e+02  sigma=1.224e+01  total=1.463e+03
  subnet MSE  M=2.032e+00  V=1.310e+01  Dw=3.357e-02  g=2.964e-01
[step   9350]
  train: −ELBO=-2.6628e+00  NLL=-1.8866e+00  NLL_R=-1.6549e+00  NLL_ω=-2.3167e-01  MSE_R=5.8276e-02  MSE_ω=1.5051e-01
  test : −ELBO=-4.2761e+00  NLL=-3.4546e+00  NLL_R=-3.1232e+00  NLL_ω=-3.3147e-01  MSE_R=1.1585e-03  MSE_ω=1.4044e-01
  sigma: σ_R=1.3949e-01  σ_ω=2.2462e-01  β=1.0000e+00
  PL   : train=-9.1892e-01  test=-9.6416e-01  σ_φ̄(train)=2.2448e-06  σ_φ̄(test)=5.4852e-10  σ_obs_ω=5.0000e-01  λ_PL=1.00
  KL   : M=1.545e+02  V=1.690e+02  Dw=4.476e+02  g=6.778e+02  sigma=1.217e+01  total=1.461e+03
  subnet MSE  M=2.032e+00  V=1.314e+01  Dw=3.452e-02  g=2.945e-01
[step   9400]
  train: −ELBO=-2.6670e+00  NLL=-1.8898e+00  NLL_R=-1.6565e+00  NLL_ω=-2.3323e-01  MSE_R=5.8214e-02  MSE_ω=1.5035e-01
  test : −ELBO=-4.2803e+00  NLL=-3.4589e+00  NLL_R=-3.1257e+00  NLL_ω=-3.3326e-01  MSE_R=1.1579e-03  MSE_ω=1.4028e-01
  sigma: σ_R=1.3940e-01  σ_ω=2.2446e-01  β=1.0000e+00
  PL   : train=-9.1973e-01  test=-9.6392e-01  σ_φ̄(train)=2.6939e-06  σ_φ̄(test)=4.3400e-10  σ_obs_ω=5.0000e-01  λ_PL=1.00
  KL   : M=1.544e+02  V=1.685e+02  Dw=4.467e+02  g=6.775e+02  sigma=1.222e+01  total=1.459e+03
  subnet MSE  M=2.033e+00  V=1.309e+01  Dw=3.400e-02  g=2.959e-01
[step   9450]
  train: −ELBO=-2.6683e+00  NLL=-1.8906e+00  NLL_R=-1.6567e+00  NLL_ω=-2.3390e-01  MSE_R=5.8209e-02  MSE_ω=1.5029e-01
  test : −ELBO=-4.2790e+00  NLL=-3.4567e+00  NLL_R=-3.1260e+00  NLL_ω=-3.3071e-01  MSE_R=1.1601e-03  MSE_ω=1.4056e-01
  sigma: σ_R=1.3937e-01  σ_ω=2.2415e-01  β=1.0000e+00
  PL   : train=-9.2009e-01  test=-9.6465e-01  σ_φ̄(train)=2.8553e-06  σ_φ̄(test)=4.5407e-10  σ_obs_ω=5.0000e-01  λ_PL=1.00
  KL   : M=1.540e+02  V=1.679e+02  Dw=4.459e+02  g=6.775e+02  sigma=1.216e+01  total=1.458e+03
  subnet MSE  M=2.033e+00  V=1.311e+01  Dw=3.391e-02  g=2.957e-01
[step   9500]
  train: −ELBO=-2.6551e+00  NLL=-1.8783e+00  NLL_R=-1.6553e+00  NLL_ω=-2.2303e-01  MSE_R=5.8263e-02  MSE_ω=1.5138e-01
  test : −ELBO=-4.2737e+00  NLL=-3.4531e+00  NLL_R=-3.1244e+00  NLL_ω=-3.2864e-01  MSE_R=1.1608e-03  MSE_ω=1.4075e-01
  sigma: σ_R=1.3937e-01  σ_ω=2.2424e-01  β=1.0000e+00
  PL   : train=-9.1896e-01  test=-9.6285e-01  σ_φ̄(train)=1.1531e-06  σ_φ̄(test)=4.7217e-10  σ_obs_ω=5.0000e-01  λ_PL=1.00
  KL   : M=1.536e+02  V=1.673e+02  Dw=4.454e+02  g=6.775e+02  sigma=1.208e+01  total=1.456e+03
  subnet MSE  M=2.032e+00  V=1.314e+01  Dw=3.388e-02  g=2.959e-01
[step   9550]
  train: −ELBO=-2.6484e+00  NLL=-1.8713e+00  NLL_R=-1.6547e+00  NLL_ω=-2.1667e-01  MSE_R=5.8287e-02  MSE_ω=1.5202e-01
  test : −ELBO=-4.2742e+00  NLL=-3.4520e+00  NLL_R=-3.1265e+00  NLL_ω=-3.2556e-01  MSE_R=1.1645e-03  MSE_ω=1.4107e-01
  sigma: σ_R=1.3930e-01  σ_ω=2.2431e-01  β=1.0000e+00
  PL   : train=-9.1910e-01  test=-9.6424e-01  σ_φ̄(train)=1.1869e-06  σ_φ̄(test)=4.8468e-10  σ_obs_ω=5.0000e-01  λ_PL=1.00
  KL   : M=1.534e+02  V=1.668e+02  Dw=4.448e+02  g=6.777e+02  sigma=1.201e+01  total=1.455e+03
  subnet MSE  M=2.033e+00  V=1.309e+01  Dw=3.418e-02  g=2.952e-01
[step   9600]
  train: −ELBO=-2.6570e+00  NLL=-1.8795e+00  NLL_R=-1.6562e+00  NLL_ω=-2.2332e-01  MSE_R=5.8228e-02  MSE_ω=1.5135e-01
  test : −ELBO=-4.2745e+00  NLL=-3.4517e+00  NLL_R=-3.1244e+00  NLL_ω=-3.2723e-01  MSE_R=1.1623e-03  MSE_ω=1.4089e-01
  sigma: σ_R=1.3942e-01  σ_ω=2.2441e-01  β=1.0000e+00
  PL   : train=-9.1933e-01  test=-9.6475e-01  σ_φ̄(train)=1.9695e-06  σ_φ̄(test)=4.9461e-10  σ_obs_ω=5.0000e-01  λ_PL=1.00
  KL   : M=1.528e+02  V=1.664e+02  Dw=4.439e+02  g=6.778e+02  sigma=1.193e+01  total=1.453e+03
  subnet MSE  M=2.032e+00  V=1.304e+01  Dw=3.422e-02  g=2.959e-01
[step   9650]
  train: −ELBO=-2.6588e+00  NLL=-1.8811e+00  NLL_R=-1.6552e+00  NLL_ω=-2.2587e-01  MSE_R=5.8264e-02  MSE_ω=1.5109e-01
  test : −ELBO=-4.2826e+00  NLL=-3.4599e+00  NLL_R=-3.1339e+00  NLL_ω=-3.2595e-01  MSE_R=1.1636e-03  MSE_ω=1.4104e-01
  sigma: σ_R=1.3910e-01  σ_ω=2.2414e-01  β=1.0000e+00
  PL   : train=-9.1941e-01  test=-9.6439e-01  σ_φ̄(train)=3.5900e-06  σ_φ̄(test)=4.9029e-10  σ_obs_ω=5.0000e-01  λ_PL=1.00
  KL   : M=1.524e+02  V=1.658e+02  Dw=4.429e+02  g=6.782e+02  sigma=1.184e+01  total=1.451e+03
  subnet MSE  M=2.033e+00  V=1.306e+01  Dw=3.418e-02  g=2.957e-01
[step   9700]
  train: −ELBO=-2.6692e+00  NLL=-1.8919e+00  NLL_R=-1.6565e+00  NLL_ω=-2.3533e-01  MSE_R=5.8215e-02  MSE_ω=1.5015e-01
  test : −ELBO=-4.2622e+00  NLL=-3.4402e+00  NLL_R=-3.1241e+00  NLL_ω=-3.1609e-01  MSE_R=1.1722e-03  MSE_ω=1.4205e-01
  sigma: σ_R=1.3950e-01  σ_ω=2.2390e-01  β=1.0000e+00
  PL   : train=-9.1896e-01  test=-9.6363e-01  σ_φ̄(train)=4.0997e-06  σ_φ̄(test)=3.1541e-10  σ_obs_ω=5.0000e-01  λ_PL=1.00
  KL   : M=1.520e+02  V=1.654e+02  Dw=4.420e+02  g=6.788e+02  sigma=1.204e+01  total=1.450e+03
  subnet MSE  M=2.029e+00  V=1.306e+01  Dw=3.387e-02  g=2.949e-01
[step   9750]
  train: −ELBO=-2.6621e+00  NLL=-1.8850e+00  NLL_R=-1.6560e+00  NLL_ω=-2.2895e-01  MSE_R=5.8234e-02  MSE_ω=1.5078e-01
  test : −ELBO=-4.2659e+00  NLL=-3.4438e+00  NLL_R=-3.1267e+00  NLL_ω=-3.1709e-01  MSE_R=1.1701e-03  MSE_ω=1.4195e-01
  sigma: σ_R=1.3926e-01  σ_ω=2.2384e-01  β=1.0000e+00
  PL   : train=-9.1866e-01  test=-9.6364e-01  σ_φ̄(train)=9.4335e-07  σ_φ̄(test)=3.2665e-10  σ_obs_ω=5.0000e-01  λ_PL=1.00
  KL   : M=1.517e+02  V=1.649e+02  Dw=4.416e+02  g=6.790e+02  sigma=1.196e+01  total=1.449e+03
  subnet MSE  M=2.029e+00  V=1.310e+01  Dw=3.393e-02  g=2.947e-01
[step   9800]
  train: −ELBO=-2.6691e+00  NLL=-1.8909e+00  NLL_R=-1.6559e+00  NLL_ω=-2.3500e-01  MSE_R=5.8238e-02  MSE_ω=1.5018e-01
  test : −ELBO=-4.2635e+00  NLL=-3.4408e+00  NLL_R=-3.1252e+00  NLL_ω=-3.1559e-01  MSE_R=1.1721e-03  MSE_ω=1.4211e-01
  sigma: σ_R=1.3934e-01  σ_ω=2.2371e-01  β=1.0000e+00
  PL   : train=-9.1958e-01  test=-9.6415e-01  σ_φ̄(train)=6.5845e-06  σ_φ̄(test)=2.7853e-10  σ_obs_ω=5.0000e-01  λ_PL=1.00
  KL   : M=1.515e+02  V=1.645e+02  Dw=4.407e+02  g=6.795e+02  sigma=1.221e+01  total=1.448e+03
  subnet MSE  M=2.030e+00  V=1.311e+01  Dw=3.414e-02  g=2.956e-01
[step   9850]
  train: −ELBO=-2.6676e+00  NLL=-1.8890e+00  NLL_R=-1.6558e+00  NLL_ω=-2.3318e-01  MSE_R=5.8243e-02  MSE_ω=1.5036e-01
  test : −ELBO=-4.2628e+00  NLL=-3.4393e+00  NLL_R=-3.1249e+00  NLL_ω=-3.1447e-01  MSE_R=1.1726e-03  MSE_ω=1.4221e-01
  sigma: σ_R=1.3937e-01  σ_ω=2.2393e-01  β=1.0000e+00
  PL   : train=-9.2001e-01  test=-9.6479e-01  σ_φ̄(train)=1.2986e-06  σ_φ̄(test)=2.8605e-10  σ_obs_ω=5.0000e-01  λ_PL=1.00
  KL   : M=1.512e+02  V=1.642e+02  Dw=4.401e+02  g=6.797e+02  sigma=1.215e+01  total=1.447e+03
  subnet MSE  M=2.029e+00  V=1.305e+01  Dw=3.440e-02  g=2.967e-01
[step   9900]
  train: −ELBO=-2.6695e+00  NLL=-1.8911e+00  NLL_R=-1.6574e+00  NLL_ω=-2.3372e-01  MSE_R=5.8182e-02  MSE_ω=1.5030e-01
  test : −ELBO=-4.2564e+00  NLL=-3.4335e+00  NLL_R=-3.1252e+00  NLL_ω=-3.0827e-01  MSE_R=1.1774e-03  MSE_ω=1.4288e-01
  sigma: σ_R=1.3935e-01  σ_ω=2.2325e-01  β=1.0000e+00
  PL   : train=-9.1969e-01  test=-9.6428e-01  σ_φ̄(train)=1.1863e-06  σ_φ̄(test)=3.0006e-10  σ_obs_ω=5.0000e-01  λ_PL=1.00
  KL   : M=1.509e+02  V=1.638e+02  Dw=4.397e+02  g=6.805e+02  sigma=1.207e+01  total=1.447e+03
  subnet MSE  M=2.030e+00  V=1.310e+01  Dw=3.429e-02  g=2.964e-01
[step   9950]
  train: −ELBO=-2.6674e+00  NLL=-1.8893e+00  NLL_R=-1.6548e+00  NLL_ω=-2.3452e-01  MSE_R=5.8283e-02  MSE_ω=1.5023e-01
  test : −ELBO=-4.2573e+00  NLL=-3.4345e+00  NLL_R=-3.1251e+00  NLL_ω=-3.0934e-01  MSE_R=1.1761e-03  MSE_ω=1.4275e-01
  sigma: σ_R=1.3935e-01  σ_ω=2.2355e-01  β=1.0000e+00
  PL   : train=-9.1932e-01  test=-9.6407e-01  σ_φ̄(train)=1.0935e-06  σ_φ̄(test)=3.1060e-10  σ_obs_ω=5.0000e-01  λ_PL=1.00
  KL   : M=1.505e+02  V=1.635e+02  Dw=4.391e+02  g=6.810e+02  sigma=1.201e+01  total=1.446e+03
  subnet MSE  M=2.029e+00  V=1.308e+01  Dw=3.429e-02  g=2.958e-01
[step  10000]
  train: −ELBO=-2.6687e+00  NLL=-1.8904e+00  NLL_R=-1.6563e+00  NLL_ω=-2.3408e-01  MSE_R=5.8222e-02  MSE_ω=1.5027e-01
  test : −ELBO=-4.2523e+00  NLL=-3.4331e+00  NLL_R=-3.1256e+00  NLL_ω=-3.0756e-01  MSE_R=1.1791e-03  MSE_ω=1.4292e-01
  sigma: σ_R=1.3933e-01  σ_ω=2.2356e-01  β=1.0000e+00
  PL   : train=-9.1944e-01  test=-9.6034e-01  σ_φ̄(train)=2.4132e-06  σ_φ̄(test)=3.1029e-10  σ_obs_ω=5.0000e-01  λ_PL=1.00
  KL   : M=1.503e+02  V=1.632e+02  Dw=4.385e+02  g=6.815e+02  sigma=1.195e+01  total=1.445e+03
  subnet MSE  M=2.029e+00  V=1.305e+01  Dw=3.412e-02  g=2.954e-01

Final per-trajectory eval ...
Final trajectory train loss 1.0409e+02 +/- 6.6592e+01
Final trajectory test loss  1.0041e+02 +/- 6.8137e+01
Final trajectory train l2 loss 1.0263e+02 +/- 6.6564e+01
Final trajectory test l2 loss  9.9497e+01 +/- 6.7951e+01
Final trajectory train geo loss 1.4600e+00 +/- 1.0853e+00
Final trajectory test geo loss  9.1224e-01 +/- 1.1042e+00
Saved final stats:  /mnt/data/thribhuvan/Projects/stochastic_port_hamiltonian/Final/SPHNP v2/src/models/3D_SO3_Windy_Pendulum/ph_gp_sde/data/run_wp3d_jax/obs0p1_fric0p5_wind0p5_ext0-sine_lr0p001_s10000_np5_smp64_T20_seed0_randu7_G0p5-0p7-0p1_260610-000015/wp3d-so3hamGPSDE-5p-stats.pkl
