Run dir : /mnt/data/thribhuvan/Projects/stochastic_port_hamiltonian/Final/SPHNP v2/src/models/3D_SO3_Windy_Pendulum/ph_gp_sde/data/run_wp3d_jax/obs0p01_fric0p5_wind0p5_ext0-sine_lr0p001_s10000_np5_smp64_T20_seed0_randu7_G0p5-0p7-0p1_260609-230433
model contains 11582 parameters
Loaded data from /mnt/data/thribhuvan/Projects/stochastic_port_hamiltonian/Final/SPHNP v2/datasets/data/windy_pendulum_3d/wp3d_dataset_extforce-sine-std0p0_fric0p5_var_fricFalse_obs_noise0p01_wind_force0p5_random_uTrue_uScale7p0_G_0p5_0p7_0p1_steps20.pkl
  dt = 0.0500  h = 0.0050  n_outer (per window) = 4  n_substeps = 10
  train batch B = 2560, test batch B = 2560, T_obs = 5, N (= B·(T−1)) = 10240

Pretraining M_net for 200 steps (lr=0.001, target = 1.000·I₃)
  using 12800 q samples drawn from training data
  pretrain step    0: loss=2.049e+00
  pretrain step   20: loss=1.923e+00
  pretrain step   40: loss=1.788e+00
  pretrain step   60: loss=1.648e+00
  pretrain step   80: loss=1.508e+00
  pretrain step  100: loss=1.375e+00
  pretrain step  120: loss=1.249e+00
  pretrain step  140: loss=1.132e+00
  pretrain step  160: loss=1.024e+00
  pretrain step  180: loss=9.256e-01
  pretrain step  199: loss=8.409e-01
  pretrain done. initial loss=2.049e+00  final loss=8.409e-01  max|M(q₀) − target|=1.946e+00
[step      0]
  train: −ELBO=9.2643e+01  NLL=9.3313e+01  NLL_R=-3.3101e+00  NLL_ω=9.6623e+01  MSE_R=1.6816e-02  MSE_ω=2.0155e+00
  test : −ELBO=8.1416e+01  NLL=8.1436e+01  NLL_R=-3.4208e+00  NLL_ω=8.4857e+01  MSE_R=1.4634e-02  MSE_ω=1.7837e+00
  sigma: σ_R=1.0000e-01  σ_ω=1.0000e-01  β=0.0000e+00
  PL   : train=-6.6947e-01  test=-7.6641e-01  σ_φ̄(train)=6.9857e-01  σ_φ̄(test)=6.9197e-01  σ_obs_ω=5.0000e-01  λ_PL=1.00
  KL   : M=2.003e+03  V=3.320e+02  Dw=1.992e+03  g=2.988e+03  sigma=3.320e+02  total=7.647e+03
  subnet MSE  M=8.726e-01  V=2.712e+01  Dw=6.550e-03  g=3.288e-01
[step     50]
  train: −ELBO=5.9982e+01  NLL=6.0687e+01  NLL_R=-3.6043e+00  NLL_ω=6.4291e+01  MSE_R=1.2254e-02  MSE_ω=1.4712e+00
  test : −ELBO=5.3646e+01  NLL=5.3696e+01  NLL_R=-3.6980e+00  NLL_ω=5.7394e+01  MSE_R=1.0537e-02  MSE_ω=1.3238e+00
  sigma: σ_R=9.6242e-02  σ_ω=1.0375e-01  β=5.0000e-02
  PL   : train=-7.4269e-01  test=-7.9972e-01  σ_φ̄(train)=5.6143e-01  σ_φ̄(test)=5.5799e-01  σ_obs_ω=5.0000e-01  λ_PL=1.00
  KL   : M=2.011e+03  V=3.334e+02  Dw=1.995e+03  g=3.000e+03  sigma=3.335e+02  total=7.672e+03
  subnet MSE  M=5.081e-01  V=2.695e+01  Dw=1.009e-02  g=2.766e-01
[step    100]
  train: −ELBO=4.1262e+01  NLL=4.1989e+01  NLL_R=-3.8279e+00  NLL_ω=4.5817e+01  MSE_R=9.6590e-03  MSE_ω=1.1483e+00
  test : −ELBO=3.6171e+01  NLL=3.6261e+01  NLL_R=-3.9227e+00  NLL_ω=4.0184e+01  MSE_R=8.0811e-03  MSE_ω=1.0196e+00
  sigma: σ_R=9.2127e-02  σ_ω=1.0742e-01  β=1.0000e-01
  PL   : train=-8.0215e-01  test=-8.4157e-01  σ_φ̄(train)=3.9269e-01  σ_φ̄(test)=3.8719e-01  σ_obs_ω=5.0000e-01  λ_PL=1.00
  KL   : M=2.019e+03  V=3.341e+02  Dw=1.997e+03  g=3.006e+03  sigma=3.353e+02  total=7.692e+03
  subnet MSE  M=3.854e-01  V=2.650e+01  Dw=1.730e-02  g=2.791e-01
[step    150]
  train: −ELBO=2.9773e+01  NLL=3.0498e+01  NLL_R=-4.0170e+00  NLL_ω=3.4515e+01  MSE_R=7.9762e-03  MSE_ω=9.4259e-01
  test : −ELBO=2.6934e+01  NLL=2.7047e+01  NLL_R=-4.1023e+00  NLL_ω=3.1150e+01  MSE_R=6.6889e-03  MSE_ω=8.6115e-01
  sigma: σ_R=8.8108e-02  σ_ω=1.1085e-01  β=1.5000e-01
  PL   : train=-8.3846e-01  test=-8.6587e-01  σ_φ̄(train)=2.4795e-01  σ_φ̄(test)=2.4057e-01  σ_obs_ω=5.0000e-01  λ_PL=1.00
  KL   : M=2.024e+03  V=3.352e+02  Dw=2.000e+03  g=3.011e+03  sigma=3.367e+02  total=7.708e+03
  subnet MSE  M=4.127e-01  V=2.608e+01  Dw=2.896e-02  g=2.775e-01
[step    200]
  train: −ELBO=2.2740e+01  NLL=2.3451e+01  NLL_R=-4.1741e+00  NLL_ω=2.7625e+01  MSE_R=6.9483e-03  MSE_ω=8.1749e-01
  test : −ELBO=2.2119e+01  NLL=2.2246e+01  NLL_R=-4.2326e+00  NLL_ω=2.6478e+01  MSE_R=6.1340e-03  MSE_ω=7.8813e-01
  sigma: σ_R=8.4312e-02  σ_ω=1.1413e-01  β=2.0000e-01
  PL   : train=-8.6201e-01  test=-8.8074e-01  σ_φ̄(train)=1.5426e-01  σ_φ̄(test)=1.4876e-01  σ_obs_ω=5.0000e-01  λ_PL=1.00
  KL   : M=2.028e+03  V=3.366e+02  Dw=2.003e+03  g=3.016e+03  sigma=3.377e+02  total=7.721e+03
  subnet MSE  M=4.956e-01  V=2.543e+01  Dw=3.950e-02  g=2.867e-01
[step    250]
  train: −ELBO=1.8923e+01  NLL=1.9609e+01  NLL_R=-4.2838e+00  NLL_ω=2.3893e+01  MSE_R=6.4638e-03  MSE_ω=7.5076e-01
  test : −ELBO=1.8254e+01  NLL=1.8389e+01  NLL_R=-4.3515e+00  NLL_ω=2.2741e+01  MSE_R=5.5907e-03  MSE_ω=7.2000e-01
  sigma: σ_R=8.1270e-02  σ_ω=1.1666e-01  β=2.5000e-01
  PL   : train=-8.7475e-01  test=-8.9022e-01  σ_φ̄(train)=1.1760e-01  σ_φ̄(test)=1.1220e-01  σ_obs_ω=5.0000e-01  λ_PL=1.00
  KL   : M=2.031e+03  V=3.377e+02  Dw=2.005e+03  g=3.018e+03  sigma=3.384e+02  total=7.730e+03
  subnet MSE  M=5.776e-01  V=2.479e+01  Dw=4.341e-02  g=2.916e-01
[step    300]
  train: −ELBO=1.5827e+01  NLL=1.6488e+01  NLL_R=-4.3852e+00  NLL_ω=2.0873e+01  MSE_R=5.9799e-03  MSE_ω=6.9078e-01
  test : −ELBO=1.5437e+01  NLL=1.5580e+01  NLL_R=-4.4512e+00  NLL_ω=2.0031e+01  MSE_R=5.1888e-03  MSE_ω=6.6779e-01
  sigma: σ_R=7.8763e-02  σ_ω=1.1871e-01  β=3.0000e-01
  PL   : train=-8.8751e-01  test=-8.9855e-01  σ_φ̄(train)=9.3475e-02  σ_φ̄(test)=8.8249e-02  σ_obs_ω=5.0000e-01  λ_PL=1.00
  KL   : M=2.032e+03  V=3.389e+02  Dw=2.006e+03  g=3.020e+03  sigma=3.390e+02  total=7.737e+03
  subnet MSE  M=6.476e-01  V=2.406e+01  Dw=4.352e-02  g=2.980e-01
[step    350]
  train: −ELBO=1.3334e+01  NLL=1.3962e+01  NLL_R=-4.4787e+00  NLL_ω=1.8441e+01  MSE_R=5.5982e-03  MSE_ω=6.4128e-01
  test : −ELBO=1.2928e+01  NLL=1.3076e+01  NLL_R=-4.5472e+00  NLL_ω=1.7623e+01  MSE_R=4.8123e-03  MSE_ω=6.1778e-01
  sigma: σ_R=7.6408e-02  σ_ω=1.2065e-01  β=3.5000e-01
  PL   : train=-8.9266e-01  test=-9.0433e-01  σ_φ̄(train)=7.7573e-02  σ_φ̄(test)=7.2608e-02  σ_obs_ω=5.0000e-01  λ_PL=1.00
  KL   : M=2.033e+03  V=3.399e+02  Dw=2.008e+03  g=3.022e+03  sigma=3.394e+02  total=7.742e+03
  subnet MSE  M=7.788e-01  V=2.331e+01  Dw=4.463e-02  g=2.951e-01
[step    400]
  train: −ELBO=1.1635e+01  NLL=1.2230e+01  NLL_R=-4.5540e+00  NLL_ω=1.6784e+01  MSE_R=5.3206e-03  MSE_ω=6.0672e-01
  test : −ELBO=1.0941e+01  NLL=1.1094e+01  NLL_R=-4.6309e+00  NLL_ω=1.5725e+01  MSE_R=4.4836e-03  MSE_ω=5.7549e-01
  sigma: σ_R=7.4528e-02  σ_ω=1.2214e-01  β=4.0000e-01
  PL   : train=-8.9815e-01  test=-9.0958e-01  σ_φ̄(train)=6.7724e-02  σ_φ̄(test)=6.2748e-02  σ_obs_ω=5.0000e-01  λ_PL=1.00
  KL   : M=2.034e+03  V=3.407e+02  Dw=2.009e+03  g=3.023e+03  sigma=3.396e+02  total=7.746e+03
  subnet MSE  M=8.365e-01  V=2.270e+01  Dw=4.492e-02  g=2.948e-01
[step    450]
  train: −ELBO=8.1682e+00  NLL=8.7368e+00  NLL_R=-4.7082e+00  NLL_ω=1.3445e+01  MSE_R=4.7437e-03  MSE_ω=5.2986e-01
  test : −ELBO=7.6530e+00  NLL=7.8144e+00  NLL_R=-4.7910e+00  NLL_ω=1.2605e+01  MSE_R=3.9263e-03  MSE_ω=5.0393e-01
  sigma: σ_R=7.0990e-02  σ_ω=1.2512e-01  β=4.5000e-01
  PL   : train=-9.0933e-01  test=-9.1856e-01  σ_φ̄(train)=5.0964e-02  σ_φ̄(test)=4.7798e-02  σ_obs_ω=5.0000e-01  λ_PL=1.00
  KL   : M=2.035e+03  V=3.423e+02  Dw=2.011e+03  g=3.025e+03  sigma=3.401e+02  total=7.753e+03
  subnet MSE  M=9.673e-01  V=2.120e+01  Dw=4.683e-02  g=2.943e-01
[step    500]
  train: −ELBO=5.9387e+00  NLL=6.4747e+00  NLL_R=-4.8413e+00  NLL_ω=1.1316e+01  MSE_R=4.3399e-03  MSE_ω=4.8085e-01
  test : −ELBO=4.8331e+00  NLL=4.9978e+00  NLL_R=-4.9437e+00  NLL_ω=9.9415e+00  MSE_R=3.4115e-03  MSE_ω=4.3624e-01
  sigma: σ_R=6.7911e-02  σ_ω=1.2775e-01  β=5.0000e-01
  PL   : train=-9.1472e-01  test=-9.2219e-01  σ_φ̄(train)=4.3389e-02  σ_φ̄(test)=4.0215e-02  σ_obs_ω=5.0000e-01  λ_PL=1.00
  KL   : M=2.036e+03  V=3.434e+02  Dw=2.012e+03  g=3.026e+03  sigma=3.403e+02  total=7.757e+03
  subnet MSE  M=1.024e+00  V=1.983e+01  Dw=4.588e-02  g=2.914e-01
[step    550]
  train: −ELBO=4.1174e+00  NLL=4.6237e+00  NLL_R=-4.9685e+00  NLL_ω=9.5922e+00  MSE_R=4.0336e-03  MSE_ω=4.3993e-01
  test : −ELBO=3.4722e+00  NLL=3.6459e+00  NLL_R=-5.0665e+00  NLL_ω=8.7124e+00  MSE_R=3.2230e-03  MSE_ω=4.1030e-01
  sigma: σ_R=6.4918e-02  σ_ω=1.3034e-01  β=5.5000e-01
  PL   : train=-9.2317e-01  test=-9.3168e-01  σ_φ̄(train)=4.0532e-02  σ_φ̄(test)=3.7145e-02  σ_obs_ω=5.0000e-01  λ_PL=1.00
  KL   : M=2.037e+03  V=3.447e+02  Dw=2.013e+03  g=3.027e+03  sigma=3.405e+02  total=7.762e+03
  subnet MSE  M=1.045e+00  V=1.933e+01  Dw=4.370e-02  g=2.946e-01
[step    600]
  train: −ELBO=2.5108e+00  NLL=2.9841e+00  NLL_R=-5.1111e+00  NLL_ω=8.0952e+00  MSE_R=3.7708e-03  MSE_ω=4.0608e-01
  test : −ELBO=1.7371e+00  NLL=1.9163e+00  NLL_R=-5.2236e+00  NLL_ω=7.1400e+00  MSE_R=2.9319e-03  MSE_ω=3.7219e-01
  sigma: σ_R=6.1491e-02  σ_ω=1.3359e-01  β=6.0000e-01
  PL   : train=-9.2841e-01  test=-9.3782e-01  σ_φ̄(train)=3.2330e-02  σ_φ̄(test)=2.9645e-02  σ_obs_ω=5.0000e-01  λ_PL=1.00
  KL   : M=2.038e+03  V=3.464e+02  Dw=2.013e+03  g=3.028e+03  sigma=3.409e+02  total=7.767e+03
  subnet MSE  M=1.086e+00  V=1.853e+01  Dw=4.614e-02  g=2.985e-01
[step    650]
  train: −ELBO=1.2243e+00  NLL=1.6625e+00  NLL_R=-5.2472e+00  NLL_ω=6.9097e+00  MSE_R=3.5474e-03  MSE_ω=3.7879e-01
  test : −ELBO=2.1035e-01  NLL=3.8890e-01  NLL_R=-5.3797e+00  NLL_ω=5.7686e+00  MSE_R=2.6605e-03  MSE_ω=3.3633e-01
  sigma: σ_R=5.8318e-02  σ_ω=1.3680e-01  β=6.5000e-01
  PL   : train=-9.3152e-01  test=-9.3744e-01  σ_φ̄(train)=2.9369e-02  σ_φ̄(test)=2.7322e-02  σ_obs_ω=5.0000e-01  λ_PL=1.00
  KL   : M=2.039e+03  V=3.479e+02  Dw=2.014e+03  g=3.029e+03  sigma=3.409e+02  total=7.771e+03
  subnet MSE  M=1.122e+00  V=1.787e+01  Dw=4.174e-02  g=2.958e-01
[step    700]
  train: −ELBO=2.3295e-01  NLL=6.3824e-01  NLL_R=-5.3669e+00  NLL_ω=6.0051e+00  MSE_R=3.3948e-03  MSE_ω=3.5806e-01
  test : −ELBO=-8.1519e-01  NLL=-6.2878e-01  NLL_R=-5.5145e+00  NLL_ω=4.8857e+00  MSE_R=2.4936e-03  MSE_ω=3.1438e-01
  sigma: σ_R=5.5482e-02  σ_ω=1.3989e-01  β=7.0000e-01
  PL   : train=-9.3670e-01  test=-9.4557e-01  σ_φ̄(train)=2.5324e-02  σ_φ̄(test)=2.3383e-02  σ_obs_ω=5.0000e-01  λ_PL=1.00
  KL   : M=2.040e+03  V=3.494e+02  Dw=2.014e+03  g=3.029e+03  sigma=3.411e+02  total=7.774e+03
  subnet MSE  M=1.099e+00  V=1.749e+01  Dw=3.976e-02  g=2.961e-01
[step    750]
  train: −ELBO=-6.8973e-01  NLL=-3.2153e-01  NLL_R=-5.4730e+00  NLL_ω=5.1515e+00  MSE_R=3.1947e-03  MSE_ω=3.3363e-01
  test : −ELBO=-1.5589e+00  NLL=-1.3736e+00  NLL_R=-5.6214e+00  NLL_ω=4.2478e+00  MSE_R=2.3646e-03  MSE_ω=2.9734e-01
  sigma: σ_R=5.3396e-02  σ_ω=1.4224e-01  β=7.5000e-01
  PL   : train=-9.3772e-01  test=-9.4469e-01  σ_φ̄(train)=2.3420e-02  σ_φ̄(test)=2.1673e-02  σ_obs_ω=5.0000e-01  λ_PL=1.00
  KL   : M=2.041e+03  V=3.507e+02  Dw=2.014e+03  g=3.030e+03  sigma=3.411e+02  total=7.776e+03
  subnet MSE  M=1.111e+00  V=1.710e+01  Dw=4.066e-02  g=2.906e-01
[step    800]
  train: −ELBO=-1.7848e+00  NLL=-1.4512e+00  NLL_R=-5.6146e+00  NLL_ω=4.1633e+00  MSE_R=3.0145e-03  MSE_ω=3.0633e-01
  test : −ELBO=-2.6787e+00  NLL=-2.4901e+00  NLL_R=-5.7876e+00  NLL_ω=3.2974e+00  MSE_R=2.1507e-03  MSE_ω=2.6961e-01
  sigma: σ_R=5.0360e-02  σ_ω=1.4608e-01  β=8.0000e-01
  PL   : train=-9.4120e-01  test=-9.4822e-01  σ_φ̄(train)=1.9050e-02  σ_φ̄(test)=1.7311e-02  σ_obs_ω=5.0000e-01  λ_PL=1.00
  KL   : M=2.041e+03  V=3.525e+02  Dw=2.014e+03  g=3.030e+03  sigma=3.412e+02  total=7.778e+03
  subnet MSE  M=1.138e+00  V=1.627e+01  Dw=3.882e-02  g=2.895e-01
[step    850]
  train: −ELBO=-2.6599e+00  NLL=-2.3605e+00  NLL_R=-5.7403e+00  NLL_ω=3.3799e+00  MSE_R=2.8145e-03  MSE_ω=2.8160e-01
  test : −ELBO=-3.5336e+00  NLL=-3.3417e+00  NLL_R=-5.9253e+00  NLL_ω=2.5836e+00  MSE_R=1.9689e-03  MSE_ω=2.4631e-01
  sigma: σ_R=4.8046e-02  σ_ω=1.4912e-01  β=8.5000e-01
  PL   : train=-9.4529e-01  test=-9.5170e-01  σ_φ̄(train)=1.7044e-02  σ_φ̄(test)=1.5907e-02  σ_obs_ω=5.0000e-01  λ_PL=1.00
  KL   : M=2.042e+03  V=3.541e+02  Dw=2.013e+03  g=3.030e+03  sigma=3.412e+02  total=7.781e+03
  subnet MSE  M=1.154e+00  V=1.572e+01  Dw=3.791e-02  g=2.882e-01
[step    900]
  train: −ELBO=-3.4331e+00  NLL=-3.1686e+00  NLL_R=-5.8751e+00  NLL_ω=2.7065e+00  MSE_R=2.6454e-03  MSE_ω=2.6019e-01
  test : −ELBO=-4.3209e+00  NLL=-4.1256e+00  NLL_R=-6.0789e+00  NLL_ω=1.9534e+00  MSE_R=1.8095e-03  MSE_ω=2.2525e-01
  sigma: σ_R=4.5481e-02  σ_ω=1.5255e-01  β=9.0000e-01
  PL   : train=-9.4836e-01  test=-9.5531e-01  σ_φ̄(train)=1.4878e-02  σ_φ̄(test)=1.3447e-02  σ_obs_ω=5.0000e-01  λ_PL=1.00
  KL   : M=2.042e+03  V=3.557e+02  Dw=2.013e+03  g=3.030e+03  sigma=3.411e+02  total=7.782e+03
  subnet MSE  M=1.159e+00  V=1.526e+01  Dw=3.801e-02  g=2.874e-01
[step    950]
  train: −ELBO=-3.9589e+00  NLL=-3.7290e+00  NLL_R=-5.9833e+00  NLL_ω=2.2543e+00  MSE_R=2.5312e-03  MSE_ω=2.4557e-01
  test : −ELBO=-4.7644e+00  NLL=-4.5678e+00  NLL_R=-6.1975e+00  NLL_ω=1.6297e+00  MSE_R=1.7365e-03  MSE_ω=2.1556e-01
  sigma: σ_R=4.3395e-02  σ_ω=1.5544e-01  β=9.5000e-01
  PL   : train=-9.5182e-01  test=-9.5648e-01  σ_φ̄(train)=1.2850e-02  σ_φ̄(test)=1.1664e-02  σ_obs_ω=5.0000e-01  λ_PL=1.00
  KL   : M=2.042e+03  V=3.572e+02  Dw=2.011e+03  g=3.030e+03  sigma=3.411e+02  total=7.781e+03
  subnet MSE  M=1.193e+00  V=1.510e+01  Dw=3.504e-02  g=2.891e-01
[step   1000]
  train: −ELBO=-4.5873e+00  NLL=-4.3921e+00  NLL_R=-6.1181e+00  NLL_ω=1.7261e+00  MSE_R=2.3789e-03  MSE_ω=2.2684e-01
  test : −ELBO=-5.4886e+00  NLL=-5.2889e+00  NLL_R=-6.3629e+00  NLL_ω=1.0740e+00  MSE_R=1.5695e-03  MSE_ω=1.9405e-01
  sigma: σ_R=4.1000e-02  σ_ω=1.5902e-01  β=1.0000e+00
  PL   : train=-9.5497e-01  test=-9.5945e-01  σ_φ̄(train)=1.1520e-02  σ_φ̄(test)=1.0579e-02  σ_obs_ω=5.0000e-01  λ_PL=1.00
  KL   : M=2.041e+03  V=3.590e+02  Dw=2.009e+03  g=3.029e+03  sigma=3.409e+02  total=7.780e+03
  subnet MSE  M=1.237e+00  V=1.455e+01  Dw=3.571e-02  g=2.916e-01
[step   1050]
  train: −ELBO=-5.6470e+00  NLL=-5.4456e+00  NLL_R=-6.3395e+00  NLL_ω=8.9390e-01  MSE_R=2.1171e-03  MSE_ω=1.9269e-01
  test : −ELBO=-6.4234e+00  NLL=-6.2208e+00  NLL_R=-6.6153e+00  NLL_ω=3.9448e-01  MSE_R=1.3476e-03  MSE_ω=1.6563e-01
  sigma: σ_R=3.7531e-02  σ_ω=1.6485e-01  β=1.0000e+00
  PL   : train=-9.6049e-01  test=-9.6157e-01  σ_φ̄(train)=1.0942e-02  σ_φ̄(test)=9.9907e-03  σ_obs_ω=5.0000e-01  λ_PL=1.00
  KL   : M=2.039e+03  V=3.622e+02  Dw=2.004e+03  g=3.026e+03  sigma=3.404e+02  total=7.772e+03
  subnet MSE  M=1.316e+00  V=1.389e+01  Dw=3.418e-02  g=2.930e-01
[step   1100]
  train: −ELBO=-6.0781e+00  NLL=-5.8735e+00  NLL_R=-6.4553e+00  NLL_ω=5.8177e-01  MSE_R=2.0027e-03  MSE_ω=1.7914e-01
  test : −ELBO=-6.8061e+00  NLL=-6.5978e+00  NLL_R=-6.7472e+00  NLL_ω=1.4941e-01  MSE_R=1.2628e-03  MSE_ω=1.5482e-01
  sigma: σ_R=3.5701e-02  σ_ω=1.6786e-01  β=1.0000e+00
  PL   : train=-9.6295e-01  test=-9.6666e-01  σ_φ̄(train)=9.9703e-03  σ_φ̄(test)=8.9352e-03  σ_obs_ω=5.0000e-01  λ_PL=1.00
  KL   : M=2.037e+03  V=3.643e+02  Dw=2.000e+03  g=3.024e+03  sigma=3.401e+02  total=7.766e+03
  subnet MSE  M=1.311e+00  V=1.362e+01  Dw=3.279e-02  g=2.914e-01
[step   1150]
  train: −ELBO=-6.2110e+00  NLL=-6.0078e+00  NLL_R=-6.5027e+00  NLL_ω=4.9489e-01  MSE_R=2.0074e-03  MSE_ω=1.7644e-01
  test : −ELBO=-6.9553e+00  NLL=-6.7483e+00  NLL_R=-6.8253e+00  NLL_ω=7.6983e-02  MSE_R=1.2445e-03  MSE_ω=1.5233e-01
  sigma: σ_R=3.4438e-02  σ_ω=1.6993e-01  β=1.0000e+00
  PL   : train=-9.6107e-01  test=-9.6479e-01  σ_φ̄(train)=9.6426e-03  σ_φ̄(test)=8.6993e-03  σ_obs_ω=5.0000e-01  λ_PL=1.00
  KL   : M=2.036e+03  V=3.656e+02  Dw=1.997e+03  g=3.022e+03  sigma=3.399e+02  total=7.760e+03
  subnet MSE  M=1.307e+00  V=1.370e+01  Dw=3.140e-02  g=2.858e-01
[step   1200]
  train: −ELBO=-6.4535e+00  NLL=-6.2472e+00  NLL_R=-6.5831e+00  NLL_ω=3.3595e-01  MSE_R=1.9485e-03  MSE_ω=1.6960e-01
  test : −ELBO=-7.2356e+00  NLL=-7.0253e+00  NLL_R=-6.9379e+00  NLL_ω=-8.7406e-02  MSE_R=1.1804e-03  MSE_ω=1.4446e-01
  sigma: σ_R=3.2978e-02  σ_ω=1.7241e-01  β=1.0000e+00
  PL   : train=-9.6345e-01  test=-9.6735e-01  σ_φ̄(train)=8.9331e-03  σ_φ̄(test)=8.0538e-03  σ_obs_ω=5.0000e-01  λ_PL=1.00
  KL   : M=2.034e+03  V=3.672e+02  Dw=1.992e+03  g=3.020e+03  sigma=3.396e+02  total=7.752e+03
  subnet MSE  M=1.343e+00  V=1.356e+01  Dw=3.139e-02  g=2.911e-01
[step   1250]
  train: −ELBO=-6.9245e+00  NLL=-6.7150e+00  NLL_R=-6.7265e+00  NLL_ω=1.1521e-02  MSE_R=1.8077e-03  MSE_ω=1.5297e-01
  test : −ELBO=-7.5430e+00  NLL=-7.3349e+00  NLL_R=-7.0870e+00  NLL_ω=-2.4793e-01  MSE_R=1.1234e-03  MSE_ω=1.3690e-01
  sigma: σ_R=3.0928e-02  σ_ω=1.7624e-01  β=1.0000e+00
  PL   : train=-9.6514e-01  test=-9.6372e-01  σ_φ̄(train)=7.0220e-03  σ_φ̄(test)=6.2182e-03  σ_obs_ω=5.0000e-01  λ_PL=1.00
  KL   : M=2.029e+03  V=3.702e+02  Dw=1.984e+03  g=3.015e+03  sigma=3.390e+02  total=7.738e+03
  subnet MSE  M=1.379e+00  V=1.340e+01  Dw=3.174e-02  g=2.897e-01
[step   1300]
  train: −ELBO=-7.2066e+00  NLL=-6.9913e+00  NLL_R=-6.8238e+00  NLL_ω=-1.6752e-01  MSE_R=1.7306e-03  MSE_ω=1.4353e-01
  test : −ELBO=-7.7674e+00  NLL=-7.5505e+00  NLL_R=-7.2016e+00  NLL_ω=-3.4888e-01  MSE_R=1.0832e-03  MSE_ω=1.3189e-01
  sigma: σ_R=2.9358e-02  σ_ω=1.7936e-01  β=1.0000e+00
  PL   : train=-9.6924e-01  test=-9.7081e-01  σ_φ̄(train)=6.1682e-03  σ_φ̄(test)=5.4534e-03  σ_obs_ω=5.0000e-01  λ_PL=1.00
  KL   : M=2.024e+03  V=3.726e+02  Dw=1.975e+03  g=3.010e+03  sigma=3.382e+02  total=7.720e+03
  subnet MSE  M=1.394e+00  V=1.321e+01  Dw=3.052e-02  g=2.930e-01
[step   1350]
  train: −ELBO=-7.5657e+00  NLL=-7.3453e+00  NLL_R=-6.9579e+00  NLL_ω=-3.8732e-01  MSE_R=1.6339e-03  MSE_ω=1.3113e-01
  test : −ELBO=-8.1182e+00  NLL=-7.8972e+00  NLL_R=-7.3863e+00  NLL_ω=-5.1090e-01  MSE_R=1.0119e-03  MSE_ω=1.2274e-01
  sigma: σ_R=2.7013e-02  σ_ω=1.8449e-01  β=1.0000e+00
  PL   : train=-9.7040e-01  test=-9.7092e-01  σ_φ̄(train)=5.0859e-03  σ_φ̄(test)=4.4225e-03  σ_obs_ω=5.0000e-01  λ_PL=1.00
  KL   : M=2.012e+03  V=3.771e+02  Dw=1.957e+03  g=2.997e+03  sigma=3.364e+02  total=7.680e+03
  subnet MSE  M=1.468e+00  V=1.311e+01  Dw=3.118e-02  g=2.913e-01
[step   1400]
  train: −ELBO=-7.8012e+00  NLL=-7.5741e+00  NLL_R=-7.0496e+00  NLL_ω=-5.2449e-01  MSE_R=1.5666e-03  MSE_ω=1.2247e-01
  test : −ELBO=-8.3424e+00  NLL=-8.1147e+00  NLL_R=-7.5166e+00  NLL_ω=-5.9817e-01  MSE_R=9.6914e-04  MSE_ω=1.1727e-01
  sigma: σ_R=2.5334e-02  σ_ω=1.8799e-01  β=1.0000e+00
  PL   : train=-9.7231e-01  test=-9.7274e-01  σ_φ̄(train)=4.0750e-03  σ_φ̄(test)=3.5890e-03  σ_obs_ω=5.0000e-01  λ_PL=1.00
  KL   : M=1.997e+03  V=3.808e+02  Dw=1.936e+03  g=2.982e+03  sigma=3.343e+02  total=7.631e+03
  subnet MSE  M=1.508e+00  V=1.291e+01  Dw=3.060e-02  g=2.919e-01
[step   1450]
  train: −ELBO=-7.9241e+00  NLL=-7.6934e+00  NLL_R=-7.0986e+00  NLL_ω=-5.9482e-01  MSE_R=1.5326e-03  MSE_ω=1.1773e-01
  test : −ELBO=-8.4370e+00  NLL=-8.2066e+00  NLL_R=-7.5871e+00  NLL_ω=-6.1955e-01  MSE_R=9.6067e-04  MSE_ω=1.1595e-01
  sigma: σ_R=2.4218e-02  σ_ω=1.9004e-01  β=1.0000e+00
  PL   : train=-9.7093e-01  test=-9.7053e-01  σ_φ̄(train)=3.5590e-03  σ_φ̄(test)=3.0635e-03  σ_obs_ω=5.0000e-01  λ_PL=1.00
  KL   : M=1.982e+03  V=3.838e+02  Dw=1.916e+03  g=2.966e+03  sigma=3.321e+02  total=7.580e+03
  subnet MSE  M=1.541e+00  V=1.299e+01  Dw=3.159e-02  g=2.869e-01
[step   1500]
  train: −ELBO=-8.0705e+00  NLL=-7.8295e+00  NLL_R=-7.1541e+00  NLL_ω=-6.7535e-01  MSE_R=1.4862e-03  MSE_ω=1.1196e-01
  test : −ELBO=-8.5564e+00  NLL=-8.3163e+00  NLL_R=-7.6640e+00  NLL_ω=-6.5228e-01  MSE_R=9.4162e-04  MSE_ω=1.1365e-01
  sigma: σ_R=2.3131e-02  σ_ω=1.9151e-01  β=1.0000e+00
  PL   : train=-9.7357e-01  test=-9.7254e-01  σ_φ̄(train)=2.8526e-03  σ_φ̄(test)=2.4287e-03  σ_obs_ω=5.0000e-01  λ_PL=1.00
  KL   : M=1.958e+03  V=3.873e+02  Dw=1.887e+03  g=2.941e+03  sigma=3.285e+02  total=7.502e+03
  subnet MSE  M=1.590e+00  V=1.289e+01  Dw=3.239e-02  g=2.906e-01
[step   1550]
  train: −ELBO=-8.1107e+00  NLL=-7.8623e+00  NLL_R=-7.1715e+00  NLL_ω=-6.9073e-01  MSE_R=1.4722e-03  MSE_ω=1.1083e-01
  test : −ELBO=-8.6114e+00  NLL=-8.3644e+00  NLL_R=-7.6989e+00  NLL_ω=-6.6550e-01  MSE_R=9.3531e-04  MSE_ω=1.1268e-01
  sigma: σ_R=2.2576e-02  σ_ω=1.9172e-01  β=1.0000e+00
  PL   : train=-9.7409e-01  test=-9.7253e-01  σ_φ̄(train)=2.5217e-03  σ_φ̄(test)=2.1339e-03  σ_obs_ω=5.0000e-01  λ_PL=1.00
  KL   : M=1.937e+03  V=3.899e+02  Dw=1.862e+03  g=2.917e+03  sigma=3.250e+02  total=7.431e+03
  subnet MSE  M=1.611e+00  V=1.288e+01  Dw=3.317e-02  g=2.905e-01
[step   1600]
  train: −ELBO=-8.2171e+00  NLL=-7.9583e+00  NLL_R=-7.2063e+00  NLL_ω=-7.5198e-01  MSE_R=1.4391e-03  MSE_ω=1.0635e-01
  test : −ELBO=-8.6677e+00  NLL=-8.4110e+00  NLL_R=-7.7298e+00  NLL_ω=-6.8121e-01  MSE_R=9.2665e-04  MSE_ω=1.1152e-01
  sigma: σ_R=2.2132e-02  σ_ω=1.9101e-01  β=1.0000e+00
  PL   : train=-9.7493e-01  test=-9.7272e-01  σ_φ̄(train)=2.1182e-03  σ_φ̄(test)=1.8152e-03  σ_obs_ω=5.0000e-01  λ_PL=1.00
  KL   : M=1.907e+03  V=3.926e+02  Dw=1.830e+03  g=2.885e+03  sigma=3.198e+02  total=7.333e+03
  subnet MSE  M=1.642e+00  V=1.279e+01  Dw=3.361e-02  g=2.906e-01
[step   1650]
  train: −ELBO=-8.3100e+00  NLL=-8.0424e+00  NLL_R=-7.2405e+00  NLL_ω=-8.0186e-01  MSE_R=1.4067e-03  MSE_ω=1.0280e-01
  test : −ELBO=-8.6769e+00  NLL=-8.4121e+00  NLL_R=-7.7377e+00  NLL_ω=-6.7437e-01  MSE_R=9.3061e-04  MSE_ω=1.1197e-01
  sigma: σ_R=2.1883e-02  σ_ω=1.8967e-01  β=1.0000e+00
  PL   : train=-9.7580e-01  test=-9.7295e-01  σ_φ̄(train)=1.8925e-03  σ_φ̄(test)=1.6061e-03  σ_obs_ω=5.0000e-01  λ_PL=1.00
  KL   : M=1.881e+03  V=3.943e+02  Dw=1.804e+03  g=2.857e+03  sigma=3.153e+02  total=7.252e+03
  subnet MSE  M=1.629e+00  V=1.279e+01  Dw=3.315e-02  g=2.912e-01
[step   1700]
  train: −ELBO=-8.3175e+00  NLL=-8.0450e+00  NLL_R=-7.2348e+00  NLL_ω=-8.1018e-01  MSE_R=1.4124e-03  MSE_ω=1.0225e-01
  test : −ELBO=-8.6715e+00  NLL=-8.4026e+00  NLL_R=-7.7371e+00  NLL_ω=-6.6548e-01  MSE_R=9.3642e-04  MSE_ω=1.1255e-01
  sigma: σ_R=2.1767e-02  σ_ω=1.8865e-01  β=1.0000e+00
  PL   : train=-9.7515e-01  test=-9.7151e-01  σ_φ̄(train)=1.7338e-03  σ_φ̄(test)=1.4705e-03  σ_obs_ω=5.0000e-01  λ_PL=1.00
  KL   : M=1.864e+03  V=3.953e+02  Dw=1.786e+03  g=2.838e+03  sigma=3.121e+02  total=7.195e+03
  subnet MSE  M=1.671e+00  V=1.281e+01  Dw=3.412e-02  g=2.903e-01
[step   1750]
  train: −ELBO=-8.3682e+00  NLL=-8.0906e+00  NLL_R=-7.2587e+00  NLL_ω=-8.3194e-01  MSE_R=1.3899e-03  MSE_ω=1.0077e-01
  test : −ELBO=-8.6860e+00  NLL=-8.4115e+00  NLL_R=-7.7443e+00  NLL_ω=-6.6712e-01  MSE_R=9.3382e-04  MSE_ω=1.1236e-01
  sigma: σ_R=2.1673e-02  σ_ω=1.8755e-01  β=1.0000e+00
  PL   : train=-9.7469e-01  test=-9.7153e-01  σ_φ̄(train)=1.6171e-03  σ_φ̄(test)=1.3341e-03  σ_obs_ω=5.0000e-01  λ_PL=1.00
  KL   : M=1.846e+03  V=3.962e+02  Dw=1.769e+03  g=2.819e+03  sigma=3.087e+02  total=7.138e+03
  subnet MSE  M=1.662e+00  V=1.276e+01  Dw=3.426e-02  g=2.889e-01
[step   1800]
  train: −ELBO=-8.3866e+00  NLL=-8.1006e+00  NLL_R=-7.2598e+00  NLL_ω=-8.4071e-01  MSE_R=1.3890e-03  MSE_ω=1.0023e-01
  test : −ELBO=-8.6908e+00  NLL=-8.4078e+00  NLL_R=-7.7469e+00  NLL_ω=-6.6093e-01  MSE_R=9.3642e-04  MSE_ω=1.1264e-01
  sigma: σ_R=2.1557e-02  σ_ω=1.8577e-01  β=1.0000e+00
  PL   : train=-9.7496e-01  test=-9.7176e-01  σ_φ̄(train)=1.4495e-03  σ_φ̄(test)=1.1617e-03  σ_obs_ω=5.0000e-01  λ_PL=1.00
  KL   : M=1.819e+03  V=3.974e+02  Dw=1.744e+03  g=2.791e+03  sigma=3.034e+02  total=7.054e+03
  subnet MSE  M=1.679e+00  V=1.277e+01  Dw=3.461e-02  g=2.899e-01
[step   1850]
  train: −ELBO=-8.4400e+00  NLL=-8.1475e+00  NLL_R=-7.2752e+00  NLL_ω=-8.7227e-01  MSE_R=1.3749e-03  MSE_ω=9.8115e-02
  test : −ELBO=-8.7019e+00  NLL=-8.4132e+00  NLL_R=-7.7515e+00  NLL_ω=-6.6171e-01  MSE_R=9.3524e-04  MSE_ω=1.1246e-01
  sigma: σ_R=2.1482e-02  σ_ω=1.8461e-01  β=1.0000e+00
  PL   : train=-9.7571e-01  test=-9.7170e-01  σ_φ̄(train)=1.3461e-03  σ_φ̄(test)=1.0751e-03  σ_obs_ω=5.0000e-01  λ_PL=1.00
  KL   : M=1.800e+03  V=3.980e+02  Dw=1.728e+03  g=2.771e+03  sigma=2.996e+02  total=6.996e+03
  subnet MSE  M=1.695e+00  V=1.279e+01  Dw=3.480e-02  g=2.903e-01
[step   1900]
  train: −ELBO=-8.4984e+00  NLL=-8.1959e+00  NLL_R=-7.2967e+00  NLL_ω=-8.9914e-01  MSE_R=1.3552e-03  MSE_ω=9.6386e-02
  test : −ELBO=-8.6974e+00  NLL=-8.3992e+00  NLL_R=-7.7516e+00  NLL_ω=-6.4757e-01  MSE_R=9.4064e-04  MSE_ω=1.1317e-01
  sigma: σ_R=2.1349e-02  σ_ω=1.8266e-01  β=1.0000e+00
  PL   : train=-9.7618e-01  test=-9.7173e-01  σ_φ̄(train)=1.2341e-03  σ_φ̄(test)=9.4839e-04  σ_obs_ω=5.0000e-01  λ_PL=1.00
  KL   : M=1.768e+03  V=3.992e+02  Dw=1.700e+03  g=2.738e+03  sigma=2.928e+02  total=6.898e+03
  subnet MSE  M=1.693e+00  V=1.279e+01  Dw=3.473e-02  g=2.907e-01
[step   1950]
  train: −ELBO=-8.5003e+00  NLL=-8.1899e+00  NLL_R=-7.2947e+00  NLL_ω=-8.9526e-01  MSE_R=1.3571e-03  MSE_ω=9.6686e-02
  test : −ELBO=-8.6911e+00  NLL=-8.3851e+00  NLL_R=-7.7498e+00  NLL_ω=-6.3533e-01  MSE_R=9.4548e-04  MSE_ω=1.1375e-01
  sigma: σ_R=2.1269e-02  σ_ω=1.8122e-01  β=1.0000e+00
  PL   : train=-9.7655e-01  test=-9.7206e-01  σ_φ̄(train)=1.1351e-03  σ_φ̄(test)=8.8842e-04  σ_obs_ω=5.0000e-01  λ_PL=1.00
  KL   : M=1.742e+03  V=3.999e+02  Dw=1.680e+03  g=2.713e+03  sigma=2.873e+02  total=6.822e+03
  subnet MSE  M=1.701e+00  V=1.278e+01  Dw=3.494e-02  g=2.918e-01
[step   2000]
  train: −ELBO=-8.5369e+00  NLL=-8.2204e+00  NLL_R=-7.3080e+00  NLL_ω=-9.1239e-01  MSE_R=1.3451e-03  MSE_ω=9.5590e-02
  test : −ELBO=-8.6675e+00  NLL=-8.3565e+00  NLL_R=-7.7419e+00  NLL_ω=-6.1466e-01  MSE_R=9.5461e-04  MSE_ω=1.1490e-01
  sigma: σ_R=2.1215e-02  σ_ω=1.8011e-01  β=1.0000e+00
  PL   : train=-9.7627e-01  test=-9.7061e-01  σ_φ̄(train)=1.0863e-03  σ_φ̄(test)=8.2855e-04  σ_obs_ω=5.0000e-01  λ_PL=1.00
  KL   : M=1.720e+03  V=4.004e+02  Dw=1.661e+03  g=2.691e+03  sigma=2.822e+02  total=6.755e+03
  subnet MSE  M=1.683e+00  V=1.283e+01  Dw=3.482e-02  g=2.907e-01
[step   2050]
  train: −ELBO=-8.5799e+00  NLL=-8.2565e+00  NLL_R=-7.3201e+00  NLL_ω=-9.3641e-01  MSE_R=1.3343e-03  MSE_ω=9.4060e-02
  test : −ELBO=-8.6734e+00  NLL=-8.3553e+00  NLL_R=-7.7439e+00  NLL_ω=-6.1136e-01  MSE_R=9.5474e-04  MSE_ω=1.1494e-01
  sigma: σ_R=2.1161e-02  σ_ω=1.7922e-01  β=1.0000e+00
  PL   : train=-9.7758e-01  test=-9.7214e-01  σ_φ̄(train)=1.0022e-03  σ_φ̄(test)=7.5475e-04  σ_obs_ω=5.0000e-01  λ_PL=1.00
  KL   : M=1.701e+03  V=4.008e+02  Dw=1.647e+03  g=2.672e+03  sigma=2.778e+02  total=6.698e+03
  subnet MSE  M=1.704e+00  V=1.282e+01  Dw=3.546e-02  g=2.927e-01
[step   2100]
  train: −ELBO=-8.5942e+00  NLL=-8.2663e+00  NLL_R=-7.3192e+00  NLL_ω=-9.4708e-01  MSE_R=1.3351e-03  MSE_ω=9.3397e-02
  test : −ELBO=-8.6704e+00  NLL=-8.3481e+00  NLL_R=-7.7433e+00  NLL_ω=-6.0484e-01  MSE_R=9.5733e-04  MSE_ω=1.1518e-01
  sigma: σ_R=2.1105e-02  σ_ω=1.7841e-01  β=1.0000e+00
  PL   : train=-9.7698e-01  test=-9.7129e-01  σ_φ̄(train)=1.0160e-03  σ_φ̄(test)=7.2768e-04  σ_obs_ω=5.0000e-01  λ_PL=1.00
  KL   : M=1.683e+03  V=4.010e+02  Dw=1.634e+03  g=2.655e+03  sigma=2.736e+02  total=6.647e+03
  subnet MSE  M=1.724e+00  V=1.277e+01  Dw=3.563e-02  g=2.918e-01
[step   2150]
  train: −ELBO=-8.6407e+00  NLL=-8.3089e+00  NLL_R=-7.3422e+00  NLL_ω=-9.6671e-01  MSE_R=1.3147e-03  MSE_ω=9.2170e-02
  test : −ELBO=-8.6622e+00  NLL=-8.3362e+00  NLL_R=-7.7404e+00  NLL_ω=-5.9581e-01  MSE_R=9.6122e-04  MSE_ω=1.1560e-01
  sigma: σ_R=2.1068e-02  σ_ω=1.7773e-01  β=1.0000e+00
  PL   : train=-9.7622e-01  test=-9.7033e-01  σ_φ̄(train)=9.0470e-04  σ_φ̄(test)=6.9003e-04  σ_obs_ω=5.0000e-01  λ_PL=1.00
  KL   : M=1.667e+03  V=4.013e+02  Dw=1.621e+03  g=2.640e+03  sigma=2.697e+02  total=6.599e+03
  subnet MSE  M=1.735e+00  V=1.277e+01  Dw=3.555e-02  g=2.896e-01
[step   2200]
  train: −ELBO=-8.6389e+00  NLL=-8.3020e+00  NLL_R=-7.3340e+00  NLL_ω=-9.6796e-01  MSE_R=1.3220e-03  MSE_ω=9.2108e-02
  test : −ELBO=-8.6331e+00  NLL=-8.3023e+00  NLL_R=-7.7293e+00  NLL_ω=-5.7295e-01  MSE_R=9.7233e-04  MSE_ω=1.1688e-01
  sigma: σ_R=2.1030e-02  σ_ω=1.7709e-01  β=1.0000e+00
  PL   : train=-9.7691e-01  test=-9.7080e-01  σ_φ̄(train)=9.1717e-04  σ_φ̄(test)=6.6298e-04  σ_obs_ω=5.0000e-01  λ_PL=1.00
  KL   : M=1.652e+03  V=4.014e+02  Dw=1.610e+03  g=2.625e+03  sigma=2.660e+02  total=6.554e+03
  subnet MSE  M=1.740e+00  V=1.278e+01  Dw=3.527e-02  g=2.915e-01
[step   2250]
  train: −ELBO=-8.6619e+00  NLL=-8.3201e+00  NLL_R=-7.3430e+00  NLL_ω=-9.7711e-01  MSE_R=1.3141e-03  MSE_ω=9.1549e-02
  test : −ELBO=-8.6354e+00  NLL=-8.3000e+00  NLL_R=-7.7313e+00  NLL_ω=-5.6875e-01  MSE_R=9.7179e-04  MSE_ω=1.1699e-01
  sigma: σ_R=2.0997e-02  σ_ω=1.7650e-01  β=1.0000e+00
  PL   : train=-9.7724e-01  test=-9.7075e-01  σ_φ̄(train)=8.7805e-04  σ_φ̄(test)=6.2030e-04  σ_obs_ω=5.0000e-01  λ_PL=1.00
  KL   : M=1.636e+03  V=4.015e+02  Dw=1.598e+03  g=2.610e+03  sigma=2.620e+02  total=6.507e+03
  subnet MSE  M=1.701e+00  V=1.281e+01  Dw=3.542e-02  g=2.915e-01
[step   2300]
  train: −ELBO=-8.6890e+00  NLL=-8.3411e+00  NLL_R=-7.3544e+00  NLL_ω=-9.8676e-01  MSE_R=1.3041e-03  MSE_ω=9.0965e-02
  test : −ELBO=-8.6346e+00  NLL=-8.2932e+00  NLL_R=-7.7309e+00  NLL_ω=-5.6230e-01  MSE_R=9.7338e-04  MSE_ω=1.1718e-01
  sigma: σ_R=2.0958e-02  σ_ω=1.7575e-01  β=1.0000e+00
  PL   : train=-9.7741e-01  test=-9.7086e-01  σ_φ̄(train)=8.4208e-04  σ_φ̄(test)=5.7088e-04  σ_obs_ω=5.0000e-01  λ_PL=1.00
  KL   : M=1.615e+03  V=4.017e+02  Dw=1.583e+03  g=2.590e+03  sigma=2.568e+02  total=6.446e+03
  subnet MSE  M=1.728e+00  V=1.279e+01  Dw=3.560e-02  g=2.921e-01
[step   2350]
  train: −ELBO=-8.6713e+00  NLL=-8.3193e+00  NLL_R=-7.3383e+00  NLL_ω=-9.8103e-01  MSE_R=1.3182e-03  MSE_ω=9.1325e-02
  test : −ELBO=-8.6219e+00  NLL=-8.2766e+00  NLL_R=-7.7264e+00  NLL_ω=-5.5023e-01  MSE_R=9.7841e-04  MSE_ω=1.1779e-01
  sigma: σ_R=2.0925e-02  σ_ω=1.7528e-01  β=1.0000e+00
  PL   : train=-9.7723e-01  test=-9.7048e-01  σ_φ̄(train)=8.0079e-04  σ_φ̄(test)=5.7015e-04  σ_obs_ω=5.0000e-01  λ_PL=1.00
  KL   : M=1.600e+03  V=4.017e+02  Dw=1.572e+03  g=2.576e+03  sigma=2.529e+02  total=6.403e+03
  subnet MSE  M=1.731e+00  V=1.279e+01  Dw=3.633e-02  g=2.918e-01
[step   2400]
  train: −ELBO=-8.6770e+00  NLL=-8.3210e+00  NLL_R=-7.3404e+00  NLL_ω=-9.8053e-01  MSE_R=1.3163e-03  MSE_ω=9.1359e-02
  test : −ELBO=-8.6308e+00  NLL=-8.2819e+00  NLL_R=-7.7298e+00  NLL_ω=-5.5210e-01  MSE_R=9.7609e-04  MSE_ω=1.1757e-01
  sigma: σ_R=2.0903e-02  σ_ω=1.7490e-01  β=1.0000e+00
  PL   : train=-9.7729e-01  test=-9.7009e-01  σ_φ̄(train)=7.9221e-04  σ_φ̄(test)=5.4695e-04  σ_obs_ω=5.0000e-01  λ_PL=1.00
  KL   : M=1.586e+03  V=4.018e+02  Dw=1.562e+03  g=2.563e+03  sigma=2.493e+02  total=6.362e+03
  subnet MSE  M=1.728e+00  V=1.281e+01  Dw=3.636e-02  g=2.917e-01
[step   2450]
  train: −ELBO=-8.6966e+00  NLL=-8.3342e+00  NLL_R=-7.3459e+00  NLL_ω=-9.8823e-01  MSE_R=1.3115e-03  MSE_ω=9.0891e-02
  test : −ELBO=-8.6081e+00  NLL=-8.2525e+00  NLL_R=-7.7217e+00  NLL_ω=-5.3085e-01  MSE_R=9.8498e-04  MSE_ω=1.1869e-01
  sigma: σ_R=2.0846e-02  σ_ω=1.7432e-01  β=1.0000e+00
  PL   : train=-9.7837e-01  test=-9.7147e-01  σ_φ̄(train)=7.4892e-04  σ_φ̄(test)=5.0927e-04  σ_obs_ω=5.0000e-01  λ_PL=1.00
  KL   : M=1.566e+03  V=4.018e+02  Dw=1.549e+03  g=2.546e+03  sigma=2.443e+02  total=6.307e+03
  subnet MSE  M=1.743e+00  V=1.282e+01  Dw=3.514e-02  g=2.937e-01
[step   2500]
  train: −ELBO=-8.7272e+00  NLL=-8.3612e+00  NLL_R=-7.3603e+00  NLL_ω=-1.0009e+00  MSE_R=1.2991e-03  MSE_ω=9.0124e-02
  test : −ELBO=-8.6171e+00  NLL=-8.2581e+00  NLL_R=-7.7248e+00  NLL_ω=-5.3332e-01  MSE_R=9.8267e-04  MSE_ω=1.1843e-01
  sigma: σ_R=2.0833e-02  σ_ω=1.7399e-01  β=1.0000e+00
  PL   : train=-9.7834e-01  test=-9.7127e-01  σ_φ̄(train)=7.2544e-04  σ_φ̄(test)=4.8648e-04  σ_obs_ω=5.0000e-01  λ_PL=1.00
  KL   : M=1.553e+03  V=4.018e+02  Dw=1.539e+03  g=2.534e+03  sigma=2.408e+02  total=6.270e+03
  subnet MSE  M=1.747e+00  V=1.285e+01  Dw=3.567e-02  g=2.934e-01
[step   2550]
  train: −ELBO=-8.7341e+00  NLL=-8.3653e+00  NLL_R=-7.3586e+00  NLL_ω=-1.0067e+00  MSE_R=1.3005e-03  MSE_ω=8.9775e-02
  test : −ELBO=-8.5892e+00  NLL=-8.2282e+00  NLL_R=-7.7151e+00  NLL_ω=-5.1313e-01  MSE_R=9.9233e-04  MSE_ω=1.1951e-01
  sigma: σ_R=2.0791e-02  σ_ω=1.7356e-01  β=1.0000e+00
  PL   : train=-9.7709e-01  test=-9.6925e-01  σ_φ̄(train)=7.1808e-04  σ_φ̄(test)=4.7450e-04  σ_obs_ω=5.0000e-01  λ_PL=1.00
  KL   : M=1.539e+03  V=4.017e+02  Dw=1.530e+03  g=2.522e+03  sigma=2.370e+02  total=6.229e+03
  subnet MSE  M=1.754e+00  V=1.270e+01  Dw=3.692e-02  g=2.913e-01
[step   2600]
  train: −ELBO=-8.7685e+00  NLL=-8.3956e+00  NLL_R=-7.3718e+00  NLL_ω=-1.0237e+00  MSE_R=1.2891e-03  MSE_ω=8.8756e-02
  test : −ELBO=-8.5892e+00  NLL=-8.2242e+00  NLL_R=-7.7151e+00  NLL_ω=-5.0908e-01  MSE_R=9.9259e-04  MSE_ω=1.1965e-01
  sigma: σ_R=2.0782e-02  σ_ω=1.7324e-01  β=1.0000e+00
  PL   : train=-9.7761e-01  test=-9.6963e-01  σ_φ̄(train)=7.0506e-04  σ_φ̄(test)=4.6421e-04  σ_obs_ω=5.0000e-01  λ_PL=1.00
  KL   : M=1.526e+03  V=4.016e+02  Dw=1.521e+03  g=2.510e+03  sigma=2.335e+02  total=6.192e+03
  subnet MSE  M=1.748e+00  V=1.275e+01  Dw=3.568e-02  g=2.913e-01
[step   2650]
  train: −ELBO=-8.7734e+00  NLL=-8.3965e+00  NLL_R=-7.3688e+00  NLL_ω=-1.0277e+00  MSE_R=1.2917e-03  MSE_ω=8.8525e-02
  test : −ELBO=-8.5608e+00  NLL=-8.1923e+00  NLL_R=-7.7052e+00  NLL_ω=-4.8714e-01  MSE_R=1.0022e-03  MSE_ω=1.2082e-01
  sigma: σ_R=2.0747e-02  σ_ω=1.7284e-01  β=1.0000e+00
  PL   : train=-9.7740e-01  test=-9.6889e-01  σ_φ̄(train)=6.6846e-04  σ_φ̄(test)=4.2949e-04  σ_obs_ω=5.0000e-01  λ_PL=1.00
  KL   : M=1.511e+03  V=4.015e+02  Dw=1.510e+03  g=2.497e+03  sigma=2.294e+02  total=6.149e+03
  subnet MSE  M=1.726e+00  V=1.272e+01  Dw=3.620e-02  g=2.908e-01
[step   2700]
  train: −ELBO=-8.8010e+00  NLL=-8.4177e+00  NLL_R=-7.3834e+00  NLL_ω=-1.0343e+00  MSE_R=1.2792e-03  MSE_ω=8.8138e-02
  test : −ELBO=-8.5800e+00  NLL=-8.2048e+00  NLL_R=-7.7113e+00  NLL_ω=-4.9347e-01  MSE_R=9.9834e-04  MSE_ω=1.2026e-01
  sigma: σ_R=2.0695e-02  σ_ω=1.7234e-01  β=1.0000e+00
  PL   : train=-9.7867e-01  test=-9.7036e-01  σ_φ̄(train)=6.5251e-04  σ_φ̄(test)=4.1483e-04  σ_obs_ω=5.0000e-01  λ_PL=1.00
  KL   : M=1.493e+03  V=4.013e+02  Dw=1.498e+03  g=2.480e+03  sigma=2.242e+02  total=6.097e+03
  subnet MSE  M=1.748e+00  V=1.275e+01  Dw=3.663e-02  g=2.934e-01
[step   2750]
  train: −ELBO=-8.8134e+00  NLL=-8.4255e+00  NLL_R=-7.3827e+00  NLL_ω=-1.0427e+00  MSE_R=1.2798e-03  MSE_ω=8.7643e-02
  test : −ELBO=-8.5593e+00  NLL=-8.1803e+00  NLL_R=-7.7045e+00  NLL_ω=-4.7585e-01  MSE_R=1.0047e-03  MSE_ω=1.2114e-01
  sigma: σ_R=2.0675e-02  σ_ω=1.7189e-01  β=1.0000e+00
  PL   : train=-9.7858e-01  test=-9.6958e-01  σ_φ̄(train)=6.2716e-04  σ_φ̄(test)=3.9379e-04  σ_obs_ω=5.0000e-01  λ_PL=1.00
  KL   : M=1.476e+03  V=4.012e+02  Dw=1.487e+03  g=2.464e+03  sigma=2.194e+02  total=6.048e+03
  subnet MSE  M=1.758e+00  V=1.279e+01  Dw=3.698e-02  g=2.929e-01
[step   2800]
  train: −ELBO=-8.8229e+00  NLL=-8.4324e+00  NLL_R=-7.3875e+00  NLL_ω=-1.0449e+00  MSE_R=1.2756e-03  MSE_ω=8.7519e-02
  test : −ELBO=-8.5616e+00  NLL=-8.1799e+00  NLL_R=-7.7046e+00  NLL_ω=-4.7528e-01  MSE_R=1.0048e-03  MSE_ω=1.2108e-01
  sigma: σ_R=2.0666e-02  σ_ω=1.7165e-01  β=1.0000e+00
  PL   : train=-9.7736e-01  test=-9.6855e-01  σ_φ̄(train)=6.0704e-04  σ_φ̄(test)=3.7167e-04  σ_obs_ω=5.0000e-01  λ_PL=1.00
  KL   : M=1.463e+03  V=4.011e+02  Dw=1.478e+03  g=2.452e+03  sigma=2.156e+02  total=6.010e+03
  subnet MSE  M=1.766e+00  V=1.274e+01  Dw=3.671e-02  g=2.905e-01
[step   2850]
  train: −ELBO=-8.8219e+00  NLL=-8.4268e+00  NLL_R=-7.3871e+00  NLL_ω=-1.0397e+00  MSE_R=1.2761e-03  MSE_ω=8.7825e-02
  test : −ELBO=-8.5511e+00  NLL=-8.1647e+00  NLL_R=-7.7012e+00  NLL_ω=-4.6356e-01  MSE_R=1.0088e-03  MSE_ω=1.2164e-01
  sigma: σ_R=2.0628e-02  σ_ω=1.7130e-01  β=1.0000e+00
  PL   : train=-9.7767e-01  test=-9.6885e-01  σ_φ̄(train)=5.5513e-04  σ_φ̄(test)=3.4366e-04  σ_obs_ω=5.0000e-01  λ_PL=1.00
  KL   : M=1.448e+03  V=4.008e+02  Dw=1.468e+03  g=2.438e+03  sigma=2.112e+02  total=5.965e+03
  subnet MSE  M=1.764e+00  V=1.279e+01  Dw=3.642e-02  g=2.914e-01
[step   2900]
  train: −ELBO=-8.8418e+00  NLL=-8.4428e+00  NLL_R=-7.3940e+00  NLL_ω=-1.0488e+00  MSE_R=1.2702e-03  MSE_ω=8.7292e-02
  test : −ELBO=-8.5556e+00  NLL=-8.1654e+00  NLL_R=-7.7026e+00  NLL_ω=-4.6281e-01  MSE_R=1.0082e-03  MSE_ω=1.2157e-01
  sigma: σ_R=2.0602e-02  σ_ω=1.7103e-01  β=1.0000e+00
  PL   : train=-9.7802e-01  test=-9.6922e-01  σ_φ̄(train)=5.7934e-04  σ_φ̄(test)=3.2808e-04  σ_obs_ω=5.0000e-01  λ_PL=1.00
  KL   : M=1.435e+03  V=4.006e+02  Dw=1.460e+03  g=2.427e+03  sigma=2.077e+02  total=5.930e+03
  subnet MSE  M=1.766e+00  V=1.277e+01  Dw=3.666e-02  g=2.921e-01
[step   2950]
  train: −ELBO=-8.8700e+00  NLL=-8.4678e+00  NLL_R=-7.4034e+00  NLL_ω=-1.0644e+00  MSE_R=1.2622e-03  MSE_ω=8.6386e-02
  test : −ELBO=-8.5200e+00  NLL=-8.1268e+00  NLL_R=-7.6896e+00  NLL_ω=-4.3711e-01  MSE_R=1.0193e-03  MSE_ω=1.2300e-01
  sigma: σ_R=2.0598e-02  σ_ω=1.7083e-01  β=1.0000e+00
  PL   : train=-9.7825e-01  test=-9.6923e-01  σ_φ̄(train)=5.5304e-04  σ_φ̄(test)=3.0273e-04  σ_obs_ω=5.0000e-01  λ_PL=1.00
  KL   : M=1.424e+03  V=4.004e+02  Dw=1.453e+03  g=2.417e+03  sigma=2.044e+02  total=5.898e+03
  subnet MSE  M=1.728e+00  V=1.273e+01  Dw=3.707e-02  g=2.927e-01
[step   3000]
  train: −ELBO=-8.8511e+00  NLL=-8.4465e+00  NLL_R=-7.3908e+00  NLL_ω=-1.0556e+00  MSE_R=1.2729e-03  MSE_ω=8.6897e-02
  test : −ELBO=-8.5166e+00  NLL=-8.1211e+00  NLL_R=-7.6875e+00  NLL_ω=-4.3360e-01  MSE_R=1.0214e-03  MSE_ω=1.2312e-01
  sigma: σ_R=2.0588e-02  σ_ω=1.7064e-01  β=1.0000e+00
  PL   : train=-9.7766e-01  test=-9.6841e-01  σ_φ̄(train)=5.2553e-04  σ_φ̄(test)=2.9594e-04  σ_obs_ω=5.0000e-01  λ_PL=1.00
  KL   : M=1.413e+03  V=4.003e+02  Dw=1.446e+03  g=2.407e+03  sigma=2.011e+02  total=5.867e+03
  subnet MSE  M=1.749e+00  V=1.279e+01  Dw=3.739e-02  g=2.914e-01
[step   3050]
  train: −ELBO=-8.8647e+00  NLL=-8.4562e+00  NLL_R=-7.4002e+00  NLL_ω=-1.0560e+00  MSE_R=1.2649e-03  MSE_ω=8.6875e-02
  test : −ELBO=-8.5262e+00  NLL=-8.1271e+00  NLL_R=-7.6911e+00  NLL_ω=-4.3609e-01  MSE_R=1.0187e-03  MSE_ω=1.2290e-01
  sigma: σ_R=2.0574e-02  σ_ω=1.7045e-01  β=1.0000e+00
  PL   : train=-9.7835e-01  test=-9.6894e-01  σ_φ̄(train)=5.3531e-04  σ_φ̄(test)=2.8930e-04  σ_obs_ω=5.0000e-01  λ_PL=1.00
  KL   : M=1.402e+03  V=4.001e+02  Dw=1.439e+03  g=2.397e+03  sigma=1.978e+02  total=5.836e+03
  subnet MSE  M=1.768e+00  V=1.268e+01  Dw=3.715e-02  g=2.928e-01
[step   3100]
  train: −ELBO=-8.8643e+00  NLL=-8.4512e+00  NLL_R=-7.4004e+00  NLL_ω=-1.0508e+00  MSE_R=1.2648e-03  MSE_ω=8.7179e-02
  test : −ELBO=-8.5280e+00  NLL=-8.1241e+00  NLL_R=-7.6882e+00  NLL_ω=-4.3592e-01  MSE_R=1.0213e-03  MSE_ω=1.2284e-01
  sigma: σ_R=2.0568e-02  σ_ω=1.7030e-01  β=1.0000e+00
  PL   : train=-9.7837e-01  test=-9.6896e-01  σ_φ̄(train)=5.2342e-04  σ_φ̄(test)=2.6479e-04  σ_obs_ω=5.0000e-01  λ_PL=1.00
  KL   : M=1.385e+03  V=3.998e+02  Dw=1.428e+03  g=2.382e+03  sigma=1.928e+02  total=5.788e+03
  subnet MSE  M=1.770e+00  V=1.269e+01  Dw=3.746e-02  g=2.929e-01
[step   3150]
  train: −ELBO=-8.8723e+00  NLL=-8.4548e+00  NLL_R=-7.3969e+00  NLL_ω=-1.0579e+00  MSE_R=1.2677e-03  MSE_ω=8.6766e-02
  test : −ELBO=-8.5224e+00  NLL=-8.1139e+00  NLL_R=-7.6874e+00  NLL_ω=-4.2649e-01  MSE_R=1.0225e-03  MSE_ω=1.2333e-01
  sigma: σ_R=2.0546e-02  σ_ω=1.7017e-01  β=1.0000e+00
  PL   : train=-9.7821e-01  test=-9.6909e-01  σ_φ̄(train)=5.1005e-04  σ_φ̄(test)=2.5105e-04  σ_obs_ω=5.0000e-01  λ_PL=1.00
  KL   : M=1.369e+03  V=3.993e+02  Dw=1.418e+03  g=2.367e+03  sigma=1.880e+02  total=5.742e+03
  subnet MSE  M=1.780e+00  V=1.275e+01  Dw=3.679e-02  g=2.928e-01
[step   3200]
  train: −ELBO=-8.8666e+00  NLL=-8.4452e+00  NLL_R=-7.3986e+00  NLL_ω=-1.0466e+00  MSE_R=1.2663e-03  MSE_ω=8.7419e-02
  test : −ELBO=-8.5123e+00  NLL=-8.1003e+00  NLL_R=-7.6816e+00  NLL_ω=-4.1862e-01  MSE_R=1.0272e-03  MSE_ω=1.2380e-01
  sigma: σ_R=2.0553e-02  σ_ω=1.7018e-01  β=1.0000e+00
  PL   : train=-9.7874e-01  test=-9.6931e-01  σ_φ̄(train)=4.5281e-04  σ_φ̄(test)=2.2864e-04  σ_obs_ω=5.0000e-01  λ_PL=1.00
  KL   : M=1.358e+03  V=3.990e+02  Dw=1.411e+03  g=2.356e+03  sigma=1.845e+02  total=5.708e+03
  subnet MSE  M=1.764e+00  V=1.281e+01  Dw=3.696e-02  g=2.942e-01
[step   3250]
  train: −ELBO=-8.8689e+00  NLL=-8.4438e+00  NLL_R=-7.3947e+00  NLL_ω=-1.0491e+00  MSE_R=1.2696e-03  MSE_ω=8.7272e-02
  test : −ELBO=-8.4833e+00  NLL=-8.0678e+00  NLL_R=-7.6716e+00  NLL_ω=-3.9622e-01  MSE_R=1.0365e-03  MSE_ω=1.2499e-01
  sigma: σ_R=2.0513e-02  σ_ω=1.6995e-01  β=1.0000e+00
  PL   : train=-9.7816e-01  test=-9.6850e-01  σ_φ̄(train)=4.6201e-04  σ_φ̄(test)=2.1819e-04  σ_obs_ω=5.0000e-01  λ_PL=1.00
  KL   : M=1.343e+03  V=3.986e+02  Dw=1.401e+03  g=2.341e+03  sigma=1.799e+02  total=5.664e+03
  subnet MSE  M=1.761e+00  V=1.277e+01  Dw=3.749e-02  g=2.933e-01
[step   3300]
  train: −ELBO=-8.8900e+00  NLL=-8.4619e+00  NLL_R=-7.4058e+00  NLL_ω=-1.0560e+00  MSE_R=1.2602e-03  MSE_ω=8.6874e-02
  test : −ELBO=-8.4868e+00  NLL=-8.0687e+00  NLL_R=-7.6715e+00  NLL_ω=-3.9722e-01  MSE_R=1.0357e-03  MSE_ω=1.2497e-01
  sigma: σ_R=2.0553e-02  σ_ω=1.7003e-01  β=1.0000e+00
  PL   : train=-9.7788e-01  test=-9.6783e-01  σ_φ̄(train)=4.0891e-04  σ_φ̄(test)=2.1109e-04  σ_obs_ω=5.0000e-01  λ_PL=1.00
  KL   : M=1.331e+03  V=3.983e+02  Dw=1.394e+03  g=2.331e+03  sigma=1.763e+02  total=5.630e+03
  subnet MSE  M=1.755e+00  V=1.280e+01  Dw=3.719e-02  g=2.921e-01
[step   3350]
  train: −ELBO=-8.8839e+00  NLL=-8.4516e+00  NLL_R=-7.3955e+00  NLL_ω=-1.0561e+00  MSE_R=1.2689e-03  MSE_ω=8.6869e-02
  test : −ELBO=-8.5104e+00  NLL=-8.0880e+00  NLL_R=-7.6783e+00  NLL_ω=-4.0969e-01  MSE_R=1.0302e-03  MSE_ω=1.2425e-01
  sigma: σ_R=2.0544e-02  σ_ω=1.7005e-01  β=1.0000e+00
  PL   : train=-9.7930e-01  test=-9.6928e-01  σ_φ̄(train)=4.7405e-04  σ_φ̄(test)=2.0699e-04  σ_obs_ω=5.0000e-01  λ_PL=1.00
  KL   : M=1.321e+03  V=3.981e+02  Dw=1.388e+03  g=2.321e+03  sigma=1.731e+02  total=5.601e+03
  subnet MSE  M=1.773e+00  V=1.273e+01  Dw=3.699e-02  g=2.943e-01
[step   3400]
  train: −ELBO=-8.8965e+00  NLL=-8.4615e+00  NLL_R=-7.4011e+00  NLL_ω=-1.0604e+00  MSE_R=1.2642e-03  MSE_ω=8.6623e-02
  test : −ELBO=-8.4981e+00  NLL=-8.0730e+00  NLL_R=-7.6734e+00  NLL_ω=-3.9967e-01  MSE_R=1.0351e-03  MSE_ω=1.2475e-01
  sigma: σ_R=2.0509e-02  σ_ω=1.6986e-01  β=1.0000e+00
  PL   : train=-9.7831e-01  test=-9.6827e-01  σ_φ̄(train)=4.6161e-04  σ_φ̄(test)=1.9240e-04  σ_obs_ω=5.0000e-01  λ_PL=1.00
  KL   : M=1.308e+03  V=3.976e+02  Dw=1.380e+03  g=2.309e+03  sigma=1.691e+02  total=5.564e+03
  subnet MSE  M=1.783e+00  V=1.271e+01  Dw=3.721e-02  g=2.924e-01
[step   3450]
  train: −ELBO=-8.9223e+00  NLL=-8.4835e+00  NLL_R=-7.4144e+00  NLL_ω=-1.0691e+00  MSE_R=1.2530e-03  MSE_ω=8.6117e-02
  test : −ELBO=-8.4950e+00  NLL=-8.0660e+00  NLL_R=-7.6707e+00  NLL_ω=-3.9529e-01  MSE_R=1.0369e-03  MSE_ω=1.2507e-01
  sigma: σ_R=2.0531e-02  σ_ω=1.7000e-01  β=1.0000e+00
  PL   : train=-9.7893e-01  test=-9.6894e-01  σ_φ̄(train)=4.4211e-04  σ_φ̄(test)=1.8534e-04  σ_obs_ω=5.0000e-01  λ_PL=1.00
  KL   : M=1.297e+03  V=3.972e+02  Dw=1.373e+03  g=2.298e+03  sigma=1.656e+02  total=5.531e+03
  subnet MSE  M=1.774e+00  V=1.277e+01  Dw=3.709e-02  g=2.939e-01
[step   3500]
  train: −ELBO=-8.9164e+00  NLL=-8.4738e+00  NLL_R=-7.4092e+00  NLL_ω=-1.0646e+00  MSE_R=1.2574e-03  MSE_ω=8.6378e-02
  test : −ELBO=-8.4965e+00  NLL=-8.0637e+00  NLL_R=-7.6704e+00  NLL_ω=-3.9328e-01  MSE_R=1.0376e-03  MSE_ω=1.2512e-01
  sigma: σ_R=2.0511e-02  σ_ω=1.6986e-01  β=1.0000e+00
  PL   : train=-9.7885e-01  test=-9.6897e-01  σ_φ̄(train)=4.5336e-04  σ_φ̄(test)=1.7248e-04  σ_obs_ω=5.0000e-01  λ_PL=1.00
  KL   : M=1.284e+03  V=3.967e+02  Dw=1.365e+03  g=2.285e+03  sigma=1.612e+02  total=5.491e+03
  subnet MSE  M=1.774e+00  V=1.277e+01  Dw=3.753e-02  g=2.939e-01
[step   3550]
  train: −ELBO=-8.9273e+00  NLL=-8.4805e+00  NLL_R=-7.4099e+00  NLL_ω=-1.0706e+00  MSE_R=1.2568e-03  MSE_ω=8.6036e-02
  test : −ELBO=-8.5070e+00  NLL=-8.0712e+00  NLL_R=-7.6755e+00  NLL_ω=-3.9561e-01  MSE_R=1.0343e-03  MSE_ω=1.2478e-01
  sigma: σ_R=2.0463e-02  σ_ω=1.6942e-01  β=1.0000e+00
  PL   : train=-9.7905e-01  test=-9.6798e-01  σ_φ̄(train)=3.9025e-04  σ_φ̄(test)=1.5228e-04  σ_obs_ω=5.0000e-01  λ_PL=1.00
  KL   : M=1.270e+03  V=3.961e+02  Dw=1.356e+03  g=2.271e+03  sigma=1.570e+02  total=5.451e+03
  subnet MSE  M=1.780e+00  V=1.276e+01  Dw=3.702e-02  g=2.943e-01
[step   3600]
  train: −ELBO=-8.9666e+00  NLL=-8.5154e+00  NLL_R=-7.4242e+00  NLL_ω=-1.0912e+00  MSE_R=1.2449e-03  MSE_ω=8.4853e-02
  test : −ELBO=-8.4763e+00  NLL=-8.0358e+00  NLL_R=-7.6636e+00  NLL_ω=-3.7217e-01  MSE_R=1.0446e-03  MSE_ω=1.2602e-01
  sigma: σ_R=2.0451e-02  σ_ω=1.6920e-01  β=1.0000e+00
  PL   : train=-9.7944e-01  test=-9.6869e-01  σ_φ̄(train)=3.4798e-04  σ_φ̄(test)=1.3154e-04  σ_obs_ω=5.0000e-01  λ_PL=1.00
  KL   : M=1.256e+03  V=3.957e+02  Dw=1.347e+03  g=2.257e+03  sigma=1.526e+02  total=5.410e+03
  subnet MSE  M=1.784e+00  V=1.270e+01  Dw=3.684e-02  g=2.951e-01
[step   3650]
  train: −ELBO=-8.9609e+00  NLL=-8.5070e+00  NLL_R=-7.4143e+00  NLL_ω=-1.0927e+00  MSE_R=1.2531e-03  MSE_ω=8.4775e-02
  test : −ELBO=-8.4944e+00  NLL=-8.0509e+00  NLL_R=-7.6705e+00  NLL_ω=-3.8041e-01  MSE_R=1.0396e-03  MSE_ω=1.2537e-01
  sigma: σ_R=2.0413e-02  σ_ω=1.6882e-01  β=1.0000e+00
  PL   : train=-9.7832e-01  test=-9.6788e-01  σ_φ̄(train)=3.1194e-04  σ_φ̄(test)=1.1659e-04  σ_obs_ω=5.0000e-01  λ_PL=1.00
  KL   : M=1.243e+03  V=3.952e+02  Dw=1.339e+03  g=2.244e+03  sigma=1.483e+02  total=5.370e+03
  subnet MSE  M=1.774e+00  V=1.271e+01  Dw=3.805e-02  g=2.927e-01
[step   3700]
  train: −ELBO=-8.9734e+00  NLL=-8.5170e+00  NLL_R=-7.4199e+00  NLL_ω=-1.0971e+00  MSE_R=1.2485e-03  MSE_ω=8.4523e-02
  test : −ELBO=-8.4926e+00  NLL=-8.0468e+00  NLL_R=-7.6689e+00  NLL_ω=-3.7791e-01  MSE_R=1.0406e-03  MSE_ω=1.2547e-01
  sigma: σ_R=2.0426e-02  σ_ω=1.6872e-01  β=1.0000e+00
  PL   : train=-9.7811e-01  test=-9.6741e-01  σ_φ̄(train)=3.3414e-04  σ_φ̄(test)=1.1666e-04  σ_obs_ω=5.0000e-01  λ_PL=1.00
  KL   : M=1.234e+03  V=3.949e+02  Dw=1.334e+03  g=2.234e+03  sigma=1.451e+02  total=5.342e+03
  subnet MSE  M=1.789e+00  V=1.266e+01  Dw=3.750e-02  g=2.917e-01
[step   3750]
  train: −ELBO=-8.9446e+00  NLL=-8.4851e+00  NLL_R=-7.4099e+00  NLL_ω=-1.0751e+00  MSE_R=1.2567e-03  MSE_ω=8.5775e-02
  test : −ELBO=-8.4593e+00  NLL=-8.0096e+00  NLL_R=-7.6569e+00  NLL_ω=-3.5274e-01  MSE_R=1.0510e-03  MSE_ω=1.2680e-01
  sigma: σ_R=2.0409e-02  σ_ω=1.6852e-01  β=1.0000e+00
  PL   : train=-9.7789e-01  test=-9.6795e-01  σ_φ̄(train)=3.7435e-04  σ_φ̄(test)=1.0149e-04  σ_obs_ω=5.0000e-01  λ_PL=1.00
  KL   : M=1.223e+03  V=3.944e+02  Dw=1.326e+03  g=2.223e+03  sigma=1.419e+02  total=5.308e+03
  subnet MSE  M=1.774e+00  V=1.277e+01  Dw=3.686e-02  g=2.933e-01
[step   3800]
  train: −ELBO=-8.9804e+00  NLL=-8.5167e+00  NLL_R=-7.4207e+00  NLL_ω=-1.0960e+00  MSE_R=1.2478e-03  MSE_ω=8.4588e-02
  test : −ELBO=-8.4830e+00  NLL=-8.0302e+00  NLL_R=-7.6654e+00  NLL_ω=-3.6480e-01  MSE_R=1.0444e-03  MSE_ω=1.2603e-01
  sigma: σ_R=2.0385e-02  σ_ω=1.6834e-01  β=1.0000e+00
  PL   : train=-9.7909e-01  test=-9.6817e-01  σ_φ̄(train)=3.1520e-04  σ_φ̄(test)=9.6623e-05  σ_obs_ω=5.0000e-01  λ_PL=1.00
  KL   : M=1.212e+03  V=3.939e+02  Dw=1.320e+03  g=2.213e+03  sigma=1.386e+02  total=5.278e+03
  subnet MSE  M=1.787e+00  V=1.272e+01  Dw=3.717e-02  g=2.930e-01
[step   3850]
  train: −ELBO=-8.9742e+00  NLL=-8.5062e+00  NLL_R=-7.4200e+00  NLL_ω=-1.0862e+00  MSE_R=1.2483e-03  MSE_ω=8.5144e-02
  test : −ELBO=-8.4571e+00  NLL=-8.0017e+00  NLL_R=-7.6561e+00  NLL_ω=-3.4569e-01  MSE_R=1.0530e-03  MSE_ω=1.2691e-01
  sigma: σ_R=2.0342e-02  σ_ω=1.6794e-01  β=1.0000e+00
  PL   : train=-9.7898e-01  test=-9.6634e-01  σ_φ̄(train)=2.7827e-04  σ_φ̄(test)=8.3859e-05  σ_obs_ω=5.0000e-01  λ_PL=1.00
  KL   : M=1.198e+03  V=3.932e+02  Dw=1.311e+03  g=2.197e+03  sigma=1.338e+02  total=5.233e+03
  subnet MSE  M=1.787e+00  V=1.269e+01  Dw=3.605e-02  g=2.937e-01
[step   3900]
  train: −ELBO=-9.0120e+00  NLL=-8.5402e+00  NLL_R=-7.4314e+00  NLL_ω=-1.1088e+00  MSE_R=1.2389e-03  MSE_ω=8.3872e-02
  test : −ELBO=-8.4799e+00  NLL=-8.0189e+00  NLL_R=-7.6631e+00  NLL_ω=-3.5583e-01  MSE_R=1.0468e-03  MSE_ω=1.2630e-01
  sigma: σ_R=2.0362e-02  σ_ω=1.6787e-01  β=1.0000e+00
  PL   : train=-9.8001e-01  test=-9.6920e-01  σ_φ̄(train)=2.5230e-04  σ_φ̄(test)=8.0054e-05  σ_obs_ω=5.0000e-01  λ_PL=1.00
  KL   : M=1.188e+03  V=3.929e+02  Dw=1.305e+03  g=2.187e+03  sigma=1.305e+02  total=5.204e+03
  subnet MSE  M=1.770e+00  V=1.262e+01  Dw=3.715e-02  g=2.951e-01
[step   3950]
  train: −ELBO=-9.0132e+00  NLL=-8.5384e+00  NLL_R=-7.4323e+00  NLL_ω=-1.1061e+00  MSE_R=1.2382e-03  MSE_ω=8.4020e-02
  test : −ELBO=-8.4294e+00  NLL=-7.9656e+00  NLL_R=-7.6456e+00  NLL_ω=-3.1997e-01  MSE_R=1.0619e-03  MSE_ω=1.2814e-01
  sigma: σ_R=2.0326e-02  σ_ω=1.6751e-01  β=1.0000e+00
  PL   : train=-9.7888e-01  test=-9.6787e-01  σ_φ̄(train)=2.7967e-04  σ_φ̄(test)=7.2805e-05  σ_obs_ω=5.0000e-01  λ_PL=1.00
  KL   : M=1.175e+03  V=3.921e+02  Dw=1.297e+03  g=2.172e+03  sigma=1.260e+02  total=5.162e+03
  subnet MSE  M=1.781e+00  V=1.278e+01  Dw=3.633e-02  g=2.934e-01
[step   4000]
  train: −ELBO=-9.0089e+00  NLL=-8.5307e+00  NLL_R=-7.4271e+00  NLL_ω=-1.1036e+00  MSE_R=1.2425e-03  MSE_ω=8.4164e-02
  test : −ELBO=-8.4478e+00  NLL=-7.9805e+00  NLL_R=-7.6514e+00  NLL_ω=-3.2916e-01  MSE_R=1.0572e-03  MSE_ω=1.2757e-01
  sigma: σ_R=2.0322e-02  σ_ω=1.6740e-01  β=1.0000e+00
  PL   : train=-9.7943e-01  test=-9.6839e-01  σ_φ̄(train)=2.4074e-04  σ_φ̄(test)=6.7490e-05  σ_obs_ω=5.0000e-01  λ_PL=1.00
  KL   : M=1.165e+03  V=3.916e+02  Dw=1.291e+03  g=2.161e+03  sigma=1.228e+02  total=5.132e+03
  subnet MSE  M=1.783e+00  V=1.272e+01  Dw=3.774e-02  g=2.945e-01
[step   4050]
  train: −ELBO=-8.9953e+00  NLL=-8.5127e+00  NLL_R=-7.4218e+00  NLL_ω=-1.0909e+00  MSE_R=1.2468e-03  MSE_ω=8.4874e-02
  test : −ELBO=-8.4396e+00  NLL=-7.9687e+00  NLL_R=-7.6477e+00  NLL_ω=-3.2104e-01  MSE_R=1.0605e-03  MSE_ω=1.2797e-01
  sigma: σ_R=2.0307e-02  σ_ω=1.6730e-01  β=1.0000e+00
  PL   : train=-9.7947e-01  test=-9.6776e-01  σ_φ̄(train)=2.4529e-04  σ_φ̄(test)=5.9519e-05  σ_obs_ω=5.0000e-01  λ_PL=1.00
  KL   : M=1.151e+03  V=3.910e+02  Dw=1.283e+03  g=2.146e+03  sigma=1.183e+02  total=5.089e+03
  subnet MSE  M=1.791e+00  V=1.278e+01  Dw=3.793e-02  g=2.946e-01
[step   4100]
  train: −ELBO=-9.0267e+00  NLL=-8.5408e+00  NLL_R=-7.4283e+00  NLL_ω=-1.1125e+00  MSE_R=1.2415e-03  MSE_ω=8.3664e-02
  test : −ELBO=-8.4405e+00  NLL=-7.9659e+00  NLL_R=-7.6477e+00  NLL_ω=-3.1821e-01  MSE_R=1.0606e-03  MSE_ω=1.2807e-01
  sigma: σ_R=2.0299e-02  σ_ω=1.6719e-01  β=1.0000e+00
  PL   : train=-9.7940e-01  test=-9.6814e-01  σ_φ̄(train)=2.1690e-04  σ_φ̄(test)=5.0287e-05  σ_obs_ω=5.0000e-01  λ_PL=1.00
  KL   : M=1.140e+03  V=3.903e+02  Dw=1.276e+03  g=2.133e+03  sigma=1.147e+02  total=5.054e+03
  subnet MSE  M=1.787e+00  V=1.279e+01  Dw=3.716e-02  g=2.940e-01
[step   4150]
  train: −ELBO=-9.0546e+00  NLL=-8.5646e+00  NLL_R=-7.4445e+00  NLL_ω=-1.1201e+00  MSE_R=1.2281e-03  MSE_ω=8.3240e-02
  test : −ELBO=-8.4067e+00  NLL=-7.9281e+00  NLL_R=-7.6356e+00  NLL_ω=-2.9250e-01  MSE_R=1.0708e-03  MSE_ω=1.2935e-01
  sigma: σ_R=2.0283e-02  σ_ω=1.6690e-01  β=1.0000e+00
  PL   : train=-9.7994e-01  test=-9.6841e-01  σ_φ̄(train)=2.2809e-04  σ_φ̄(test)=4.6955e-05  σ_obs_ω=5.0000e-01  λ_PL=1.00
  KL   : M=1.128e+03  V=3.897e+02  Dw=1.269e+03  g=2.120e+03  sigma=1.107e+02  total=5.017e+03
  subnet MSE  M=1.777e+00  V=1.279e+01  Dw=3.675e-02  g=2.950e-01
[step   4200]
  train: −ELBO=-9.0278e+00  NLL=-8.5354e+00  NLL_R=-7.4274e+00  NLL_ω=-1.1080e+00  MSE_R=1.2422e-03  MSE_ω=8.3915e-02
  test : −ELBO=-8.4037e+00  NLL=-7.9234e+00  NLL_R=-7.6328e+00  NLL_ω=-2.9065e-01  MSE_R=1.0726e-03  MSE_ω=1.2954e-01
  sigma: σ_R=2.0321e-02  σ_ω=1.6706e-01  β=1.0000e+00
  PL   : train=-9.7922e-01  test=-9.6705e-01  σ_φ̄(train)=2.2133e-04  σ_φ̄(test)=4.2801e-05  σ_obs_ω=5.0000e-01  λ_PL=1.00
  KL   : M=1.117e+03  V=3.891e+02  Dw=1.263e+03  g=2.109e+03  sigma=1.074e+02  total=4.985e+03
  subnet MSE  M=1.780e+00  V=1.276e+01  Dw=3.745e-02  g=2.931e-01
[step   4250]
  train: −ELBO=-9.0580e+00  NLL=-8.5619e+00  NLL_R=-7.4407e+00  NLL_ω=-1.1212e+00  MSE_R=1.2312e-03  MSE_ω=8.3183e-02
  test : −ELBO=-8.3964e+00  NLL=-7.9123e+00  NLL_R=-7.6301e+00  NLL_ω=-2.8222e-01  MSE_R=1.0757e-03  MSE_ω=1.2985e-01
  sigma: σ_R=2.0261e-02  σ_ω=1.6678e-01  β=1.0000e+00
  PL   : train=-9.7920e-01  test=-9.6711e-01  σ_φ̄(train)=1.9073e-04  σ_φ̄(test)=3.5052e-05  σ_obs_ω=5.0000e-01  λ_PL=1.00
  KL   : M=1.105e+03  V=3.883e+02  Dw=1.256e+03  g=2.094e+03  sigma=1.034e+02  total=4.946e+03
  subnet MSE  M=1.780e+00  V=1.276e+01  Dw=3.719e-02  g=2.930e-01
[step   4300]
  train: −ELBO=-9.0661e+00  NLL=-8.5663e+00  NLL_R=-7.4410e+00  NLL_ω=-1.1253e+00  MSE_R=1.2310e-03  MSE_ω=8.2954e-02
  test : −ELBO=-8.3982e+00  NLL=-7.9101e+00  NLL_R=-7.6296e+00  NLL_ω=-2.8056e-01  MSE_R=1.0759e-03  MSE_ω=1.2993e-01
  sigma: σ_R=2.0277e-02  σ_ω=1.6676e-01  β=1.0000e+00
  PL   : train=-9.7966e-01  test=-9.6781e-01  σ_φ̄(train)=1.5469e-04  σ_φ̄(test)=3.2723e-05  σ_obs_ω=5.0000e-01  λ_PL=1.00
  KL   : M=1.094e+03  V=3.876e+02  Dw=1.249e+03  g=2.082e+03  sigma=9.973e+01  total=4.913e+03
  subnet MSE  M=1.758e+00  V=1.271e+01  Dw=3.700e-02  g=2.941e-01
[step   4350]
  train: −ELBO=-9.0627e+00  NLL=-8.5601e+00  NLL_R=-7.4396e+00  NLL_ω=-1.1204e+00  MSE_R=1.2321e-03  MSE_ω=8.3224e-02
  test : −ELBO=-8.3842e+00  NLL=-7.8936e+00  NLL_R=-7.6247e+00  NLL_ω=-2.6889e-01  MSE_R=1.0801e-03  MSE_ω=1.3049e-01
  sigma: σ_R=2.0264e-02  σ_ω=1.6659e-01  β=1.0000e+00
  PL   : train=-9.7953e-01  test=-9.6749e-01  σ_φ̄(train)=2.4047e-04  σ_φ̄(test)=2.8467e-05  σ_obs_ω=5.0000e-01  λ_PL=1.00
  KL   : M=1.085e+03  V=3.870e+02  Dw=1.244e+03  g=2.071e+03  sigma=9.681e+01  total=4.883e+03
  subnet MSE  M=1.784e+00  V=1.271e+01  Dw=3.752e-02  g=2.939e-01
[step   4400]
  train: −ELBO=-9.0923e+00  NLL=-8.5862e+00  NLL_R=-7.4487e+00  NLL_ω=-1.1375e+00  MSE_R=1.2247e-03  MSE_ω=8.2279e-02
  test : −ELBO=-8.4059e+00  NLL=-7.9119e+00  NLL_R=-7.6319e+00  NLL_ω=-2.8005e-01  MSE_R=1.0748e-03  MSE_ω=1.2975e-01
  sigma: σ_R=2.0231e-02  σ_ω=1.6638e-01  β=1.0000e+00
  PL   : train=-9.7990e-01  test=-9.6761e-01  σ_φ̄(train)=1.8303e-04  σ_φ̄(test)=2.7897e-05  σ_obs_ω=5.0000e-01  λ_PL=1.00
  KL   : M=1.075e+03  V=3.862e+02  Dw=1.237e+03  g=2.059e+03  sigma=9.336e+01  total=4.852e+03
  subnet MSE  M=1.782e+00  V=1.278e+01  Dw=3.745e-02  g=2.939e-01
[step   4450]
  train: −ELBO=-9.0870e+00  NLL=-8.5752e+00  NLL_R=-7.4450e+00  NLL_ω=-1.1303e+00  MSE_R=1.2277e-03  MSE_ω=8.2680e-02
  test : −ELBO=-8.3774e+00  NLL=-7.8776e+00  NLL_R=-7.6208e+00  NLL_ω=-2.5680e-01  MSE_R=1.0842e-03  MSE_ω=1.3086e-01
  sigma: σ_R=2.0209e-02  σ_ω=1.6607e-01  β=1.0000e+00
  PL   : train=-9.7989e-01  test=-9.6785e-01  σ_φ̄(train)=1.7640e-04  σ_φ̄(test)=2.3287e-05  σ_obs_ω=5.0000e-01  λ_PL=1.00
  KL   : M=1.057e+03  V=3.848e+02  Dw=1.227e+03  g=2.038e+03  sigma=8.734e+01  total=4.794e+03
  subnet MSE  M=1.780e+00  V=1.270e+01  Dw=3.653e-02  g=2.947e-01
[step   4500]
  train: −ELBO=-9.1012e+00  NLL=-8.5864e+00  NLL_R=-7.4486e+00  NLL_ω=-1.1378e+00  MSE_R=1.2248e-03  MSE_ω=8.2263e-02
  test : −ELBO=-8.3829e+00  NLL=-7.8802e+00  NLL_R=-7.6220e+00  NLL_ω=-2.5826e-01  MSE_R=1.0830e-03  MSE_ω=1.3074e-01
  sigma: σ_R=2.0223e-02  σ_ω=1.6602e-01  β=1.0000e+00
  PL   : train=-9.7963e-01  test=-9.6737e-01  σ_φ̄(train)=1.1056e-04  σ_φ̄(test)=1.7714e-05  σ_obs_ω=5.0000e-01  λ_PL=1.00
  KL   : M=1.046e+03  V=3.839e+02  Dw=1.220e+03  g=2.025e+03  sigma=8.417e+01  total=4.760e+03
  subnet MSE  M=1.789e+00  V=1.274e+01  Dw=3.738e-02  g=2.944e-01
[step   4550]
  train: −ELBO=-9.1024e+00  NLL=-8.5830e+00  NLL_R=-7.4436e+00  NLL_ω=-1.1394e+00  MSE_R=1.2288e-03  MSE_ω=8.2180e-02
  test : −ELBO=-8.3671e+00  NLL=-7.8602e+00  NLL_R=-7.6167e+00  NLL_ω=-2.4350e-01  MSE_R=1.0877e-03  MSE_ω=1.3130e-01
  sigma: σ_R=2.0191e-02  σ_ω=1.6558e-01  β=1.0000e+00
  PL   : train=-9.7988e-01  test=-9.6732e-01  σ_φ̄(train)=1.5125e-04  σ_φ̄(test)=1.4151e-05  σ_obs_ω=5.0000e-01  λ_PL=1.00
  KL   : M=1.033e+03  V=3.824e+02  Dw=1.211e+03  g=2.008e+03  sigma=8.028e+01  total=4.715e+03
  subnet MSE  M=1.783e+00  V=1.276e+01  Dw=3.724e-02  g=2.942e-01
[step   4600]
  train: −ELBO=-9.0994e+00  NLL=-8.5778e+00  NLL_R=-7.4424e+00  NLL_ω=-1.1353e+00  MSE_R=1.2298e-03  MSE_ω=8.2403e-02
  test : −ELBO=-8.3180e+00  NLL=-7.8094e+00  NLL_R=-7.5994e+00  NLL_ω=-2.1006e-01  MSE_R=1.1021e-03  MSE_ω=1.3312e-01
  sigma: σ_R=2.0168e-02  σ_ω=1.6555e-01  β=1.0000e+00
  PL   : train=-9.7880e-01  test=-9.6560e-01  σ_φ̄(train)=5.3779e-05  σ_φ̄(test)=6.1614e-06  σ_obs_ω=5.0000e-01  λ_PL=1.00
  KL   : M=1.022e+03  V=3.813e+02  Dw=1.204e+03  g=1.995e+03  sigma=7.860e+01  total=4.681e+03
  subnet MSE  M=1.755e+00  V=1.273e+01  Dw=3.713e-02  g=2.924e-01
[step   4650]
  train: −ELBO=-9.1205e+00  NLL=-8.5947e+00  NLL_R=-7.4562e+00  NLL_ω=-1.1385e+00  MSE_R=1.2186e-03  MSE_ω=8.2226e-02
  test : −ELBO=-8.3355e+00  NLL=-7.8225e+00  NLL_R=-7.6044e+00  NLL_ω=-2.1810e-01  MSE_R=1.0982e-03  MSE_ω=1.3256e-01
  sigma: σ_R=2.0148e-02  σ_ω=1.6537e-01  β=1.0000e+00
  PL   : train=-9.8010e-01  test=-9.6722e-01  σ_φ̄(train)=4.8293e-05  σ_φ̄(test)=5.9473e-06  σ_obs_ω=5.0000e-01  λ_PL=1.00
  KL   : M=1.013e+03  V=3.803e+02  Dw=1.199e+03  g=1.983e+03  sigma=7.652e+01  total=4.652e+03
  subnet MSE  M=1.782e+00  V=1.277e+01  Dw=3.764e-02  g=2.948e-01
[step   4700]
  train: −ELBO=-9.1318e+00  NLL=-8.6036e+00  NLL_R=-7.4552e+00  NLL_ω=-1.1483e+00  MSE_R=1.2194e-03  MSE_ω=8.1691e-02
  test : −ELBO=-8.3238e+00  NLL=-7.8087e+00  NLL_R=-7.6005e+00  NLL_ω=-2.0825e-01  MSE_R=1.1014e-03  MSE_ω=1.3298e-01
  sigma: σ_R=2.0154e-02  σ_ω=1.6518e-01  β=1.0000e+00
  PL   : train=-9.7927e-01  test=-9.6609e-01  σ_φ̄(train)=6.0001e-05  σ_φ̄(test)=6.0842e-06  σ_obs_ω=5.0000e-01  λ_PL=1.00
  KL   : M=1.003e+03  V=3.792e+02  Dw=1.193e+03  g=1.970e+03  sigma=7.393e+01  total=4.619e+03
  subnet MSE  M=1.787e+00  V=1.279e+01  Dw=3.752e-02  g=2.933e-01
[step   4750]
  train: −ELBO=-9.1512e+00  NLL=-8.6183e+00  NLL_R=-7.4642e+00  NLL_ω=-1.1541e+00  MSE_R=1.2121e-03  MSE_ω=8.1376e-02
  test : −ELBO=-8.3313e+00  NLL=-7.8113e+00  NLL_R=-7.6042e+00  NLL_ω=-2.0701e-01  MSE_R=1.0989e-03  MSE_ω=1.3276e-01
  sigma: σ_R=2.0103e-02  σ_ω=1.6470e-01  β=1.0000e+00
  PL   : train=-9.7999e-01  test=-9.6709e-01  σ_φ̄(train)=8.5828e-05  σ_φ̄(test)=5.7682e-06  σ_obs_ω=5.0000e-01  λ_PL=1.00
  KL   : M=9.913e+02  V=3.777e+02  Dw=1.186e+03  g=1.953e+03  sigma=7.095e+01  total=4.578e+03
  subnet MSE  M=1.780e+00  V=1.271e+01  Dw=3.724e-02  g=2.948e-01
[step   4800]
  train: −ELBO=-9.1375e+00  NLL=-8.6011e+00  NLL_R=-7.4554e+00  NLL_ω=-1.1457e+00  MSE_R=1.2192e-03  MSE_ω=8.1832e-02
  test : −ELBO=-8.2961e+00  NLL=-7.7730e+00  NLL_R=-7.5915e+00  NLL_ω=-1.8145e-01  MSE_R=1.1092e-03  MSE_ω=1.3402e-01
  sigma: σ_R=2.0099e-02  σ_ω=1.6451e-01  β=1.0000e+00
  PL   : train=-9.7969e-01  test=-9.6637e-01  σ_φ̄(train)=4.9702e-05  σ_φ̄(test)=4.4464e-06  σ_obs_ω=5.0000e-01  λ_PL=1.00
  KL   : M=9.794e+02  V=3.763e+02  Dw=1.179e+03  g=1.937e+03  sigma=6.860e+01  total=4.540e+03
  subnet MSE  M=1.782e+00  V=1.271e+01  Dw=3.761e-02  g=2.942e-01
[step   4850]
  train: −ELBO=-9.1514e+00  NLL=-8.6126e+00  NLL_R=-7.4612e+00  NLL_ω=-1.1513e+00  MSE_R=1.2145e-03  MSE_ω=8.1526e-02
  test : −ELBO=-8.3086e+00  NLL=-7.7829e+00  NLL_R=-7.5956e+00  NLL_ω=-1.8731e-01  MSE_R=1.1061e-03  MSE_ω=1.3365e-01
  sigma: σ_R=2.0086e-02  σ_ω=1.6442e-01  β=1.0000e+00
  PL   : train=-9.7991e-01  test=-9.6666e-01  σ_φ̄(train)=5.6336e-05  σ_φ̄(test)=4.1933e-06  σ_obs_ω=5.0000e-01  λ_PL=1.00
  KL   : M=9.726e+02  V=3.755e+02  Dw=1.174e+03  g=1.927e+03  sigma=6.714e+01  total=4.516e+03
  subnet MSE  M=1.780e+00  V=1.270e+01  Dw=3.723e-02  g=2.950e-01
[step   4900]
  train: −ELBO=-9.1556e+00  NLL=-8.6138e+00  NLL_R=-7.4616e+00  NLL_ω=-1.1522e+00  MSE_R=1.2142e-03  MSE_ω=8.1480e-02
  test : −ELBO=-8.3005e+00  NLL=-7.7715e+00  NLL_R=-7.5916e+00  NLL_ω=-1.7988e-01  MSE_R=1.1093e-03  MSE_ω=1.3400e-01
  sigma: σ_R=2.0084e-02  σ_ω=1.6434e-01  β=1.0000e+00
  PL   : train=-9.7994e-01  test=-9.6708e-01  σ_φ̄(train)=5.8670e-05  σ_φ̄(test)=4.3750e-06  σ_obs_ω=5.0000e-01  λ_PL=1.00
  KL   : M=9.638e+02  V=3.744e+02  Dw=1.168e+03  g=1.915e+03  sigma=6.497e+01  total=4.486e+03
  subnet MSE  M=1.775e+00  V=1.277e+01  Dw=3.713e-02  g=2.951e-01
[step   4950]
  train: −ELBO=-9.1745e+00  NLL=-8.6293e+00  NLL_R=-7.4695e+00  NLL_ω=-1.1598e+00  MSE_R=1.2079e-03  MSE_ω=8.1066e-02
  test : −ELBO=-8.2970e+00  NLL=-7.7652e+00  NLL_R=-7.5899e+00  NLL_ω=-1.7525e-01  MSE_R=1.1107e-03  MSE_ω=1.3427e-01
  sigma: σ_R=2.0087e-02  σ_ω=1.6438e-01  β=1.0000e+00
  PL   : train=-9.8094e-01  test=-9.6758e-01  σ_φ̄(train)=5.4580e-05  σ_φ̄(test)=4.3254e-06  σ_obs_ω=5.0000e-01  λ_PL=1.00
  KL   : M=9.568e+02  V=3.734e+02  Dw=1.164e+03  g=1.905e+03  sigma=6.334e+01  total=4.462e+03
  subnet MSE  M=1.775e+00  V=1.278e+01  Dw=3.677e-02  g=2.961e-01
[step   5000]
  train: −ELBO=-9.1833e+00  NLL=-8.6367e+00  NLL_R=-7.4681e+00  NLL_ω=-1.1686e+00  MSE_R=1.2090e-03  MSE_ω=8.0592e-02
  test : −ELBO=-8.2482e+00  NLL=-7.7158e+00  NLL_R=-7.5728e+00  NLL_ω=-1.4296e-01  MSE_R=1.1246e-03  MSE_ω=1.3589e-01
  sigma: σ_R=2.0066e-02  σ_ω=1.6419e-01  β=1.0000e+00
  PL   : train=-9.8006e-01  test=-9.6583e-01  σ_φ̄(train)=6.9414e-05  σ_φ̄(test)=3.9104e-06  σ_obs_ω=5.0000e-01  λ_PL=1.00
  KL   : M=9.500e+02  V=3.725e+02  Dw=1.159e+03  g=1.895e+03  sigma=6.183e+01  total=4.438e+03
  subnet MSE  M=1.775e+00  V=1.273e+01  Dw=3.723e-02  g=2.941e-01
[step   5050]
  train: −ELBO=-9.1764e+00  NLL=-8.6271e+00  NLL_R=-7.4666e+00  NLL_ω=-1.1604e+00  MSE_R=1.2102e-03  MSE_ω=8.1033e-02
  test : −ELBO=-8.3246e+00  NLL=-7.7887e+00  NLL_R=-7.5980e+00  NLL_ω=-1.9067e-01  MSE_R=1.1042e-03  MSE_ω=1.3328e-01
  sigma: σ_R=2.0076e-02  σ_ω=1.6412e-01  β=1.0000e+00
  PL   : train=-9.8030e-01  test=-9.6688e-01  σ_φ̄(train)=6.4067e-05  σ_φ̄(test)=3.8942e-06  σ_obs_ω=5.0000e-01  λ_PL=1.00
  KL   : M=9.425e+02  V=3.714e+02  Dw=1.155e+03  g=1.884e+03  sigma=6.011e+01  total=4.413e+03
  subnet MSE  M=1.788e+00  V=1.274e+01  Dw=3.812e-02  g=2.953e-01
[step   5100]
  train: −ELBO=-9.1889e+00  NLL=-8.6384e+00  NLL_R=-7.4745e+00  NLL_ω=-1.1640e+00  MSE_R=1.2038e-03  MSE_ω=8.0844e-02
  test : −ELBO=-8.2496e+00  NLL=-7.7130e+00  NLL_R=-7.5731e+00  NLL_ω=-1.3993e-01  MSE_R=1.1245e-03  MSE_ω=1.3599e-01
  sigma: σ_R=2.0059e-02  σ_ω=1.6410e-01  β=1.0000e+00
  PL   : train=-9.7989e-01  test=-9.6605e-01  σ_φ̄(train)=6.9426e-05  σ_φ̄(test)=3.6908e-06  σ_obs_ω=5.0000e-01  λ_PL=1.00
  KL   : M=9.382e+02  V=3.707e+02  Dw=1.152e+03  g=1.878e+03  sigma=5.909e+01  total=4.398e+03
  subnet MSE  M=1.774e+00  V=1.270e+01  Dw=3.723e-02  g=2.945e-01
[step   5150]
  train: −ELBO=-9.1783e+00  NLL=-8.6255e+00  NLL_R=-7.4684e+00  NLL_ω=-1.1572e+00  MSE_R=1.2088e-03  MSE_ω=8.1207e-02
  test : −ELBO=-8.2847e+00  NLL=-7.7452e+00  NLL_R=-7.5842e+00  NLL_ω=-1.6095e-01  MSE_R=1.1155e-03  MSE_ω=1.3469e-01
  sigma: σ_R=2.0062e-02  σ_ω=1.6384e-01  β=1.0000e+00
  PL   : train=-9.8021e-01  test=-9.6684e-01  σ_φ̄(train)=6.3864e-05  σ_φ̄(test)=3.4423e-06  σ_obs_ω=5.0000e-01  λ_PL=1.00
  KL   : M=9.325e+02  V=3.699e+02  Dw=1.149e+03  g=1.868e+03  sigma=5.774e+01  total=4.377e+03
  subnet MSE  M=1.800e+00  V=1.272e+01  Dw=3.726e-02  g=2.951e-01
[step   5200]
  train: −ELBO=-9.1931e+00  NLL=-8.6382e+00  NLL_R=-7.4689e+00  NLL_ω=-1.1693e+00  MSE_R=1.2083e-03  MSE_ω=8.0557e-02
  test : −ELBO=-8.2632e+00  NLL=-7.7223e+00  NLL_R=-7.5765e+00  NLL_ω=-1.4586e-01  MSE_R=1.1218e-03  MSE_ω=1.3558e-01
  sigma: σ_R=2.0053e-02  σ_ω=1.6395e-01  β=1.0000e+00
  PL   : train=-9.8079e-01  test=-9.6675e-01  σ_φ̄(train)=5.9680e-05  σ_φ̄(test)=3.1730e-06  σ_obs_ω=5.0000e-01  λ_PL=1.00
  KL   : M=9.285e+02  V=3.692e+02  Dw=1.146e+03  g=1.861e+03  sigma=5.679e+01  total=4.361e+03
  subnet MSE  M=1.773e+00  V=1.272e+01  Dw=3.728e-02  g=2.966e-01
[step   5250]
  train: −ELBO=-9.1798e+00  NLL=-8.6236e+00  NLL_R=-7.4648e+00  NLL_ω=-1.1588e+00  MSE_R=1.2116e-03  MSE_ω=8.1119e-02
  test : −ELBO=-8.2294e+00  NLL=-7.6873e+00  NLL_R=-7.5667e+00  NLL_ω=-1.2066e-01  MSE_R=1.1299e-03  MSE_ω=1.3659e-01
  sigma: σ_R=2.0025e-02  σ_ω=1.6346e-01  β=1.0000e+00
  PL   : train=-9.7987e-01  test=-9.6571e-01  σ_φ̄(train)=1.1815e-04  σ_φ̄(test)=2.8146e-06  σ_obs_ω=5.0000e-01  λ_PL=1.00
  KL   : M=9.216e+02  V=3.681e+02  Dw=1.142e+03  g=1.851e+03  sigma=5.532e+01  total=4.338e+03
  subnet MSE  M=1.784e+00  V=1.270e+01  Dw=3.729e-02  g=2.942e-01
[step   5300]
  train: −ELBO=-9.2168e+00  NLL=-8.6572e+00  NLL_R=-7.4819e+00  NLL_ω=-1.1753e+00  MSE_R=1.1979e-03  MSE_ω=8.0234e-02
  test : −ELBO=-8.2340e+00  NLL=-7.6884e+00  NLL_R=-7.5679e+00  NLL_ω=-1.2046e-01  MSE_R=1.1290e-03  MSE_ω=1.3649e-01
  sigma: σ_R=2.0004e-02  σ_ω=1.6330e-01  β=1.0000e+00
  PL   : train=-9.8042e-01  test=-9.6639e-01  σ_φ̄(train)=5.5507e-05  σ_φ̄(test)=2.4714e-06  σ_obs_ω=5.0000e-01  λ_PL=1.00
  KL   : M=9.132e+02  V=3.667e+02  Dw=1.137e+03  g=1.839e+03  sigma=5.350e+01  total=4.309e+03
  subnet MSE  M=1.765e+00  V=1.278e+01  Dw=3.771e-02  g=2.952e-01
[step   5350]
  train: −ELBO=-9.2084e+00  NLL=-8.6459e+00  NLL_R=-7.4774e+00  NLL_ω=-1.1684e+00  MSE_R=1.2015e-03  MSE_ω=8.0601e-02
  test : −ELBO=-8.2450e+00  NLL=-7.6968e+00  NLL_R=-7.5708e+00  NLL_ω=-1.2596e-01  MSE_R=1.1267e-03  MSE_ω=1.3620e-01
  sigma: σ_R=2.0009e-02  σ_ω=1.6330e-01  β=1.0000e+00
  PL   : train=-9.8061e-01  test=-9.6627e-01  σ_φ̄(train)=1.1594e-04  σ_φ̄(test)=2.1599e-06  σ_obs_ω=5.0000e-01  λ_PL=1.00
  KL   : M=9.057e+02  V=3.653e+02  Dw=1.132e+03  g=1.826e+03  sigma=5.171e+01  total=4.281e+03
  subnet MSE  M=1.783e+00  V=1.274e+01  Dw=3.739e-02  g=2.956e-01
[step   5400]
  train: −ELBO=-9.2147e+00  NLL=-8.6499e+00  NLL_R=-7.4774e+00  NLL_ω=-1.1726e+00  MSE_R=1.2015e-03  MSE_ω=8.0381e-02
  test : −ELBO=-8.1574e+00  NLL=-7.6073e+00  NLL_R=-7.5404e+00  NLL_ω=-6.6978e-02  MSE_R=1.1511e-03  MSE_ω=1.3934e-01
  sigma: σ_R=1.9993e-02  σ_ω=1.6329e-01  β=1.0000e+00
  PL   : train=-9.8089e-01  test=-9.6613e-01  σ_φ̄(train)=2.7818e-05  σ_φ̄(test)=1.3627e-06  σ_obs_ω=5.0000e-01  λ_PL=1.00
  KL   : M=8.996e+02  V=3.641e+02  Dw=1.129e+03  g=1.817e+03  sigma=5.150e+01  total=4.261e+03
  subnet MSE  M=1.778e+00  V=1.279e+01  Dw=3.638e-02  g=2.959e-01
[step   5450]
  train: −ELBO=-9.2384e+00  NLL=-8.6715e+00  NLL_R=-7.4831e+00  NLL_ω=-1.1884e+00  MSE_R=1.1969e-03  MSE_ω=7.9533e-02
  test : −ELBO=-8.2443e+00  NLL=-7.6912e+00  NLL_R=-7.5686e+00  NLL_ω=-1.2263e-01  MSE_R=1.1285e-03  MSE_ω=1.3641e-01
  sigma: σ_R=2.0010e-02  σ_ω=1.6338e-01  β=1.0000e+00
  PL   : train=-9.8078e-01  test=-9.6695e-01  σ_φ̄(train)=3.3250e-05  σ_φ̄(test)=1.1477e-06  σ_obs_ω=5.0000e-01  λ_PL=1.00
  KL   : M=8.937e+02  V=3.629e+02  Dw=1.125e+03  g=1.807e+03  sigma=5.031e+01  total=4.239e+03
  subnet MSE  M=1.770e+00  V=1.275e+01  Dw=3.710e-02  g=2.964e-01
[step   5500]
  train: −ELBO=-9.2411e+00  NLL=-8.6712e+00  NLL_R=-7.4822e+00  NLL_ω=-1.1890e+00  MSE_R=1.1977e-03  MSE_ω=7.9505e-02
  test : −ELBO=-8.1876e+00  NLL=-7.6323e+00  NLL_R=-7.5498e+00  NLL_ω=-8.2484e-02  MSE_R=1.1437e-03  MSE_ω=1.3829e-01
  sigma: σ_R=1.9976e-02  σ_ω=1.6299e-01  β=1.0000e+00
  PL   : train=-9.8092e-01  test=-9.6617e-01  σ_φ̄(train)=4.3099e-05  σ_φ̄(test)=1.0679e-06  σ_obs_ω=5.0000e-01  λ_PL=1.00
  KL   : M=8.850e+02  V=3.612e+02  Dw=1.120e+03  g=1.794e+03  sigma=4.860e+01  total=4.208e+03
  subnet MSE  M=1.774e+00  V=1.273e+01  Dw=3.742e-02  g=2.962e-01
[step   5550]
  train: −ELBO=-9.2331e+00  NLL=-8.6606e+00  NLL_R=-7.4817e+00  NLL_ω=-1.1790e+00  MSE_R=1.1981e-03  MSE_ω=8.0039e-02
  test : −ELBO=-8.2086e+00  NLL=-7.6504e+00  NLL_R=-7.5549e+00  NLL_ω=-9.5435e-02  MSE_R=1.1394e-03  MSE_ω=1.3782e-01
  sigma: σ_R=2.0013e-02  σ_ω=1.6328e-01  β=1.0000e+00
  PL   : train=-9.8105e-01  test=-9.6678e-01  σ_φ̄(train)=5.3121e-05  σ_φ̄(test)=8.8786e-07  σ_obs_ω=5.0000e-01  λ_PL=1.00
  KL   : M=8.781e+02  V=3.599e+02  Dw=1.116e+03  g=1.783e+03  sigma=4.736e+01  total=4.184e+03
  subnet MSE  M=1.769e+00  V=1.279e+01  Dw=3.703e-02  g=2.963e-01
[step   5600]
  train: −ELBO=-9.2320e+00  NLL=-8.6586e+00  NLL_R=-7.4792e+00  NLL_ω=-1.1794e+00  MSE_R=1.2000e-03  MSE_ω=8.0017e-02
  test : −ELBO=-8.1992e+00  NLL=-7.6402e+00  NLL_R=-7.5530e+00  NLL_ω=-8.7174e-02  MSE_R=1.1412e-03  MSE_ω=1.3803e-01
  sigma: σ_R=1.9966e-02  σ_ω=1.6297e-01  β=1.0000e+00
  PL   : train=-9.8058e-01  test=-9.6613e-01  σ_φ̄(train)=1.5793e-05  σ_φ̄(test)=4.2540e-07  σ_obs_ω=5.0000e-01  λ_PL=1.00
  KL   : M=8.739e+02  V=3.590e+02  Dw=1.113e+03  g=1.776e+03  sigma=4.741e+01  total=4.170e+03
  subnet MSE  M=1.779e+00  V=1.273e+01  Dw=3.713e-02  g=2.957e-01
[step   5650]
  train: −ELBO=-9.2436e+00  NLL=-8.6697e+00  NLL_R=-7.4841e+00  NLL_ω=-1.1856e+00  MSE_R=1.1961e-03  MSE_ω=7.9685e-02
  test : −ELBO=-8.2009e+00  NLL=-7.6419e+00  NLL_R=-7.5533e+00  NLL_ω=-8.8666e-02  MSE_R=1.1411e-03  MSE_ω=1.3794e-01
  sigma: σ_R=1.9948e-02  σ_ω=1.6296e-01  β=1.0000e+00
  PL   : train=-9.7928e-01  test=-9.6428e-01  σ_φ̄(train)=1.5629e-05  σ_φ̄(test)=4.0568e-07  σ_obs_ω=5.0000e-01  λ_PL=1.00
  KL   : M=8.688e+02  V=3.580e+02  Dw=1.110e+03  g=1.768e+03  sigma=4.656e+01  total=4.151e+03
  subnet MSE  M=1.772e+00  V=1.268e+01  Dw=3.712e-02  g=2.937e-01
[step   5700]
  train: −ELBO=-9.2510e+00  NLL=-8.6729e+00  NLL_R=-7.4873e+00  NLL_ω=-1.1857e+00  MSE_R=1.1936e-03  MSE_ω=7.9682e-02
  test : −ELBO=-8.2152e+00  NLL=-7.6514e+00  NLL_R=-7.5574e+00  NLL_ω=-9.4003e-02  MSE_R=1.1379e-03  MSE_ω=1.3755e-01
  sigma: σ_R=1.9932e-02  σ_ω=1.6281e-01  β=1.0000e+00
  PL   : train=-9.8099e-01  test=-9.6667e-01  σ_φ̄(train)=2.1801e-05  σ_φ̄(test)=3.9797e-07  σ_obs_ω=5.0000e-01  λ_PL=1.00
  KL   : M=8.617e+02  V=3.564e+02  Dw=1.106e+03  g=1.757e+03  sigma=4.524e+01  total=4.126e+03
  subnet MSE  M=1.773e+00  V=1.274e+01  Dw=3.768e-02  g=2.966e-01
[step   5750]
  train: −ELBO=-9.2701e+00  NLL=-8.6900e+00  NLL_R=-7.4924e+00  NLL_ω=-1.1976e+00  MSE_R=1.1896e-03  MSE_ω=7.9050e-02
  test : −ELBO=-8.1913e+00  NLL=-7.6255e+00  NLL_R=-7.5496e+00  NLL_ω=-7.5985e-02  MSE_R=1.1441e-03  MSE_ω=1.3837e-01
  sigma: σ_R=1.9937e-02  σ_ω=1.6263e-01  β=1.0000e+00
  PL   : train=-9.8055e-01  test=-9.6606e-01  σ_φ̄(train)=1.8069e-05  σ_φ̄(test)=3.9436e-07  σ_obs_ω=5.0000e-01  λ_PL=1.00
  KL   : M=8.541e+02  V=3.546e+02  Dw=1.102e+03  g=1.746e+03  sigma=4.387e+01  total=4.100e+03
  subnet MSE  M=1.788e+00  V=1.273e+01  Dw=3.756e-02  g=2.959e-01
[step   5800]
  train: −ELBO=-9.2548e+00  NLL=-8.6718e+00  NLL_R=-7.4825e+00  NLL_ω=-1.1893e+00  MSE_R=1.1974e-03  MSE_ω=7.9490e-02
  test : −ELBO=-8.1701e+00  NLL=-7.6018e+00  NLL_R=-7.5427e+00  NLL_ω=-5.9177e-02  MSE_R=1.1495e-03  MSE_ω=1.3905e-01
  sigma: σ_R=1.9949e-02  σ_ω=1.6232e-01  β=1.0000e+00
  PL   : train=-9.8089e-01  test=-9.6610e-01  σ_φ̄(train)=1.1212e-05  σ_φ̄(test)=3.2740e-07  σ_obs_ω=5.0000e-01  λ_PL=1.00
  KL   : M=8.468e+02  V=3.529e+02  Dw=1.097e+03  g=1.734e+03  sigma=4.261e+01  total=4.074e+03
  subnet MSE  M=1.773e+00  V=1.274e+01  Dw=3.770e-02  g=2.961e-01
[step   5850]
  train: −ELBO=-9.2720e+00  NLL=-8.6871e+00  NLL_R=-7.4885e+00  NLL_ω=-1.1986e+00  MSE_R=1.1926e-03  MSE_ω=7.8999e-02
  test : −ELBO=-8.1662e+00  NLL=-7.5961e+00  NLL_R=-7.5388e+00  NLL_ω=-5.7270e-02  MSE_R=1.1525e-03  MSE_ω=1.3912e-01
  sigma: σ_R=1.9952e-02  σ_ω=1.6229e-01  β=1.0000e+00
  PL   : train=-9.8076e-01  test=-9.6593e-01  σ_φ̄(train)=1.1747e-05  σ_φ̄(test)=3.0952e-07  σ_obs_ω=5.0000e-01  λ_PL=1.00
  KL   : M=8.411e+02  V=3.514e+02  Dw=1.094e+03  g=1.725e+03  sigma=4.158e+01  total=4.053e+03
  subnet MSE  M=1.793e+00  V=1.272e+01  Dw=3.773e-02  g=2.961e-01
[step   5900]
  train: −ELBO=-9.2969e+00  NLL=-8.7106e+00  NLL_R=-7.4996e+00  NLL_ω=-1.2110e+00  MSE_R=1.1838e-03  MSE_ω=7.8344e-02
  test : −ELBO=-8.1575e+00  NLL=-7.5866e+00  NLL_R=-7.5371e+00  NLL_ω=-4.9462e-02  MSE_R=1.1540e-03  MSE_ω=1.3956e-01
  sigma: σ_R=1.9938e-02  σ_ω=1.6234e-01  β=1.0000e+00
  PL   : train=-9.8071e-01  test=-9.6532e-01  σ_φ̄(train)=1.6448e-05  σ_φ̄(test)=3.0957e-07  σ_obs_ω=5.0000e-01  λ_PL=1.00
  KL   : M=8.372e+02  V=3.504e+02  Dw=1.092e+03  g=1.718e+03  sigma=4.079e+01  total=4.039e+03
  subnet MSE  M=1.793e+00  V=1.277e+01  Dw=3.792e-02  g=2.954e-01
[step   5950]
  train: −ELBO=-9.2854e+00  NLL=-8.6971e+00  NLL_R=-7.4939e+00  NLL_ω=-1.2032e+00  MSE_R=1.1884e-03  MSE_ω=7.8756e-02
  test : −ELBO=-8.1494e+00  NLL=-7.5763e+00  NLL_R=-7.5338e+00  NLL_ω=-4.2516e-02  MSE_R=1.1567e-03  MSE_ω=1.3989e-01
  sigma: σ_R=1.9914e-02  σ_ω=1.6229e-01  β=1.0000e+00
  PL   : train=-9.8095e-01  test=-9.6570e-01  σ_φ̄(train)=1.5620e-05  σ_φ̄(test)=2.9986e-07  σ_obs_ω=5.0000e-01  λ_PL=1.00
  KL   : M=8.320e+02  V=3.491e+02  Dw=1.089e+03  g=1.710e+03  sigma=3.980e+01  total=4.020e+03
  subnet MSE  M=1.794e+00  V=1.275e+01  Dw=3.785e-02  g=2.962e-01
[step   6000]
  train: −ELBO=-9.2990e+00  NLL=-8.7084e+00  NLL_R=-7.4964e+00  NLL_ω=-1.2120e+00  MSE_R=1.1863e-03  MSE_ω=7.8293e-02
  test : −ELBO=-8.1468e+00  NLL=-7.5714e+00  NLL_R=-7.5331e+00  NLL_ω=-3.8246e-02  MSE_R=1.1572e-03  MSE_ω=1.3999e-01
  sigma: σ_R=1.9916e-02  σ_ω=1.6212e-01  β=1.0000e+00
  PL   : train=-9.8161e-01  test=-9.6651e-01  σ_φ̄(train)=1.6007e-05  σ_φ̄(test)=2.7167e-07  σ_obs_ω=5.0000e-01  λ_PL=1.00
  KL   : M=8.277e+02  V=3.480e+02  Dw=1.087e+03  g=1.703e+03  sigma=3.906e+01  total=4.005e+03
  subnet MSE  M=1.786e+00  V=1.270e+01  Dw=3.731e-02  g=2.973e-01
[step   6050]
  train: −ELBO=-9.2868e+00  NLL=-8.6952e+00  NLL_R=-7.4952e+00  NLL_ω=-1.2001e+00  MSE_R=1.1873e-03  MSE_ω=7.8921e-02
  test : −ELBO=-8.1551e+00  NLL=-7.5785e+00  NLL_R=-7.5358e+00  NLL_ω=-4.2632e-02  MSE_R=1.1552e-03  MSE_ω=1.3978e-01
  sigma: σ_R=1.9888e-02  σ_ω=1.6215e-01  β=1.0000e+00
  PL   : train=-9.8123e-01  test=-9.6626e-01  σ_φ̄(train)=2.8250e-05  σ_φ̄(test)=1.6590e-07  σ_obs_ω=5.0000e-01  λ_PL=1.00
  KL   : M=8.238e+02  V=3.465e+02  Dw=1.085e+03  g=1.696e+03  sigma=3.872e+01  total=3.990e+03
  subnet MSE  M=1.791e+00  V=1.282e+01  Dw=3.742e-02  g=2.965e-01
[step   6100]
  train: −ELBO=-9.2841e+00  NLL=-8.6917e+00  NLL_R=-7.4852e+00  NLL_ω=-1.2065e+00  MSE_R=1.1953e-03  MSE_ω=7.8581e-02
  test : −ELBO=-8.1392e+00  NLL=-7.5623e+00  NLL_R=-7.5298e+00  NLL_ω=-3.2470e-02  MSE_R=1.1598e-03  MSE_ω=1.4021e-01
  sigma: σ_R=1.9928e-02  σ_ω=1.6200e-01  β=1.0000e+00
  PL   : train=-9.8033e-01  test=-9.6480e-01  σ_φ̄(train)=8.6150e-06  σ_φ̄(test)=1.3642e-07  σ_obs_ω=5.0000e-01  λ_PL=1.00
  KL   : M=8.189e+02  V=3.451e+02  Dw=1.082e+03  g=1.689e+03  sigma=3.807e+01  total=3.973e+03
  subnet MSE  M=1.791e+00  V=1.269e+01  Dw=3.845e-02  g=2.955e-01
[step   6150]
  train: −ELBO=-9.2927e+00  NLL=-8.6981e+00  NLL_R=-7.4946e+00  NLL_ω=-1.2035e+00  MSE_R=1.1878e-03  MSE_ω=7.8740e-02
  test : −ELBO=-8.1210e+00  NLL=-7.5418e+00  NLL_R=-7.5244e+00  NLL_ω=-1.7377e-02  MSE_R=1.1642e-03  MSE_ω=1.4088e-01
  sigma: σ_R=1.9906e-02  σ_ω=1.6184e-01  β=1.0000e+00
  PL   : train=-9.8079e-01  test=-9.6542e-01  σ_φ̄(train)=6.7651e-06  σ_φ̄(test)=1.4223e-07  σ_obs_ω=5.0000e-01  λ_PL=1.00
  KL   : M=8.141e+02  V=3.436e+02  Dw=1.079e+03  g=1.681e+03  sigma=3.716e+01  total=3.955e+03
  subnet MSE  M=1.778e+00  V=1.275e+01  Dw=3.816e-02  g=2.962e-01
[step   6200]
  train: −ELBO=-9.3146e+00  NLL=-8.7182e+00  NLL_R=-7.5024e+00  NLL_ω=-1.2158e+00  MSE_R=1.1816e-03  MSE_ω=7.8096e-02
  test : −ELBO=-8.1370e+00  NLL=-7.5558e+00  NLL_R=-7.5300e+00  NLL_ω=-2.5777e-02  MSE_R=1.1598e-03  MSE_ω=1.4031e-01
  sigma: σ_R=1.9879e-02  σ_ω=1.6170e-01  β=1.0000e+00
  PL   : train=-9.8089e-01  test=-9.6569e-01  σ_φ̄(train)=1.6220e-05  σ_φ̄(test)=1.2693e-07  σ_obs_ω=5.0000e-01  λ_PL=1.00
  KL   : M=8.096e+02  V=3.422e+02  Dw=1.076e+03  g=1.673e+03  sigma=3.639e+01  total=3.938e+03
  subnet MSE  M=1.781e+00  V=1.272e+01  Dw=3.757e-02  g=2.966e-01
[step   6250]
  train: −ELBO=-9.2876e+00  NLL=-8.6898e+00  NLL_R=-7.4869e+00  NLL_ω=-1.2028e+00  MSE_R=1.1938e-03  MSE_ω=7.8776e-02
  test : −ELBO=-8.1007e+00  NLL=-7.5186e+00  NLL_R=-7.5160e+00  NLL_ω=-2.6128e-03  MSE_R=1.1709e-03  MSE_ω=1.4157e-01
  sigma: σ_R=1.9847e-02  σ_ω=1.6174e-01  β=1.0000e+00
  PL   : train=-9.8056e-01  test=-9.6487e-01  σ_φ̄(train)=1.5366e-05  σ_φ̄(test)=1.2107e-07  σ_obs_ω=5.0000e-01  λ_PL=1.00
  KL   : M=8.046e+02  V=3.406e+02  Dw=1.074e+03  g=1.665e+03  sigma=3.548e+01  total=3.919e+03
  subnet MSE  M=1.781e+00  V=1.273e+01  Dw=3.778e-02  g=2.960e-01
[step   6300]
  train: −ELBO=-9.3154e+00  NLL=-8.7160e+00  NLL_R=-7.5048e+00  NLL_ω=-1.2112e+00  MSE_R=1.1797e-03  MSE_ω=7.8337e-02
  test : −ELBO=-8.0974e+00  NLL=-7.5139e+00  NLL_R=-7.5163e+00  NLL_ω=2.3913e-03  MSE_R=1.1707e-03  MSE_ω=1.4164e-01
  sigma: σ_R=1.9825e-02  σ_ω=1.6149e-01  β=1.0000e+00
  PL   : train=-9.8067e-01  test=-9.6480e-01  σ_φ̄(train)=1.9709e-05  σ_φ̄(test)=1.1437e-07  σ_obs_ω=5.0000e-01  λ_PL=1.00
  KL   : M=8.005e+02  V=3.393e+02  Dw=1.072e+03  g=1.658e+03  sigma=3.476e+01  total=3.904e+03
  subnet MSE  M=1.777e+00  V=1.270e+01  Dw=3.756e-02  g=2.956e-01
[step   6350]
  train: −ELBO=-9.3106e+00  NLL=-8.7097e+00  NLL_R=-7.5002e+00  NLL_ω=-1.2095e+00  MSE_R=1.1834e-03  MSE_ω=7.8426e-02
  test : −ELBO=-8.0956e+00  NLL=-7.5103e+00  NLL_R=-7.5145e+00  NLL_ω=4.1690e-03  MSE_R=1.1721e-03  MSE_ω=1.4184e-01
  sigma: σ_R=1.9869e-02  σ_ω=1.6163e-01  β=1.0000e+00
  PL   : train=-9.8086e-01  test=-9.6521e-01  σ_φ̄(train)=7.0225e-06  σ_φ̄(test)=1.1134e-07  σ_obs_ω=5.0000e-01  λ_PL=1.00
  KL   : M=7.967e+02  V=3.380e+02  Dw=1.070e+03  g=1.652e+03  sigma=3.407e+01  total=3.890e+03
  subnet MSE  M=1.783e+00  V=1.279e+01  Dw=3.790e-02  g=2.964e-01
[step   6400]
  train: −ELBO=-9.3048e+00  NLL=-8.7030e+00  NLL_R=-7.4963e+00  NLL_ω=-1.2067e+00  MSE_R=1.1865e-03  MSE_ω=7.8572e-02
  test : −ELBO=-8.0792e+00  NLL=-7.4928e+00  NLL_R=-7.5090e+00  NLL_ω=1.6165e-02  MSE_R=1.1764e-03  MSE_ω=1.4237e-01
  sigma: σ_R=1.9837e-02  σ_ω=1.6151e-01  β=1.0000e+00
  PL   : train=-9.8062e-01  test=-9.6516e-01  σ_φ̄(train)=9.0006e-06  σ_φ̄(test)=1.0136e-07  σ_obs_ω=5.0000e-01  λ_PL=1.00
  KL   : M=7.937e+02  V=3.370e+02  Dw=1.068e+03  g=1.646e+03  sigma=3.356e+01  total=3.879e+03
  subnet MSE  M=1.775e+00  V=1.281e+01  Dw=3.791e-02  g=2.963e-01
[step   6450]
  train: −ELBO=-9.3163e+00  NLL=-8.7123e+00  NLL_R=-7.4984e+00  NLL_ω=-1.2139e+00  MSE_R=1.1848e-03  MSE_ω=7.8197e-02
  test : −ELBO=-8.1026e+00  NLL=-7.5141e+00  NLL_R=-7.5164e+00  NLL_ω=2.3208e-03  MSE_R=1.1705e-03  MSE_ω=1.4166e-01
  sigma: σ_R=1.9872e-02  σ_ω=1.6152e-01  β=1.0000e+00
  PL   : train=-9.8134e-01  test=-9.6579e-01  σ_φ̄(train)=2.1780e-05  σ_φ̄(test)=9.8085e-08  σ_obs_ω=5.0000e-01  λ_PL=1.00
  KL   : M=7.899e+02  V=3.355e+02  Dw=1.066e+03  g=1.640e+03  sigma=3.276e+01  total=3.864e+03
  subnet MSE  M=1.787e+00  V=1.278e+01  Dw=3.808e-02  g=2.975e-01
[step   6500]
  train: −ELBO=-9.2864e+00  NLL=-8.6820e+00  NLL_R=-7.4866e+00  NLL_ω=-1.1954e+00  MSE_R=1.1941e-03  MSE_ω=7.9169e-02
  test : −ELBO=-8.0388e+00  NLL=-7.4501e+00  NLL_R=-7.4899e+00  NLL_ω=3.9789e-02  MSE_R=1.1915e-03  MSE_ω=1.4415e-01
  sigma: σ_R=1.9895e-02  σ_ω=1.6218e-01  β=1.0000e+00
  PL   : train=-9.8065e-01  test=-9.6486e-01  σ_φ̄(train)=3.4511e-05  σ_φ̄(test)=9.7036e-08  σ_obs_ω=5.0000e-01  λ_PL=1.00
  KL   : M=7.869e+02  V=3.342e+02  Dw=1.065e+03  g=1.634e+03  sigma=3.213e+01  total=3.852e+03
  subnet MSE  M=1.784e+00  V=1.275e+01  Dw=3.836e-02  g=2.964e-01
[step   6550]
  train: −ELBO=-9.3278e+00  NLL=-8.7217e+00  NLL_R=-7.5059e+00  NLL_ω=-1.2158e+00  MSE_R=1.1788e-03  MSE_ω=7.8100e-02
  test : −ELBO=-8.0825e+00  NLL=-7.4921e+00  NLL_R=-7.5101e+00  NLL_ω=1.8033e-02  MSE_R=1.1755e-03  MSE_ω=1.4234e-01
  sigma: σ_R=1.9841e-02  σ_ω=1.6136e-01  β=1.0000e+00
  PL   : train=-9.8124e-01  test=-9.6548e-01  σ_φ̄(train)=1.7472e-05  σ_φ̄(test)=7.8967e-08  σ_obs_ω=5.0000e-01  λ_PL=1.00
  KL   : M=7.839e+02  V=3.331e+02  Dw=1.064e+03  g=1.629e+03  sigma=3.169e+01  total=3.841e+03
  subnet MSE  M=1.787e+00  V=1.275e+01  Dw=3.741e-02  g=2.966e-01
[step   6600]
  train: −ELBO=-9.3160e+00  NLL=-8.7106e+00  NLL_R=-7.5019e+00  NLL_ω=-1.2086e+00  MSE_R=1.1820e-03  MSE_ω=7.8470e-02
  test : −ELBO=-8.1030e+00  NLL=-7.5104e+00  NLL_R=-7.5170e+00  NLL_ω=6.6056e-03  MSE_R=1.1701e-03  MSE_ω=1.4172e-01
  sigma: σ_R=1.9826e-02  σ_ω=1.6132e-01  β=1.0000e+00
  PL   : train=-9.7944e-01  test=-9.6657e-01  σ_φ̄(train)=1.1517e-05  σ_φ̄(test)=7.4121e-08  σ_obs_ω=5.0000e-01  λ_PL=1.00
  KL   : M=7.812e+02  V=3.321e+02  Dw=1.062e+03  g=1.624e+03  sigma=3.111e+01  total=3.830e+03
  subnet MSE  M=1.796e+00  V=1.271e+01  Dw=3.817e-02  g=2.982e-01
[step   6650]
  train: −ELBO=-9.3362e+00  NLL=-8.7280e+00  NLL_R=-7.5097e+00  NLL_ω=-1.2184e+00  MSE_R=1.1759e-03  MSE_ω=7.7964e-02
  test : −ELBO=-8.0971e+00  NLL=-7.5048e+00  NLL_R=-7.5117e+00  NLL_ω=6.8552e-03  MSE_R=1.1743e-03  MSE_ω=1.4195e-01
  sigma: σ_R=1.9879e-02  σ_ω=1.6159e-01  β=1.0000e+00
  PL   : train=-9.8063e-01  test=-9.6463e-01  σ_φ̄(train)=1.6822e-05  σ_φ̄(test)=7.4439e-08  σ_obs_ω=5.0000e-01  λ_PL=1.00
  KL   : M=7.770e+02  V=3.305e+02  Dw=1.060e+03  g=1.616e+03  sigma=3.018e+01  total=3.814e+03
  subnet MSE  M=1.785e+00  V=1.280e+01  Dw=3.820e-02  g=2.954e-01
[step   6700]
  train: −ELBO=-9.3304e+00  NLL=-8.7208e+00  NLL_R=-7.5052e+00  NLL_ω=-1.2156e+00  MSE_R=1.1794e-03  MSE_ω=7.8107e-02
  test : −ELBO=-8.0113e+00  NLL=-7.4185e+00  NLL_R=-7.4831e+00  NLL_ω=6.4666e-02  MSE_R=1.1968e-03  MSE_ω=1.4468e-01
  sigma: σ_R=1.9840e-02  σ_ω=1.6124e-01  β=1.0000e+00
  PL   : train=-9.8094e-01  test=-9.6419e-01  σ_φ̄(train)=2.0927e-05  σ_φ̄(test)=6.5676e-08  σ_obs_ω=5.0000e-01  λ_PL=1.00
  KL   : M=7.741e+02  V=3.294e+02  Dw=1.058e+03  g=1.611e+03  sigma=2.966e+01  total=3.803e+03
  subnet MSE  M=1.776e+00  V=1.276e+01  Dw=3.824e-02  g=2.961e-01
[step   6750]
  train: −ELBO=-9.3320e+00  NLL=-8.7208e+00  NLL_R=-7.5050e+00  NLL_ω=-1.2158e+00  MSE_R=1.1796e-03  MSE_ω=7.8100e-02
  test : −ELBO=-8.0283e+00  NLL=-7.4337e+00  NLL_R=-7.4902e+00  NLL_ω=5.6507e-02  MSE_R=1.1912e-03  MSE_ω=1.4424e-01
  sigma: σ_R=1.9817e-02  σ_ω=1.6123e-01  β=1.0000e+00
  PL   : train=-9.8135e-01  test=-9.6465e-01  σ_φ̄(train)=1.1272e-05  σ_φ̄(test)=6.5319e-08  σ_obs_ω=5.0000e-01  λ_PL=1.00
  KL   : M=7.710e+02  V=3.279e+02  Dw=1.056e+03  g=1.605e+03  sigma=2.887e+01  total=3.790e+03
  subnet MSE  M=1.785e+00  V=1.281e+01  Dw=3.851e-02  g=2.967e-01
[step   6800]
  train: −ELBO=-9.3315e+00  NLL=-8.7197e+00  NLL_R=-7.5036e+00  NLL_ω=-1.2161e+00  MSE_R=1.1807e-03  MSE_ω=7.8081e-02
  test : −ELBO=-8.0210e+00  NLL=-7.4260e+00  NLL_R=-7.4897e+00  NLL_ω=6.3629e-02  MSE_R=1.1916e-03  MSE_ω=1.4435e-01
  sigma: σ_R=1.9826e-02  σ_ω=1.6090e-01  β=1.0000e+00
  PL   : train=-9.8036e-01  test=-9.6354e-01  σ_φ̄(train)=2.6947e-05  σ_φ̄(test)=5.5955e-08  σ_obs_ω=5.0000e-01  λ_PL=1.00
  KL   : M=7.673e+02  V=3.262e+02  Dw=1.054e+03  g=1.599e+03  sigma=2.819e+01  total=3.774e+03
  subnet MSE  M=1.782e+00  V=1.277e+01  Dw=3.813e-02  g=2.945e-01
[step   6850]
  train: −ELBO=-9.3428e+00  NLL=-8.7296e+00  NLL_R=-7.5049e+00  NLL_ω=-1.2247e+00  MSE_R=1.1796e-03  MSE_ω=7.7638e-02
  test : −ELBO=-8.0362e+00  NLL=-7.4396e+00  NLL_R=-7.4936e+00  NLL_ω=5.4061e-02  MSE_R=1.1885e-03  MSE_ω=1.4396e-01
  sigma: σ_R=1.9821e-02  σ_ω=1.6102e-01  β=1.0000e+00
  PL   : train=-9.8064e-01  test=-9.6400e-01  σ_φ̄(train)=1.1886e-05  σ_φ̄(test)=3.1937e-08  σ_obs_ω=5.0000e-01  λ_PL=1.00
  KL   : M=7.642e+02  V=3.247e+02  Dw=1.052e+03  g=1.593e+03  sigma=2.803e+01  total=3.762e+03
  subnet MSE  M=1.787e+00  V=1.278e+01  Dw=3.848e-02  g=2.957e-01
[step   6900]
  train: −ELBO=-9.3426e+00  NLL=-8.7274e+00  NLL_R=-7.5028e+00  NLL_ω=-1.2246e+00  MSE_R=1.1813e-03  MSE_ω=7.7640e-02
  test : −ELBO=-8.0145e+00  NLL=-7.4160e+00  NLL_R=-7.4855e+00  NLL_ω=6.9497e-02  MSE_R=1.1949e-03  MSE_ω=1.4469e-01
  sigma: σ_R=1.9832e-02  σ_ω=1.6095e-01  β=1.0000e+00
  PL   : train=-9.8139e-01  test=-9.6459e-01  σ_φ̄(train)=6.9633e-06  σ_φ̄(test)=1.8205e-08  σ_obs_ω=5.0000e-01  λ_PL=1.00
  KL   : M=7.610e+02  V=3.231e+02  Dw=1.051e+03  g=1.586e+03  sigma=2.815e+01  total=3.749e+03
  subnet MSE  M=1.784e+00  V=1.278e+01  Dw=3.808e-02  g=2.973e-01
[step   6950]
  train: −ELBO=-9.3242e+00  NLL=-8.7081e+00  NLL_R=-7.4999e+00  NLL_ω=-1.2082e+00  MSE_R=1.1836e-03  MSE_ω=7.8491e-02
  test : −ELBO=-8.0103e+00  NLL=-7.4112e+00  NLL_R=-7.4821e+00  NLL_ω=7.0908e-02  MSE_R=1.1976e-03  MSE_ω=1.4500e-01
  sigma: σ_R=1.9837e-02  σ_ω=1.6119e-01  β=1.0000e+00
  PL   : train=-9.8119e-01  test=-9.6421e-01  σ_φ̄(train)=3.8179e-06  σ_φ̄(test)=1.5653e-08  σ_obs_ω=5.0000e-01  λ_PL=1.00
  KL   : M=7.586e+02  V=3.218e+02  Dw=1.049e+03  g=1.581e+03  sigma=2.776e+01  total=3.739e+03
  subnet MSE  M=1.776e+00  V=1.280e+01  Dw=3.845e-02  g=2.967e-01
[step   7000]
  train: −ELBO=-9.3534e+00  NLL=-8.7364e+00  NLL_R=-7.5090e+00  NLL_ω=-1.2274e+00  MSE_R=1.1764e-03  MSE_ω=7.7496e-02
  test : −ELBO=-7.9710e+00  NLL=-7.3717e+00  NLL_R=-7.4681e+00  NLL_ω=9.6379e-02  MSE_R=1.2086e-03  MSE_ω=1.4624e-01
  sigma: σ_R=1.9829e-02  σ_ω=1.6116e-01  β=1.0000e+00
  PL   : train=-9.8051e-01  test=-9.6283e-01  σ_φ̄(train)=5.8704e-06  σ_φ̄(test)=1.8755e-08  σ_obs_ω=5.0000e-01  λ_PL=1.00
  KL   : M=7.545e+02  V=3.197e+02  Dw=1.048e+03  g=1.574e+03  sigma=2.667e+01  total=3.722e+03
  subnet MSE  M=1.776e+00  V=1.281e+01  Dw=3.830e-02  g=2.945e-01
[step   7050]
  train: −ELBO=-9.3434e+00  NLL=-8.7252e+00  NLL_R=-7.5034e+00  NLL_ω=-1.2219e+00  MSE_R=1.1808e-03  MSE_ω=7.7782e-02
  test : −ELBO=-7.9722e+00  NLL=-7.3715e+00  NLL_R=-7.4703e+00  NLL_ω=9.8791e-02  MSE_R=1.2069e-03  MSE_ω=1.4610e-01
  sigma: σ_R=1.9832e-02  σ_ω=1.6084e-01  β=1.0000e+00
  PL   : train=-9.8050e-01  test=-9.6299e-01  σ_φ̄(train)=1.1433e-05  σ_φ̄(test)=1.6680e-08  σ_obs_ω=5.0000e-01  λ_PL=1.00
  KL   : M=7.515e+02  V=3.180e+02  Dw=1.046e+03  g=1.569e+03  sigma=2.607e+01  total=3.710e+03
  subnet MSE  M=1.775e+00  V=1.274e+01  Dw=3.822e-02  g=2.950e-01
[step   7100]
  train: −ELBO=-9.3648e+00  NLL=-8.7445e+00  NLL_R=-7.5109e+00  NLL_ω=-1.2336e+00  MSE_R=1.1750e-03  MSE_ω=7.7176e-02
  test : −ELBO=-7.9515e+00  NLL=-7.3487e+00  NLL_R=-7.4651e+00  NLL_ω=1.1643e-01  MSE_R=1.2108e-03  MSE_ω=1.4675e-01
  sigma: σ_R=1.9772e-02  σ_ω=1.6054e-01  β=1.0000e+00
  PL   : train=-9.8161e-01  test=-9.6410e-01  σ_φ̄(train)=7.6786e-06  σ_φ̄(test)=1.3236e-08  σ_obs_ω=5.0000e-01  λ_PL=1.00
  KL   : M=7.493e+02  V=3.167e+02  Dw=1.045e+03  g=1.563e+03  sigma=2.565e+01  total=3.700e+03
  subnet MSE  M=1.776e+00  V=1.284e+01  Dw=3.860e-02  g=2.973e-01
[step   7150]
  train: −ELBO=-9.3646e+00  NLL=-8.7436e+00  NLL_R=-7.5120e+00  NLL_ω=-1.2316e+00  MSE_R=1.1740e-03  MSE_ω=7.7280e-02
  test : −ELBO=-7.9464e+00  NLL=-7.3432e+00  NLL_R=-7.4612e+00  NLL_ω=1.1799e-01  MSE_R=1.2140e-03  MSE_ω=1.4703e-01
  sigma: σ_R=1.9835e-02  σ_ω=1.6074e-01  β=1.0000e+00
  PL   : train=-9.8115e-01  test=-9.6328e-01  σ_φ̄(train)=7.0749e-06  σ_φ̄(test)=1.1179e-08  σ_obs_ω=5.0000e-01  λ_PL=1.00
  KL   : M=7.464e+02  V=3.148e+02  Dw=1.044e+03  g=1.558e+03  sigma=2.501e+01  total=3.688e+03
  subnet MSE  M=1.783e+00  V=1.279e+01  Dw=3.851e-02  g=2.962e-01
[step   7200]
  train: −ELBO=-9.3845e+00  NLL=-8.7621e+00  NLL_R=-7.5204e+00  NLL_ω=-1.2417e+00  MSE_R=1.1676e-03  MSE_ω=7.6759e-02
  test : −ELBO=-7.9435e+00  NLL=-7.3390e+00  NLL_R=-7.4617e+00  NLL_ω=1.2262e-01  MSE_R=1.2134e-03  MSE_ω=1.4690e-01
  sigma: σ_R=1.9766e-02  σ_ω=1.6034e-01  β=1.0000e+00
  PL   : train=-9.8153e-01  test=-9.6358e-01  σ_φ̄(train)=9.7376e-07  σ_φ̄(test)=2.6152e-09  σ_obs_ω=5.0000e-01  λ_PL=1.00
  KL   : M=7.432e+02  V=3.131e+02  Dw=1.043e+03  g=1.552e+03  sigma=2.597e+01  total=3.677e+03
  subnet MSE  M=1.781e+00  V=1.281e+01  Dw=3.801e-02  g=2.966e-01
[step   7250]
  train: −ELBO=-9.3775e+00  NLL=-8.7542e+00  NLL_R=-7.5166e+00  NLL_ω=-1.2376e+00  MSE_R=1.1704e-03  MSE_ω=7.6972e-02
  test : −ELBO=-7.9431e+00  NLL=-7.3374e+00  NLL_R=-7.4610e+00  NLL_ω=1.2369e-01  MSE_R=1.2140e-03  MSE_ω=1.4700e-01
  sigma: σ_R=1.9801e-02  σ_ω=1.6037e-01  β=1.0000e+00
  PL   : train=-9.8166e-01  test=-9.6412e-01  σ_φ̄(train)=1.3668e-06  σ_φ̄(test)=2.6728e-09  σ_obs_ω=5.0000e-01  λ_PL=1.00
  KL   : M=7.414e+02  V=3.118e+02  Dw=1.042e+03  g=1.549e+03  sigma=2.562e+01  total=3.670e+03
  subnet MSE  M=1.789e+00  V=1.275e+01  Dw=3.800e-02  g=2.971e-01
[step   7300]
  train: −ELBO=-9.3847e+00  NLL=-8.7608e+00  NLL_R=-7.5185e+00  NLL_ω=-1.2423e+00  MSE_R=1.1690e-03  MSE_ω=7.6728e-02
  test : −ELBO=-7.9399e+00  NLL=-7.3338e+00  NLL_R=-7.4606e+00  NLL_ω=1.2675e-01  MSE_R=1.2143e-03  MSE_ω=1.4705e-01
  sigma: σ_R=1.9763e-02  σ_ω=1.6026e-01  β=1.0000e+00
  PL   : train=-9.8152e-01  test=-9.6370e-01  σ_φ̄(train)=1.0566e-06  σ_φ̄(test)=2.7679e-09  σ_obs_ω=5.0000e-01  λ_PL=1.00
  KL   : M=7.396e+02  V=3.107e+02  Dw=1.041e+03  g=1.545e+03  sigma=2.529e+01  total=3.662e+03
  subnet MSE  M=1.779e+00  V=1.279e+01  Dw=3.842e-02  g=2.965e-01
[step   7350]
  train: −ELBO=-9.3756e+00  NLL=-8.7507e+00  NLL_R=-7.5142e+00  NLL_ω=-1.2365e+00  MSE_R=1.1723e-03  MSE_ω=7.7028e-02
  test : −ELBO=-7.8995e+00  NLL=-7.2923e+00  NLL_R=-7.4457e+00  NLL_ω=1.5340e-01  MSE_R=1.2257e-03  MSE_ω=1.4829e-01
  sigma: σ_R=1.9727e-02  σ_ω=1.6012e-01  β=1.0000e+00
  PL   : train=-9.8173e-01  test=-9.6407e-01  σ_φ̄(train)=3.0997e-06  σ_φ̄(test)=2.7728e-09  σ_obs_ω=5.0000e-01  λ_PL=1.00
  KL   : M=7.379e+02  V=3.095e+02  Dw=1.040e+03  g=1.542e+03  sigma=2.494e+01  total=3.655e+03
  subnet MSE  M=1.769e+00  V=1.281e+01  Dw=3.790e-02  g=2.976e-01
[step   7400]
  train: −ELBO=-9.3908e+00  NLL=-8.7655e+00  NLL_R=-7.5205e+00  NLL_ω=-1.2450e+00  MSE_R=1.1675e-03  MSE_ω=7.6591e-02
  test : −ELBO=-7.8942e+00  NLL=-7.2872e+00  NLL_R=-7.4435e+00  NLL_ω=1.5623e-01  MSE_R=1.2276e-03  MSE_ω=1.4863e-01
  sigma: σ_R=1.9767e-02  σ_ω=1.6033e-01  β=1.0000e+00
  PL   : train=-9.8131e-01  test=-9.6295e-01  σ_φ̄(train)=1.4634e-06  σ_φ̄(test)=2.9337e-09  σ_obs_ω=5.0000e-01  λ_PL=1.00
  KL   : M=7.358e+02  V=3.081e+02  Dw=1.039e+03  g=1.538e+03  sigma=2.451e+01  total=3.646e+03
  subnet MSE  M=1.781e+00  V=1.279e+01  Dw=3.831e-02  g=2.963e-01
[step   7450]
  train: −ELBO=-9.3860e+00  NLL=-8.7599e+00  NLL_R=-7.5162e+00  NLL_ω=-1.2436e+00  MSE_R=1.1708e-03  MSE_ω=7.6661e-02
  test : −ELBO=-7.9028e+00  NLL=-7.2945e+00  NLL_R=-7.4464e+00  NLL_ω=1.5182e-01  MSE_R=1.2256e-03  MSE_ω=1.4838e-01
  sigma: σ_R=1.9803e-02  σ_ω=1.6030e-01  β=1.0000e+00
  PL   : train=-9.8137e-01  test=-9.6342e-01  σ_φ̄(train)=3.2461e-06  σ_φ̄(test)=3.0496e-09  σ_obs_ω=5.0000e-01  λ_PL=1.00
  KL   : M=7.342e+02  V=3.067e+02  Dw=1.039e+03  g=1.534e+03  sigma=2.408e+01  total=3.637e+03
  subnet MSE  M=1.771e+00  V=1.288e+01  Dw=3.798e-02  g=2.964e-01
[step   7500]
  train: −ELBO=-9.3863e+00  NLL=-8.7592e+00  NLL_R=-7.5193e+00  NLL_ω=-1.2398e+00  MSE_R=1.1683e-03  MSE_ω=7.6856e-02
  test : −ELBO=-7.8988e+00  NLL=-7.2906e+00  NLL_R=-7.4461e+00  NLL_ω=1.5549e-01  MSE_R=1.2255e-03  MSE_ω=1.4846e-01
  sigma: σ_R=1.9752e-02  σ_ω=1.6013e-01  β=1.0000e+00
  PL   : train=-9.8150e-01  test=-9.6255e-01  σ_φ̄(train)=3.3556e-06  σ_φ̄(test)=3.1550e-09  σ_obs_ω=5.0000e-01  λ_PL=1.00
  KL   : M=7.326e+02  V=3.053e+02  Dw=1.038e+03  g=1.530e+03  sigma=2.365e+01  total=3.629e+03
  subnet MSE  M=1.778e+00  V=1.280e+01  Dw=3.811e-02  g=2.958e-01
[step   7550]
  train: −ELBO=-9.3842e+00  NLL=-8.7568e+00  NLL_R=-7.5158e+00  NLL_ω=-1.2409e+00  MSE_R=1.1711e-03  MSE_ω=7.6800e-02
  test : −ELBO=-7.8716e+00  NLL=-7.2626e+00  NLL_R=-7.4378e+00  NLL_ω=1.7516e-01  MSE_R=1.2318e-03  MSE_ω=1.4915e-01
  sigma: σ_R=1.9721e-02  σ_ω=1.5986e-01  β=1.0000e+00
  PL   : train=-9.8119e-01  test=-9.6268e-01  σ_φ̄(train)=5.8738e-06  σ_φ̄(test)=3.1561e-09  σ_obs_ω=5.0000e-01  λ_PL=1.00
  KL   : M=7.310e+02  V=3.041e+02  Dw=1.037e+03  g=1.526e+03  sigma=2.332e+01  total=3.622e+03
  subnet MSE  M=1.774e+00  V=1.276e+01  Dw=3.840e-02  g=2.960e-01
[step   7600]
  train: −ELBO=-9.3874e+00  NLL=-8.7585e+00  NLL_R=-7.5169e+00  NLL_ω=-1.2417e+00  MSE_R=1.1703e-03  MSE_ω=7.6762e-02
  test : −ELBO=-7.8914e+00  NLL=-7.2804e+00  NLL_R=-7.4450e+00  NLL_ω=1.6458e-01  MSE_R=1.2262e-03  MSE_ω=1.4852e-01
  sigma: σ_R=1.9712e-02  σ_ω=1.5973e-01  β=1.0000e+00
  PL   : train=-9.8186e-01  test=-9.6401e-01  σ_φ̄(train)=2.2790e-06  σ_φ̄(test)=3.3206e-09  σ_obs_ω=5.0000e-01  λ_PL=1.00
  KL   : M=7.293e+02  V=3.029e+02  Dw=1.037e+03  g=1.523e+03  sigma=2.293e+01  total=3.615e+03
  subnet MSE  M=1.773e+00  V=1.280e+01  Dw=3.788e-02  g=2.977e-01
[step   7650]
  train: −ELBO=-9.3947e+00  NLL=-8.7662e+00  NLL_R=-7.5205e+00  NLL_ω=-1.2457e+00  MSE_R=1.1674e-03  MSE_ω=7.6558e-02
  test : −ELBO=-7.8465e+00  NLL=-7.2369e+00  NLL_R=-7.4302e+00  NLL_ω=1.9327e-01  MSE_R=1.2378e-03  MSE_ω=1.4983e-01
  sigma: σ_R=1.9731e-02  σ_ω=1.5957e-01  β=1.0000e+00
  PL   : train=-9.8064e-01  test=-9.6164e-01  σ_φ̄(train)=5.0539e-05  σ_φ̄(test)=3.3441e-09  σ_obs_ω=5.0000e-01  λ_PL=1.00
  KL   : M=7.273e+02  V=3.013e+02  Dw=1.036e+03  g=1.518e+03  sigma=2.254e+01  total=3.605e+03
  subnet MSE  M=1.781e+00  V=1.282e+01  Dw=3.898e-02  g=2.947e-01
[step   7700]
  train: −ELBO=-9.3909e+00  NLL=-8.7612e+00  NLL_R=-7.5175e+00  NLL_ω=-1.2437e+00  MSE_R=1.1697e-03  MSE_ω=7.6659e-02
  test : −ELBO=-7.8817e+00  NLL=-7.2702e+00  NLL_R=-7.4419e+00  NLL_ω=1.7167e-01  MSE_R=1.2285e-03  MSE_ω=1.4882e-01
  sigma: σ_R=1.9696e-02  σ_ω=1.5969e-01  β=1.0000e+00
  PL   : train=-9.8119e-01  test=-9.6299e-01  σ_φ̄(train)=4.0858e-06  σ_φ̄(test)=1.9655e-09  σ_obs_ω=5.0000e-01  λ_PL=1.00
  KL   : M=7.258e+02  V=3.000e+02  Dw=1.036e+03  g=1.515e+03  sigma=2.290e+01  total=3.600e+03
  subnet MSE  M=1.777e+00  V=1.283e+01  Dw=3.796e-02  g=2.961e-01
[step   7750]
  train: −ELBO=-9.3944e+00  NLL=-8.7641e+00  NLL_R=-7.5176e+00  NLL_ω=-1.2466e+00  MSE_R=1.1697e-03  MSE_ω=7.6511e-02
  test : −ELBO=-7.8522e+00  NLL=-7.2405e+00  NLL_R=-7.4300e+00  NLL_ω=1.8956e-01  MSE_R=1.2378e-03  MSE_ω=1.4993e-01
  sigma: σ_R=1.9712e-02  σ_ω=1.5987e-01  β=1.0000e+00
  PL   : train=-9.8113e-01  test=-9.6261e-01  σ_φ̄(train)=1.3927e-06  σ_φ̄(test)=2.0004e-09  σ_obs_ω=5.0000e-01  λ_PL=1.00
  KL   : M=7.242e+02  V=2.987e+02  Dw=1.035e+03  g=1.512e+03  sigma=2.262e+01  total=3.593e+03
  subnet MSE  M=1.784e+00  V=1.284e+01  Dw=3.826e-02  g=2.963e-01
[step   7800]
  train: −ELBO=-9.3939e+00  NLL=-8.7629e+00  NLL_R=-7.5190e+00  NLL_ω=-1.2439e+00  MSE_R=1.1686e-03  MSE_ω=7.6648e-02
  test : −ELBO=-7.8317e+00  NLL=-7.2194e+00  NLL_R=-7.4210e+00  NLL_ω=2.0165e-01  MSE_R=1.2450e-03  MSE_ω=1.5077e-01
  sigma: σ_R=1.9745e-02  σ_ω=1.6010e-01  β=1.0000e+00
  PL   : train=-9.8129e-01  test=-9.6254e-01  σ_φ̄(train)=5.4384e-06  σ_φ̄(test)=1.7860e-09  σ_obs_ω=5.0000e-01  λ_PL=1.00
  KL   : M=7.227e+02  V=2.974e+02  Dw=1.034e+03  g=1.510e+03  sigma=2.249e+01  total=3.586e+03
  subnet MSE  M=1.775e+00  V=1.285e+01  Dw=3.819e-02  g=2.971e-01
[step   7850]
  train: −ELBO=-9.3914e+00  NLL=-8.7593e+00  NLL_R=-7.5194e+00  NLL_ω=-1.2399e+00  MSE_R=1.1683e-03  MSE_ω=7.6851e-02
  test : −ELBO=-7.8410e+00  NLL=-7.2277e+00  NLL_R=-7.4262e+00  NLL_ω=1.9852e-01  MSE_R=1.2408e-03  MSE_ω=1.5042e-01
  sigma: σ_R=1.9721e-02  σ_ω=1.5992e-01  β=1.0000e+00
  PL   : train=-9.8169e-01  test=-9.6298e-01  σ_φ̄(train)=2.6716e-06  σ_φ̄(test)=1.7254e-09  σ_obs_ω=5.0000e-01  λ_PL=1.00
  KL   : M=7.217e+02  V=2.961e+02  Dw=1.034e+03  g=1.507e+03  sigma=2.222e+01  total=3.580e+03
  subnet MSE  M=1.782e+00  V=1.290e+01  Dw=3.752e-02  g=2.967e-01
[step   7900]
  train: −ELBO=-9.4018e+00  NLL=-8.7697e+00  NLL_R=-7.5205e+00  NLL_ω=-1.2492e+00  MSE_R=1.1675e-03  MSE_ω=7.6377e-02
  test : −ELBO=-7.8293e+00  NLL=-7.2159e+00  NLL_R=-7.4211e+00  NLL_ω=2.0514e-01  MSE_R=1.2450e-03  MSE_ω=1.5086e-01
  sigma: σ_R=1.9757e-02  σ_ω=1.6004e-01  β=1.0000e+00
  PL   : train=-9.8125e-01  test=-9.6251e-01  σ_φ̄(train)=5.2941e-07  σ_φ̄(test)=1.7458e-09  σ_obs_ω=5.0000e-01  λ_PL=1.00
  KL   : M=7.208e+02  V=2.951e+02  Dw=1.033e+03  g=1.504e+03  sigma=2.194e+01  total=3.575e+03
  subnet MSE  M=1.770e+00  V=1.288e+01  Dw=3.788e-02  g=2.962e-01
[step   7950]
  train: −ELBO=-9.3925e+00  NLL=-8.7591e+00  NLL_R=-7.5197e+00  NLL_ω=-1.2394e+00  MSE_R=1.1681e-03  MSE_ω=7.6878e-02
  test : −ELBO=-7.8101e+00  NLL=-7.1956e+00  NLL_R=-7.4143e+00  NLL_ω=2.1873e-01  MSE_R=1.2502e-03  MSE_ω=1.5149e-01
  sigma: σ_R=1.9738e-02  σ_ω=1.5995e-01  β=1.0000e+00
  PL   : train=-9.8187e-01  test=-9.6303e-01  σ_φ̄(train)=8.1208e-06  σ_φ̄(test)=1.7770e-09  σ_obs_ω=5.0000e-01  λ_PL=1.00
  KL   : M=7.199e+02  V=2.938e+02  Dw=1.033e+03  g=1.501e+03  sigma=2.163e+01  total=3.569e+03
  subnet MSE  M=1.753e+00  V=1.291e+01  Dw=3.823e-02  g=2.973e-01
[step   8000]
  train: −ELBO=-9.3875e+00  NLL=-8.7542e+00  NLL_R=-7.5149e+00  NLL_ω=-1.2393e+00  MSE_R=1.1718e-03  MSE_ω=7.6884e-02
  test : −ELBO=-7.7991e+00  NLL=-7.1854e+00  NLL_R=-7.4112e+00  NLL_ω=2.2577e-01  MSE_R=1.2528e-03  MSE_ω=1.5180e-01
  sigma: σ_R=1.9755e-02  σ_ω=1.5991e-01  β=1.0000e+00
  PL   : train=-9.8136e-01  test=-9.6177e-01  σ_φ̄(train)=5.3846e-06  σ_φ̄(test)=1.8373e-09  σ_obs_ω=5.0000e-01  λ_PL=1.00
  KL   : M=7.192e+02  V=2.929e+02  Dw=1.033e+03  g=1.498e+03  sigma=2.140e+01  total=3.564e+03
  subnet MSE  M=1.758e+00  V=1.283e+01  Dw=3.769e-02  g=2.973e-01
[step   8050]
  train: −ELBO=-9.3876e+00  NLL=-8.7550e+00  NLL_R=-7.5170e+00  NLL_ω=-1.2379e+00  MSE_R=1.1702e-03  MSE_ω=7.6951e-02
  test : −ELBO=-7.7768e+00  NLL=-7.1635e+00  NLL_R=-7.4046e+00  NLL_ω=2.4110e-01  MSE_R=1.2575e-03  MSE_ω=1.5227e-01
  sigma: σ_R=1.9706e-02  σ_ω=1.5959e-01  β=1.0000e+00
  PL   : train=-9.8023e-01  test=-9.6089e-01  σ_φ̄(train)=1.4955e-06  σ_φ̄(test)=1.6311e-09  σ_obs_ω=5.0000e-01  λ_PL=1.00
  KL   : M=7.180e+02  V=2.918e+02  Dw=1.033e+03  g=1.496e+03  sigma=2.120e+01  total=3.559e+03
  subnet MSE  M=1.770e+00  V=1.285e+01  Dw=3.862e-02  g=2.939e-01
[step   8100]
  train: −ELBO=-9.4226e+00  NLL=-8.7876e+00  NLL_R=-7.5309e+00  NLL_ω=-1.2567e+00  MSE_R=1.1594e-03  MSE_ω=7.5997e-02
  test : −ELBO=-7.7864e+00  NLL=-7.1703e+00  NLL_R=-7.4091e+00  NLL_ω=2.3881e-01  MSE_R=1.2537e-03  MSE_ω=1.5189e-01
  sigma: σ_R=1.9677e-02  σ_ω=1.5933e-01  β=1.0000e+00
  PL   : train=-9.8192e-01  test=-9.6298e-01  σ_φ̄(train)=9.2929e-06  σ_φ̄(test)=1.6915e-09  σ_obs_ω=5.0000e-01  λ_PL=1.00
  KL   : M=7.164e+02  V=2.906e+02  Dw=1.032e+03  g=1.492e+03  sigma=2.087e+01  total=3.553e+03
  subnet MSE  M=1.761e+00  V=1.291e+01  Dw=3.831e-02  g=2.971e-01
[step   8150]
  train: −ELBO=-9.4355e+00  NLL=-8.8007e+00  NLL_R=-7.5336e+00  NLL_ω=-1.2671e+00  MSE_R=1.1572e-03  MSE_ω=7.5469e-02
  test : −ELBO=-7.8179e+00  NLL=-7.2022e+00  NLL_R=-7.4198e+00  NLL_ω=2.1764e-01  MSE_R=1.2457e-03  MSE_ω=1.5086e-01
  sigma: σ_R=1.9718e-02  σ_ω=1.5935e-01  β=1.0000e+00
  PL   : train=-9.8108e-01  test=-9.6199e-01  σ_φ̄(train)=2.3679e-06  σ_φ̄(test)=1.8348e-09  σ_obs_ω=5.0000e-01  λ_PL=1.00
  KL   : M=7.150e+02  V=2.891e+02  Dw=1.032e+03  g=1.490e+03  sigma=2.047e+01  total=3.546e+03
  subnet MSE  M=1.774e+00  V=1.281e+01  Dw=3.801e-02  g=2.952e-01
[step   8200]
  train: −ELBO=-9.4138e+00  NLL=-8.7781e+00  NLL_R=-7.5270e+00  NLL_ω=-1.2511e+00  MSE_R=1.1624e-03  MSE_ω=7.6280e-02
  test : −ELBO=-7.8055e+00  NLL=-7.1891e+00  NLL_R=-7.4163e+00  NLL_ω=2.2712e-01  MSE_R=1.2483e-03  MSE_ω=1.5126e-01
  sigma: σ_R=1.9701e-02  σ_ω=1.5926e-01  β=1.0000e+00
  PL   : train=-9.8166e-01  test=-9.6226e-01  σ_φ̄(train)=1.3108e-06  σ_φ̄(test)=1.0311e-09  σ_obs_ω=5.0000e-01  λ_PL=1.00
  KL   : M=7.140e+02  V=2.881e+02  Dw=1.032e+03  g=1.487e+03  sigma=2.087e+01  total=3.542e+03
  subnet MSE  M=1.773e+00  V=1.288e+01  Dw=3.801e-02  g=2.967e-01
[step   8250]
  train: −ELBO=-9.4198e+00  NLL=-8.7829e+00  NLL_R=-7.5292e+00  NLL_ω=-1.2537e+00  MSE_R=1.1607e-03  MSE_ω=7.6147e-02
  test : −ELBO=-7.7784e+00  NLL=-7.1605e+00  NLL_R=-7.4089e+00  NLL_ω=2.4837e-01  MSE_R=1.2530e-03  MSE_ω=1.5187e-01
  sigma: σ_R=1.9599e-02  σ_ω=1.5878e-01  β=1.0000e+00
  PL   : train=-9.8227e-01  test=-9.6319e-01  σ_φ̄(train)=1.3035e-06  σ_φ̄(test)=1.1562e-09  σ_obs_ω=5.0000e-01  λ_PL=1.00
  KL   : M=7.128e+02  V=2.868e+02  Dw=1.032e+03  g=1.484e+03  sigma=2.051e+01  total=3.537e+03
  subnet MSE  M=1.767e+00  V=1.279e+01  Dw=3.825e-02  g=2.978e-01
[step   8300]
  train: −ELBO=-9.4013e+00  NLL=-8.7647e+00  NLL_R=-7.5165e+00  NLL_ω=-1.2483e+00  MSE_R=1.1705e-03  MSE_ω=7.6425e-02
  test : −ELBO=-7.7921e+00  NLL=-7.1748e+00  NLL_R=-7.4112e+00  NLL_ω=2.3638e-01  MSE_R=1.2519e-03  MSE_ω=1.5167e-01
  sigma: σ_R=1.9663e-02  σ_ω=1.5923e-01  β=1.0000e+00
  PL   : train=-9.8153e-01  test=-9.6231e-01  σ_φ̄(train)=3.5616e-06  σ_φ̄(test)=1.2608e-09  σ_obs_ω=5.0000e-01  λ_PL=1.00
  KL   : M=7.125e+02  V=2.858e+02  Dw=1.032e+03  g=1.482e+03  sigma=2.024e+01  total=3.533e+03
  subnet MSE  M=1.766e+00  V=1.281e+01  Dw=3.846e-02  g=2.963e-01
[step   8350]
  train: −ELBO=-9.4399e+00  NLL=-8.8033e+00  NLL_R=-7.5342e+00  NLL_ω=-1.2691e+00  MSE_R=1.1568e-03  MSE_ω=7.5373e-02
  test : −ELBO=-7.7920e+00  NLL=-7.1750e+00  NLL_R=-7.4144e+00  NLL_ω=2.3945e-01  MSE_R=1.2491e-03  MSE_ω=1.5137e-01
  sigma: σ_R=1.9624e-02  σ_ω=1.5872e-01  β=1.0000e+00
  PL   : train=-9.8122e-01  test=-9.6159e-01  σ_φ̄(train)=1.2407e-06  σ_φ̄(test)=1.2755e-09  σ_obs_ω=5.0000e-01  λ_PL=1.00
  KL   : M=7.114e+02  V=2.849e+02  Dw=1.032e+03  g=1.481e+03  sigma=2.000e+01  total=3.528e+03
  subnet MSE  M=1.767e+00  V=1.281e+01  Dw=3.875e-02  g=2.953e-01
[step   8400]
  train: −ELBO=-9.4350e+00  NLL=-8.7973e+00  NLL_R=-7.5316e+00  NLL_ω=-1.2656e+00  MSE_R=1.1588e-03  MSE_ω=7.5545e-02
  test : −ELBO=-7.7705e+00  NLL=-7.1526e+00  NLL_R=-7.4053e+00  NLL_ω=2.5269e-01  MSE_R=1.2566e-03  MSE_ω=1.5225e-01
  sigma: σ_R=1.9668e-02  σ_ω=1.5895e-01  β=1.0000e+00
  PL   : train=-9.8186e-01  test=-9.6206e-01  σ_φ̄(train)=1.5337e-05  σ_φ̄(test)=1.3860e-09  σ_obs_ω=5.0000e-01  λ_PL=1.00
  KL   : M=7.102e+02  V=2.838e+02  Dw=1.032e+03  g=1.479e+03  sigma=1.970e+01  total=3.524e+03
  subnet MSE  M=1.769e+00  V=1.283e+01  Dw=3.823e-02  g=2.966e-01
[step   8450]
  train: −ELBO=-9.4352e+00  NLL=-8.7978e+00  NLL_R=-7.5302e+00  NLL_ω=-1.2676e+00  MSE_R=1.1599e-03  MSE_ω=7.5448e-02
  test : −ELBO=-7.7699e+00  NLL=-7.1534e+00  NLL_R=-7.4054e+00  NLL_ω=2.5199e-01  MSE_R=1.2563e-03  MSE_ω=1.5217e-01
  sigma: σ_R=1.9656e-02  σ_ω=1.5889e-01  β=1.0000e+00
  PL   : train=-9.8117e-01  test=-9.6026e-01  σ_φ̄(train)=2.8699e-05  σ_φ̄(test)=1.3844e-09  σ_obs_ω=5.0000e-01  λ_PL=1.00
  KL   : M=7.089e+02  V=2.828e+02  Dw=1.032e+03  g=1.477e+03  sigma=1.946e+01  total=3.520e+03
  subnet MSE  M=1.776e+00  V=1.275e+01  Dw=3.881e-02  g=2.951e-01
[step   8500]
  train: −ELBO=-9.4335e+00  NLL=-8.7954e+00  NLL_R=-7.5320e+00  NLL_ω=-1.2635e+00  MSE_R=1.1586e-03  MSE_ω=7.5655e-02
  test : −ELBO=-7.7438e+00  NLL=-7.1252e+00  NLL_R=-7.3963e+00  NLL_ω=2.7117e-01  MSE_R=1.2632e-03  MSE_ω=1.5304e-01
  sigma: σ_R=1.9644e-02  σ_ω=1.5879e-01  β=1.0000e+00
  PL   : train=-9.8130e-01  test=-9.6183e-01  σ_φ̄(train)=2.9834e-06  σ_φ̄(test)=1.5264e-09  σ_obs_ω=5.0000e-01  λ_PL=1.00
  KL   : M=7.077e+02  V=2.817e+02  Dw=1.032e+03  g=1.474e+03  sigma=1.909e+01  total=3.515e+03
  subnet MSE  M=1.769e+00  V=1.276e+01  Dw=3.883e-02  g=2.963e-01
[step   8550]
  train: −ELBO=-9.4498e+00  NLL=-8.8106e+00  NLL_R=-7.5386e+00  NLL_ω=-1.2720e+00  MSE_R=1.1534e-03  MSE_ω=7.5226e-02
  test : −ELBO=-7.7636e+00  NLL=-7.1437e+00  NLL_R=-7.4050e+00  NLL_ω=2.6127e-01  MSE_R=1.2563e-03  MSE_ω=1.5219e-01
  sigma: σ_R=1.9619e-02  σ_ω=1.5841e-01  β=1.0000e+00
  PL   : train=-9.8194e-01  test=-9.6267e-01  σ_φ̄(train)=2.1254e-06  σ_φ̄(test)=1.2765e-09  σ_obs_ω=5.0000e-01  λ_PL=1.00
  KL   : M=7.066e+02  V=2.804e+02  Dw=1.032e+03  g=1.472e+03  sigma=1.886e+01  total=3.510e+03
  subnet MSE  M=1.773e+00  V=1.282e+01  Dw=3.904e-02  g=2.978e-01
[step   8600]
  train: −ELBO=-9.4348e+00  NLL=-8.7949e+00  NLL_R=-7.5318e+00  NLL_ω=-1.2632e+00  MSE_R=1.1587e-03  MSE_ω=7.5669e-02
  test : −ELBO=-7.8085e+00  NLL=-7.1879e+00  NLL_R=-7.4204e+00  NLL_ω=2.3248e-01  MSE_R=1.2448e-03  MSE_ω=1.5079e-01
  sigma: σ_R=1.9662e-02  σ_ω=1.5847e-01  β=1.0000e+00
  PL   : train=-9.8213e-01  test=-9.6290e-01  σ_φ̄(train)=1.9659e-06  σ_φ̄(test)=1.0010e-09  σ_obs_ω=5.0000e-01  λ_PL=1.00
  KL   : M=7.054e+02  V=2.795e+02  Dw=1.032e+03  g=1.470e+03  sigma=1.875e+01  total=3.505e+03
  subnet MSE  M=1.777e+00  V=1.276e+01  Dw=3.866e-02  g=2.973e-01
[step   8650]
  train: −ELBO=-9.4576e+00  NLL=-8.8174e+00  NLL_R=-7.5403e+00  NLL_ω=-1.2770e+00  MSE_R=1.1521e-03  MSE_ω=7.4972e-02
  test : −ELBO=-7.7411e+00  NLL=-7.1209e+00  NLL_R=-7.3981e+00  NLL_ω=2.7721e-01  MSE_R=1.2617e-03  MSE_ω=1.5289e-01
  sigma: σ_R=1.9623e-02  σ_ω=1.5832e-01  β=1.0000e+00
  PL   : train=-9.8197e-01  test=-9.6199e-01  σ_φ̄(train)=9.2983e-07  σ_φ̄(test)=9.5271e-10  σ_obs_ω=5.0000e-01  λ_PL=1.00
  KL   : M=7.045e+02  V=2.783e+02  Dw=1.032e+03  g=1.467e+03  sigma=1.846e+01  total=3.500e+03
  subnet MSE  M=1.774e+00  V=1.281e+01  Dw=3.829e-02  g=2.969e-01
[step   8700]
  train: −ELBO=-9.4490e+00  NLL=-8.8082e+00  NLL_R=-7.5394e+00  NLL_ω=-1.2688e+00  MSE_R=1.1528e-03  MSE_ω=7.5386e-02
  test : −ELBO=-7.7360e+00  NLL=-7.1151e+00  NLL_R=-7.3961e+00  NLL_ω=2.8105e-01  MSE_R=1.2630e-03  MSE_ω=1.5307e-01
  sigma: σ_R=1.9612e-02  σ_ω=1.5831e-01  β=1.0000e+00
  PL   : train=-9.8217e-01  test=-9.6237e-01  σ_φ̄(train)=1.1847e-05  σ_φ̄(test)=8.4894e-10  σ_obs_ω=5.0000e-01  λ_PL=1.00
  KL   : M=7.034e+02  V=2.775e+02  Dw=1.032e+03  g=1.465e+03  sigma=1.835e+01  total=3.496e+03
  subnet MSE  M=1.776e+00  V=1.282e+01  Dw=3.888e-02  g=2.974e-01
[step   8750]
  train: −ELBO=-9.4294e+00  NLL=-8.7886e+00  NLL_R=-7.5267e+00  NLL_ω=-1.2619e+00  MSE_R=1.1626e-03  MSE_ω=7.5731e-02
  test : −ELBO=-7.7577e+00  NLL=-7.1366e+00  NLL_R=-7.4037e+00  NLL_ω=2.6710e-01  MSE_R=1.2569e-03  MSE_ω=1.5229e-01
  sigma: σ_R=1.9578e-02  σ_ω=1.5822e-01  β=1.0000e+00
  PL   : train=-9.8188e-01  test=-9.6219e-01  σ_φ̄(train)=1.9907e-06  σ_φ̄(test)=7.8463e-10  σ_obs_ω=5.0000e-01  λ_PL=1.00
  KL   : M=7.024e+02  V=2.764e+02  Dw=1.032e+03  g=1.463e+03  sigma=1.813e+01  total=3.492e+03
  subnet MSE  M=1.769e+00  V=1.274e+01  Dw=3.907e-02  g=2.969e-01
[step   8800]
  train: −ELBO=-9.4636e+00  NLL=-8.8222e+00  NLL_R=-7.5425e+00  NLL_ω=-1.2797e+00  MSE_R=1.1505e-03  MSE_ω=7.4841e-02
  test : −ELBO=-7.7631e+00  NLL=-7.1415e+00  NLL_R=-7.4075e+00  NLL_ω=2.6596e-01  MSE_R=1.2542e-03  MSE_ω=1.5195e-01
  sigma: σ_R=1.9597e-02  σ_ω=1.5794e-01  β=1.0000e+00
  PL   : train=-9.8209e-01  test=-9.6219e-01  σ_φ̄(train)=1.6850e-06  σ_φ̄(test)=5.8478e-10  σ_obs_ω=5.0000e-01  λ_PL=1.00
  KL   : M=7.014e+02  V=2.753e+02  Dw=1.032e+03  g=1.461e+03  sigma=1.802e+01  total=3.488e+03
  subnet MSE  M=1.779e+00  V=1.276e+01  Dw=3.911e-02  g=2.967e-01
[step   8850]
  train: −ELBO=-9.4606e+00  NLL=-8.8192e+00  NLL_R=-7.5382e+00  NLL_ω=-1.2810e+00  MSE_R=1.1538e-03  MSE_ω=7.4776e-02
  test : −ELBO=-7.7060e+00  NLL=-7.0860e+00  NLL_R=-7.3860e+00  NLL_ω=2.9998e-01  MSE_R=1.2709e-03  MSE_ω=1.5399e-01
  sigma: σ_R=1.9620e-02  σ_ω=1.5829e-01  β=1.0000e+00
  PL   : train=-9.8168e-01  test=-9.6033e-01  σ_φ̄(train)=1.5113e-06  σ_φ̄(test)=3.8977e-10  σ_obs_ω=5.0000e-01  λ_PL=1.00
  KL   : M=7.009e+02  V=2.744e+02  Dw=1.032e+03  g=1.459e+03  sigma=1.811e+01  total=3.485e+03
  subnet MSE  M=1.770e+00  V=1.280e+01  Dw=3.910e-02  g=2.956e-01
[step   8900]
  train: −ELBO=-9.4581e+00  NLL=-8.8161e+00  NLL_R=-7.5402e+00  NLL_ω=-1.2759e+00  MSE_R=1.1522e-03  MSE_ω=7.5032e-02
  test : −ELBO=-7.7615e+00  NLL=-7.1393e+00  NLL_R=-7.4065e+00  NLL_ω=2.6713e-01  MSE_R=1.2552e-03  MSE_ω=1.5212e-01
  sigma: σ_R=1.9616e-02  σ_ω=1.5803e-01  β=1.0000e+00
  PL   : train=-9.8186e-01  test=-9.6202e-01  σ_φ̄(train)=9.6340e-07  σ_φ̄(test)=4.1600e-10  σ_obs_ω=5.0000e-01  λ_PL=1.00
  KL   : M=7.000e+02  V=2.735e+02  Dw=1.032e+03  g=1.457e+03  sigma=1.783e+01  total=3.481e+03
  subnet MSE  M=1.781e+00  V=1.279e+01  Dw=3.933e-02  g=2.964e-01
[step   8950]
  train: −ELBO=-9.4678e+00  NLL=-8.8256e+00  NLL_R=-7.5459e+00  NLL_ω=-1.2796e+00  MSE_R=1.1478e-03  MSE_ω=7.4843e-02
  test : −ELBO=-7.7007e+00  NLL=-7.0786e+00  NLL_R=-7.3859e+00  NLL_ω=3.0729e-01  MSE_R=1.2704e-03  MSE_ω=1.5394e-01
  sigma: σ_R=1.9565e-02  σ_ω=1.5788e-01  β=1.0000e+00
  PL   : train=-9.8174e-01  test=-9.6155e-01  σ_φ̄(train)=2.5163e-05  σ_φ̄(test)=5.0953e-10  σ_obs_ω=5.0000e-01  λ_PL=1.00
  KL   : M=6.993e+02  V=2.725e+02  Dw=1.032e+03  g=1.455e+03  sigma=1.743e+01  total=3.476e+03
  subnet MSE  M=1.786e+00  V=1.289e+01  Dw=3.874e-02  g=2.965e-01
[step   9000]
  train: −ELBO=-9.4590e+00  NLL=-8.8158e+00  NLL_R=-7.5369e+00  NLL_ω=-1.2789e+00  MSE_R=1.1547e-03  MSE_ω=7.4880e-02
  test : −ELBO=-7.7369e+00  NLL=-7.1134e+00  NLL_R=-7.3983e+00  NLL_ω=2.8492e-01  MSE_R=1.2611e-03  MSE_ω=1.5290e-01
  sigma: σ_R=1.9585e-02  σ_ω=1.5794e-01  β=1.0000e+00
  PL   : train=-9.8244e-01  test=-9.6283e-01  σ_φ̄(train)=2.6332e-06  σ_φ̄(test)=5.0234e-10  σ_obs_ω=5.0000e-01  λ_PL=1.00
  KL   : M=6.990e+02  V=2.719e+02  Dw=1.033e+03  g=1.453e+03  sigma=1.728e+01  total=3.474e+03
  subnet MSE  M=1.782e+00  V=1.285e+01  Dw=3.892e-02  g=2.982e-01
[step   9050]
  train: −ELBO=-9.4567e+00  NLL=-8.8135e+00  NLL_R=-7.5349e+00  NLL_ω=-1.2786e+00  MSE_R=1.1563e-03  MSE_ω=7.4897e-02
  test : −ELBO=-7.7289e+00  NLL=-7.1057e+00  NLL_R=-7.3947e+00  NLL_ω=2.8904e-01  MSE_R=1.2636e-03  MSE_ω=1.5315e-01
  sigma: σ_R=1.9565e-02  σ_ω=1.5800e-01  β=1.0000e+00
  PL   : train=-9.8216e-01  test=-9.6214e-01  σ_φ̄(train)=6.6876e-06  σ_φ̄(test)=5.2290e-10  σ_obs_ω=5.0000e-01  λ_PL=1.00
  KL   : M=6.983e+02  V=2.709e+02  Dw=1.033e+03  g=1.451e+03  sigma=1.698e+01  total=3.470e+03
  subnet MSE  M=1.781e+00  V=1.280e+01  Dw=3.883e-02  g=2.974e-01
[step   9100]
  train: −ELBO=-9.4536e+00  NLL=-8.8096e+00  NLL_R=-7.5361e+00  NLL_ω=-1.2735e+00  MSE_R=1.1554e-03  MSE_ω=7.5149e-02
  test : −ELBO=-7.7057e+00  NLL=-7.0818e+00  NLL_R=-7.3865e+00  NLL_ω=3.0469e-01  MSE_R=1.2702e-03  MSE_ω=1.5394e-01
  sigma: σ_R=1.9581e-02  σ_ω=1.5800e-01  β=1.0000e+00
  PL   : train=-9.8254e-01  test=-9.6243e-01  σ_φ̄(train)=5.5131e-06  σ_φ̄(test)=3.8815e-10  σ_obs_ω=5.0000e-01  λ_PL=1.00
  KL   : M=6.973e+02  V=2.699e+02  Dw=1.033e+03  g=1.449e+03  sigma=1.687e+01  total=3.466e+03
  subnet MSE  M=1.774e+00  V=1.281e+01  Dw=3.839e-02  g=2.977e-01
[step   9150]
  train: −ELBO=-9.4853e+00  NLL=-8.8410e+00  NLL_R=-7.5473e+00  NLL_ω=-1.2937e+00  MSE_R=1.1467e-03  MSE_ω=7.4140e-02
  test : −ELBO=-7.6920e+00  NLL=-7.0682e+00  NLL_R=-7.3804e+00  NLL_ω=3.1221e-01  MSE_R=1.2751e-03  MSE_ω=1.5445e-01
  sigma: σ_R=1.9614e-02  σ_ω=1.5813e-01  β=1.0000e+00
  PL   : train=-9.8230e-01  test=-9.6184e-01  σ_φ̄(train)=2.9096e-06  σ_φ̄(test)=4.3467e-10  σ_obs_ω=5.0000e-01  λ_PL=1.00
  KL   : M=6.962e+02  V=2.687e+02  Dw=1.034e+03  g=1.447e+03  sigma=1.644e+01  total=3.462e+03
  subnet MSE  M=1.778e+00  V=1.277e+01  Dw=3.980e-02  g=2.972e-01
[step   9200]
  train: −ELBO=-9.4705e+00  NLL=-8.8259e+00  NLL_R=-7.5460e+00  NLL_ω=-1.2800e+00  MSE_R=1.1478e-03  MSE_ω=7.4825e-02
  test : −ELBO=-7.6899e+00  NLL=-7.0658e+00  NLL_R=-7.3804e+00  NLL_ω=3.1465e-01  MSE_R=1.2751e-03  MSE_ω=1.5447e-01
  sigma: σ_R=1.9611e-02  σ_ω=1.5803e-01  β=1.0000e+00
  PL   : train=-9.8235e-01  test=-9.6189e-01  σ_φ̄(train)=3.7540e-06  σ_φ̄(test)=1.4228e-10  σ_obs_ω=5.0000e-01  λ_PL=1.00
  KL   : M=6.953e+02  V=2.678e+02  Dw=1.034e+03  g=1.444e+03  sigma=1.735e+01  total=3.459e+03
  subnet MSE  M=1.771e+00  V=1.280e+01  Dw=3.827e-02  g=2.974e-01
[step   9250]
  train: −ELBO=-9.4710e+00  NLL=-8.8262e+00  NLL_R=-7.5426e+00  NLL_ω=-1.2836e+00  MSE_R=1.1504e-03  MSE_ω=7.4645e-02
  test : −ELBO=-7.6796e+00  NLL=-7.0684e+00  NLL_R=-7.3815e+00  NLL_ω=3.1313e-01  MSE_R=1.2737e-03  MSE_ω=1.5413e-01
  sigma: σ_R=1.9567e-02  σ_ω=1.5777e-01  β=1.0000e+00
  PL   : train=-9.8242e-01  test=-9.4872e-01  σ_φ̄(train)=1.2246e-06  σ_φ̄(test)=1.1408e-10  σ_obs_ω=5.0000e-01  λ_PL=1.00
  KL   : M=6.945e+02  V=2.671e+02  Dw=1.035e+03  g=1.443e+03  sigma=1.771e+01  total=3.457e+03
  subnet MSE  M=1.773e+00  V=1.278e+01  Dw=3.946e-02  g=2.978e-01
[step   9300]
  train: −ELBO=-9.4458e+00  NLL=-8.8005e+00  NLL_R=-7.5322e+00  NLL_ω=-1.2682e+00  MSE_R=1.1583e-03  MSE_ω=7.5409e-02
  test : −ELBO=-7.7130e+00  NLL=-7.0877e+00  NLL_R=-7.3904e+00  NLL_ω=3.0270e-01  MSE_R=1.2669e-03  MSE_ω=1.5348e-01
  sigma: σ_R=1.9570e-02  σ_ω=1.5763e-01  β=1.0000e+00
  PL   : train=-9.8263e-01  test=-9.6257e-01  σ_φ̄(train)=3.5153e-05  σ_φ̄(test)=1.1778e-10  σ_obs_ω=5.0000e-01  λ_PL=1.00
  KL   : M=6.940e+02  V=2.665e+02  Dw=1.035e+03  g=1.441e+03  sigma=1.759e+01  total=3.454e+03
  subnet MSE  M=1.779e+00  V=1.276e+01  Dw=3.846e-02  g=2.982e-01
[step   9350]
  train: −ELBO=-9.4717e+00  NLL=-8.8259e+00  NLL_R=-7.5412e+00  NLL_ω=-1.2847e+00  MSE_R=1.1514e-03  MSE_ω=7.4593e-02
  test : −ELBO=-7.6929e+00  NLL=-7.0671e+00  NLL_R=-7.3836e+00  NLL_ω=3.1658e-01  MSE_R=1.2721e-03  MSE_ω=1.5410e-01
  sigma: σ_R=1.9567e-02  σ_ω=1.5756e-01  β=1.0000e+00
  PL   : train=-9.8287e-01  test=-9.6285e-01  σ_φ̄(train)=5.8437e-07  σ_φ̄(test)=1.2247e-10  σ_obs_ω=5.0000e-01  λ_PL=1.00
  KL   : M=6.936e+02  V=2.657e+02  Dw=1.035e+03  g=1.439e+03  sigma=1.746e+01  total=3.451e+03
  subnet MSE  M=1.777e+00  V=1.276e+01  Dw=3.904e-02  g=2.991e-01
[step   9400]
  train: −ELBO=-9.4757e+00  NLL=-8.8304e+00  NLL_R=-7.5476e+00  NLL_ω=-1.2828e+00  MSE_R=1.1466e-03  MSE_ω=7.4686e-02
  test : −ELBO=-7.6914e+00  NLL=-7.0667e+00  NLL_R=-7.3811e+00  NLL_ω=3.1434e-01  MSE_R=1.2743e-03  MSE_ω=1.5433e-01
  sigma: σ_R=1.9588e-02  σ_ω=1.5790e-01  β=1.0000e+00
  PL   : train=-9.8217e-01  test=-9.6150e-01  σ_φ̄(train)=1.6149e-06  σ_φ̄(test)=1.0508e-10  σ_obs_ω=5.0000e-01  λ_PL=1.00
  KL   : M=6.935e+02  V=2.651e+02  Dw=1.036e+03  g=1.437e+03  sigma=1.742e+01  total=3.449e+03
  subnet MSE  M=1.775e+00  V=1.279e+01  Dw=3.892e-02  g=2.975e-01
[step   9450]
  train: −ELBO=-9.4945e+00  NLL=-8.8485e+00  NLL_R=-7.5545e+00  NLL_ω=-1.2940e+00  MSE_R=1.1413e-03  MSE_ω=7.4131e-02
  test : −ELBO=-7.6528e+00  NLL=-7.0277e+00  NLL_R=-7.3700e+00  NLL_ω=3.4223e-01  MSE_R=1.2828e-03  MSE_ω=1.5539e-01
  sigma: σ_R=1.9587e-02  σ_ω=1.5760e-01  β=1.0000e+00
  PL   : train=-9.8258e-01  test=-9.6160e-01  σ_φ̄(train)=5.0556e-07  σ_φ̄(test)=1.0138e-10  σ_obs_ω=5.0000e-01  λ_PL=1.00
  KL   : M=6.929e+02  V=2.641e+02  Dw=1.036e+03  g=1.435e+03  sigma=1.731e+01  total=3.446e+03
  subnet MSE  M=1.781e+00  V=1.277e+01  Dw=3.907e-02  g=2.980e-01
[step   9500]
  train: −ELBO=-9.4701e+00  NLL=-8.8240e+00  NLL_R=-7.5456e+00  NLL_ω=-1.2784e+00  MSE_R=1.1481e-03  MSE_ω=7.4903e-02
  test : −ELBO=-7.6799e+00  NLL=-7.0542e+00  NLL_R=-7.3783e+00  NLL_ω=3.2411e-01  MSE_R=1.2759e-03  MSE_ω=1.5458e-01
  sigma: σ_R=1.9543e-02  σ_ω=1.5760e-01  β=1.0000e+00
  PL   : train=-9.8228e-01  test=-9.6185e-01  σ_φ̄(train)=2.3672e-07  σ_φ̄(test)=1.0414e-10  σ_obs_ω=5.0000e-01  λ_PL=1.00
  KL   : M=6.923e+02  V=2.634e+02  Dw=1.037e+03  g=1.434e+03  sigma=1.717e+01  total=3.443e+03
  subnet MSE  M=1.773e+00  V=1.277e+01  Dw=3.868e-02  g=2.975e-01
[step   9550]
  train: −ELBO=-9.4679e+00  NLL=-8.8218e+00  NLL_R=-7.5398e+00  NLL_ω=-1.2820e+00  MSE_R=1.1526e-03  MSE_ω=7.4724e-02
  test : −ELBO=-7.6797e+00  NLL=-7.0539e+00  NLL_R=-7.3785e+00  NLL_ω=3.2451e-01  MSE_R=1.2761e-03  MSE_ω=1.5450e-01
  sigma: σ_R=1.9572e-02  σ_ω=1.5757e-01  β=1.0000e+00
  PL   : train=-9.8210e-01  test=-9.6168e-01  σ_φ̄(train)=4.7225e-07  σ_φ̄(test)=1.0779e-10  σ_obs_ω=5.0000e-01  λ_PL=1.00
  KL   : M=6.915e+02  V=2.627e+02  Dw=1.037e+03  g=1.432e+03  sigma=1.700e+01  total=3.440e+03
  subnet MSE  M=1.778e+00  V=1.277e+01  Dw=3.901e-02  g=2.969e-01
[step   9600]
  train: −ELBO=-9.4864e+00  NLL=-8.8397e+00  NLL_R=-7.5492e+00  NLL_ω=-1.2905e+00  MSE_R=1.1453e-03  MSE_ω=7.4303e-02
  test : −ELBO=-7.6629e+00  NLL=-7.0368e+00  NLL_R=-7.3727e+00  NLL_ω=3.3586e-01  MSE_R=1.2807e-03  MSE_ω=1.5516e-01
  sigma: σ_R=1.9578e-02  σ_ω=1.5766e-01  β=1.0000e+00
  PL   : train=-9.8249e-01  test=-9.6185e-01  σ_φ̄(train)=6.0440e-07  σ_φ̄(test)=1.1679e-10  σ_obs_ω=5.0000e-01  λ_PL=1.00
  KL   : M=6.914e+02  V=2.619e+02  Dw=1.038e+03  g=1.430e+03  sigma=1.682e+01  total=3.438e+03
  subnet MSE  M=1.773e+00  V=1.281e+01  Dw=3.921e-02  g=2.979e-01
[step   9650]
  train: −ELBO=-9.4896e+00  NLL=-8.8426e+00  NLL_R=-7.5513e+00  NLL_ω=-1.2913e+00  MSE_R=1.1437e-03  MSE_ω=7.4264e-02
  test : −ELBO=-7.6605e+00  NLL=-7.0341e+00  NLL_R=-7.3771e+00  NLL_ω=3.4303e-01  MSE_R=1.2769e-03  MSE_ω=1.5474e-01
  sigma: σ_R=1.9549e-02  σ_ω=1.5693e-01  β=1.0000e+00
  PL   : train=-9.8253e-01  test=-9.6198e-01  σ_φ̄(train)=1.5257e-06  σ_φ̄(test)=1.2297e-10  σ_obs_ω=5.0000e-01  λ_PL=1.00
  KL   : M=6.909e+02  V=2.612e+02  Dw=1.038e+03  g=1.429e+03  sigma=1.668e+01  total=3.436e+03
  subnet MSE  M=1.772e+00  V=1.273e+01  Dw=3.915e-02  g=2.982e-01
[step   9700]
  train: −ELBO=-9.5039e+00  NLL=-8.8574e+00  NLL_R=-7.5560e+00  NLL_ω=-1.3014e+00  MSE_R=1.1402e-03  MSE_ω=7.3763e-02
  test : −ELBO=-7.6159e+00  NLL=-6.9904e+00  NLL_R=-7.3584e+00  NLL_ω=3.6800e-01  MSE_R=1.2907e-03  MSE_ω=1.5628e-01
  sigma: σ_R=1.9523e-02  σ_ω=1.5720e-01  β=1.0000e+00
  PL   : train=-9.8174e-01  test=-9.6065e-01  σ_φ̄(train)=1.8086e-06  σ_φ̄(test)=1.1171e-10  σ_obs_ω=5.0000e-01  λ_PL=1.00
  KL   : M=6.906e+02  V=2.602e+02  Dw=1.039e+03  g=1.426e+03  sigma=1.658e+01  total=3.433e+03
  subnet MSE  M=1.773e+00  V=1.276e+01  Dw=3.892e-02  g=2.965e-01
[step   9750]
  train: −ELBO=-9.4930e+00  NLL=-8.8462e+00  NLL_R=-7.5514e+00  NLL_ω=-1.2948e+00  MSE_R=1.1437e-03  MSE_ω=7.4089e-02
  test : −ELBO=-7.6068e+00  NLL=-6.9812e+00  NLL_R=-7.3572e+00  NLL_ω=3.7598e-01  MSE_R=1.2919e-03  MSE_ω=1.5644e-01
  sigma: σ_R=1.9536e-02  σ_ω=1.5697e-01  β=1.0000e+00
  PL   : train=-9.8185e-01  test=-9.6063e-01  σ_φ̄(train)=4.2833e-07  σ_φ̄(test)=1.1880e-10  σ_obs_ω=5.0000e-01  λ_PL=1.00
  KL   : M=6.907e+02  V=2.594e+02  Dw=1.040e+03  g=1.425e+03  sigma=1.639e+01  total=3.431e+03
  subnet MSE  M=1.771e+00  V=1.276e+01  Dw=3.932e-02  g=2.965e-01
[step   9800]
  train: −ELBO=-9.5023e+00  NLL=-8.8548e+00  NLL_R=-7.5575e+00  NLL_ω=-1.2974e+00  MSE_R=1.1390e-03  MSE_ω=7.3963e-02
  test : −ELBO=-7.6416e+00  NLL=-7.0150e+00  NLL_R=-7.3668e+00  NLL_ω=3.5178e-01  MSE_R=1.2845e-03  MSE_ω=1.5558e-01
  sigma: σ_R=1.9539e-02  σ_ω=1.5735e-01  β=1.0000e+00
  PL   : train=-9.8225e-01  test=-9.6135e-01  σ_φ̄(train)=4.9688e-06  σ_φ̄(test)=1.1317e-10  σ_obs_ω=5.0000e-01  λ_PL=1.00
  KL   : M=6.904e+02  V=2.587e+02  Dw=1.041e+03  g=1.423e+03  sigma=1.623e+01  total=3.429e+03
  subnet MSE  M=1.775e+00  V=1.278e+01  Dw=3.869e-02  g=2.973e-01
[step   9850]
  train: −ELBO=-9.4889e+00  NLL=-8.8408e+00  NLL_R=-7.5442e+00  NLL_ω=-1.2966e+00  MSE_R=1.1491e-03  MSE_ω=7.4001e-02
  test : −ELBO=-7.6059e+00  NLL=-6.9790e+00  NLL_R=-7.3537e+00  NLL_ω=3.7470e-01  MSE_R=1.2947e-03  MSE_ω=1.5674e-01
  sigma: σ_R=1.9549e-02  σ_ω=1.5741e-01  β=1.0000e+00
  PL   : train=-9.8267e-01  test=-9.6155e-01  σ_φ̄(train)=6.6683e-07  σ_φ̄(test)=1.0725e-10  σ_obs_ω=5.0000e-01  λ_PL=1.00
  KL   : M=6.898e+02  V=2.580e+02  Dw=1.041e+03  g=1.421e+03  sigma=1.611e+01  total=3.426e+03
  subnet MSE  M=1.777e+00  V=1.277e+01  Dw=3.897e-02  g=2.983e-01
[step   9900]
  train: −ELBO=-9.5084e+00  NLL=-8.8601e+00  NLL_R=-7.5591e+00  NLL_ω=-1.3009e+00  MSE_R=1.1378e-03  MSE_ω=7.3789e-02
  test : −ELBO=-7.6057e+00  NLL=-6.9782e+00  NLL_R=-7.3565e+00  NLL_ω=3.7831e-01  MSE_R=1.2921e-03  MSE_ω=1.5645e-01
  sigma: σ_R=1.9503e-02  σ_ω=1.5685e-01  β=1.0000e+00
  PL   : train=-9.8265e-01  test=-9.6181e-01  σ_φ̄(train)=8.8412e-07  σ_φ̄(test)=1.2272e-10  σ_obs_ω=5.0000e-01  λ_PL=1.00
  KL   : M=6.891e+02  V=2.570e+02  Dw=1.043e+03  g=1.419e+03  sigma=1.580e+01  total=3.423e+03
  subnet MSE  M=1.780e+00  V=1.275e+01  Dw=3.943e-02  g=2.988e-01
[step   9950]
  train: −ELBO=-9.5033e+00  NLL=-8.8547e+00  NLL_R=-7.5514e+00  NLL_ω=-1.3033e+00  MSE_R=1.1436e-03  MSE_ω=7.3672e-02
  test : −ELBO=-7.6033e+00  NLL=-6.9760e+00  NLL_R=-7.3578e+00  NLL_ω=3.8176e-01  MSE_R=1.2909e-03  MSE_ω=1.5643e-01
  sigma: σ_R=1.9498e-02  σ_ω=1.5675e-01  β=1.0000e+00
  PL   : train=-9.8271e-01  test=-9.6134e-01  σ_φ̄(train)=8.4149e-07  σ_φ̄(test)=1.2366e-10  σ_obs_ω=5.0000e-01  λ_PL=1.00
  KL   : M=6.885e+02  V=2.562e+02  Dw=1.043e+03  g=1.417e+03  sigma=1.561e+01  total=3.421e+03
  subnet MSE  M=1.780e+00  V=1.266e+01  Dw=3.959e-02  g=2.985e-01
[step  10000]
  train: −ELBO=-9.5041e+00  NLL=-8.8559e+00  NLL_R=-7.5567e+00  NLL_ω=-1.2991e+00  MSE_R=1.1396e-03  MSE_ω=7.3877e-02
  test : −ELBO=-7.5290e+00  NLL=-6.9025e+00  NLL_R=-7.3279e+00  NLL_ω=4.2543e-01  MSE_R=1.3133e-03  MSE_ω=1.5900e-01
  sigma: σ_R=1.9483e-02  σ_ω=1.5707e-01  β=1.0000e+00
  PL   : train=-9.8222e-01  test=-9.6039e-01  σ_φ̄(train)=3.9375e-06  σ_φ̄(test)=1.5500e-10  σ_obs_ω=5.0000e-01  λ_PL=1.00
  KL   : M=6.884e+02  V=2.555e+02  Dw=1.045e+03  g=1.415e+03  sigma=1.532e+01  total=3.419e+03
  subnet MSE  M=1.768e+00  V=1.282e+01  Dw=3.956e-02  g=2.975e-01

Final per-trajectory eval ...
Final trajectory train loss 9.8654e+01 +/- 6.6631e+01
Final trajectory test loss  1.0153e+02 +/- 6.8529e+01
Final trajectory train l2 loss 9.8494e+01 +/- 6.6640e+01
Final trajectory test l2 loss  1.0044e+02 +/- 6.8220e+01
Final trajectory train geo loss 1.6030e-01 +/- 1.3139e-01
Final trajectory test geo loss  1.0873e+00 +/- 1.5882e+00
Saved final stats:  /mnt/data/thribhuvan/Projects/stochastic_port_hamiltonian/Final/SPHNP v2/src/models/3D_SO3_Windy_Pendulum/ph_gp_sde/data/run_wp3d_jax/obs0p01_fric0p5_wind0p5_ext0-sine_lr0p001_s10000_np5_smp64_T20_seed0_randu7_G0p5-0p7-0p1_260609-230433/wp3d-so3hamGPSDE-5p-stats.pkl
