Run dir : /mnt/data/thribhuvan/Projects/stochastic_port_hamiltonian/Final/SPHNP v2/src/models/3D_SO3_Windy_Pendulum/ph_gp_sde/data/run_wp3d_jax/obs0p05_fric0p5_wind0p5_ext0-sine_lr0p001_s10000_np5_smp64_T20_seed0_randu7_G0p5-0p7-0p1_260610-011734
model contains 11582 parameters
Loaded data from /mnt/data/thribhuvan/Projects/stochastic_port_hamiltonian/Final/SPHNP v2/datasets/data/windy_pendulum_3d/wp3d_dataset_extforce-sine-std0p0_fric0p5_var_fricFalse_obs_noise0p05_wind_force0p5_random_uTrue_uScale7p0_G_0p5_0p7_0p1_steps20.pkl
  dt = 0.0500  h = 0.0050  n_outer (per window) = 4  n_substeps = 10
  train batch B = 2560, test batch B = 2560, T_obs = 5, N (= B·(T−1)) = 10240

Pretraining M_net for 200 steps (lr=0.001, target = 1.000·I₃)
  using 12800 q samples drawn from training data
  pretrain step    0: loss=2.049e+00
  pretrain step   20: loss=1.923e+00
  pretrain step   40: loss=1.788e+00
  pretrain step   60: loss=1.648e+00
  pretrain step   80: loss=1.508e+00
  pretrain step  100: loss=1.375e+00
  pretrain step  120: loss=1.249e+00
  pretrain step  140: loss=1.132e+00
  pretrain step  160: loss=1.024e+00
  pretrain step  180: loss=9.257e-01
  pretrain step  199: loss=8.411e-01
  pretrain done. initial loss=2.049e+00  final loss=8.411e-01  max|M(q₀) − target|=2.006e+00
[step      0]
  train: −ELBO=9.4208e+01  NLL=9.4863e+01  NLL_R=-2.6075e+00  NLL_ω=9.7470e+01  MSE_R=3.0868e-02  MSE_ω=2.0324e+00
  test : −ELBO=8.1664e+01  NLL=8.1683e+01  NLL_R=-3.4156e+00  NLL_ω=8.5099e+01  MSE_R=1.4677e-02  MSE_ω=1.7885e+00
  sigma: σ_R=1.0000e-01  σ_ω=1.0000e-01  β=0.0000e+00
  PL   : train=-6.5473e-01  test=-7.6564e-01  σ_φ̄(train)=6.9873e-01  σ_φ̄(test)=6.9168e-01  σ_obs_ω=5.0000e-01  λ_PL=1.00
  KL   : M=2.003e+03  V=3.320e+02  Dw=1.992e+03  g=2.988e+03  sigma=3.320e+02  total=7.647e+03
  subnet MSE  M=8.717e-01  V=2.713e+01  Dw=6.465e-03  g=3.311e-01
[step     50]
  train: −ELBO=5.9541e+01  NLL=6.0229e+01  NLL_R=-2.8494e+00  NLL_ω=6.3079e+01  MSE_R=2.6169e-02  MSE_ω=1.4629e+00
  test : −ELBO=5.1822e+01  NLL=5.1876e+01  NLL_R=-3.6773e+00  NLL_ω=5.5553e+01  MSE_R=1.0325e-02  MSE_ω=1.3004e+00
  sigma: σ_R=9.7900e-02  σ_ω=1.0441e-01  β=5.0000e-02
  PL   : train=-7.2609e-01  test=-8.0325e-01  σ_φ̄(train)=5.4505e-01  σ_φ̄(test)=5.4184e-01  σ_obs_ω=5.0000e-01  λ_PL=1.00
  KL   : M=2.010e+03  V=3.332e+02  Dw=1.995e+03  g=2.998e+03  sigma=3.336e+02  total=7.670e+03
  subnet MSE  M=4.765e-01  V=2.693e+01  Dw=1.067e-02  g=2.897e-01
[step    100]
  train: −ELBO=4.1094e+01  NLL=4.1807e+01  NLL_R=-2.9985e+00  NLL_ω=4.4805e+01  MSE_R=2.3687e-02  MSE_ω=1.1474e+00
  test : −ELBO=3.4932e+01  NLL=3.5023e+01  NLL_R=-3.9026e+00  NLL_ω=3.8926e+01  MSE_R=7.9914e-03  MSE_ω=1.0104e+00
  sigma: σ_R=9.3271e-02  σ_ω=1.0853e-01  β=1.0000e-01
  PL   : train=-7.8805e-01  test=-8.4155e-01  σ_φ̄(train)=3.7051e-01  σ_φ̄(test)=3.6559e-01  σ_obs_ω=5.0000e-01  λ_PL=1.00
  KL   : M=2.017e+03  V=3.343e+02  Dw=1.997e+03  g=3.004e+03  sigma=3.351e+02  total=7.687e+03
  subnet MSE  M=3.446e-01  V=2.657e+01  Dw=1.753e-02  g=2.773e-01
[step    150]
  train: −ELBO=3.0911e+01  NLL=3.1618e+01  NLL_R=-3.1018e+00  NLL_ω=3.4720e+01  MSE_R=2.2148e-02  MSE_ω=9.7189e-01
  test : −ELBO=2.6392e+01  NLL=2.6503e+01  NLL_R=-4.0700e+00  NLL_ω=3.0573e+01  MSE_R=6.7443e-03  MSE_ω=8.6842e-01
  sigma: σ_R=8.9277e-02  σ_ω=1.1231e-01  β=1.5000e-01
  PL   : train=-8.1997e-01  test=-8.6298e-01  σ_φ̄(train)=2.4597e-01  σ_φ̄(test)=2.3984e-01  σ_obs_ω=5.0000e-01  λ_PL=1.00
  KL   : M=2.021e+03  V=3.354e+02  Dw=1.999e+03  g=3.009e+03  sigma=3.362e+02  total=7.701e+03
  subnet MSE  M=3.703e-01  V=2.609e+01  Dw=3.248e-02  g=2.757e-01
[step    200]
  train: −ELBO=2.3368e+01  NLL=2.4060e+01  NLL_R=-3.1878e+00  NLL_ω=2.7248e+01  MSE_R=2.0936e-02  MSE_ω=8.3099e-01
  test : −ELBO=2.0860e+01  NLL=2.0988e+01  NLL_R=-4.1931e+00  NLL_ω=2.5181e+01  MSE_R=6.0463e-03  MSE_ω=7.7638e-01
  sigma: σ_R=8.6118e-02  σ_ω=1.1585e-01  β=2.0000e-01
  PL   : train=-8.4251e-01  test=-8.8167e-01  σ_φ̄(train)=1.5639e-01  σ_φ̄(test)=1.5173e-01  σ_obs_ω=5.0000e-01  λ_PL=1.00
  KL   : M=2.025e+03  V=3.365e+02  Dw=2.002e+03  g=3.012e+03  sigma=3.373e+02  total=7.713e+03
  subnet MSE  M=4.603e-01  V=2.527e+01  Dw=3.928e-02  g=2.861e-01
[step    250]
  train: −ELBO=1.8543e+01  NLL=1.9219e+01  NLL_R=-3.2342e+00  NLL_ω=2.2453e+01  MSE_R=2.0324e-02  MSE_ω=7.4036e-01
  test : −ELBO=1.6120e+01  NLL=1.6260e+01  NLL_R=-4.3039e+00  NLL_ω=2.0564e+01  MSE_R=5.3391e-03  MSE_ω=6.8752e-01
  sigma: σ_R=8.3738e-02  σ_ω=1.1914e-01  β=2.5000e-01
  PL   : train=-8.6390e-01  test=-8.9487e-01  σ_φ̄(train)=1.1074e-01  σ_φ̄(test)=1.0564e-01  σ_obs_ω=5.0000e-01  λ_PL=1.00
  KL   : M=2.028e+03  V=3.381e+02  Dw=2.005e+03  g=3.015e+03  sigma=3.380e+02  total=7.724e+03
  subnet MSE  M=5.925e-01  V=2.419e+01  Dw=4.378e-02  g=2.907e-01
[step    300]
  train: −ELBO=1.4451e+01  NLL=1.5101e+01  NLL_R=-3.2921e+00  NLL_ω=1.8393e+01  MSE_R=1.9557e-02  MSE_ω=6.5544e-01
  test : −ELBO=1.2569e+01  NLL=1.2716e+01  NLL_R=-4.3919e+00  NLL_ω=1.7108e+01  MSE_R=4.7936e-03  MSE_ω=6.1751e-01
  sigma: σ_R=8.1951e-02  σ_ω=1.2221e-01  β=3.0000e-01
  PL   : train=-8.7691e-01  test=-9.0192e-01  σ_φ̄(train)=7.8170e-02  σ_φ̄(test)=7.4224e-02  σ_obs_ω=5.0000e-01  λ_PL=1.00
  KL   : M=2.029e+03  V=3.397e+02  Dw=2.006e+03  g=3.017e+03  sigma=3.386e+02  total=7.731e+03
  subnet MSE  M=6.902e-01  V=2.304e+01  Dw=5.080e-02  g=2.874e-01
[step    350]
  train: −ELBO=1.1490e+01  NLL=1.2113e+01  NLL_R=-3.3334e+00  NLL_ω=1.5446e+01  MSE_R=1.9029e-02  MSE_ω=5.8971e-01
  test : −ELBO=9.2919e+00  NLL=9.4488e+00  NLL_R=-4.4742e+00  NLL_ω=1.3923e+01  MSE_R=4.2297e-03  MSE_ω=5.4270e-01
  sigma: σ_R=8.0572e-02  σ_ω=1.2480e-01  β=3.5000e-01
  PL   : train=-8.8677e-01  test=-9.1248e-01  σ_φ̄(train)=6.4022e-02  σ_φ̄(test)=5.9980e-02  σ_obs_ω=5.0000e-01  λ_PL=1.00
  KL   : M=2.030e+03  V=3.412e+02  Dw=2.008e+03  g=3.019e+03  sigma=3.388e+02  total=7.737e+03
  subnet MSE  M=8.049e-01  V=2.168e+01  Dw=5.027e-02  g=2.911e-01
[step    400]
  train: −ELBO=9.3379e+00  NLL=9.9286e+00  NLL_R=-3.3634e+00  NLL_ω=1.3292e+01  MSE_R=1.8655e-02  MSE_ω=5.4050e-01
  test : −ELBO=6.8029e+00  NLL=6.9661e+00  NLL_R=-4.5420e+00  NLL_ω=1.1508e+01  MSE_R=3.7765e-03  MSE_ω=4.8322e-01
  sigma: σ_R=7.9471e-02  σ_ω=1.2712e-01  β=4.0000e-01
  PL   : train=-8.9309e-01  test=-9.1924e-01  σ_φ̄(train)=5.2761e-02  σ_φ̄(test)=4.9032e-02  σ_obs_ω=5.0000e-01  λ_PL=1.00
  KL   : M=2.031e+03  V=3.425e+02  Dw=2.009e+03  g=3.020e+03  sigma=3.392e+02  total=7.742e+03
  subnet MSE  M=9.025e-01  V=2.052e+01  Dw=4.910e-02  g=2.885e-01
[step    450]
  train: −ELBO=7.1229e+00  NLL=7.6856e+00  NLL_R=-3.3985e+00  NLL_ω=1.1084e+01  MSE_R=1.8225e-02  MSE_ω=4.8757e-01
  test : −ELBO=4.7848e+00  NLL=4.9560e+00  NLL_R=-4.6049e+00  NLL_ω=9.5609e+00  MSE_R=3.4187e-03  MSE_ω=4.3646e-01
  sigma: σ_R=7.8351e-02  σ_ω=1.2989e-01  β=4.5000e-01
  PL   : train=-9.0312e-01  test=-9.2775e-01  σ_φ̄(train)=4.7624e-02  σ_φ̄(test)=4.5016e-02  σ_obs_ω=5.0000e-01  λ_PL=1.00
  KL   : M=2.032e+03  V=3.440e+02  Dw=2.010e+03  g=3.022e+03  sigma=3.394e+02  total=7.747e+03
  subnet MSE  M=9.909e-01  V=1.931e+01  Dw=5.225e-02  g=2.966e-01
[step    500]
  train: −ELBO=5.7460e+00  NLL=6.2737e+00  NLL_R=-3.4233e+00  NLL_ω=9.6970e+00  MSE_R=1.7927e-02  MSE_ω=4.5585e-01
  test : −ELBO=3.2908e+00  NLL=3.4656e+00  NLL_R=-4.6508e+00  NLL_ω=8.1164e+00  MSE_R=3.1416e-03  MSE_ω=4.0069e-01
  sigma: σ_R=7.7614e-02  σ_ω=1.3238e-01  β=5.0000e-01
  PL   : train=-9.0615e-01  test=-9.3165e-01  σ_φ̄(train)=3.9424e-02  σ_φ̄(test)=3.6455e-02  σ_obs_ω=5.0000e-01  λ_PL=1.00
  KL   : M=2.033e+03  V=3.454e+02  Dw=2.011e+03  g=3.022e+03  sigma=3.396e+02  total=7.751e+03
  subnet MSE  M=1.007e+00  V=1.878e+01  Dw=4.944e-02  g=2.929e-01
[step    550]
  train: −ELBO=4.0308e+00  NLL=4.5273e+00  NLL_R=-3.4507e+00  NLL_ω=7.9780e+00  MSE_R=1.7602e-02  MSE_ω=4.1033e-01
  test : −ELBO=1.9182e+00  NLL=2.0976e+00  NLL_R=-4.6953e+00  NLL_ω=6.7929e+00  MSE_R=2.8985e-03  MSE_ω=3.6740e-01
  sigma: σ_R=7.6872e-02  σ_ω=1.3520e-01  β=5.5000e-01
  PL   : train=-9.1300e-01  test=-9.3659e-01  σ_φ̄(train)=3.5109e-02  σ_φ̄(test)=3.2052e-02  σ_obs_ω=5.0000e-01  λ_PL=1.00
  KL   : M=2.034e+03  V=3.468e+02  Dw=2.011e+03  g=3.023e+03  sigma=3.397e+02  total=7.754e+03
  subnet MSE  M=1.070e+00  V=1.801e+01  Dw=4.605e-02  g=2.917e-01
[step    600]
  train: −ELBO=3.2127e+00  NLL=3.6741e+00  NLL_R=-3.4654e+00  NLL_ω=7.1394e+00  MSE_R=1.7431e-02  MSE_ω=3.9247e-01
  test : −ELBO=7.8709e-01  NLL=9.6766e-01  NLL_R=-4.7320e+00  NLL_ω=5.6997e+00  MSE_R=2.6722e-03  MSE_ω=3.3791e-01
  sigma: σ_R=7.6334e-02  σ_ω=1.3784e-01  β=6.0000e-01
  PL   : train=-9.1590e-01  test=-9.3812e-01  σ_φ̄(train)=3.0926e-02  σ_φ̄(test)=2.8436e-02  σ_obs_ω=5.0000e-01  λ_PL=1.00
  KL   : M=2.035e+03  V=3.480e+02  Dw=2.011e+03  g=3.024e+03  sigma=3.400e+02  total=7.757e+03
  subnet MSE  M=1.135e+00  V=1.745e+01  Dw=4.534e-02  g=2.918e-01
[step    650]
  train: −ELBO=1.7626e+00  NLL=2.1943e+00  NLL_R=-3.4962e+00  NLL_ω=5.6905e+00  MSE_R=1.7075e-02  MSE_ω=3.5253e-01
  test : −ELBO=-4.6434e-01  NLL=-2.7547e-01  NLL_R=-4.7773e+00  NLL_ω=4.5018e+00  MSE_R=2.4208e-03  MSE_ω=3.0513e-01
  sigma: σ_R=7.5643e-02  σ_ω=1.4153e-01  β=6.5000e-01
  PL   : train=-9.2434e-01  test=-9.4683e-01  σ_φ̄(train)=2.5164e-02  σ_φ̄(test)=2.3416e-02  σ_obs_ω=5.0000e-01  λ_PL=1.00
  KL   : M=2.035e+03  V=3.496e+02  Dw=2.012e+03  g=3.025e+03  sigma=3.402e+02  total=7.762e+03
  subnet MSE  M=1.132e+00  V=1.688e+01  Dw=4.276e-02  g=2.959e-01
[step    700]
  train: −ELBO=1.2136e+00  NLL=1.6077e+00  NLL_R=-3.5059e+00  NLL_ω=5.1136e+00  MSE_R=1.6966e-02  MSE_ω=3.3931e-01
  test : −ELBO=-1.2244e+00  NLL=-1.0327e+00  NLL_R=-4.8040e+00  NLL_ω=3.7713e+00  MSE_R=2.2577e-03  MSE_ω=2.8374e-01
  sigma: σ_R=7.5275e-02  σ_ω=1.4412e-01  β=7.0000e-01
  PL   : train=-9.2484e-01  test=-9.4979e-01  σ_φ̄(train)=2.3350e-02  σ_φ̄(test)=2.1248e-02  σ_obs_ω=5.0000e-01  λ_PL=1.00
  KL   : M=2.036e+03  V=3.506e+02  Dw=2.012e+03  g=3.025e+03  sigma=3.402e+02  total=7.763e+03
  subnet MSE  M=1.138e+00  V=1.636e+01  Dw=4.330e-02  g=2.965e-01
[step    750]
  train: −ELBO=5.4783e-01  NLL=9.0850e-01  NLL_R=-3.5238e+00  NLL_ω=4.4323e+00  MSE_R=1.6765e-02  MSE_ω=3.2045e-01
  test : −ELBO=-1.6489e+00  NLL=-1.4570e+00  NLL_R=-4.8195e+00  NLL_ω=3.3626e+00  MSE_R=2.1919e-03  MSE_ω=2.7443e-01
  sigma: σ_R=7.4993e-02  σ_ω=1.4684e-01  β=7.5000e-01
  PL   : train=-9.2936e-01  test=-9.5025e-01  σ_φ̄(train)=2.0673e-02  σ_φ̄(test)=1.8800e-02  σ_obs_ω=5.0000e-01  λ_PL=1.00
  KL   : M=2.036e+03  V=3.518e+02  Dw=2.011e+03  g=3.025e+03  sigma=3.402e+02  total=7.765e+03
  subnet MSE  M=1.162e+00  V=1.633e+01  Dw=4.017e-02  g=2.949e-01
[step    800]
  train: −ELBO=2.3846e-01  NLL=5.5657e-01  NLL_R=-3.5188e+00  NLL_ω=4.0754e+00  MSE_R=1.6821e-02  MSE_ω=3.1246e-01
  test : −ELBO=-2.0142e+00  NLL=-1.8260e+00  NLL_R=-4.8295e+00  NLL_ω=3.0035e+00  MSE_R=2.1172e-03  MSE_ω=2.6495e-01
  sigma: σ_R=7.4901e-02  σ_ω=1.4909e-01  β=8.0000e-01
  PL   : train=-9.2476e-01  test=-9.4656e-01  σ_φ̄(train)=1.8036e-02  σ_φ̄(test)=1.6154e-02  σ_obs_ω=5.0000e-01  λ_PL=1.00
  KL   : M=2.036e+03  V=3.526e+02  Dw=2.011e+03  g=3.025e+03  sigma=3.401e+02  total=7.765e+03
  subnet MSE  M=1.164e+00  V=1.607e+01  Dw=4.246e-02  g=2.837e-01
[step    850]
  train: −ELBO=-2.0270e-01  NLL=8.1413e-02  NLL_R=-3.5287e+00  NLL_ω=3.6101e+00  MSE_R=1.6711e-02  MSE_ω=3.0010e-01
  test : −ELBO=-2.4916e+00  NLL=-2.2995e+00  NLL_R=-4.8521e+00  NLL_ω=2.5526e+00  MSE_R=2.0124e-03  MSE_ω=2.5152e-01
  sigma: σ_R=7.4523e-02  σ_ω=1.5184e-01  β=8.5000e-01
  PL   : train=-9.2875e-01  test=-9.5050e-01  σ_φ̄(train)=1.3523e-02  σ_φ̄(test)=1.2107e-02  σ_obs_ω=5.0000e-01  λ_PL=1.00
  KL   : M=2.036e+03  V=3.537e+02  Dw=2.010e+03  g=3.025e+03  sigma=3.405e+02  total=7.766e+03
  subnet MSE  M=1.158e+00  V=1.576e+01  Dw=3.900e-02  g=2.895e-01
[step    900]
  train: −ELBO=-5.3022e-01  NLL=-3.1107e-01  NLL_R=-3.5421e+00  NLL_ω=3.2310e+00  MSE_R=1.6562e-02  MSE_ω=2.9085e-01
  test : −ELBO=-2.8950e+00  NLL=-2.7034e+00  NLL_R=-4.8646e+00  NLL_ω=2.1612e+00  MSE_R=1.9233e-03  MSE_ω=2.3972e-01
  sigma: σ_R=7.4397e-02  σ_ω=1.5476e-01  β=9.0000e-01
  PL   : train=-9.0171e-01  test=-9.4997e-01  σ_φ̄(train)=1.3539e-02  σ_φ̄(test)=1.1809e-02  σ_obs_ω=5.0000e-01  λ_PL=1.00
  KL   : M=2.036e+03  V=3.547e+02  Dw=2.010e+03  g=3.025e+03  sigma=3.405e+02  total=7.766e+03
  subnet MSE  M=1.122e+00  V=1.549e+01  Dw=3.756e-02  g=2.897e-01
[step    950]
  train: −ELBO=-8.1660e-01  NLL=-6.0226e-01  NLL_R=-3.5461e+00  NLL_ω=2.9439e+00  MSE_R=1.6517e-02  MSE_ω=2.8418e-01
  test : −ELBO=-3.1610e+00  NLL=-2.9638e+00  NLL_R=-4.8756e+00  NLL_ω=1.9118e+00  MSE_R=1.8693e-03  MSE_ω=2.3311e-01
  sigma: σ_R=7.4230e-02  σ_ω=1.5742e-01  β=9.5000e-01
  PL   : train=-9.3476e-01  test=-9.5558e-01  σ_φ̄(train)=1.2778e-02  σ_φ̄(test)=1.1188e-02  σ_obs_ω=5.0000e-01  λ_PL=1.00
  KL   : M=2.036e+03  V=3.554e+02  Dw=2.009e+03  g=3.025e+03  sigma=3.404e+02  total=7.765e+03
  subnet MSE  M=1.174e+00  V=1.531e+01  Dw=3.825e-02  g=2.947e-01
[step   1000]
  train: −ELBO=-1.1831e+00  NLL=-1.0053e+00  NLL_R=-3.5533e+00  NLL_ω=2.5480e+00  MSE_R=1.6438e-02  MSE_ω=2.7064e-01
  test : −ELBO=-3.5033e+00  NLL=-3.3046e+00  NLL_R=-4.8918e+00  NLL_ω=1.5872e+00  MSE_R=1.7841e-03  MSE_ω=2.2163e-01
  sigma: σ_R=7.4001e-02  σ_ω=1.5994e-01  β=1.0000e+00
  PL   : train=-9.3591e-01  test=-9.5681e-01  σ_φ̄(train)=1.1838e-02  σ_φ̄(test)=1.0571e-02  σ_obs_ω=5.0000e-01  λ_PL=1.00
  KL   : M=2.035e+03  V=3.562e+02  Dw=2.007e+03  g=3.024e+03  sigma=3.402e+02  total=7.763e+03
  subnet MSE  M=1.201e+00  V=1.517e+01  Dw=3.811e-02  g=2.948e-01
[step   1050]
  train: −ELBO=-1.5129e+00  NLL=-1.3327e+00  NLL_R=-3.5603e+00  NLL_ω=2.2275e+00  MSE_R=1.6362e-02  MSE_ω=2.6133e-01
  test : −ELBO=-3.8960e+00  NLL=-3.6946e+00  NLL_R=-4.9091e+00  NLL_ω=1.2145e+00  MSE_R=1.6752e-03  MSE_ω=2.0755e-01
  sigma: σ_R=7.3787e-02  σ_ω=1.6313e-01  β=1.0000e+00
  PL   : train=-9.3799e-01  test=-9.5921e-01  σ_φ̄(train)=1.0599e-02  σ_φ̄(test)=9.3945e-03  σ_obs_ω=5.0000e-01  λ_PL=1.00
  KL   : M=2.034e+03  V=3.573e+02  Dw=2.005e+03  g=3.023e+03  sigma=3.400e+02  total=7.760e+03
  subnet MSE  M=1.258e+00  V=1.490e+01  Dw=3.724e-02  g=2.959e-01
[step   1100]
  train: −ELBO=-1.7793e+00  NLL=-1.5997e+00  NLL_R=-3.5707e+00  NLL_ω=1.9709e+00  MSE_R=1.6249e-02  MSE_ω=2.5357e-01
  test : −ELBO=-4.1146e+00  NLL=-3.9139e+00  NLL_R=-4.9152e+00  NLL_ω=1.0013e+00  MSE_R=1.6241e-03  MSE_ω=2.0026e-01
  sigma: σ_R=7.3754e-02  σ_ω=1.6599e-01  β=1.0000e+00
  PL   : train=-9.3710e-01  test=-9.5820e-01  σ_φ̄(train)=1.0040e-02  σ_φ̄(test)=8.7457e-03  σ_obs_ω=5.0000e-01  λ_PL=1.00
  KL   : M=2.033e+03  V=3.583e+02  Dw=2.003e+03  g=3.022e+03  sigma=3.399e+02  total=7.757e+03
  subnet MSE  M=1.265e+00  V=1.455e+01  Dw=3.596e-02  g=2.888e-01
[step   1150]
  train: −ELBO=-2.0205e+00  NLL=-1.8412e+00  NLL_R=-3.5658e+00  NLL_ω=1.7245e+00  MSE_R=1.6302e-02  MSE_ω=2.4639e-01
  test : −ELBO=-4.3584e+00  NLL=-4.1553e+00  NLL_R=-4.9293e+00  NLL_ω=7.7397e-01  MSE_R=1.5536e-03  MSE_ω=1.9196e-01
  sigma: σ_R=7.3495e-02  σ_ω=1.6937e-01  β=1.0000e+00
  PL   : train=-9.3636e-01  test=-9.6019e-01  σ_φ̄(train)=9.6175e-03  σ_φ̄(test)=8.4659e-03  σ_obs_ω=5.0000e-01  λ_PL=1.00
  KL   : M=2.032e+03  V=3.594e+02  Dw=2.001e+03  g=3.021e+03  sigma=3.397e+02  total=7.753e+03
  subnet MSE  M=1.214e+00  V=1.448e+01  Dw=3.574e-02  g=2.899e-01
[step   1200]
  train: −ELBO=-2.2234e+00  NLL=-2.0433e+00  NLL_R=-3.5784e+00  NLL_ω=1.5351e+00  MSE_R=1.6165e-02  MSE_ω=2.3956e-01
  test : −ELBO=-4.5451e+00  NLL=-4.3437e+00  NLL_R=-4.9398e+00  NLL_ω=5.9606e-01  MSE_R=1.4957e-03  MSE_ω=1.8430e-01
  sigma: σ_R=7.3395e-02  σ_ω=1.7166e-01  β=1.0000e+00
  PL   : train=-9.3699e-01  test=-9.5825e-01  σ_φ̄(train)=8.9936e-03  σ_φ̄(test)=7.9311e-03  σ_obs_ω=5.0000e-01  λ_PL=1.00
  KL   : M=2.031e+03  V=3.601e+02  Dw=1.999e+03  g=3.021e+03  sigma=3.395e+02  total=7.750e+03
  subnet MSE  M=1.236e+00  V=1.430e+01  Dw=3.715e-02  g=2.847e-01
[step   1250]
  train: −ELBO=-2.3981e+00  NLL=-2.2212e+00  NLL_R=-3.5855e+00  NLL_ω=1.3642e+00  MSE_R=1.6090e-02  MSE_ω=2.3409e-01
  test : −ELBO=-4.6246e+00  NLL=-4.4262e+00  NLL_R=-4.9406e+00  NLL_ω=5.1435e-01  MSE_R=1.4848e-03  MSE_ω=1.8244e-01
  sigma: σ_R=7.3410e-02  σ_ω=1.7446e-01  β=1.0000e+00
  PL   : train=-9.3336e-01  test=-9.5481e-01  σ_φ̄(train)=7.7594e-03  σ_φ̄(test)=6.8476e-03  σ_obs_ω=5.0000e-01  λ_PL=1.00
  KL   : M=2.030e+03  V=3.610e+02  Dw=1.996e+03  g=3.019e+03  sigma=3.393e+02  total=7.746e+03
  subnet MSE  M=1.318e+00  V=1.416e+01  Dw=3.713e-02  g=2.784e-01
[step   1300]
  train: −ELBO=-2.6642e+00  NLL=-2.4778e+00  NLL_R=-3.5927e+00  NLL_ω=1.1149e+00  MSE_R=1.6012e-02  MSE_ω=2.2241e-01
  test : −ELBO=-4.6512e+00  NLL=-4.4443e+00  NLL_R=-4.9501e+00  NLL_ω=5.0578e-01  MSE_R=1.4933e-03  MSE_ω=1.8435e-01
  sigma: σ_R=7.3140e-02  σ_ω=1.7686e-01  β=1.0000e+00
  PL   : train=-9.4244e-01  test=-9.6289e-01  σ_φ̄(train)=7.6109e-03  σ_φ̄(test)=6.7455e-03  σ_obs_ω=5.0000e-01  λ_PL=1.00
  KL   : M=2.029e+03  V=3.618e+02  Dw=1.994e+03  g=3.018e+03  sigma=3.391e+02  total=7.742e+03
  subnet MSE  M=1.308e+00  V=1.441e+01  Dw=3.350e-02  g=2.939e-01
[step   1350]
  train: −ELBO=-2.7722e+00  NLL=-2.5902e+00  NLL_R=-3.5925e+00  NLL_ω=1.0023e+00  MSE_R=1.6014e-02  MSE_ω=2.1860e-01
  test : −ELBO=-4.7412e+00  NLL=-4.5350e+00  NLL_R=-4.9511e+00  NLL_ω=4.1614e-01  MSE_R=1.4708e-03  MSE_ω=1.8102e-01
  sigma: σ_R=7.3161e-02  σ_ω=1.7922e-01  β=1.0000e+00
  PL   : train=-9.3760e-01  test=-9.6181e-01  σ_φ̄(train)=8.2383e-03  σ_φ̄(test)=7.2257e-03  σ_obs_ω=5.0000e-01  λ_PL=1.00
  KL   : M=2.027e+03  V=3.627e+02  Dw=1.992e+03  g=3.017e+03  sigma=3.388e+02  total=7.737e+03
  subnet MSE  M=1.329e+00  V=1.436e+01  Dw=3.390e-02  g=2.910e-01
[step   1400]
  train: −ELBO=-2.9579e+00  NLL=-2.7691e+00  NLL_R=-3.6029e+00  NLL_ω=8.3378e-01  MSE_R=1.5904e-02  MSE_ω=2.1154e-01
  test : −ELBO=-4.9274e+00  NLL=-4.7196e+00  NLL_R=-4.9654e+00  NLL_ω=2.4574e-01  MSE_R=1.4014e-03  MSE_ω=1.7252e-01
  sigma: σ_R=7.2970e-02  σ_ω=1.8227e-01  β=1.0000e+00
  PL   : train=-9.4369e-01  test=-9.6271e-01  σ_φ̄(train)=8.8541e-03  σ_φ̄(test)=7.9036e-03  σ_obs_ω=5.0000e-01  λ_PL=1.00
  KL   : M=2.025e+03  V=3.637e+02  Dw=1.989e+03  g=3.014e+03  sigma=3.383e+02  total=7.730e+03
  subnet MSE  M=1.345e+00  V=1.433e+01  Dw=3.506e-02  g=2.919e-01
[step   1450]
  train: −ELBO=-3.0607e+00  NLL=-2.8702e+00  NLL_R=-3.6007e+00  NLL_ω=7.3055e-01  MSE_R=1.5927e-02  MSE_ω=2.0779e-01
  test : −ELBO=-5.0161e+00  NLL=-4.8060e+00  NLL_R=-4.9694e+00  NLL_ω=1.6337e-01  MSE_R=1.3736e-03  MSE_ω=1.6901e-01
  sigma: σ_R=7.2912e-02  σ_ω=1.8498e-01  β=1.0000e+00
  PL   : train=-9.4471e-01  test=-9.6436e-01  σ_φ̄(train)=7.7078e-03  σ_φ̄(test)=6.7858e-03  σ_obs_ω=5.0000e-01  λ_PL=1.00
  KL   : M=2.023e+03  V=3.648e+02  Dw=1.985e+03  g=3.013e+03  sigma=3.379e+02  total=7.724e+03
  subnet MSE  M=1.351e+00  V=1.418e+01  Dw=3.415e-02  g=2.939e-01
[step   1500]
  train: −ELBO=-3.2576e+00  NLL=-3.0651e+00  NLL_R=-3.6122e+00  NLL_ω=5.4708e-01  MSE_R=1.5806e-02  MSE_ω=1.9835e-01
  test : −ELBO=-5.1397e+00  NLL=-4.9311e+00  NLL_R=-4.9834e+00  NLL_ω=5.2229e-02  MSE_R=1.3303e-03  MSE_ω=1.6336e-01
  sigma: σ_R=7.2669e-02  σ_ω=1.8813e-01  β=1.0000e+00
  PL   : train=-9.4581e-01  test=-9.6178e-01  σ_φ̄(train)=7.8255e-03  σ_φ̄(test)=6.9225e-03  σ_obs_ω=5.0000e-01  λ_PL=1.00
  KL   : M=2.020e+03  V=3.658e+02  Dw=1.981e+03  g=3.010e+03  sigma=3.375e+02  total=7.714e+03
  subnet MSE  M=1.365e+00  V=1.407e+01  Dw=3.386e-02  g=2.907e-01
[step   1550]
  train: −ELBO=-3.3519e+00  NLL=-3.1570e+00  NLL_R=-3.6192e+00  NLL_ω=4.6222e-01  MSE_R=1.5732e-02  MSE_ω=1.9477e-01
  test : −ELBO=-5.2601e+00  NLL=-5.0461e+00  NLL_R=-4.9927e+00  NLL_ω=-5.3426e-02  MSE_R=1.2811e-03  MSE_ω=1.5725e-01
  sigma: σ_R=7.2539e-02  σ_ω=1.9080e-01  β=1.0000e+00
  PL   : train=-9.4724e-01  test=-9.6633e-01  σ_φ̄(train)=7.7641e-03  σ_φ̄(test)=6.8387e-03  σ_obs_ω=5.0000e-01  λ_PL=1.00
  KL   : M=2.017e+03  V=3.668e+02  Dw=1.976e+03  g=3.007e+03  sigma=3.370e+02  total=7.704e+03
  subnet MSE  M=1.345e+00  V=1.385e+01  Dw=3.343e-02  g=2.922e-01
[step   1600]
  train: −ELBO=-3.5260e+00  NLL=-3.3286e+00  NLL_R=-3.6203e+00  NLL_ω=2.9174e-01  MSE_R=1.5720e-02  MSE_ω=1.8493e-01
  test : −ELBO=-5.3709e+00  NLL=-5.1596e+00  NLL_R=-4.9998e+00  NLL_ω=-1.5973e-01  MSE_R=1.2377e-03  MSE_ω=1.5090e-01
  sigma: σ_R=7.2482e-02  σ_ω=1.9423e-01  β=1.0000e+00
  PL   : train=-9.4841e-01  test=-9.6227e-01  σ_φ̄(train)=7.1695e-03  σ_φ̄(test)=6.5053e-03  σ_obs_ω=5.0000e-01  λ_PL=1.00
  KL   : M=2.013e+03  V=3.682e+02  Dw=1.969e+03  g=3.003e+03  sigma=3.364e+02  total=7.690e+03
  subnet MSE  M=1.381e+00  V=1.354e+01  Dw=3.430e-02  g=2.914e-01
[step   1650]
  train: −ELBO=-3.6519e+00  NLL=-3.4512e+00  NLL_R=-3.6275e+00  NLL_ω=1.7630e-01  MSE_R=1.5645e-02  MSE_ω=1.7874e-01
  test : −ELBO=-5.4835e+00  NLL=-5.2662e+00  NLL_R=-5.0141e+00  NLL_ω=-2.5205e-01  MSE_R=1.1911e-03  MSE_ω=1.4511e-01
  sigma: σ_R=7.2184e-02  σ_ω=1.9822e-01  β=1.0000e+00
  PL   : train=-9.4965e-01  test=-9.6628e-01  σ_φ̄(train)=6.3690e-03  σ_φ̄(test)=5.7807e-03  σ_obs_ω=5.0000e-01  λ_PL=1.00
  KL   : M=2.007e+03  V=3.698e+02  Dw=1.960e+03  g=2.998e+03  sigma=3.355e+02  total=7.670e+03
  subnet MSE  M=1.386e+00  V=1.345e+01  Dw=3.196e-02  g=2.910e-01
[step   1700]
  train: −ELBO=-3.8202e+00  NLL=-3.6158e+00  NLL_R=-3.6299e+00  NLL_ω=1.4025e-02  MSE_R=1.5620e-02  MSE_ω=1.6796e-01
  test : −ELBO=-5.6039e+00  NLL=-5.3821e+00  NLL_R=-5.0286e+00  NLL_ω=-3.5355e-01  MSE_R=1.1306e-03  MSE_ω=1.3784e-01
  sigma: σ_R=7.1948e-02  σ_ω=2.0245e-01  β=1.0000e+00
  PL   : train=-9.5073e-01  test=-9.6815e-01  σ_φ̄(train)=5.6590e-03  σ_φ̄(test)=5.0405e-03  σ_obs_ω=5.0000e-01  λ_PL=1.00
  KL   : M=1.998e+03  V=3.718e+02  Dw=1.949e+03  g=2.990e+03  sigma=3.342e+02  total=7.643e+03
  subnet MSE  M=1.437e+00  V=1.352e+01  Dw=3.183e-02  g=2.895e-01
[step   1750]
  train: −ELBO=-3.9676e+00  NLL=-3.7561e+00  NLL_R=-3.6402e+00  NLL_ω=-1.1584e-01  MSE_R=1.5513e-02  MSE_ω=1.5895e-01
  test : −ELBO=-5.7065e+00  NLL=-5.4809e+00  NLL_R=-5.0361e+00  NLL_ω=-4.4483e-01  MSE_R=1.0745e-03  MSE_ω=1.3057e-01
  sigma: σ_R=7.2013e-02  σ_ω=2.0769e-01  β=1.0000e+00
  PL   : train=-9.5331e-01  test=-9.6731e-01  σ_φ̄(train)=4.5599e-03  σ_φ̄(test)=3.9885e-03  σ_obs_ω=5.0000e-01  λ_PL=1.00
  KL   : M=1.984e+03  V=3.744e+02  Dw=1.929e+03  g=2.976e+03  sigma=3.320e+02  total=7.596e+03
  subnet MSE  M=1.440e+00  V=1.332e+01  Dw=3.199e-02  g=2.909e-01
[step   1800]
  train: −ELBO=-4.0940e+00  NLL=-3.8745e+00  NLL_R=-3.6458e+00  NLL_ω=-2.2875e-01  MSE_R=1.5454e-02  MSE_ω=1.4996e-01
  test : −ELBO=-5.8066e+00  NLL=-5.5708e+00  NLL_R=-5.0630e+00  NLL_ω=-5.0776e-01  MSE_R=1.0302e-03  MSE_ω=1.2482e-01
  sigma: σ_R=7.1258e-02  σ_ω=2.1221e-01  β=1.0000e+00
  PL   : train=-9.5453e-01  test=-9.7076e-01  σ_φ̄(train)=3.8722e-03  σ_φ̄(test)=3.3059e-03  σ_obs_ω=5.0000e-01  λ_PL=1.00
  KL   : M=1.964e+03  V=3.775e+02  Dw=1.902e+03  g=2.955e+03  sigma=3.285e+02  total=7.528e+03
  subnet MSE  M=1.509e+00  V=1.334e+01  Dw=3.014e-02  g=2.902e-01
[step   1850]
  train: −ELBO=-4.1707e+00  NLL=-3.9441e+00  NLL_R=-3.6478e+00  NLL_ω=-2.9623e-01  MSE_R=1.5434e-02  MSE_ω=1.4401e-01
  test : −ELBO=-5.8406e+00  NLL=-5.6043e+00  NLL_R=-5.0553e+00  NLL_ω=-5.4897e-01  MSE_R=1.0011e-03  MSE_ω=1.2085e-01
  sigma: σ_R=7.1582e-02  σ_ω=2.1405e-01  β=1.0000e+00
  PL   : train=-9.5636e-01  test=-9.6598e-01  σ_φ̄(train)=3.6646e-03  σ_φ̄(test)=3.1623e-03  σ_obs_ω=5.0000e-01  λ_PL=1.00
  KL   : M=1.948e+03  V=3.793e+02  Dw=1.882e+03  g=2.938e+03  sigma=3.256e+02  total=7.473e+03
  subnet MSE  M=1.528e+00  V=1.312e+01  Dw=3.084e-02  g=2.916e-01
[step   1900]
  train: −ELBO=-4.2801e+00  NLL=-4.0423e+00  NLL_R=-3.6558e+00  NLL_ω=-3.8644e-01  MSE_R=1.5352e-02  MSE_ω=1.3573e-01
  test : −ELBO=-5.9036e+00  NLL=-5.6502e+00  NLL_R=-5.0615e+00  NLL_ω=-5.8868e-01  MSE_R=9.6868e-04  MSE_ω=1.1703e-01
  sigma: σ_R=7.1536e-02  σ_ω=2.1500e-01  β=1.0000e+00
  PL   : train=-9.5640e-01  test=-9.7167e-01  σ_φ̄(train)=3.0479e-03  σ_φ̄(test)=2.5578e-03  σ_obs_ω=5.0000e-01  λ_PL=1.00
  KL   : M=1.915e+03  V=3.823e+02  Dw=1.840e+03  g=2.901e+03  sigma=3.195e+02  total=7.358e+03
  subnet MSE  M=1.585e+00  V=1.313e+01  Dw=3.020e-02  g=2.895e-01
[step   1950]
  train: −ELBO=-4.3506e+00  NLL=-4.0949e+00  NLL_R=-3.6600e+00  NLL_ω=-4.3486e-01  MSE_R=1.5309e-02  MSE_ω=1.3137e-01
  test : −ELBO=-5.9672e+00  NLL=-5.6962e+00  NLL_R=-5.0673e+00  NLL_ω=-6.2889e-01  MSE_R=9.4420e-04  MSE_ω=1.1380e-01
  sigma: σ_R=7.1408e-02  σ_ω=2.1286e-01  β=1.0000e+00
  PL   : train=-9.5789e-01  test=-9.7287e-01  σ_φ̄(train)=2.3143e-03  σ_φ̄(test)=1.9303e-03  σ_obs_ω=5.0000e-01  λ_PL=1.00
  KL   : M=1.867e+03  V=3.853e+02  Dw=1.782e+03  g=2.845e+03  sigma=3.102e+02  total=7.190e+03
  subnet MSE  M=1.628e+00  V=1.299e+01  Dw=3.216e-02  g=2.920e-01
[step   2000]
  train: −ELBO=-4.4179e+00  NLL=-4.1484e+00  NLL_R=-3.6677e+00  NLL_ω=-4.8067e-01  MSE_R=1.5231e-02  MSE_ω=1.2740e-01
  test : −ELBO=-5.9938e+00  NLL=-5.7095e+00  NLL_R=-5.0721e+00  NLL_ω=-6.3745e-01  MSE_R=9.4379e-04  MSE_ω=1.1358e-01
  sigma: σ_R=7.1336e-02  σ_ω=2.1002e-01  β=1.0000e+00
  PL   : train=-9.5865e-01  test=-9.7321e-01  σ_φ̄(train)=1.9610e-03  σ_φ̄(test)=1.5920e-03  σ_obs_ω=5.0000e-01  λ_PL=1.00
  KL   : M=1.829e+03  V=3.869e+02  Dw=1.740e+03  g=2.798e+03  sigma=3.027e+02  total=7.056e+03
  subnet MSE  M=1.646e+00  V=1.291e+01  Dw=3.184e-02  g=2.921e-01
[step   2050]
  train: −ELBO=-4.4785e+00  NLL=-4.1954e+00  NLL_R=-3.6670e+00  NLL_ω=-5.2839e-01  MSE_R=1.5238e-02  MSE_ω=1.2342e-01
  test : −ELBO=-6.0261e+00  NLL=-5.7291e+00  NLL_R=-5.0752e+00  NLL_ω=-6.5391e-01  MSE_R=9.3774e-04  MSE_ω=1.1272e-01
  sigma: σ_R=7.1257e-02  σ_ω=2.0649e-01  β=1.0000e+00
  PL   : train=-9.5635e-01  test=-9.6998e-01  σ_φ̄(train)=1.6272e-03  σ_φ̄(test)=1.2967e-03  σ_obs_ω=5.0000e-01  λ_PL=1.00
  KL   : M=1.782e+03  V=3.883e+02  Dw=1.690e+03  g=2.741e+03  sigma=2.931e+02  total=6.894e+03
  subnet MSE  M=1.673e+00  V=1.294e+01  Dw=3.277e-02  g=2.860e-01
[step   2100]
  train: −ELBO=-4.5134e+00  NLL=-4.2167e+00  NLL_R=-3.6670e+00  NLL_ω=-5.4965e-01  MSE_R=1.5238e-02  MSE_ω=1.2171e-01
  test : −ELBO=-6.0337e+00  NLL=-5.7242e+00  NLL_R=-5.0753e+00  NLL_ω=-6.4894e-01  MSE_R=9.4202e-04  MSE_ω=1.1343e-01
  sigma: σ_R=7.1237e-02  σ_ω=2.0432e-01  β=1.0000e+00
  PL   : train=-9.5857e-01  test=-9.7111e-01  σ_φ̄(train)=1.5972e-03  σ_φ̄(test)=1.2115e-03  σ_obs_ω=5.0000e-01  λ_PL=1.00
  KL   : M=1.748e+03  V=3.889e+02  Dw=1.655e+03  g=2.699e+03  sigma=2.860e+02  total=6.777e+03
  subnet MSE  M=1.673e+00  V=1.293e+01  Dw=3.298e-02  g=2.893e-01
[step   2150]
  train: −ELBO=-4.5495e+00  NLL=-4.2450e+00  NLL_R=-3.6724e+00  NLL_ω=-5.7251e-01  MSE_R=1.5183e-02  MSE_ω=1.1986e-01
  test : −ELBO=-6.0486e+00  NLL=-5.7312e+00  NLL_R=-5.0750e+00  NLL_ω=-6.5623e-01  MSE_R=9.3920e-04  MSE_ω=1.1296e-01
  sigma: σ_R=7.1254e-02  σ_ω=2.0305e-01  β=1.0000e+00
  PL   : train=-9.5840e-01  test=-9.7108e-01  σ_φ̄(train)=1.3985e-03  σ_φ̄(test)=1.1166e-03  σ_obs_ω=5.0000e-01  λ_PL=1.00
  KL   : M=1.724e+03  V=3.892e+02  Dw=1.631e+03  g=2.670e+03  sigma=2.809e+02  total=6.696e+03
  subnet MSE  M=1.696e+00  V=1.296e+01  Dw=3.345e-02  g=2.886e-01
[step   2200]
  train: −ELBO=-4.5573e+00  NLL=-4.2429e+00  NLL_R=-3.6691e+00  NLL_ω=-5.7380e-01  MSE_R=1.5217e-02  MSE_ω=1.1979e-01
  test : −ELBO=-6.0619e+00  NLL=-5.7354e+00  NLL_R=-5.0748e+00  NLL_ω=-6.6055e-01  MSE_R=9.3681e-04  MSE_ω=1.1274e-01
  sigma: σ_R=7.1263e-02  σ_ω=2.0172e-01  β=1.0000e+00
  PL   : train=-9.5886e-01  test=-9.7087e-01  σ_φ̄(train)=1.3993e-03  σ_φ̄(test)=1.0615e-03  σ_obs_ω=5.0000e-01  λ_PL=1.00
  KL   : M=1.696e+03  V=3.894e+02  Dw=1.604e+03  g=2.635e+03  sigma=2.748e+02  total=6.599e+03
  subnet MSE  M=1.699e+00  V=1.293e+01  Dw=3.349e-02  g=2.902e-01
[step   2250]
  train: −ELBO=-4.5969e+00  NLL=-4.2685e+00  NLL_R=-3.6715e+00  NLL_ω=-5.9698e-01  MSE_R=1.5193e-02  MSE_ω=1.1796e-01
  test : −ELBO=-6.0796e+00  NLL=-5.7388e+00  NLL_R=-5.0797e+00  NLL_ω=-6.5910e-01  MSE_R=9.3947e-04  MSE_ω=1.1299e-01
  sigma: σ_R=7.1140e-02  σ_ω=2.0006e-01  β=1.0000e+00
  PL   : train=-9.5966e-01  test=-9.7188e-01  σ_φ̄(train)=1.3387e-03  σ_φ̄(test)=9.8448e-04  σ_obs_ω=5.0000e-01  λ_PL=1.00
  KL   : M=1.655e+03  V=3.895e+02  Dw=1.566e+03  g=2.588e+03  sigma=2.660e+02  total=6.464e+03
  subnet MSE  M=1.724e+00  V=1.283e+01  Dw=3.386e-02  g=2.908e-01
[step   2300]
  train: −ELBO=-4.6157e+00  NLL=-4.2765e+00  NLL_R=-3.6745e+00  NLL_ω=-6.0204e-01  MSE_R=1.5163e-02  MSE_ω=1.1758e-01
  test : −ELBO=-6.0806e+00  NLL=-5.7291e+00  NLL_R=-5.0800e+00  NLL_ω=-6.4910e-01  MSE_R=9.4620e-04  MSE_ω=1.1385e-01
  sigma: σ_R=7.1115e-02  σ_ω=1.9896e-01  β=1.0000e+00
  PL   : train=-9.5931e-01  test=-9.7157e-01  σ_φ̄(train)=1.2578e-03  σ_φ̄(test)=8.8927e-04  σ_obs_ω=5.0000e-01  λ_PL=1.00
  KL   : M=1.621e+03  V=3.895e+02  Dw=1.535e+03  g=2.547e+03  sigma=2.585e+02  total=6.350e+03
  subnet MSE  M=1.714e+00  V=1.293e+01  Dw=3.390e-02  g=2.907e-01
[step   2350]
  train: −ELBO=-4.6329e+00  NLL=-4.2837e+00  NLL_R=-3.6726e+00  NLL_ω=-6.1107e-01  MSE_R=1.5181e-02  MSE_ω=1.1687e-01
  test : −ELBO=-6.0856e+00  NLL=-5.7248e+00  NLL_R=-5.0767e+00  NLL_ω=-6.4809e-01  MSE_R=9.4811e-04  MSE_ω=1.1397e-01
  sigma: σ_R=7.1190e-02  σ_ω=1.9806e-01  β=1.0000e+00
  PL   : train=-9.5910e-01  test=-9.7059e-01  σ_φ̄(train)=1.1464e-03  σ_φ̄(test)=8.3733e-04  σ_obs_ω=5.0000e-01  λ_PL=1.00
  KL   : M=1.589e+03  V=3.893e+02  Dw=1.507e+03  g=2.509e+03  sigma=2.514e+02  total=6.246e+03
  subnet MSE  M=1.723e+00  V=1.290e+01  Dw=3.449e-02  g=2.892e-01
[step   2400]
  train: −ELBO=-4.6407e+00  NLL=-4.2824e+00  NLL_R=-3.6722e+00  NLL_ω=-6.1019e-01  MSE_R=1.5185e-02  MSE_ω=1.1694e-01
  test : −ELBO=-6.0970e+00  NLL=-5.7273e+00  NLL_R=-5.0798e+00  NLL_ω=-6.4754e-01  MSE_R=9.4824e-04  MSE_ω=1.1403e-01
  sigma: σ_R=7.1080e-02  σ_ω=1.9740e-01  β=1.0000e+00
  PL   : train=-9.6007e-01  test=-9.7127e-01  σ_φ̄(train)=1.1305e-03  σ_φ̄(test)=7.9234e-04  σ_obs_ω=5.0000e-01  λ_PL=1.00
  KL   : M=1.564e+03  V=3.891e+02  Dw=1.484e+03  g=2.479e+03  sigma=2.457e+02  total=6.162e+03
  subnet MSE  M=1.725e+00  V=1.288e+01  Dw=3.443e-02  g=2.907e-01
[step   2450]
  train: −ELBO=-4.6721e+00  NLL=-4.3046e+00  NLL_R=-3.6745e+00  NLL_ω=-6.3017e-01  MSE_R=1.5163e-02  MSE_ω=1.1539e-01
  test : −ELBO=-6.1076e+00  NLL=-5.7284e+00  NLL_R=-5.0817e+00  NLL_ω=-6.4676e-01  MSE_R=9.4766e-04  MSE_ω=1.1411e-01
  sigma: σ_R=7.1072e-02  σ_ω=1.9668e-01  β=1.0000e+00
  PL   : train=-9.6014e-01  test=-9.7168e-01  σ_φ̄(train)=1.0369e-03  σ_φ̄(test)=7.1099e-04  σ_obs_ω=5.0000e-01  λ_PL=1.00
  KL   : M=1.536e+03  V=3.889e+02  Dw=1.459e+03  g=2.446e+03  sigma=2.393e+02  total=6.069e+03
  subnet MSE  M=1.750e+00  V=1.292e+01  Dw=3.415e-02  g=2.917e-01
[step   2500]
  train: −ELBO=-4.7020e+00  NLL=-4.3233e+00  NLL_R=-3.6764e+00  NLL_ω=-6.4687e-01  MSE_R=1.5143e-02  MSE_ω=1.1412e-01
  test : −ELBO=-6.1129e+00  NLL=-5.7223e+00  NLL_R=-5.0848e+00  NLL_ω=-6.3748e-01  MSE_R=9.5317e-04  MSE_ω=1.1484e-01
  sigma: σ_R=7.1069e-02  σ_ω=1.9585e-01  β=1.0000e+00
  PL   : train=-9.6020e-01  test=-9.7170e-01  σ_φ̄(train)=9.8002e-04  σ_φ̄(test)=6.5464e-04  σ_obs_ω=5.0000e-01  λ_PL=1.00
  KL   : M=1.501e+03  V=3.883e+02  Dw=1.429e+03  g=2.405e+03  sigma=2.312e+02  total=5.954e+03
  subnet MSE  M=1.757e+00  V=1.284e+01  Dw=3.419e-02  g=2.916e-01
[step   2550]
  train: −ELBO=-4.7296e+00  NLL=-4.3377e+00  NLL_R=-3.6735e+00  NLL_ω=-6.6422e-01  MSE_R=1.5172e-02  MSE_ω=1.1280e-01
  test : −ELBO=-6.1224e+00  NLL=-5.7197e+00  NLL_R=-5.0885e+00  NLL_ω=-6.3124e-01  MSE_R=9.5785e-04  MSE_ω=1.1531e-01
  sigma: σ_R=7.0904e-02  σ_ω=1.9486e-01  β=1.0000e+00
  PL   : train=-9.6100e-01  test=-9.7153e-01  σ_φ̄(train)=9.4668e-04  σ_φ̄(test)=6.0157e-04  σ_obs_ω=5.0000e-01  λ_PL=1.00
  KL   : M=1.462e+03  V=3.875e+02  Dw=1.397e+03  g=2.359e+03  sigma=2.222e+02  total=5.828e+03
  subnet MSE  M=1.758e+00  V=1.302e+01  Dw=3.411e-02  g=2.919e-01
[step   2600]
  train: −ELBO=-4.7445e+00  NLL=-4.3427e+00  NLL_R=-3.6760e+00  NLL_ω=-6.6667e-01  MSE_R=1.5147e-02  MSE_ω=1.1262e-01
  test : −ELBO=-6.1304e+00  NLL=-5.7182e+00  NLL_R=-5.0849e+00  NLL_ω=-6.3335e-01  MSE_R=9.5701e-04  MSE_ω=1.1513e-01
  sigma: σ_R=7.0979e-02  σ_ω=1.9419e-01  β=1.0000e+00
  PL   : train=-9.5998e-01  test=-9.7018e-01  σ_φ̄(train)=8.5137e-04  σ_φ̄(test)=5.2724e-04  σ_obs_ω=5.0000e-01  λ_PL=1.00
  KL   : M=1.428e+03  V=3.867e+02  Dw=1.368e+03  g=2.318e+03  sigma=2.142e+02  total=5.716e+03
  subnet MSE  M=1.791e+00  V=1.292e+01  Dw=3.453e-02  g=2.901e-01
[step   2650]
  train: −ELBO=-4.7696e+00  NLL=-4.3568e+00  NLL_R=-3.6746e+00  NLL_ω=-6.8212e-01  MSE_R=1.5161e-02  MSE_ω=1.1146e-01
  test : −ELBO=-6.1251e+00  NLL=-5.7027e+00  NLL_R=-5.0832e+00  NLL_ω=-6.1949e-01  MSE_R=9.6688e-04  MSE_ω=1.1616e-01
  sigma: σ_R=7.0998e-02  σ_ω=1.9367e-01  β=1.0000e+00
  PL   : train=-9.6071e-01  test=-9.7006e-01  σ_φ̄(train)=8.1129e-04  σ_φ̄(test)=4.8313e-04  σ_obs_ω=5.0000e-01  λ_PL=1.00
  KL   : M=1.396e+03  V=3.857e+02  Dw=1.342e+03  g=2.280e+03  sigma=2.065e+02  total=5.611e+03
  subnet MSE  M=1.796e+00  V=1.289e+01  Dw=3.489e-02  g=2.906e-01
[step   2700]
  train: −ELBO=-4.7889e+00  NLL=-4.3651e+00  NLL_R=-3.6802e+00  NLL_ω=-6.8493e-01  MSE_R=1.5105e-02  MSE_ω=1.1126e-01
  test : −ELBO=-6.1320e+00  NLL=-5.6981e+00  NLL_R=-5.0824e+00  NLL_ω=-6.1572e-01  MSE_R=9.6699e-04  MSE_ω=1.1641e-01
  sigma: σ_R=7.1004e-02  σ_ω=1.9300e-01  β=1.0000e+00
  PL   : train=-9.6068e-01  test=-9.7064e-01  σ_φ̄(train)=7.6735e-04  σ_φ̄(test)=4.4087e-04  σ_obs_ω=5.0000e-01  λ_PL=1.00
  KL   : M=1.362e+03  V=3.846e+02  Dw=1.314e+03  g=2.239e+03  sigma=1.984e+02  total=5.498e+03
  subnet MSE  M=1.794e+00  V=1.296e+01  Dw=3.489e-02  g=2.915e-01
[step   2750]
  train: −ELBO=-4.8002e+00  NLL=-4.3694e+00  NLL_R=-3.6778e+00  NLL_ω=-6.9162e-01  MSE_R=1.5129e-02  MSE_ω=1.1076e-01
  test : −ELBO=-6.1273e+00  NLL=-5.6870e+00  NLL_R=-5.0820e+00  NLL_ω=-6.0495e-01  MSE_R=9.7435e-04  MSE_ω=1.1719e-01
  sigma: σ_R=7.0985e-02  σ_ω=1.9263e-01  β=1.0000e+00
  PL   : train=-9.6083e-01  test=-9.7015e-01  σ_φ̄(train)=7.0535e-04  σ_φ̄(test)=4.0080e-04  σ_obs_ω=5.0000e-01  λ_PL=1.00
  KL   : M=1.341e+03  V=3.838e+02  Dw=1.296e+03  g=2.213e+03  sigma=1.933e+02  total=5.428e+03
  subnet MSE  M=1.782e+00  V=1.291e+01  Dw=3.545e-02  g=2.911e-01
[step   2800]
  train: −ELBO=-4.8155e+00  NLL=-4.3760e+00  NLL_R=-3.6780e+00  NLL_ω=-6.9802e-01  MSE_R=1.5127e-02  MSE_ω=1.1029e-01
  test : −ELBO=-6.1428e+00  NLL=-5.6935e+00  NLL_R=-5.0832e+00  NLL_ω=-6.1033e-01  MSE_R=9.6957e-04  MSE_ω=1.1677e-01
  sigma: σ_R=7.0976e-02  σ_ω=1.9219e-01  β=1.0000e+00
  PL   : train=-9.6119e-01  test=-9.7084e-01  σ_φ̄(train)=6.5282e-04  σ_φ̄(test)=3.5202e-04  σ_obs_ω=5.0000e-01  λ_PL=1.00
  KL   : M=1.315e+03  V=3.829e+02  Dw=1.276e+03  g=2.182e+03  sigma=1.871e+02  total=5.342e+03
  subnet MSE  M=1.800e+00  V=1.288e+01  Dw=3.490e-02  g=2.926e-01
[step   2850]
  train: −ELBO=-4.8194e+00  NLL=-4.3724e+00  NLL_R=-3.6788e+00  NLL_ω=-6.9355e-01  MSE_R=1.5119e-02  MSE_ω=1.1062e-01
  test : −ELBO=-6.1536e+00  NLL=-5.6972e+00  NLL_R=-5.0838e+00  NLL_ω=-6.1339e-01  MSE_R=9.6804e-04  MSE_ω=1.1653e-01
  sigma: σ_R=7.0963e-02  σ_ω=1.9190e-01  β=1.0000e+00
  PL   : train=-9.6090e-01  test=-9.7018e-01  σ_φ̄(train)=6.1996e-04  σ_φ̄(test)=3.3532e-04  σ_obs_ω=5.0000e-01  λ_PL=1.00
  KL   : M=1.290e+03  V=3.819e+02  Dw=1.257e+03  g=2.153e+03  sigma=1.812e+02  total=5.262e+03
  subnet MSE  M=1.812e+00  V=1.294e+01  Dw=3.581e-02  g=2.916e-01
[step   2900]
  train: −ELBO=-4.8431e+00  NLL=-4.3873e+00  NLL_R=-3.6807e+00  NLL_ω=-7.0664e-01  MSE_R=1.5100e-02  MSE_ω=1.0966e-01
  test : −ELBO=-6.1539e+00  NLL=-5.6888e+00  NLL_R=-5.0839e+00  NLL_ω=-6.0498e-01  MSE_R=9.7230e-04  MSE_ω=1.1711e-01
  sigma: σ_R=7.0945e-02  σ_ω=1.9144e-01  β=1.0000e+00
  PL   : train=-9.6195e-01  test=-9.7111e-01  σ_φ̄(train)=6.2652e-04  σ_φ̄(test)=3.0077e-04  σ_obs_ω=5.0000e-01  λ_PL=1.00
  KL   : M=1.266e+03  V=3.808e+02  Dw=1.237e+03  g=2.124e+03  sigma=1.753e+02  total=5.183e+03
  subnet MSE  M=1.794e+00  V=1.290e+01  Dw=3.493e-02  g=2.932e-01
[step   2950]
  train: −ELBO=-4.8699e+00  NLL=-4.4072e+00  NLL_R=-3.6829e+00  NLL_ω=-7.2429e-01  MSE_R=1.5078e-02  MSE_ω=1.0837e-01
  test : −ELBO=-6.1484e+00  NLL=-5.6770e+00  NLL_R=-5.0859e+00  NLL_ω=-5.9118e-01  MSE_R=9.8014e-04  MSE_ω=1.1808e-01
  sigma: σ_R=7.0902e-02  σ_ω=1.9095e-01  β=1.0000e+00
  PL   : train=-9.6174e-01  test=-9.7015e-01  σ_φ̄(train)=5.7695e-04  σ_φ̄(test)=2.5859e-04  σ_obs_ω=5.0000e-01  λ_PL=1.00
  KL   : M=1.243e+03  V=3.797e+02  Dw=1.220e+03  g=2.096e+03  sigma=1.700e+02  total=5.110e+03
  subnet MSE  M=1.795e+00  V=1.286e+01  Dw=3.497e-02  g=2.921e-01
[step   3000]
  train: −ELBO=-4.8774e+00  NLL=-4.4068e+00  NLL_R=-3.6801e+00  NLL_ω=-7.2675e-01  MSE_R=1.5106e-02  MSE_ω=1.0820e-01
  test : −ELBO=-6.1528e+00  NLL=-5.6738e+00  NLL_R=-5.0843e+00  NLL_ω=-5.8950e-01  MSE_R=9.8117e-04  MSE_ω=1.1817e-01
  sigma: σ_R=7.0929e-02  σ_ω=1.9057e-01  β=1.0000e+00
  PL   : train=-9.6096e-01  test=-9.6933e-01  σ_φ̄(train)=5.1723e-04  σ_φ̄(test)=2.3336e-04  σ_obs_ω=5.0000e-01  λ_PL=1.00
  KL   : M=1.217e+03  V=3.784e+02  Dw=1.200e+03  g=2.064e+03  sigma=1.634e+02  total=5.022e+03
  subnet MSE  M=1.799e+00  V=1.285e+01  Dw=3.537e-02  g=2.906e-01
[step   3050]
  train: −ELBO=-4.8872e+00  NLL=-4.4091e+00  NLL_R=-3.6810e+00  NLL_ω=-7.2810e-01  MSE_R=1.5097e-02  MSE_ω=1.0810e-01
  test : −ELBO=-6.1542e+00  NLL=-5.6676e+00  NLL_R=-5.0837e+00  NLL_ω=-5.8395e-01  MSE_R=9.8399e-04  MSE_ω=1.1853e-01
  sigma: σ_R=7.0930e-02  σ_ω=1.9022e-01  β=1.0000e+00
  PL   : train=-9.6137e-01  test=-9.6980e-01  σ_φ̄(train)=5.3134e-04  σ_φ̄(test)=2.1852e-04  σ_obs_ω=5.0000e-01  λ_PL=1.00
  KL   : M=1.195e+03  V=3.773e+02  Dw=1.182e+03  g=2.037e+03  sigma=1.579e+02  total=4.949e+03
  subnet MSE  M=1.813e+00  V=1.287e+01  Dw=3.536e-02  g=2.915e-01
[step   3100]
  train: −ELBO=-4.8978e+00  NLL=-4.4132e+00  NLL_R=-3.6845e+00  NLL_ω=-7.2868e-01  MSE_R=1.5061e-02  MSE_ω=1.0806e-01
  test : −ELBO=-6.1568e+00  NLL=-5.6640e+00  NLL_R=-5.0844e+00  NLL_ω=-5.7966e-01  MSE_R=9.8604e-04  MSE_ω=1.1881e-01
  sigma: σ_R=7.0898e-02  σ_ω=1.8993e-01  β=1.0000e+00
  PL   : train=-9.6177e-01  test=-9.6986e-01  σ_φ̄(train)=5.5621e-04  σ_φ̄(test)=2.0472e-04  σ_obs_ω=5.0000e-01  λ_PL=1.00
  KL   : M=1.175e+03  V=3.762e+02  Dw=1.168e+03  g=2.014e+03  sigma=1.531e+02  total=4.887e+03
  subnet MSE  M=1.812e+00  V=1.288e+01  Dw=3.503e-02  g=2.915e-01
[step   3150]
  train: −ELBO=-4.9098e+00  NLL=-4.4173e+00  NLL_R=-3.6819e+00  NLL_ω=-7.3540e-01  MSE_R=1.5088e-02  MSE_ω=1.0758e-01
  test : −ELBO=-6.1676e+00  NLL=-5.6664e+00  NLL_R=-5.0862e+00  NLL_ω=-5.8026e-01  MSE_R=9.8496e-04  MSE_ω=1.1873e-01
  sigma: σ_R=7.0861e-02  σ_ω=1.8959e-01  β=1.0000e+00
  PL   : train=-9.6245e-01  test=-9.7089e-01  σ_φ̄(train)=5.4058e-04  σ_φ̄(test)=1.7606e-04  σ_obs_ω=5.0000e-01  λ_PL=1.00
  KL   : M=1.153e+03  V=3.749e+02  Dw=1.151e+03  g=1.986e+03  sigma=1.476e+02  total=4.812e+03
  subnet MSE  M=1.824e+00  V=1.287e+01  Dw=3.505e-02  g=2.940e-01
[step   3200]
  train: −ELBO=-4.9248e+00  NLL=-4.4236e+00  NLL_R=-3.6859e+00  NLL_ω=-7.3774e-01  MSE_R=1.5047e-02  MSE_ω=1.0741e-01
  test : −ELBO=-6.1629e+00  NLL=-5.6534e+00  NLL_R=-5.0815e+00  NLL_ω=-5.7186e-01  MSE_R=9.8873e-04  MSE_ω=1.1928e-01
  sigma: σ_R=7.0945e-02  σ_ω=1.8918e-01  β=1.0000e+00
  PL   : train=-9.6282e-01  test=-9.7101e-01  σ_φ̄(train)=4.2402e-04  σ_φ̄(test)=1.4964e-04  σ_obs_ω=5.0000e-01  λ_PL=1.00
  KL   : M=1.127e+03  V=3.733e+02  Dw=1.132e+03  g=1.954e+03  sigma=1.415e+02  total=4.728e+03
  subnet MSE  M=1.814e+00  V=1.294e+01  Dw=3.425e-02  g=2.941e-01
[step   3250]
  train: −ELBO=-4.9259e+00  NLL=-4.4197e+00  NLL_R=-3.6824e+00  NLL_ω=-7.3733e-01  MSE_R=1.5083e-02  MSE_ω=1.0744e-01
  test : −ELBO=-6.1720e+00  NLL=-5.6576e+00  NLL_R=-5.0845e+00  NLL_ω=-5.7308e-01  MSE_R=9.9011e-04  MSE_ω=1.1917e-01
  sigma: σ_R=7.0876e-02  σ_ω=1.8895e-01  β=1.0000e+00
  PL   : train=-9.6192e-01  test=-9.7002e-01  σ_φ̄(train)=4.0177e-04  σ_φ̄(test)=1.3227e-04  σ_obs_ω=5.0000e-01  λ_PL=1.00
  KL   : M=1.109e+03  V=3.722e+02  Dw=1.118e+03  g=1.931e+03  sigma=1.369e+02  total=4.667e+03
  subnet MSE  M=1.816e+00  V=1.284e+01  Dw=3.476e-02  g=2.922e-01
[step   3300]
  train: −ELBO=-4.9411e+00  NLL=-4.4268e+00  NLL_R=-3.6869e+00  NLL_ω=-7.3995e-01  MSE_R=1.5038e-02  MSE_ω=1.0725e-01
  test : −ELBO=-6.1719e+00  NLL=-5.6498e+00  NLL_R=-5.0827e+00  NLL_ω=-5.6708e-01  MSE_R=9.9202e-04  MSE_ω=1.1957e-01
  sigma: σ_R=7.0907e-02  σ_ω=1.8875e-01  β=1.0000e+00
  PL   : train=-9.6201e-01  test=-9.6978e-01  σ_φ̄(train)=3.7470e-04  σ_φ̄(test)=1.3342e-04  σ_obs_ω=5.0000e-01  λ_PL=1.00
  KL   : M=1.084e+03  V=3.706e+02  Dw=1.100e+03  g=1.900e+03  sigma=1.305e+02  total=4.585e+03
  subnet MSE  M=1.824e+00  V=1.285e+01  Dw=3.473e-02  g=2.922e-01
[step   3350]
  train: −ELBO=-4.9571e+00  NLL=-4.4361e+00  NLL_R=-3.6844e+00  NLL_ω=-7.5175e-01  MSE_R=1.5063e-02  MSE_ω=1.0641e-01
  test : −ELBO=-6.1729e+00  NLL=-5.6442e+00  NLL_R=-5.0827e+00  NLL_ω=-5.6147e-01  MSE_R=9.9486e-04  MSE_ω=1.1991e-01
  sigma: σ_R=7.0923e-02  σ_ω=1.8832e-01  β=1.0000e+00
  PL   : train=-9.6204e-01  test=-9.6962e-01  σ_φ̄(train)=4.6833e-04  σ_φ̄(test)=1.2415e-04  σ_obs_ω=5.0000e-01  λ_PL=1.00
  KL   : M=1.063e+03  V=3.692e+02  Dw=1.084e+03  g=1.874e+03  sigma=1.251e+02  total=4.516e+03
  subnet MSE  M=1.829e+00  V=1.285e+01  Dw=3.526e-02  g=2.920e-01
[step   3400]
  train: −ELBO=-4.9728e+00  NLL=-4.4443e+00  NLL_R=-3.6847e+00  NLL_ω=-7.5963e-01  MSE_R=1.5060e-02  MSE_ω=1.0585e-01
  test : −ELBO=-6.1723e+00  NLL=-5.6363e+00  NLL_R=-5.0826e+00  NLL_ω=-5.5368e-01  MSE_R=9.9887e-04  MSE_ω=1.2044e-01
  sigma: σ_R=7.0927e-02  σ_ω=1.8818e-01  β=1.0000e+00
  PL   : train=-9.6245e-01  test=-9.6973e-01  σ_φ̄(train)=4.2815e-04  σ_φ̄(test)=1.0810e-04  σ_obs_ω=5.0000e-01  λ_PL=1.00
  KL   : M=1.041e+03  V=3.677e+02  Dw=1.069e+03  g=1.846e+03  sigma=1.198e+02  total=4.443e+03
  subnet MSE  M=1.830e+00  V=1.283e+01  Dw=3.583e-02  g=2.930e-01
[step   3450]
  train: −ELBO=-4.9824e+00  NLL=-4.4450e+00  NLL_R=-3.6862e+00  NLL_ω=-7.5881e-01  MSE_R=1.5045e-02  MSE_ω=1.0591e-01
  test : −ELBO=-6.1783e+00  NLL=-5.6337e+00  NLL_R=-5.0852e+00  NLL_ω=-5.4849e-01  MSE_R=1.0017e-03  MSE_ω=1.2081e-01
  sigma: σ_R=7.0850e-02  σ_ω=1.8817e-01  β=1.0000e+00
  PL   : train=-9.6316e-01  test=-9.7023e-01  σ_φ̄(train)=3.8988e-04  σ_φ̄(test)=9.0623e-05  σ_obs_ω=5.0000e-01  λ_PL=1.00
  KL   : M=1.015e+03  V=3.659e+02  Dw=1.051e+03  g=1.814e+03  sigma=1.135e+02  total=4.360e+03
  subnet MSE  M=1.836e+00  V=1.288e+01  Dw=3.534e-02  g=2.938e-01
[step   3500]
  train: −ELBO=-4.9880e+00  NLL=-4.4452e+00  NLL_R=-3.6855e+00  NLL_ω=-7.5974e-01  MSE_R=1.5052e-02  MSE_ω=1.0585e-01
  test : −ELBO=-6.1865e+00  NLL=-5.6366e+00  NLL_R=-5.0846e+00  NLL_ω=-5.5200e-01  MSE_R=9.9918e-04  MSE_ω=1.2055e-01
  sigma: σ_R=7.0868e-02  σ_ω=1.8811e-01  β=1.0000e+00
  PL   : train=-9.6289e-01  test=-9.6987e-01  σ_φ̄(train)=3.8135e-04  σ_φ̄(test)=7.4239e-05  σ_obs_ω=5.0000e-01  λ_PL=1.00
  KL   : M=9.975e+02  V=3.646e+02  Dw=1.039e+03  g=1.791e+03  sigma=1.093e+02  total=4.302e+03
  subnet MSE  M=1.832e+00  V=1.283e+01  Dw=3.550e-02  g=2.933e-01
[step   3550]
  train: −ELBO=-4.9986e+00  NLL=-4.4502e+00  NLL_R=-3.6848e+00  NLL_ω=-7.6535e-01  MSE_R=1.5059e-02  MSE_ω=1.0545e-01
  test : −ELBO=-6.1820e+00  NLL=-5.6264e+00  NLL_R=-5.0857e+00  NLL_ω=-5.4067e-01  MSE_R=1.0051e-03  MSE_ω=1.2128e-01
  sigma: σ_R=7.0835e-02  σ_ω=1.8769e-01  β=1.0000e+00
  PL   : train=-9.6216e-01  test=-9.6916e-01  σ_φ̄(train)=2.9662e-04  σ_φ̄(test)=6.0391e-05  σ_obs_ω=5.0000e-01  λ_PL=1.00
  KL   : M=9.780e+02  V=3.630e+02  Dw=1.025e+03  g=1.766e+03  sigma=1.047e+02  total=4.237e+03
  subnet MSE  M=1.834e+00  V=1.287e+01  Dw=3.545e-02  g=2.927e-01
[step   3600]
  train: −ELBO=-5.0242e+00  NLL=-4.4696e+00  NLL_R=-3.6848e+00  NLL_ω=-7.8474e-01  MSE_R=1.5058e-02  MSE_ω=1.0409e-01
  test : −ELBO=-6.1821e+00  NLL=-5.6208e+00  NLL_R=-5.0843e+00  NLL_ω=-5.3655e-01  MSE_R=1.0077e-03  MSE_ω=1.2155e-01
  sigma: σ_R=7.0859e-02  σ_ω=1.8757e-01  β=1.0000e+00
  PL   : train=-9.6250e-01  test=-9.6905e-01  σ_φ̄(train)=2.3192e-04  σ_φ̄(test)=4.4617e-05  σ_obs_ω=5.0000e-01  λ_PL=1.00
  KL   : M=9.598e+02  V=3.614e+02  Dw=1.013e+03  g=1.742e+03  sigma=1.006e+02  total=4.177e+03
  subnet MSE  M=1.834e+00  V=1.286e+01  Dw=3.544e-02  g=2.923e-01
[step   3650]
  train: −ELBO=-5.0225e+00  NLL=-4.4631e+00  NLL_R=-3.6837e+00  NLL_ω=-7.7949e-01  MSE_R=1.5070e-02  MSE_ω=1.0446e-01
  test : −ELBO=-6.1948e+00  NLL=-5.6284e+00  NLL_R=-5.0851e+00  NLL_ω=-5.4332e-01  MSE_R=1.0036e-03  MSE_ω=1.2105e-01
  sigma: σ_R=7.0844e-02  σ_ω=1.8740e-01  β=1.0000e+00
  PL   : train=-9.6372e-01  test=-9.7066e-01  σ_φ̄(train)=2.1604e-04  σ_φ̄(test)=3.9706e-05  σ_obs_ω=5.0000e-01  λ_PL=1.00
  KL   : M=9.488e+02  V=3.605e+02  Dw=1.005e+03  g=1.728e+03  sigma=9.788e+01  total=4.140e+03
  subnet MSE  M=1.827e+00  V=1.285e+01  Dw=3.599e-02  g=2.952e-01
[step   3700]
  train: −ELBO=-5.0329e+00  NLL=-4.4688e+00  NLL_R=-3.6864e+00  NLL_ω=-7.8240e-01  MSE_R=1.5042e-02  MSE_ω=1.0426e-01
  test : −ELBO=-6.1920e+00  NLL=-5.6213e+00  NLL_R=-5.0851e+00  NLL_ω=-5.3627e-01  MSE_R=1.0070e-03  MSE_ω=1.2150e-01
  sigma: σ_R=7.0823e-02  σ_ω=1.8717e-01  β=1.0000e+00
  PL   : train=-9.6361e-01  test=-9.7010e-01  σ_φ̄(train)=2.0153e-04  σ_φ̄(test)=3.3873e-05  σ_obs_ω=5.0000e-01  λ_PL=1.00
  KL   : M=9.340e+02  V=3.592e+02  Dw=9.953e+02  g=1.708e+03  sigma=9.445e+01  total=4.091e+03
  subnet MSE  M=1.850e+00  V=1.292e+01  Dw=3.614e-02  g=2.946e-01
[step   3750]
  train: −ELBO=-5.0175e+00  NLL=-4.4475e+00  NLL_R=-3.6842e+00  NLL_ω=-7.6325e-01  MSE_R=1.5064e-02  MSE_ω=1.0560e-01
  test : −ELBO=-6.2052e+00  NLL=-5.6280e+00  NLL_R=-5.0840e+00  NLL_ω=-5.4399e-01  MSE_R=1.0026e-03  MSE_ω=1.2092e-01
  sigma: σ_R=7.0866e-02  σ_ω=1.8695e-01  β=1.0000e+00
  PL   : train=-9.6283e-01  test=-9.6986e-01  σ_φ̄(train)=3.3514e-04  σ_φ̄(test)=2.7047e-05  σ_obs_ω=5.0000e-01  λ_PL=1.00
  KL   : M=9.131e+02  V=3.574e+02  Dw=9.810e+02  g=1.681e+03  sigma=8.998e+01  total=4.022e+03
  subnet MSE  M=1.857e+00  V=1.284e+01  Dw=3.581e-02  g=2.939e-01
[step   3800]
  train: −ELBO=-5.0433e+00  NLL=-4.4663e+00  NLL_R=-3.6846e+00  NLL_ω=-7.8169e-01  MSE_R=1.5061e-02  MSE_ω=1.0431e-01
  test : −ELBO=-6.1893e+00  NLL=-5.6062e+00  NLL_R=-5.0870e+00  NLL_ω=-5.1919e-01  MSE_R=1.0177e-03  MSE_ω=1.2262e-01
  sigma: σ_R=7.0760e-02  σ_ω=1.8676e-01  β=1.0000e+00
  PL   : train=-9.6250e-01  test=-9.6850e-01  σ_φ̄(train)=2.1252e-04  σ_φ̄(test)=2.4768e-05  σ_obs_ω=5.0000e-01  λ_PL=1.00
  KL   : M=8.907e+02  V=3.553e+02  Dw=9.655e+02  g=1.651e+03  sigma=8.475e+01  total=3.947e+03
  subnet MSE  M=1.848e+00  V=1.284e+01  Dw=3.534e-02  g=2.923e-01
[step   3850]
  train: −ELBO=-5.0417e+00  NLL=-4.4585e+00  NLL_R=-3.6853e+00  NLL_ω=-7.7320e-01  MSE_R=1.5053e-02  MSE_ω=1.0490e-01
  test : −ELBO=-6.2147e+00  NLL=-5.6251e+00  NLL_R=-5.0884e+00  NLL_ω=-5.3666e-01  MSE_R=1.0060e-03  MSE_ω=1.2136e-01
  sigma: σ_R=7.0754e-02  σ_ω=1.8655e-01  β=1.0000e+00
  PL   : train=-9.6297e-01  test=-9.6927e-01  σ_φ̄(train)=1.7835e-04  σ_φ̄(test)=2.1071e-05  σ_obs_ω=5.0000e-01  λ_PL=1.00
  KL   : M=8.732e+02  V=3.536e+02  Dw=9.541e+02  g=1.627e+03  sigma=8.087e+01  total=3.889e+03
  subnet MSE  M=1.867e+00  V=1.279e+01  Dw=3.592e-02  g=2.936e-01
[step   3900]
  train: −ELBO=-5.0585e+00  NLL=-4.4695e+00  NLL_R=-3.6864e+00  NLL_ω=-7.8310e-01  MSE_R=1.5043e-02  MSE_ω=1.0421e-01
  test : −ELBO=-6.2074e+00  NLL=-5.6120e+00  NLL_R=-5.0849e+00  NLL_ω=-5.2713e-01  MSE_R=1.0119e-03  MSE_ω=1.2202e-01
  sigma: σ_R=7.0818e-02  σ_ω=1.8651e-01  β=1.0000e+00
  PL   : train=-9.6362e-01  test=-9.6990e-01  σ_φ̄(train)=1.4779e-04  σ_φ̄(test)=1.8622e-05  σ_obs_ω=5.0000e-01  λ_PL=1.00
  KL   : M=8.570e+02  V=3.519e+02  Dw=9.435e+02  g=1.606e+03  sigma=7.736e+01  total=3.836e+03
  subnet MSE  M=1.859e+00  V=1.287e+01  Dw=3.608e-02  g=2.950e-01
[step   3950]
  train: −ELBO=-5.0594e+00  NLL=-4.4641e+00  NLL_R=-3.6844e+00  NLL_ω=-7.7978e-01  MSE_R=1.5063e-02  MSE_ω=1.0444e-01
  test : −ELBO=-6.2037e+00  NLL=-5.6023e+00  NLL_R=-5.0847e+00  NLL_ω=-5.1763e-01  MSE_R=1.0159e-03  MSE_ω=1.2265e-01
  sigma: σ_R=7.0813e-02  σ_ω=1.8636e-01  β=1.0000e+00
  PL   : train=-9.6395e-01  test=-9.7001e-01  σ_φ̄(train)=2.5002e-04  σ_φ̄(test)=1.5080e-05  σ_obs_ω=5.0000e-01  λ_PL=1.00
  KL   : M=8.391e+02  V=3.501e+02  Dw=9.314e+02  g=1.582e+03  sigma=7.341e+01  total=3.776e+03
  subnet MSE  M=1.861e+00  V=1.276e+01  Dw=3.610e-02  g=2.953e-01
[step   4000]
  train: −ELBO=-5.0656e+00  NLL=-4.4665e+00  NLL_R=-3.6867e+00  NLL_ω=-7.7977e-01  MSE_R=1.5040e-02  MSE_ω=1.0444e-01
  test : −ELBO=-6.2062e+00  NLL=-5.6005e+00  NLL_R=-5.0848e+00  NLL_ω=-5.1565e-01  MSE_R=1.0177e-03  MSE_ω=1.2280e-01
  sigma: σ_R=7.0786e-02  σ_ω=1.8640e-01  β=1.0000e+00
  PL   : train=-9.6243e-01  test=-9.6894e-01  σ_φ̄(train)=1.1506e-04  σ_φ̄(test)=1.1028e-05  σ_obs_ω=5.0000e-01  λ_PL=1.00
  KL   : M=8.227e+02  V=3.483e+02  Dw=9.200e+02  g=1.559e+03  sigma=7.004e+01  total=3.720e+03
  subnet MSE  M=1.864e+00  V=1.286e+01  Dw=3.573e-02  g=2.934e-01
[step   4050]
  train: −ELBO=-5.0738e+00  NLL=-4.4681e+00  NLL_R=-3.6870e+00  NLL_ω=-7.8113e-01  MSE_R=1.5037e-02  MSE_ω=1.0435e-01
  test : −ELBO=-6.2160e+00  NLL=-5.6046e+00  NLL_R=-5.0847e+00  NLL_ω=-5.1988e-01  MSE_R=1.0154e-03  MSE_ω=1.2245e-01
  sigma: σ_R=7.0820e-02  σ_ω=1.8611e-01  β=1.0000e+00
  PL   : train=-9.6369e-01  test=-9.6926e-01  σ_φ̄(train)=1.1897e-04  σ_φ̄(test)=9.4133e-06  σ_obs_ω=5.0000e-01  λ_PL=1.00
  KL   : M=8.066e+02  V=3.466e+02  Dw=9.092e+02  g=1.538e+03  sigma=6.672e+01  total=3.667e+03
  subnet MSE  M=1.870e+00  V=1.282e+01  Dw=3.527e-02  g=2.938e-01
[step   4100]
  train: −ELBO=-5.0944e+00  NLL=-4.4817e+00  NLL_R=-3.6860e+00  NLL_ω=-7.9565e-01  MSE_R=1.5046e-02  MSE_ω=1.0334e-01
  test : −ELBO=-6.2231e+00  NLL=-5.6043e+00  NLL_R=-5.0847e+00  NLL_ω=-5.1958e-01  MSE_R=1.0146e-03  MSE_ω=1.2244e-01
  sigma: σ_R=7.0824e-02  σ_ω=1.8598e-01  β=1.0000e+00
  PL   : train=-9.6401e-01  test=-9.6991e-01  σ_φ̄(train)=1.0772e-04  σ_φ̄(test)=7.6040e-06  σ_obs_ω=5.0000e-01  λ_PL=1.00
  KL   : M=7.858e+02  V=3.441e+02  Dw=8.955e+02  g=1.509e+03  sigma=6.245e+01  total=3.597e+03
  subnet MSE  M=1.869e+00  V=1.282e+01  Dw=3.567e-02  g=2.950e-01
[step   4150]
  train: −ELBO=-5.1001e+00  NLL=-4.4818e+00  NLL_R=-3.6870e+00  NLL_ω=-7.9479e-01  MSE_R=1.5036e-02  MSE_ω=1.0340e-01
  test : −ELBO=-6.2208e+00  NLL=-5.5965e+00  NLL_R=-5.0838e+00  NLL_ω=-5.1268e-01  MSE_R=1.0189e-03  MSE_ω=1.2285e-01
  sigma: σ_R=7.0831e-02  σ_ω=1.8568e-01  β=1.0000e+00
  PL   : train=-9.6276e-01  test=-9.6868e-01  σ_φ̄(train)=9.8664e-05  σ_φ̄(test)=4.8439e-06  σ_obs_ω=5.0000e-01  λ_PL=1.00
  KL   : M=7.653e+02  V=3.415e+02  Dw=8.815e+02  g=1.480e+03  sigma=5.874e+01  total=3.527e+03
  subnet MSE  M=1.882e+00  V=1.281e+01  Dw=3.601e-02  g=2.929e-01
[step   4200]
  train: −ELBO=-5.1037e+00  NLL=-4.4788e+00  NLL_R=-3.6855e+00  NLL_ω=-7.9329e-01  MSE_R=1.5051e-02  MSE_ω=1.0351e-01
  test : −ELBO=-6.2250e+00  NLL=-5.5944e+00  NLL_R=-5.0883e+00  NLL_ω=-5.0616e-01  MSE_R=1.0222e-03  MSE_ω=1.2330e-01
  sigma: σ_R=7.0713e-02  σ_ω=1.8565e-01  β=1.0000e+00
  PL   : train=-9.6375e-01  test=-9.6943e-01  σ_φ̄(train)=8.6319e-05  σ_φ̄(test)=3.4146e-06  σ_obs_ω=5.0000e-01  λ_PL=1.00
  KL   : M=7.484e+02  V=3.394e+02  Dw=8.701e+02  g=1.456e+03  sigma=5.572e+01  total=3.470e+03
  subnet MSE  M=1.878e+00  V=1.288e+01  Dw=3.517e-02  g=2.943e-01
[step   4250]
  train: −ELBO=-5.1058e+00  NLL=-4.4768e+00  NLL_R=-3.6863e+00  NLL_ω=-7.9047e-01  MSE_R=1.5044e-02  MSE_ω=1.0370e-01
  test : −ELBO=-6.2341e+00  NLL=-5.5991e+00  NLL_R=-5.0858e+00  NLL_ω=-5.1326e-01  MSE_R=1.0183e-03  MSE_ω=1.2278e-01
  sigma: σ_R=7.0792e-02  σ_ω=1.8550e-01  β=1.0000e+00
  PL   : train=-9.6381e-01  test=-9.6980e-01  σ_φ̄(train)=6.8910e-05  σ_φ̄(test)=2.9895e-06  σ_obs_ω=5.0000e-01  λ_PL=1.00
  KL   : M=7.362e+02  V=3.377e+02  Dw=8.622e+02  g=1.439e+03  sigma=5.340e+01  total=3.429e+03
  subnet MSE  M=1.897e+00  V=1.292e+01  Dw=3.495e-02  g=2.948e-01
[step   4300]
  train: −ELBO=-5.1135e+00  NLL=-4.4810e+00  NLL_R=-3.6857e+00  NLL_ω=-7.9526e-01  MSE_R=1.5049e-02  MSE_ω=1.0337e-01
  test : −ELBO=-6.2277e+00  NLL=-5.5892e+00  NLL_R=-5.0872e+00  NLL_ω=-5.0202e-01  MSE_R=1.0245e-03  MSE_ω=1.2356e-01
  sigma: σ_R=7.0759e-02  σ_ω=1.8558e-01  β=1.0000e+00
  PL   : train=-9.6310e-01  test=-9.6890e-01  σ_φ̄(train)=5.5673e-05  σ_φ̄(test)=2.9017e-06  σ_obs_ω=5.0000e-01  λ_PL=1.00
  KL   : M=7.234e+02  V=3.360e+02  Dw=8.540e+02  g=1.421e+03  sigma=5.081e+01  total=3.385e+03
  subnet MSE  M=1.882e+00  V=1.283e+01  Dw=3.578e-02  g=2.934e-01
[step   4350]
  train: −ELBO=-5.1273e+00  NLL=-4.4897e+00  NLL_R=-3.6868e+00  NLL_ω=-8.0287e-01  MSE_R=1.5038e-02  MSE_ω=1.0285e-01
  test : −ELBO=-6.2321e+00  NLL=-5.5890e+00  NLL_R=-5.0858e+00  NLL_ω=-5.0322e-01  MSE_R=1.0237e-03  MSE_ω=1.2344e-01
  sigma: σ_R=7.0768e-02  σ_ω=1.8538e-01  β=1.0000e+00
  PL   : train=-9.6357e-01  test=-9.6895e-01  σ_φ̄(train)=1.3314e-04  σ_φ̄(test)=2.5749e-06  σ_obs_ω=5.0000e-01  λ_PL=1.00
  KL   : M=7.098e+02  V=3.341e+02  Dw=8.449e+02  g=1.401e+03  sigma=4.807e+01  total=3.338e+03
  subnet MSE  M=1.879e+00  V=1.281e+01  Dw=3.600e-02  g=2.939e-01
[step   4400]
  train: −ELBO=-5.1413e+00  NLL=-4.4986e+00  NLL_R=-3.6870e+00  NLL_ω=-8.1154e-01  MSE_R=1.5036e-02  MSE_ω=1.0225e-01
  test : −ELBO=-6.2286e+00  NLL=-5.5806e+00  NLL_R=-5.0822e+00  NLL_ω=-4.9835e-01  MSE_R=1.0259e-03  MSE_ω=1.2367e-01
  sigma: σ_R=7.0875e-02  σ_ω=1.8490e-01  β=1.0000e+00
  PL   : train=-9.6377e-01  test=-9.6889e-01  σ_φ̄(train)=8.0988e-05  σ_φ̄(test)=2.2635e-06  σ_obs_ω=5.0000e-01  λ_PL=1.00
  KL   : M=6.950e+02  V=3.319e+02  Dw=8.354e+02  g=1.380e+03  sigma=4.536e+01  total=3.287e+03
  subnet MSE  M=1.885e+00  V=1.278e+01  Dw=3.570e-02  g=2.940e-01
[step   4450]
  train: −ELBO=-5.1427e+00  NLL=-4.4942e+00  NLL_R=-3.6869e+00  NLL_ω=-8.0723e-01  MSE_R=1.5037e-02  MSE_ω=1.0255e-01
  test : −ELBO=-6.2369e+00  NLL=-5.5825e+00  NLL_R=-5.0853e+00  NLL_ω=-4.9721e-01  MSE_R=1.0269e-03  MSE_ω=1.2375e-01
  sigma: σ_R=7.0810e-02  σ_ω=1.8492e-01  β=1.0000e+00
  PL   : train=-9.6337e-01  test=-9.6904e-01  σ_φ̄(train)=2.6667e-05  σ_φ̄(test)=7.5759e-07  σ_obs_ω=5.0000e-01  λ_PL=1.00
  KL   : M=6.763e+02  V=3.290e+02  Dw=8.235e+02  g=1.352e+03  sigma=4.351e+01  total=3.224e+03
  subnet MSE  M=1.894e+00  V=1.283e+01  Dw=3.564e-02  g=2.944e-01
[step   4500]
  train: −ELBO=-5.1580e+00  NLL=-4.5036e+00  NLL_R=-3.6875e+00  NLL_ω=-8.1606e-01  MSE_R=1.5031e-02  MSE_ω=1.0195e-01
  test : −ELBO=-6.2332e+00  NLL=-5.5730e+00  NLL_R=-5.0825e+00  NLL_ω=-4.9044e-01  MSE_R=1.0299e-03  MSE_ω=1.2420e-01
  sigma: σ_R=7.0822e-02  σ_ω=1.8488e-01  β=1.0000e+00
  PL   : train=-9.6383e-01  test=-9.6954e-01  σ_φ̄(train)=1.5922e-05  σ_φ̄(test)=5.4960e-07  σ_obs_ω=5.0000e-01  λ_PL=1.00
  KL   : M=6.596e+02  V=3.262e+02  Dw=8.129e+02  g=1.328e+03  sigma=4.165e+01  total=3.168e+03
  subnet MSE  M=1.889e+00  V=1.284e+01  Dw=3.581e-02  g=2.957e-01
[step   4550]
  train: −ELBO=-5.1616e+00  NLL=-4.5037e+00  NLL_R=-3.6866e+00  NLL_ω=-8.1719e-01  MSE_R=1.5041e-02  MSE_ω=1.0187e-01
  test : −ELBO=-6.2358e+00  NLL=-5.5722e+00  NLL_R=-5.0849e+00  NLL_ω=-4.8726e-01  MSE_R=1.0313e-03  MSE_ω=1.2435e-01
  sigma: σ_R=7.0780e-02  σ_ω=1.8461e-01  β=1.0000e+00
  PL   : train=-9.6320e-01  test=-9.6883e-01  σ_φ̄(train)=4.0540e-05  σ_φ̄(test)=4.7146e-07  σ_obs_ω=5.0000e-01  λ_PL=1.00
  KL   : M=6.472e+02  V=3.241e+02  Dw=8.052e+02  g=1.310e+03  sigma=4.022e+01  total=3.126e+03
  subnet MSE  M=1.891e+00  V=1.283e+01  Dw=3.617e-02  g=2.942e-01
[step   4600]
  train: −ELBO=-5.1609e+00  NLL=-4.4977e+00  NLL_R=-3.6834e+00  NLL_ω=-8.1425e-01  MSE_R=1.5072e-02  MSE_ω=1.0207e-01
  test : −ELBO=-6.2389e+00  NLL=-5.5704e+00  NLL_R=-5.0865e+00  NLL_ω=-4.8391e-01  MSE_R=1.0332e-03  MSE_ω=1.2454e-01
  sigma: σ_R=7.0735e-02  σ_ω=1.8439e-01  β=1.0000e+00
  PL   : train=-9.6298e-01  test=-9.6827e-01  σ_φ̄(train)=2.0829e-05  σ_φ̄(test)=4.1424e-07  σ_obs_ω=5.0000e-01  λ_PL=1.00
  KL   : M=6.311e+02  V=3.210e+02  Dw=7.945e+02  g=1.285e+03  sigma=3.829e+01  total=3.070e+03
  subnet MSE  M=1.903e+00  V=1.292e+01  Dw=3.584e-02  g=2.934e-01
[step   4650]
  train: −ELBO=-5.1671e+00  NLL=-4.5001e+00  NLL_R=-3.6898e+00  NLL_ω=-8.1031e-01  MSE_R=1.5009e-02  MSE_ω=1.0234e-01
  test : −ELBO=-6.2354e+00  NLL=-5.5636e+00  NLL_R=-5.0853e+00  NLL_ω=-4.7826e-01  MSE_R=1.0364e-03  MSE_ω=1.2490e-01
  sigma: σ_R=7.0784e-02  σ_ω=1.8432e-01  β=1.0000e+00
  PL   : train=-9.6368e-01  test=-9.6836e-01  σ_φ̄(train)=1.3916e-05  σ_φ̄(test)=3.9034e-07  σ_obs_ω=5.0000e-01  λ_PL=1.00
  KL   : M=6.217e+02  V=3.191e+02  Dw=7.884e+02  g=1.271e+03  sigma=3.714e+01  total=3.037e+03
  subnet MSE  M=1.903e+00  V=1.285e+01  Dw=3.580e-02  g=2.938e-01
[step   4700]
  train: −ELBO=-5.1815e+00  NLL=-4.5099e+00  NLL_R=-3.6892e+00  NLL_ω=-8.2066e-01  MSE_R=1.5014e-02  MSE_ω=1.0163e-01
  test : −ELBO=-6.2368e+00  NLL=-5.5609e+00  NLL_R=-5.0867e+00  NLL_ω=-4.7419e-01  MSE_R=1.0393e-03  MSE_ω=1.2519e-01
  sigma: σ_R=7.0725e-02  σ_ω=1.8441e-01  β=1.0000e+00
  PL   : train=-9.6335e-01  test=-9.6761e-01  σ_φ̄(train)=2.7423e-05  σ_φ̄(test)=4.1470e-07  σ_obs_ω=5.0000e-01  λ_PL=1.00
  KL   : M=6.077e+02  V=3.163e+02  Dw=7.788e+02  g=1.250e+03  sigma=3.527e+01  total=2.988e+03
  subnet MSE  M=1.907e+00  V=1.286e+01  Dw=3.574e-02  g=2.933e-01
[step   4750]
  train: −ELBO=-5.1898e+00  NLL=-4.5137e+00  NLL_R=-3.6900e+00  NLL_ω=-8.2366e-01  MSE_R=1.5006e-02  MSE_ω=1.0143e-01
  test : −ELBO=-6.2469e+00  NLL=-5.5657e+00  NLL_R=-5.0858e+00  NLL_ω=-4.7999e-01  MSE_R=1.0351e-03  MSE_ω=1.2478e-01
  sigma: σ_R=7.0769e-02  σ_ω=1.8431e-01  β=1.0000e+00
  PL   : train=-9.6366e-01  test=-9.6861e-01  σ_φ̄(train)=1.8461e-05  σ_φ̄(test)=1.3304e-07  σ_obs_ω=5.0000e-01  λ_PL=1.00
  KL   : M=5.950e+02  V=3.136e+02  Dw=7.705e+02  g=1.230e+03  sigma=3.557e+01  total=2.945e+03
  subnet MSE  M=1.906e+00  V=1.282e+01  Dw=3.617e-02  g=2.944e-01
[step   4800]
  train: −ELBO=-5.1795e+00  NLL=-4.4992e+00  NLL_R=-3.6887e+00  NLL_ω=-8.1051e-01  MSE_R=1.5020e-02  MSE_ω=1.0232e-01
  test : −ELBO=-6.2417e+00  NLL=-5.5562e+00  NLL_R=-5.0830e+00  NLL_ω=-4.7319e-01  MSE_R=1.0381e-03  MSE_ω=1.2516e-01
  sigma: σ_R=7.0820e-02  σ_ω=1.8399e-01  β=1.0000e+00
  PL   : train=-9.6453e-01  test=-9.6973e-01  σ_φ̄(train)=1.1785e-05  σ_φ̄(test)=1.2422e-07  σ_obs_ω=5.0000e-01  λ_PL=1.00
  KL   : M=5.851e+02  V=3.114e+02  Dw=7.640e+02  g=1.215e+03  sigma=3.505e+01  total=2.911e+03
  subnet MSE  M=1.906e+00  V=1.287e+01  Dw=3.596e-02  g=2.966e-01
[step   4850]
  train: −ELBO=-5.1923e+00  NLL=-4.5091e+00  NLL_R=-3.6893e+00  NLL_ω=-8.1985e-01  MSE_R=1.5014e-02  MSE_ω=1.0169e-01
  test : −ELBO=-6.2436e+00  NLL=-5.5555e+00  NLL_R=-5.0869e+00  NLL_ω=-4.6852e-01  MSE_R=1.0404e-03  MSE_ω=1.2543e-01
  sigma: σ_R=7.0713e-02  σ_ω=1.8381e-01  β=1.0000e+00
  PL   : train=-9.6399e-01  test=-9.6886e-01  σ_φ̄(train)=1.1094e-05  σ_φ̄(test)=1.3070e-07  σ_obs_ω=5.0000e-01  λ_PL=1.00
  KL   : M=5.750e+02  V=3.091e+02  Dw=7.573e+02  g=1.200e+03  sigma=3.433e+01  total=2.875e+03
  subnet MSE  M=1.908e+00  V=1.289e+01  Dw=3.588e-02  g=2.951e-01
[step   4900]
  train: −ELBO=-5.1866e+00  NLL=-4.5009e+00  NLL_R=-3.6881e+00  NLL_ω=-8.1277e-01  MSE_R=1.5025e-02  MSE_ω=1.0217e-01
  test : −ELBO=-6.2295e+00  NLL=-5.5393e+00  NLL_R=-5.0846e+00  NLL_ω=-4.5470e-01  MSE_R=1.0481e-03  MSE_ω=1.2634e-01
  sigma: σ_R=7.0737e-02  σ_ω=1.8371e-01  β=1.0000e+00
  PL   : train=-9.6290e-01  test=-9.6732e-01  σ_φ̄(train)=1.5465e-05  σ_φ̄(test)=1.2831e-07  σ_obs_ω=5.0000e-01  λ_PL=1.00
  KL   : M=5.644e+02  V=3.067e+02  Dw=7.502e+02  g=1.183e+03  sigma=3.363e+01  total=2.838e+03
  subnet MSE  M=1.909e+00  V=1.289e+01  Dw=3.611e-02  g=2.937e-01
[step   4950]
  train: −ELBO=-5.2008e+00  NLL=-4.5110e+00  NLL_R=-3.6897e+00  NLL_ω=-8.2125e-01  MSE_R=1.5009e-02  MSE_ω=1.0159e-01
  test : −ELBO=-6.2345e+00  NLL=-5.5404e+00  NLL_R=-5.0811e+00  NLL_ω=-4.5927e-01  MSE_R=1.0459e-03  MSE_ω=1.2612e-01
  sigma: σ_R=7.0815e-02  σ_ω=1.8403e-01  β=1.0000e+00
  PL   : train=-9.6356e-01  test=-9.6785e-01  σ_φ̄(train)=8.6571e-06  σ_φ̄(test)=1.3623e-07  σ_obs_ω=5.0000e-01  λ_PL=1.00
  KL   : M=5.542e+02  V=3.043e+02  Dw=7.435e+02  g=1.168e+03  sigma=3.289e+01  total=2.803e+03
  subnet MSE  M=1.914e+00  V=1.283e+01  Dw=3.610e-02  g=2.940e-01
[step   5000]
  train: −ELBO=-5.2119e+00  NLL=-4.5181e+00  NLL_R=-3.6879e+00  NLL_ω=-8.3016e-01  MSE_R=1.5027e-02  MSE_ω=1.0099e-01
  test : −ELBO=-6.2537e+00  NLL=-5.5551e+00  NLL_R=-5.0887e+00  NLL_ω=-4.6632e-01  MSE_R=1.0408e-03  MSE_ω=1.2554e-01
  sigma: σ_R=7.0669e-02  σ_ω=1.8368e-01  β=1.0000e+00
  PL   : train=-9.6409e-01  test=-9.6875e-01  σ_φ̄(train)=1.5206e-05  σ_φ̄(test)=1.2958e-07  σ_obs_ω=5.0000e-01  λ_PL=1.00
  KL   : M=5.441e+02  V=3.018e+02  Dw=7.364e+02  g=1.153e+03  sigma=3.218e+01  total=2.767e+03
  subnet MSE  M=1.906e+00  V=1.286e+01  Dw=3.576e-02  g=2.950e-01
[step   5050]
  train: −ELBO=-5.2036e+00  NLL=-4.5046e+00  NLL_R=-3.6874e+00  NLL_ω=-8.1725e-01  MSE_R=1.5033e-02  MSE_ω=1.0186e-01
  test : −ELBO=-6.2581e+00  NLL=-5.5539e+00  NLL_R=-5.0875e+00  NLL_ω=-4.6637e-01  MSE_R=1.0403e-03  MSE_ω=1.2555e-01
  sigma: σ_R=7.0713e-02  σ_ω=1.8374e-01  β=1.0000e+00
  PL   : train=-9.6454e-01  test=-9.6967e-01  σ_φ̄(train)=2.7268e-05  σ_φ̄(test)=1.0594e-07  σ_obs_ω=5.0000e-01  λ_PL=1.00
  KL   : M=5.302e+02  V=2.982e+02  Dw=7.277e+02  g=1.132e+03  sigma=3.131e+01  total=2.719e+03
  subnet MSE  M=1.913e+00  V=1.279e+01  Dw=3.669e-02  g=2.970e-01
[step   5100]
  train: −ELBO=-5.2093e+00  NLL=-4.5079e+00  NLL_R=-3.6893e+00  NLL_ω=-8.1856e-01  MSE_R=1.5013e-02  MSE_ω=1.0178e-01
  test : −ELBO=-6.2498e+00  NLL=-5.5442e+00  NLL_R=-5.0856e+00  NLL_ω=-4.5861e-01  MSE_R=1.0460e-03  MSE_ω=1.2617e-01
  sigma: σ_R=7.0741e-02  σ_ω=1.8408e-01  β=1.0000e+00
  PL   : train=-9.6364e-01  test=-9.6786e-01  σ_φ̄(train)=1.2986e-05  σ_φ̄(test)=9.0714e-08  σ_obs_ω=5.0000e-01  λ_PL=1.00
  KL   : M=5.206e+02  V=2.956e+02  Dw=7.216e+02  g=1.117e+03  sigma=3.077e+01  total=2.686e+03
  subnet MSE  M=1.918e+00  V=1.289e+01  Dw=3.599e-02  g=2.937e-01
[step   5150]
  train: −ELBO=-5.2058e+00  NLL=-4.5027e+00  NLL_R=-3.6896e+00  NLL_ω=-8.1307e-01  MSE_R=1.5010e-02  MSE_ω=1.0215e-01
  test : −ELBO=-6.2424e+00  NLL=-5.5345e+00  NLL_R=-5.0808e+00  NLL_ω=-4.5367e-01  MSE_R=1.0493e-03  MSE_ω=1.2652e-01
  sigma: σ_R=7.0841e-02  σ_ω=1.8413e-01  β=1.0000e+00
  PL   : train=-9.6287e-01  test=-9.6767e-01  σ_φ̄(train)=1.1106e-05  σ_φ̄(test)=8.2640e-08  σ_obs_ω=5.0000e-01  λ_PL=1.00
  KL   : M=5.131e+02  V=2.936e+02  Dw=7.170e+02  g=1.106e+03  sigma=3.029e+01  total=2.660e+03
  subnet MSE  M=1.919e+00  V=1.285e+01  Dw=3.627e-02  g=2.935e-01
[step   5200]
  train: −ELBO=-5.2014e+00  NLL=-4.4954e+00  NLL_R=-3.6878e+00  NLL_ω=-8.0766e-01  MSE_R=1.5029e-02  MSE_ω=1.0252e-01
  test : −ELBO=-6.2336e+00  NLL=-5.5233e+00  NLL_R=-5.0816e+00  NLL_ω=-4.4167e-01  MSE_R=1.0556e-03  MSE_ω=1.2748e-01
  sigma: σ_R=7.0783e-02  σ_ω=1.8460e-01  β=1.0000e+00
  PL   : train=-9.6304e-01  test=-9.6728e-01  σ_φ̄(train)=1.1888e-05  σ_φ̄(test)=7.3641e-08  σ_obs_ω=5.0000e-01  λ_PL=1.00
  KL   : M=5.053e+02  V=2.913e+02  Dw=7.115e+02  g=1.094e+03  sigma=2.981e+01  total=2.632e+03
  subnet MSE  M=1.923e+00  V=1.282e+01  Dw=3.709e-02  g=2.933e-01
[step   5250]
  train: −ELBO=-5.1977e+00  NLL=-4.4886e+00  NLL_R=-3.6870e+00  NLL_ω=-8.0157e-01  MSE_R=1.5037e-02  MSE_ω=1.0293e-01
  test : −ELBO=-6.2493e+00  NLL=-5.5354e+00  NLL_R=-5.0825e+00  NLL_ω=-4.5294e-01  MSE_R=1.0506e-03  MSE_ω=1.2665e-01
  sigma: σ_R=7.0783e-02  σ_ω=1.8441e-01  β=1.0000e+00
  PL   : train=-9.6362e-01  test=-9.6830e-01  σ_φ̄(train)=5.0027e-05  σ_φ̄(test)=6.8498e-08  σ_obs_ω=5.0000e-01  λ_PL=1.00
  KL   : M=4.980e+02  V=2.893e+02  Dw=7.068e+02  g=1.082e+03  sigma=2.932e+01  total=2.606e+03
  subnet MSE  M=1.919e+00  V=1.287e+01  Dw=3.662e-02  g=2.944e-01
[step   5300]
  train: −ELBO=-5.2150e+00  NLL=-4.5020e+00  NLL_R=-3.6893e+00  NLL_ω=-8.1273e-01  MSE_R=1.5014e-02  MSE_ω=1.0217e-01
  test : −ELBO=-6.2510e+00  NLL=-5.5334e+00  NLL_R=-5.0799e+00  NLL_ω=-4.5349e-01  MSE_R=1.0506e-03  MSE_ω=1.2666e-01
  sigma: σ_R=7.0841e-02  σ_ω=1.8459e-01  β=1.0000e+00
  PL   : train=-9.6391e-01  test=-9.6853e-01  σ_φ̄(train)=1.1731e-05  σ_φ̄(test)=5.9570e-08  σ_obs_ω=5.0000e-01  λ_PL=1.00
  KL   : M=4.880e+02  V=2.865e+02  Dw=7.000e+02  g=1.067e+03  sigma=2.864e+01  total=2.570e+03
  subnet MSE  M=1.930e+00  V=1.295e+01  Dw=3.606e-02  g=2.949e-01
[step   5350]
  train: −ELBO=-5.2157e+00  NLL=-4.5000e+00  NLL_R=-3.6872e+00  NLL_ω=-8.1287e-01  MSE_R=1.5035e-02  MSE_ω=1.0216e-01
  test : −ELBO=-6.2512e+00  NLL=-5.5309e+00  NLL_R=-5.0835e+00  NLL_ω=-4.4739e-01  MSE_R=1.0538e-03  MSE_ω=1.2705e-01
  sigma: σ_R=7.0754e-02  σ_ω=1.8451e-01  β=1.0000e+00
  PL   : train=-9.6331e-01  test=-9.6791e-01  σ_φ̄(train)=8.7291e-05  σ_φ̄(test)=5.2409e-08  σ_obs_ω=5.0000e-01  λ_PL=1.00
  KL   : M=4.787e+02  V=2.837e+02  Dw=6.937e+02  g=1.052e+03  sigma=2.793e+01  total=2.536e+03
  subnet MSE  M=1.932e+00  V=1.287e+01  Dw=3.626e-02  g=2.944e-01
[step   5400]
  train: −ELBO=-5.2048e+00  NLL=-4.4861e+00  NLL_R=-3.6876e+00  NLL_ω=-7.9848e-01  MSE_R=1.5031e-02  MSE_ω=1.0315e-01
  test : −ELBO=-6.2534e+00  NLL=-5.5302e+00  NLL_R=-5.0818e+00  NLL_ω=-4.4841e-01  MSE_R=1.0523e-03  MSE_ω=1.2708e-01
  sigma: σ_R=7.0797e-02  σ_ω=1.8485e-01  β=1.0000e+00
  PL   : train=-9.6356e-01  test=-9.6801e-01  σ_φ̄(train)=5.2411e-06  σ_φ̄(test)=3.1385e-08  σ_obs_ω=5.0000e-01  λ_PL=1.00
  KL   : M=4.705e+02  V=2.811e+02  Dw=6.883e+02  g=1.039e+03  sigma=2.784e+01  total=2.507e+03
  subnet MSE  M=1.931e+00  V=1.289e+01  Dw=3.613e-02  g=2.953e-01
[step   5450]
  train: −ELBO=-5.2097e+00  NLL=-4.4912e+00  NLL_R=-3.6866e+00  NLL_ω=-8.0462e-01  MSE_R=1.5041e-02  MSE_ω=1.0273e-01
  test : −ELBO=-6.2322e+00  NLL=-5.5082e+00  NLL_R=-5.0790e+00  NLL_ω=-4.2916e-01  MSE_R=1.0656e-03  MSE_ω=1.2842e-01
  sigma: σ_R=7.0831e-02  σ_ω=1.8498e-01  β=1.0000e+00
  PL   : train=-9.6150e-01  test=-9.6695e-01  σ_φ̄(train)=9.3546e-06  σ_φ̄(test)=2.9250e-08  σ_obs_ω=5.0000e-01  λ_PL=1.00
  KL   : M=4.653e+02  V=2.793e+02  Dw=6.849e+02  g=1.031e+03  sigma=2.743e+01  total=2.488e+03
  subnet MSE  M=1.933e+00  V=1.292e+01  Dw=3.698e-02  g=2.935e-01
[step   5500]
  train: −ELBO=-5.2082e+00  NLL=-4.4870e+00  NLL_R=-3.6863e+00  NLL_ω=-8.0073e-01  MSE_R=1.5044e-02  MSE_ω=1.0299e-01
  test : −ELBO=-6.2507e+00  NLL=-5.5231e+00  NLL_R=-5.0817e+00  NLL_ω=-4.4148e-01  MSE_R=1.0587e-03  MSE_ω=1.2769e-01
  sigma: σ_R=7.0778e-02  σ_ω=1.8540e-01  β=1.0000e+00
  PL   : train=-9.6230e-01  test=-9.6864e-01  σ_φ̄(train)=1.2937e-05  σ_φ̄(test)=2.9358e-08  σ_obs_ω=5.0000e-01  λ_PL=1.00
  KL   : M=4.603e+02  V=2.776e+02  Dw=6.817e+02  g=1.023e+03  sigma=2.698e+01  total=2.469e+03
  subnet MSE  M=1.934e+00  V=1.294e+01  Dw=3.621e-02  g=2.965e-01
[step   5550]
  train: −ELBO=-5.2254e+00  NLL=-4.5010e+00  NLL_R=-3.6889e+00  NLL_ω=-8.1208e-01  MSE_R=1.5018e-02  MSE_ω=1.0222e-01
  test : −ELBO=-6.2381e+00  NLL=-5.5096e+00  NLL_R=-5.0827e+00  NLL_ω=-4.2683e-01  MSE_R=1.0646e-03  MSE_ω=1.2847e-01
  sigma: σ_R=7.0764e-02  σ_ω=1.8460e-01  β=1.0000e+00
  PL   : train=-9.6389e-01  test=-9.6793e-01  σ_φ̄(train)=1.9907e-05  σ_φ̄(test)=2.9004e-08  σ_obs_ω=5.0000e-01  λ_PL=1.00
  KL   : M=4.557e+02  V=2.759e+02  Dw=6.789e+02  g=1.015e+03  sigma=2.655e+01  total=2.452e+03
  subnet MSE  M=1.929e+00  V=1.289e+01  Dw=3.600e-02  g=2.949e-01
[step   5600]
  train: −ELBO=-5.2184e+00  NLL=-4.4918e+00  NLL_R=-3.6867e+00  NLL_ω=-8.0513e-01  MSE_R=1.5040e-02  MSE_ω=1.0269e-01
  test : −ELBO=-6.2412e+00  NLL=-5.5103e+00  NLL_R=-5.0819e+00  NLL_ω=-4.2841e-01  MSE_R=1.0649e-03  MSE_ω=1.2843e-01
  sigma: σ_R=7.0758e-02  σ_ω=1.8482e-01  β=1.0000e+00
  PL   : train=-9.6371e-01  test=-9.6798e-01  σ_φ̄(train)=1.1735e-05  σ_φ̄(test)=2.7707e-08  σ_obs_ω=5.0000e-01  λ_PL=1.00
  KL   : M=4.497e+02  V=2.737e+02  Dw=6.746e+02  g=1.004e+03  sigma=2.597e+01  total=2.428e+03
  subnet MSE  M=1.934e+00  V=1.293e+01  Dw=3.623e-02  g=2.954e-01
[step   5650]
  train: −ELBO=-5.2306e+00  NLL=-4.5020e+00  NLL_R=-3.6885e+00  NLL_ω=-8.1351e-01  MSE_R=1.5022e-02  MSE_ω=1.0212e-01
  test : −ELBO=-6.2429e+00  NLL=-5.5103e+00  NLL_R=-5.0825e+00  NLL_ω=-4.2783e-01  MSE_R=1.0639e-03  MSE_ω=1.2844e-01
  sigma: σ_R=7.0759e-02  σ_ω=1.8475e-01  β=1.0000e+00
  PL   : train=-9.6384e-01  test=-9.6775e-01  σ_φ̄(train)=8.3304e-06  σ_φ̄(test)=1.9819e-08  σ_obs_ω=5.0000e-01  λ_PL=1.00
  KL   : M=4.443e+02  V=2.716e+02  Dw=6.710e+02  g=9.958e+02  sigma=2.575e+01  total=2.408e+03
  subnet MSE  M=1.934e+00  V=1.295e+01  Dw=3.652e-02  g=2.948e-01
[step   5700]
  train: −ELBO=-5.2368e+00  NLL=-4.5051e+00  NLL_R=-3.6895e+00  NLL_ω=-8.1562e-01  MSE_R=1.5011e-02  MSE_ω=1.0198e-01
  test : −ELBO=-6.2335e+00  NLL=-5.4985e+00  NLL_R=-5.0827e+00  NLL_ω=-4.1588e-01  MSE_R=1.0688e-03  MSE_ω=1.2918e-01
  sigma: σ_R=7.0716e-02  σ_ω=1.8446e-01  β=1.0000e+00
  PL   : train=-9.6426e-01  test=-9.6752e-01  σ_φ̄(train)=1.3494e-05  σ_φ̄(test)=1.6794e-08  σ_obs_ω=5.0000e-01  λ_PL=1.00
  KL   : M=4.367e+02  V=2.689e+02  Dw=6.664e+02  g=9.848e+02  sigma=2.510e+01  total=2.382e+03
  subnet MSE  M=1.935e+00  V=1.291e+01  Dw=3.633e-02  g=2.955e-01
[step   5750]
  train: −ELBO=-5.2430e+00  NLL=-4.5098e+00  NLL_R=-3.6897e+00  NLL_ω=-8.2012e-01  MSE_R=1.5010e-02  MSE_ω=1.0167e-01
  test : −ELBO=-6.2427e+00  NLL=-5.5057e+00  NLL_R=-5.0839e+00  NLL_ω=-4.2179e-01  MSE_R=1.0665e-03  MSE_ω=1.2873e-01
  sigma: σ_R=7.0714e-02  σ_ω=1.8427e-01  β=1.0000e+00
  PL   : train=-9.6401e-01  test=-9.6778e-01  σ_φ̄(train)=2.2655e-06  σ_φ̄(test)=8.8420e-09  σ_obs_ω=5.0000e-01  λ_PL=1.00
  KL   : M=4.310e+02  V=2.668e+02  Dw=6.630e+02  g=9.762e+02  sigma=2.609e+01  total=2.363e+03
  subnet MSE  M=1.941e+00  V=1.290e+01  Dw=3.643e-02  g=2.948e-01
[step   5800]
  train: −ELBO=-5.2296e+00  NLL=-4.4947e+00  NLL_R=-3.6865e+00  NLL_ω=-8.0815e-01  MSE_R=1.5041e-02  MSE_ω=1.0248e-01
  test : −ELBO=-6.2400e+00  NLL=-5.5010e+00  NLL_R=-5.0822e+00  NLL_ω=-4.1881e-01  MSE_R=1.0679e-03  MSE_ω=1.2898e-01
  sigma: σ_R=7.0751e-02  σ_ω=1.8445e-01  β=1.0000e+00
  PL   : train=-9.6409e-01  test=-9.6818e-01  σ_φ̄(train)=1.3969e-06  σ_φ̄(test)=9.1862e-09  σ_obs_ω=5.0000e-01  λ_PL=1.00
  KL   : M=4.268e+02  V=2.650e+02  Dw=6.603e+02  g=9.692e+02  sigma=2.576e+01  total=2.347e+03
  subnet MSE  M=1.943e+00  V=1.294e+01  Dw=3.590e-02  g=2.955e-01
[step   5850]
  train: −ELBO=-5.2480e+00  NLL=-4.5119e+00  NLL_R=-3.6879e+00  NLL_ω=-8.2400e-01  MSE_R=1.5028e-02  MSE_ω=1.0141e-01
  test : −ELBO=-6.2437e+00  NLL=-5.5033e+00  NLL_R=-5.0844e+00  NLL_ω=-4.1887e-01  MSE_R=1.0670e-03  MSE_ω=1.2877e-01
  sigma: σ_R=7.0655e-02  σ_ω=1.8377e-01  β=1.0000e+00
  PL   : train=-9.6349e-01  test=-9.6767e-01  σ_φ̄(train)=2.6113e-06  σ_φ̄(test)=9.1929e-09  σ_obs_ω=5.0000e-01  λ_PL=1.00
  KL   : M=4.216e+02  V=2.628e+02  Dw=6.571e+02  g=9.613e+02  sigma=2.536e+01  total=2.328e+03
  subnet MSE  M=1.953e+00  V=1.283e+01  Dw=3.580e-02  g=2.946e-01
[step   5900]
  train: −ELBO=-5.2663e+00  NLL=-4.5274e+00  NLL_R=-3.6892e+00  NLL_ω=-8.3817e-01  MSE_R=1.5014e-02  MSE_ω=1.0045e-01
  test : −ELBO=-6.2410e+00  NLL=-5.4986e+00  NLL_R=-5.0814e+00  NLL_ω=-4.1722e-01  MSE_R=1.0674e-03  MSE_ω=1.2876e-01
  sigma: σ_R=7.0777e-02  σ_ω=1.8334e-01  β=1.0000e+00
  PL   : train=-9.6450e-01  test=-9.6792e-01  σ_φ̄(train)=3.5993e-06  σ_φ̄(test)=9.8530e-09  σ_obs_ω=5.0000e-01  λ_PL=1.00
  KL   : M=4.172e+02  V=2.606e+02  Dw=6.542e+02  g=9.537e+02  sigma=2.492e+01  total=2.311e+03
  subnet MSE  M=1.951e+00  V=1.288e+01  Dw=3.614e-02  g=2.955e-01
[step   5950]
  train: −ELBO=-5.2592e+00  NLL=-4.5190e+00  NLL_R=-3.6898e+00  NLL_ω=-8.2923e-01  MSE_R=1.5009e-02  MSE_ω=1.0106e-01
  test : −ELBO=-6.2164e+00  NLL=-5.4803e+00  NLL_R=-5.0796e+00  NLL_ω=-4.0065e-01  MSE_R=1.0757e-03  MSE_ω=1.2987e-01
  sigma: σ_R=7.0792e-02  σ_ω=1.8333e-01  β=1.0000e+00
  PL   : train=-9.6354e-01  test=-9.5938e-01  σ_φ̄(train)=2.5113e-06  σ_φ̄(test)=9.7528e-09  σ_obs_ω=5.0000e-01  λ_PL=1.00
  KL   : M=4.106e+02  V=2.577e+02  Dw=6.506e+02  g=9.434e+02  sigma=2.438e+01  total=2.287e+03
  subnet MSE  M=1.951e+00  V=1.294e+01  Dw=3.590e-02  g=2.944e-01
[step   6000]
  train: −ELBO=-5.2565e+00  NLL=-4.5146e+00  NLL_R=-3.6876e+00  NLL_ω=-8.2704e-01  MSE_R=1.5031e-02  MSE_ω=1.0120e-01
  test : −ELBO=-6.2389e+00  NLL=-5.4931e+00  NLL_R=-5.0814e+00  NLL_ω=-4.1168e-01  MSE_R=1.0697e-03  MSE_ω=1.2922e-01
  sigma: σ_R=7.0760e-02  σ_ω=1.8365e-01  β=1.0000e+00
  PL   : train=-9.6409e-01  test=-9.6807e-01  σ_φ̄(train)=3.9334e-06  σ_φ̄(test)=9.7578e-09  σ_obs_ω=5.0000e-01  λ_PL=1.00
  KL   : M=4.078e+02  V=2.563e+02  Dw=6.489e+02  g=9.388e+02  sigma=2.413e+01  total=2.276e+03
  subnet MSE  M=1.951e+00  V=1.291e+01  Dw=3.589e-02  g=2.959e-01
[step   6050]
  train: −ELBO=-5.2634e+00  NLL=-4.5200e+00  NLL_R=-3.6902e+00  NLL_ω=-8.2975e-01  MSE_R=1.5004e-02  MSE_ω=1.0102e-01
  test : −ELBO=-6.2400e+00  NLL=-5.4930e+00  NLL_R=-5.0828e+00  NLL_ω=-4.1015e-01  MSE_R=1.0704e-03  MSE_ω=1.2931e-01
  sigma: σ_R=7.0752e-02  σ_ω=1.8364e-01  β=1.0000e+00
  PL   : train=-9.6417e-01  test=-9.6778e-01  σ_φ̄(train)=9.3704e-06  σ_φ̄(test)=1.0127e-08  σ_obs_ω=5.0000e-01  λ_PL=1.00
  KL   : M=4.038e+02  V=2.542e+02  Dw=6.461e+02  g=9.330e+02  sigma=2.372e+01  total=2.261e+03
  subnet MSE  M=1.953e+00  V=1.287e+01  Dw=3.623e-02  g=2.954e-01
[step   6100]
  train: −ELBO=-5.2581e+00  NLL=-4.5137e+00  NLL_R=-3.6864e+00  NLL_ω=-8.2733e-01  MSE_R=1.5043e-02  MSE_ω=1.0118e-01
  test : −ELBO=-6.2227e+00  NLL=-5.4751e+00  NLL_R=-5.0799e+00  NLL_ω=-3.9517e-01  MSE_R=1.0778e-03  MSE_ω=1.3023e-01
  sigma: σ_R=7.0805e-02  σ_ω=1.8331e-01  β=1.0000e+00
  PL   : train=-9.6382e-01  test=-9.6703e-01  σ_φ̄(train)=2.9951e-06  σ_φ̄(test)=1.0079e-08  σ_obs_ω=5.0000e-01  λ_PL=1.00
  KL   : M=4.001e+02  V=2.523e+02  Dw=6.440e+02  g=9.273e+02  sigma=2.334e+01  total=2.247e+03
  subnet MSE  M=1.958e+00  V=1.283e+01  Dw=3.633e-02  g=2.950e-01
[step   6150]
  train: −ELBO=-5.2612e+00  NLL=-4.5153e+00  NLL_R=-3.6880e+00  NLL_ω=-8.2722e-01  MSE_R=1.5026e-02  MSE_ω=1.0119e-01
  test : −ELBO=-6.2337e+00  NLL=-5.4843e+00  NLL_R=-5.0815e+00  NLL_ω=-4.0277e-01  MSE_R=1.0737e-03  MSE_ω=1.2986e-01
  sigma: σ_R=7.0751e-02  σ_ω=1.8377e-01  β=1.0000e+00
  PL   : train=-9.6422e-01  test=-9.6764e-01  σ_φ̄(train)=2.7832e-06  σ_φ̄(test)=1.0480e-08  σ_obs_ω=5.0000e-01  λ_PL=1.00
  KL   : M=3.972e+02  V=2.505e+02  Dw=6.422e+02  g=9.225e+02  sigma=2.298e+01  total=2.235e+03
  subnet MSE  M=1.954e+00  V=1.286e+01  Dw=3.597e-02  g=2.951e-01
[step   6200]
  train: −ELBO=-5.2781e+00  NLL=-4.5315e+00  NLL_R=-3.6891e+00  NLL_ω=-8.4238e-01  MSE_R=1.5016e-02  MSE_ω=1.0017e-01
  test : −ELBO=-6.2250e+00  NLL=-5.4757e+00  NLL_R=-5.0825e+00  NLL_ω=-3.9324e-01  MSE_R=1.0784e-03  MSE_ω=1.3034e-01
  sigma: σ_R=7.0714e-02  σ_ω=1.8325e-01  β=1.0000e+00
  PL   : train=-9.6381e-01  test=-9.6654e-01  σ_φ̄(train)=9.3288e-06  σ_φ̄(test)=1.0029e-08  σ_obs_ω=5.0000e-01  λ_PL=1.00
  KL   : M=3.944e+02  V=2.489e+02  Dw=6.408e+02  g=9.177e+02  sigma=2.266e+01  total=2.224e+03
  subnet MSE  M=1.955e+00  V=1.293e+01  Dw=3.571e-02  g=2.938e-01
[step   6250]
  train: −ELBO=-5.2893e+00  NLL=-4.5417e+00  NLL_R=-3.6896e+00  NLL_ω=-8.5208e-01  MSE_R=1.5011e-02  MSE_ω=9.9528e-02
  test : −ELBO=-6.2250e+00  NLL=-5.4743e+00  NLL_R=-5.0815e+00  NLL_ω=-3.9282e-01  MSE_R=1.0766e-03  MSE_ω=1.3008e-01
  sigma: σ_R=7.0762e-02  σ_ω=1.8238e-01  β=1.0000e+00
  PL   : train=-9.6379e-01  test=-9.6684e-01  σ_φ̄(train)=1.2006e-05  σ_φ̄(test)=1.0754e-08  σ_obs_ω=5.0000e-01  λ_PL=1.00
  KL   : M=3.915e+02  V=2.472e+02  Dw=6.395e+02  g=9.127e+02  sigma=2.226e+01  total=2.213e+03
  subnet MSE  M=1.956e+00  V=1.283e+01  Dw=3.672e-02  g=2.948e-01
[step   6300]
  train: −ELBO=-5.2938e+00  NLL=-4.5442e+00  NLL_R=-3.6913e+00  NLL_ω=-8.5293e-01  MSE_R=1.4994e-02  MSE_ω=9.9471e-02
  test : −ELBO=-6.2333e+00  NLL=-5.4806e+00  NLL_R=-5.0838e+00  NLL_ω=-3.9684e-01  MSE_R=1.0731e-03  MSE_ω=1.2964e-01
  sigma: σ_R=7.0697e-02  σ_ω=1.8186e-01  β=1.0000e+00
  PL   : train=-9.6478e-01  test=-9.6781e-01  σ_φ̄(train)=5.2243e-05  σ_φ̄(test)=1.1467e-08  σ_obs_ω=5.0000e-01  λ_PL=1.00
  KL   : M=3.890e+02  V=2.457e+02  Dw=6.383e+02  g=9.085e+02  sigma=2.191e+01  total=2.203e+03
  subnet MSE  M=1.964e+00  V=1.290e+01  Dw=3.627e-02  g=2.960e-01
[step   6350]
  train: −ELBO=-5.2937e+00  NLL=-4.5435e+00  NLL_R=-3.6903e+00  NLL_ω=-8.5320e-01  MSE_R=1.5004e-02  MSE_ω=9.9453e-02
  test : −ELBO=-6.2426e+00  NLL=-5.4892e+00  NLL_R=-5.0868e+00  NLL_ω=-4.0238e-01  MSE_R=1.0720e-03  MSE_ω=1.2945e-01
  sigma: σ_R=7.0591e-02  σ_ω=1.8242e-01  β=1.0000e+00
  PL   : train=-9.6443e-01  test=-9.6757e-01  σ_φ̄(train)=2.7520e-06  σ_φ̄(test)=1.0893e-08  σ_obs_ω=5.0000e-01  λ_PL=1.00
  KL   : M=3.864e+02  V=2.442e+02  Dw=6.370e+02  g=9.045e+02  sigma=2.162e+01  total=2.194e+03
  subnet MSE  M=1.964e+00  V=1.289e+01  Dw=3.614e-02  g=2.955e-01
[step   6400]
  train: −ELBO=-5.3036e+00  NLL=-4.5517e+00  NLL_R=-3.6909e+00  NLL_ω=-8.6077e-01  MSE_R=1.4997e-02  MSE_ω=9.8953e-02
  test : −ELBO=-6.2234e+00  NLL=-5.4687e+00  NLL_R=-5.0828e+00  NLL_ω=-3.8594e-01  MSE_R=1.0789e-03  MSE_ω=1.3031e-01
  sigma: σ_R=7.0708e-02  σ_ω=1.8170e-01  β=1.0000e+00
  PL   : train=-9.6477e-01  test=-9.6747e-01  σ_φ̄(train)=4.6965e-06  σ_φ̄(test)=1.0017e-08  σ_obs_ω=5.0000e-01  λ_PL=1.00
  KL   : M=3.829e+02  V=2.418e+02  Dw=6.350e+02  g=8.988e+02  sigma=2.117e+01  total=2.180e+03
  subnet MSE  M=1.966e+00  V=1.287e+01  Dw=3.628e-02  g=2.956e-01
[step   6450]
  train: −ELBO=-5.3080e+00  NLL=-4.5541e+00  NLL_R=-3.6905e+00  NLL_ω=-8.6360e-01  MSE_R=1.5002e-02  MSE_ω=9.8766e-02
  test : −ELBO=-6.2282e+00  NLL=-5.4712e+00  NLL_R=-5.0838e+00  NLL_ω=-3.8746e-01  MSE_R=1.0777e-03  MSE_ω=1.3022e-01
  sigma: σ_R=7.0687e-02  σ_ω=1.8170e-01  β=1.0000e+00
  PL   : train=-9.6539e-01  test=-9.6839e-01  σ_φ̄(train)=1.0598e-05  σ_φ̄(test)=9.8248e-09  σ_obs_ω=5.0000e-01  λ_PL=1.00
  KL   : M=3.789e+02  V=2.392e+02  Dw=6.333e+02  g=8.932e+02  sigma=2.072e+01  total=2.165e+03
  subnet MSE  M=1.967e+00  V=1.288e+01  Dw=3.624e-02  g=2.970e-01
[step   6500]
  train: −ELBO=-5.3020e+00  NLL=-4.5482e+00  NLL_R=-3.6922e+00  NLL_ω=-8.5603e-01  MSE_R=1.4985e-02  MSE_ω=9.9266e-02
  test : −ELBO=-6.2003e+00  NLL=-5.4437e+00  NLL_R=-5.0820e+00  NLL_ω=-3.6164e-01  MSE_R=1.0920e-03  MSE_ω=1.3190e-01
  sigma: σ_R=7.0692e-02  σ_ω=1.8167e-01  β=1.0000e+00
  PL   : train=-9.6432e-01  test=-9.6708e-01  σ_φ̄(train)=1.5029e-05  σ_φ̄(test)=5.3915e-09  σ_obs_ω=5.0000e-01  λ_PL=1.00
  KL   : M=3.765e+02  V=2.372e+02  Dw=6.324e+02  g=8.887e+02  sigma=2.083e+01  total=2.156e+03
  subnet MSE  M=1.971e+00  V=1.288e+01  Dw=3.623e-02  g=2.951e-01
[step   6550]
  train: −ELBO=-5.3118e+00  NLL=-4.5558e+00  NLL_R=-3.6942e+00  NLL_ω=-8.6161e-01  MSE_R=1.4964e-02  MSE_ω=9.8898e-02
  test : −ELBO=-6.2117e+00  NLL=-5.4532e+00  NLL_R=-5.0808e+00  NLL_ω=-3.7248e-01  MSE_R=1.0839e-03  MSE_ω=1.3114e-01
  sigma: σ_R=7.0751e-02  σ_ω=1.8155e-01  β=1.0000e+00
  PL   : train=-9.6576e-01  test=-9.6829e-01  σ_φ̄(train)=2.8315e-06  σ_φ̄(test)=2.9008e-09  σ_obs_ω=5.0000e-01  λ_PL=1.00
  KL   : M=3.745e+02  V=2.356e+02  Dw=6.317e+02  g=8.853e+02  sigma=2.144e+01  total=2.148e+03
  subnet MSE  M=1.968e+00  V=1.291e+01  Dw=3.555e-02  g=2.978e-01
[step   6600]
  train: −ELBO=-5.3082e+00  NLL=-4.5529e+00  NLL_R=-3.6930e+00  NLL_ω=-8.5995e-01  MSE_R=1.4977e-02  MSE_ω=9.9006e-02
  test : −ELBO=-6.1966e+00  NLL=-5.4386e+00  NLL_R=-5.0826e+00  NLL_ω=-3.5600e-01  MSE_R=1.0935e-03  MSE_ω=1.3213e-01
  sigma: σ_R=7.0700e-02  σ_ω=1.8122e-01  β=1.0000e+00
  PL   : train=-9.6440e-01  test=-9.6714e-01  σ_φ̄(train)=2.3063e-06  σ_φ̄(test)=2.9585e-09  σ_obs_ω=5.0000e-01  λ_PL=1.00
  KL   : M=3.725e+02  V=2.344e+02  Dw=6.308e+02  g=8.827e+02  sigma=2.120e+01  total=2.142e+03
  subnet MSE  M=1.971e+00  V=1.289e+01  Dw=3.625e-02  g=2.954e-01
[step   6650]
  train: −ELBO=-5.3147e+00  NLL=-4.5592e+00  NLL_R=-3.6929e+00  NLL_ω=-8.6625e-01  MSE_R=1.4977e-02  MSE_ω=9.8592e-02
  test : −ELBO=-6.2073e+00  NLL=-5.4493e+00  NLL_R=-5.0812e+00  NLL_ω=-3.6814e-01  MSE_R=1.0874e-03  MSE_ω=1.3133e-01
  sigma: σ_R=7.0740e-02  σ_ω=1.8127e-01  β=1.0000e+00
  PL   : train=-9.6407e-01  test=-9.6653e-01  σ_φ̄(train)=4.5350e-06  σ_φ̄(test)=3.1404e-09  σ_obs_ω=5.0000e-01  λ_PL=1.00
  KL   : M=3.709e+02  V=2.333e+02  Dw=6.302e+02  g=8.804e+02  sigma=2.098e+01  total=2.136e+03
  subnet MSE  M=1.972e+00  V=1.290e+01  Dw=3.624e-02  g=2.940e-01
[step   6700]
  train: −ELBO=-5.3072e+00  NLL=-4.5501e+00  NLL_R=-3.6925e+00  NLL_ω=-8.5760e-01  MSE_R=1.4982e-02  MSE_ω=9.9160e-02
  test : −ELBO=-6.2003e+00  NLL=-5.4413e+00  NLL_R=-5.0793e+00  NLL_ω=-3.6201e-01  MSE_R=1.0905e-03  MSE_ω=1.3172e-01
  sigma: σ_R=7.0786e-02  σ_ω=1.8117e-01  β=1.0000e+00
  PL   : train=-9.6469e-01  test=-9.6654e-01  σ_φ̄(train)=5.6615e-06  σ_φ̄(test)=3.2490e-09  σ_obs_ω=5.0000e-01  λ_PL=1.00
  KL   : M=3.680e+02  V=2.312e+02  Dw=6.295e+02  g=8.765e+02  sigma=2.062e+01  total=2.126e+03
  subnet MSE  M=1.972e+00  V=1.289e+01  Dw=3.645e-02  g=2.956e-01
[step   6750]
  train: −ELBO=-5.3110e+00  NLL=-4.5532e+00  NLL_R=-3.6921e+00  NLL_ω=-8.6111e-01  MSE_R=1.4986e-02  MSE_ω=9.8928e-02
  test : −ELBO=-6.1927e+00  NLL=-5.4329e+00  NLL_R=-5.0821e+00  NLL_ω=-3.5081e-01  MSE_R=1.0981e-03  MSE_ω=1.3237e-01
  sigma: σ_R=7.0654e-02  σ_ω=1.8096e-01  β=1.0000e+00
  PL   : train=-9.6454e-01  test=-9.6658e-01  σ_φ̄(train)=2.0876e-06  σ_φ̄(test)=3.4772e-09  σ_obs_ω=5.0000e-01  λ_PL=1.00
  KL   : M=3.654e+02  V=2.293e+02  Dw=6.287e+02  g=8.734e+02  sigma=2.024e+01  total=2.117e+03
  subnet MSE  M=1.977e+00  V=1.286e+01  Dw=3.614e-02  g=2.956e-01
[step   6800]
  train: −ELBO=-5.3111e+00  NLL=-4.5530e+00  NLL_R=-3.6919e+00  NLL_ω=-8.6105e-01  MSE_R=1.4987e-02  MSE_ω=9.8931e-02
  test : −ELBO=-6.1859e+00  NLL=-5.4259e+00  NLL_R=-5.0816e+00  NLL_ω=-3.4429e-01  MSE_R=1.0985e-03  MSE_ω=1.3274e-01
  sigma: σ_R=7.0679e-02  σ_ω=1.8084e-01  β=1.0000e+00
  PL   : train=-9.6418e-01  test=-9.6597e-01  σ_φ̄(train)=8.4979e-06  σ_φ̄(test)=3.6584e-09  σ_obs_ω=5.0000e-01  λ_PL=1.00
  KL   : M=3.637e+02  V=2.278e+02  Dw=6.277e+02  g=8.707e+02  sigma=1.994e+01  total=2.110e+03
  subnet MSE  M=1.978e+00  V=1.286e+01  Dw=3.632e-02  g=2.946e-01
[step   6850]
  train: −ELBO=-5.3190e+00  NLL=-4.5600e+00  NLL_R=-3.6925e+00  NLL_ω=-8.6751e-01  MSE_R=1.4982e-02  MSE_ω=9.8509e-02
  test : −ELBO=-6.2049e+00  NLL=-5.4437e+00  NLL_R=-5.0821e+00  NLL_ω=-3.6162e-01  MSE_R=1.0908e-03  MSE_ω=1.3178e-01
  sigma: σ_R=7.0730e-02  σ_ω=1.8130e-01  β=1.0000e+00
  PL   : train=-9.6458e-01  test=-9.6675e-01  σ_φ̄(train)=8.9654e-06  σ_φ̄(test)=3.7753e-09  σ_obs_ω=5.0000e-01  λ_PL=1.00
  KL   : M=3.621e+02  V=2.267e+02  Dw=6.272e+02  g=8.692e+02  sigma=1.972e+01  total=2.105e+03
  subnet MSE  M=1.980e+00  V=1.295e+01  Dw=3.597e-02  g=2.950e-01
[step   6900]
  train: −ELBO=-5.3154e+00  NLL=-4.5555e+00  NLL_R=-3.6900e+00  NLL_ω=-8.6550e-01  MSE_R=1.5007e-02  MSE_ω=9.8640e-02
  test : −ELBO=-6.1991e+00  NLL=-5.4372e+00  NLL_R=-5.0817e+00  NLL_ω=-3.5555e-01  MSE_R=1.0946e-03  MSE_ω=1.3203e-01
  sigma: σ_R=7.0706e-02  σ_ω=1.8093e-01  β=1.0000e+00
  PL   : train=-9.6493e-01  test=-9.6691e-01  σ_φ̄(train)=7.5674e-06  σ_φ̄(test)=3.2450e-09  σ_obs_ω=5.0000e-01  λ_PL=1.00
  KL   : M=3.604e+02  V=2.254e+02  Dw=6.268e+02  g=8.671e+02  sigma=1.969e+01  total=2.099e+03
  subnet MSE  M=1.979e+00  V=1.289e+01  Dw=3.602e-02  g=2.960e-01
[step   6950]
  train: −ELBO=-5.3152e+00  NLL=-4.5547e+00  NLL_R=-3.6918e+00  NLL_ω=-8.6293e-01  MSE_R=1.4989e-02  MSE_ω=9.8810e-02
  test : −ELBO=-6.2125e+00  NLL=-5.4501e+00  NLL_R=-5.0835e+00  NLL_ω=-3.6655e-01  MSE_R=1.0871e-03  MSE_ω=1.3136e-01
  sigma: σ_R=7.0671e-02  σ_ω=1.8108e-01  β=1.0000e+00
  PL   : train=-9.6500e-01  test=-9.6690e-01  σ_φ̄(train)=2.7004e-06  σ_φ̄(test)=3.0092e-09  σ_obs_ω=5.0000e-01  λ_PL=1.00
  KL   : M=3.590e+02  V=2.241e+02  Dw=6.263e+02  g=8.650e+02  sigma=1.956e+01  total=2.094e+03
  subnet MSE  M=1.977e+00  V=1.290e+01  Dw=3.643e-02  g=2.960e-01
[step   7000]
  train: −ELBO=-5.3249e+00  NLL=-4.5649e+00  NLL_R=-3.6929e+00  NLL_ω=-8.7208e-01  MSE_R=1.4978e-02  MSE_ω=9.8210e-02
  test : −ELBO=-6.2056e+00  NLL=-5.4438e+00  NLL_R=-5.0824e+00  NLL_ω=-3.6137e-01  MSE_R=1.0902e-03  MSE_ω=1.3171e-01
  sigma: σ_R=7.0692e-02  σ_ω=1.8115e-01  β=1.0000e+00
  PL   : train=-9.6383e-01  test=-9.6566e-01  σ_φ̄(train)=4.0158e-06  σ_φ̄(test)=3.2515e-09  σ_obs_ω=5.0000e-01  λ_PL=1.00
  KL   : M=3.573e+02  V=2.230e+02  Dw=6.259e+02  g=8.626e+02  sigma=1.926e+01  total=2.088e+03
  subnet MSE  M=1.981e+00  V=1.289e+01  Dw=3.639e-02  g=2.940e-01
[step   7050]
  train: −ELBO=-5.3210e+00  NLL=-4.5595e+00  NLL_R=-3.6922e+00  NLL_ω=-8.6724e-01  MSE_R=1.4984e-02  MSE_ω=9.8526e-02
  test : −ELBO=-6.1999e+00  NLL=-5.4382e+00  NLL_R=-5.0830e+00  NLL_ω=-3.5521e-01  MSE_R=1.0928e-03  MSE_ω=1.3203e-01
  sigma: σ_R=7.0681e-02  σ_ω=1.8090e-01  β=1.0000e+00
  PL   : train=-9.6500e-01  test=-9.6512e-01  σ_φ̄(train)=9.9991e-06  σ_φ̄(test)=3.2253e-09  σ_obs_ω=5.0000e-01  λ_PL=1.00
  KL   : M=3.559e+02  V=2.219e+02  Dw=6.256e+02  g=8.611e+02  sigma=1.907e+01  total=2.084e+03
  subnet MSE  M=1.979e+00  V=1.288e+01  Dw=3.645e-02  g=2.956e-01
[step   7100]
  train: −ELBO=-5.3345e+00  NLL=-4.5721e+00  NLL_R=-3.6921e+00  NLL_ω=-8.8002e-01  MSE_R=1.4986e-02  MSE_ω=9.7691e-02
  test : −ELBO=-6.2033e+00  NLL=-5.4390e+00  NLL_R=-5.0830e+00  NLL_ω=-3.5601e-01  MSE_R=1.0917e-03  MSE_ω=1.3190e-01
  sigma: σ_R=7.0677e-02  σ_ω=1.8078e-01  β=1.0000e+00
  PL   : train=-9.6550e-01  test=-9.6732e-01  σ_φ̄(train)=8.3732e-06  σ_φ̄(test)=3.0567e-09  σ_obs_ω=5.0000e-01  λ_PL=1.00
  KL   : M=3.546e+02  V=2.210e+02  Dw=6.255e+02  g=8.595e+02  sigma=1.889e+01  total=2.079e+03
  subnet MSE  M=1.980e+00  V=1.285e+01  Dw=3.661e-02  g=2.968e-01
[step   7150]
  train: −ELBO=-5.3343e+00  NLL=-4.5715e+00  NLL_R=-3.6939e+00  NLL_ω=-8.7764e-01  MSE_R=1.4968e-02  MSE_ω=9.7846e-02
  test : −ELBO=-6.1973e+00  NLL=-5.4324e+00  NLL_R=-5.0825e+00  NLL_ω=-3.4989e-01  MSE_R=1.0943e-03  MSE_ω=1.3228e-01
  sigma: σ_R=7.0685e-02  σ_ω=1.8065e-01  β=1.0000e+00
  PL   : train=-9.6520e-01  test=-9.6725e-01  σ_φ̄(train)=3.8015e-06  σ_φ̄(test)=2.6883e-09  σ_obs_ω=5.0000e-01  λ_PL=1.00
  KL   : M=3.524e+02  V=2.195e+02  Dw=6.250e+02  g=8.572e+02  sigma=1.864e+01  total=2.073e+03
  subnet MSE  M=1.983e+00  V=1.290e+01  Dw=3.639e-02  g=2.965e-01
[step   7200]
  train: −ELBO=-5.3348e+00  NLL=-4.5703e+00  NLL_R=-3.6933e+00  NLL_ω=-8.7696e-01  MSE_R=1.4973e-02  MSE_ω=9.7889e-02
  test : −ELBO=-6.1887e+00  NLL=-5.4226e+00  NLL_R=-5.0810e+00  NLL_ω=-3.4158e-01  MSE_R=1.0975e-03  MSE_ω=1.3263e-01
  sigma: σ_R=7.0700e-02  σ_ω=1.8009e-01  β=1.0000e+00
  PL   : train=-9.6630e-01  test=-9.6783e-01  σ_φ̄(train)=3.7764e-06  σ_φ̄(test)=2.4259e-09  σ_obs_ω=5.0000e-01  λ_PL=1.00
  KL   : M=3.505e+02  V=2.177e+02  Dw=6.245e+02  g=8.548e+02  sigma=1.835e+01  total=2.066e+03
  subnet MSE  M=1.982e+00  V=1.291e+01  Dw=3.628e-02  g=2.981e-01
[step   7250]
  train: −ELBO=-5.3354e+00  NLL=-4.5705e+00  NLL_R=-3.6937e+00  NLL_ω=-8.7684e-01  MSE_R=1.4970e-02  MSE_ω=9.7898e-02
  test : −ELBO=-6.1901e+00  NLL=-5.4254e+00  NLL_R=-5.0816e+00  NLL_ω=-3.4387e-01  MSE_R=1.0978e-03  MSE_ω=1.3280e-01
  sigma: σ_R=7.0693e-02  σ_ω=1.8091e-01  β=1.0000e+00
  PL   : train=-9.6601e-01  test=-9.6576e-01  σ_φ̄(train)=5.3368e-06  σ_φ̄(test)=1.5642e-09  σ_obs_ω=5.0000e-01  λ_PL=1.00
  KL   : M=3.483e+02  V=2.161e+02  Dw=6.244e+02  g=8.525e+02  sigma=1.818e+01  total=2.059e+03
  subnet MSE  M=1.982e+00  V=1.290e+01  Dw=3.680e-02  g=2.978e-01
[step   7300]
  train: −ELBO=-5.3341e+00  NLL=-4.5700e+00  NLL_R=-3.6940e+00  NLL_ω=-8.7601e-01  MSE_R=1.4966e-02  MSE_ω=9.7952e-02
  test : −ELBO=-6.1794e+00  NLL=-5.4136e+00  NLL_R=-5.0843e+00  NLL_ω=-3.2925e-01  MSE_R=1.1022e-03  MSE_ω=1.3356e-01
  sigma: σ_R=7.0618e-02  σ_ω=1.8047e-01  β=1.0000e+00
  PL   : train=-9.6450e-01  test=-9.6631e-01  σ_φ̄(train)=2.1407e-06  σ_φ̄(test)=1.4681e-09  σ_obs_ω=5.0000e-01  λ_PL=1.00
  KL   : M=3.460e+02  V=2.144e+02  Dw=6.240e+02  g=8.506e+02  sigma=1.778e+01  total=2.053e+03
  subnet MSE  M=1.987e+00  V=1.293e+01  Dw=3.631e-02  g=2.954e-01
[step   7350]
  train: −ELBO=-5.3339e+00  NLL=-4.5706e+00  NLL_R=-3.6913e+00  NLL_ω=-8.7931e-01  MSE_R=1.4994e-02  MSE_ω=9.7737e-02
  test : −ELBO=-6.1680e+00  NLL=-5.4035e+00  NLL_R=-5.0825e+00  NLL_ω=-3.2090e-01  MSE_R=1.1095e-03  MSE_ω=1.3411e-01
  sigma: σ_R=7.0643e-02  σ_ω=1.8046e-01  β=1.0000e+00
  PL   : train=-9.6334e-01  test=-9.6456e-01  σ_φ̄(train)=9.3130e-06  σ_φ̄(test)=1.4554e-09  σ_obs_ω=5.0000e-01  λ_PL=1.00
  KL   : M=3.443e+02  V=2.129e+02  Dw=6.239e+02  g=8.493e+02  sigma=1.738e+01  total=2.048e+03
  subnet MSE  M=1.989e+00  V=1.281e+01  Dw=3.707e-02  g=2.934e-01
[step   7400]
  train: −ELBO=-5.3415e+00  NLL=-4.5769e+00  NLL_R=-3.6938e+00  NLL_ω=-8.8308e-01  MSE_R=1.4969e-02  MSE_ω=9.7492e-02
  test : −ELBO=-6.1954e+00  NLL=-5.4284e+00  NLL_R=-5.0835e+00  NLL_ω=-3.4485e-01  MSE_R=1.0962e-03  MSE_ω=1.3254e-01
  sigma: σ_R=7.0661e-02  σ_ω=1.8043e-01  β=1.0000e+00
  PL   : train=-9.6419e-01  test=-9.6655e-01  σ_φ̄(train)=2.9886e-06  σ_φ̄(test)=9.6334e-10  σ_obs_ω=5.0000e-01  λ_PL=1.00
  KL   : M=3.429e+02  V=2.117e+02  Dw=6.239e+02  g=8.479e+02  sigma=1.729e+01  total=2.044e+03
  subnet MSE  M=1.990e+00  V=1.290e+01  Dw=3.650e-02  g=2.954e-01
[step   7450]
  train: −ELBO=-5.3398e+00  NLL=-4.5742e+00  NLL_R=-3.6917e+00  NLL_ω=-8.8257e-01  MSE_R=1.4990e-02  MSE_ω=9.7525e-02
  test : −ELBO=-6.1757e+00  NLL=-5.4085e+00  NLL_R=-5.0819e+00  NLL_ω=-3.2659e-01  MSE_R=1.1057e-03  MSE_ω=1.3369e-01
  sigma: σ_R=7.0669e-02  σ_ω=1.8036e-01  β=1.0000e+00
  PL   : train=-9.6488e-01  test=-9.6645e-01  σ_φ̄(train)=4.0204e-06  σ_φ̄(test)=7.7064e-10  σ_obs_ω=5.0000e-01  λ_PL=1.00
  KL   : M=3.418e+02  V=2.109e+02  Dw=6.242e+02  g=8.470e+02  sigma=1.723e+01  total=2.041e+03
  subnet MSE  M=1.989e+00  V=1.294e+01  Dw=3.665e-02  g=2.960e-01
[step   7500]
  train: −ELBO=-5.3517e+00  NLL=-4.5861e+00  NLL_R=-3.6955e+00  NLL_ω=-8.9060e-01  MSE_R=1.4951e-02  MSE_ω=9.7004e-02
  test : −ELBO=-6.1738e+00  NLL=-5.4072e+00  NLL_R=-5.0831e+00  NLL_ω=-3.2415e-01  MSE_R=1.1070e-03  MSE_ω=1.3380e-01
  sigma: σ_R=7.0636e-02  σ_ω=1.8022e-01  β=1.0000e+00
  PL   : train=-9.6460e-01  test=-9.6562e-01  σ_φ̄(train)=3.1847e-06  σ_φ̄(test)=7.0376e-10  σ_obs_ω=5.0000e-01  λ_PL=1.00
  KL   : M=3.407e+02  V=2.099e+02  Dw=6.246e+02  g=8.459e+02  sigma=1.707e+01  total=2.038e+03
  subnet MSE  M=1.989e+00  V=1.289e+01  Dw=3.658e-02  g=2.946e-01
[step   7550]
  train: −ELBO=-5.3448e+00  NLL=-4.5783e+00  NLL_R=-3.6938e+00  NLL_ω=-8.8449e-01  MSE_R=1.4968e-02  MSE_ω=9.7400e-02
  test : −ELBO=-6.1676e+00  NLL=-5.3998e+00  NLL_R=-5.0819e+00  NLL_ω=-3.1790e-01  MSE_R=1.1090e-03  MSE_ω=1.3413e-01
  sigma: σ_R=7.0641e-02  σ_ω=1.8008e-01  β=1.0000e+00
  PL   : train=-9.6532e-01  test=-9.6663e-01  σ_φ̄(train)=9.3332e-06  σ_φ̄(test)=6.7817e-10  σ_obs_ω=5.0000e-01  λ_PL=1.00
  KL   : M=3.396e+02  V=2.091e+02  Dw=6.245e+02  g=8.456e+02  sigma=1.690e+01  total=2.036e+03
  subnet MSE  M=1.990e+00  V=1.295e+01  Dw=3.667e-02  g=2.962e-01
[step   7600]
  train: −ELBO=-5.3441e+00  NLL=-4.5770e+00  NLL_R=-3.6923e+00  NLL_ω=-8.8475e-01  MSE_R=1.4984e-02  MSE_ω=9.7383e-02
  test : −ELBO=-6.1700e+00  NLL=-5.4053e+00  NLL_R=-5.0822e+00  NLL_ω=-3.2312e-01  MSE_R=1.1064e-03  MSE_ω=1.3381e-01
  sigma: σ_R=7.0634e-02  σ_ω=1.8003e-01  β=1.0000e+00
  PL   : train=-9.6553e-01  test=-9.6315e-01  σ_φ̄(train)=3.8013e-06  σ_φ̄(test)=7.4291e-10  σ_obs_ω=5.0000e-01  λ_PL=1.00
  KL   : M=3.380e+02  V=2.082e+02  Dw=6.250e+02  g=8.447e+02  sigma=1.655e+01  total=2.033e+03
  subnet MSE  M=1.994e+00  V=1.292e+01  Dw=3.658e-02  g=2.967e-01
[step   7650]
  train: −ELBO=-5.3503e+00  NLL=-4.5831e+00  NLL_R=-3.6938e+00  NLL_ω=-8.8927e-01  MSE_R=1.4969e-02  MSE_ω=9.7090e-02
  test : −ELBO=-6.1661e+00  NLL=-5.3979e+00  NLL_R=-5.0789e+00  NLL_ω=-3.1908e-01  MSE_R=1.1090e-03  MSE_ω=1.3405e-01
  sigma: σ_R=7.0738e-02  σ_ω=1.8002e-01  β=1.0000e+00
  PL   : train=-9.6539e-01  test=-9.6633e-01  σ_φ̄(train)=7.5460e-05  σ_φ̄(test)=7.3499e-10  σ_obs_ω=5.0000e-01  λ_PL=1.00
  KL   : M=3.368e+02  V=2.074e+02  Dw=6.253e+02  g=8.437e+02  sigma=1.630e+01  total=2.030e+03
  subnet MSE  M=1.996e+00  V=1.292e+01  Dw=3.683e-02  g=2.961e-01
[step   7700]
  train: −ELBO=-5.3422e+00  NLL=-4.5751e+00  NLL_R=-3.6921e+00  NLL_ω=-8.8304e-01  MSE_R=1.4986e-02  MSE_ω=9.7493e-02
  test : −ELBO=-6.1739e+00  NLL=-5.4057e+00  NLL_R=-5.0834e+00  NLL_ω=-3.2225e-01  MSE_R=1.1068e-03  MSE_ω=1.3375e-01
  sigma: σ_R=7.0622e-02  σ_ω=1.7973e-01  β=1.0000e+00
  PL   : train=-9.6500e-01  test=-9.6611e-01  σ_φ̄(train)=4.3357e-06  σ_φ̄(test)=2.3471e-10  σ_obs_ω=5.0000e-01  λ_PL=1.00
  KL   : M=3.351e+02  V=2.062e+02  Dw=6.254e+02  g=8.422e+02  sigma=1.725e+01  total=2.026e+03
  subnet MSE  M=1.998e+00  V=1.290e+01  Dw=3.676e-02  g=2.957e-01
[step   7750]
  train: −ELBO=-5.3495e+00  NLL=-4.5817e+00  NLL_R=-3.6921e+00  NLL_ω=-8.8962e-01  MSE_R=1.4986e-02  MSE_ω=9.7068e-02
  test : −ELBO=-6.1692e+00  NLL=-5.4003e+00  NLL_R=-5.0821e+00  NLL_ω=-3.1820e-01  MSE_R=1.1090e-03  MSE_ω=1.3404e-01
  sigma: σ_R=7.0651e-02  σ_ω=1.7984e-01  β=1.0000e+00
  PL   : train=-9.6545e-01  test=-9.6650e-01  σ_φ̄(train)=1.0246e-06  σ_φ̄(test)=2.3473e-10  σ_obs_ω=5.0000e-01  λ_PL=1.00
  KL   : M=3.341e+02  V=2.055e+02  Dw=6.256e+02  g=8.415e+02  sigma=1.709e+01  total=2.024e+03
  subnet MSE  M=1.999e+00  V=1.295e+01  Dw=3.657e-02  g=2.964e-01
[step   7800]
  train: −ELBO=-5.3528e+00  NLL=-4.5846e+00  NLL_R=-3.6930e+00  NLL_ω=-8.9166e-01  MSE_R=1.4977e-02  MSE_ω=9.6935e-02
  test : −ELBO=-6.1757e+00  NLL=-5.4065e+00  NLL_R=-5.0825e+00  NLL_ω=-3.2398e-01  MSE_R=1.1075e-03  MSE_ω=1.3382e-01
  sigma: σ_R=7.0629e-02  σ_ω=1.8021e-01  β=1.0000e+00
  PL   : train=-9.6549e-01  test=-9.6649e-01  σ_φ̄(train)=8.9879e-06  σ_φ̄(test)=2.3698e-10  σ_obs_ω=5.0000e-01  λ_PL=1.00
  KL   : M=3.328e+02  V=2.046e+02  Dw=6.256e+02  g=8.403e+02  sigma=1.687e+01  total=2.020e+03
  subnet MSE  M=1.999e+00  V=1.290e+01  Dw=3.672e-02  g=2.963e-01
[step   7850]
  train: −ELBO=-5.3558e+00  NLL=-4.5871e+00  NLL_R=-3.6956e+00  NLL_ω=-8.9148e-01  MSE_R=1.4950e-02  MSE_ω=9.6947e-02
  test : −ELBO=-6.1727e+00  NLL=-5.4029e+00  NLL_R=-5.0820e+00  NLL_ω=-3.2093e-01  MSE_R=1.1071e-03  MSE_ω=1.3384e-01
  sigma: σ_R=7.0661e-02  σ_ω=1.7983e-01  β=1.0000e+00
  PL   : train=-9.6560e-01  test=-9.6676e-01  σ_φ̄(train)=1.7881e-06  σ_φ̄(test)=2.1730e-10  σ_obs_ω=5.0000e-01  λ_PL=1.00
  KL   : M=3.315e+02  V=2.037e+02  Dw=6.256e+02  g=8.396e+02  sigma=1.667e+01  total=2.017e+03
  subnet MSE  M=2.000e+00  V=1.289e+01  Dw=3.619e-02  g=2.967e-01
[step   7900]
  train: −ELBO=-5.3546e+00  NLL=-4.5857e+00  NLL_R=-3.6940e+00  NLL_ω=-8.9169e-01  MSE_R=1.4966e-02  MSE_ω=9.6932e-02
  test : −ELBO=-6.1708e+00  NLL=-5.4008e+00  NLL_R=-5.0834e+00  NLL_ω=-3.1742e-01  MSE_R=1.1073e-03  MSE_ω=1.3387e-01
  sigma: σ_R=7.0604e-02  σ_ω=1.7928e-01  β=1.0000e+00
  PL   : train=-9.6551e-01  test=-9.6662e-01  σ_φ̄(train)=3.2824e-07  σ_φ̄(test)=2.0430e-10  σ_obs_ω=5.0000e-01  λ_PL=1.00
  KL   : M=3.300e+02  V=2.027e+02  Dw=6.258e+02  g=8.386e+02  sigma=1.646e+01  total=2.014e+03
  subnet MSE  M=2.000e+00  V=1.293e+01  Dw=3.642e-02  g=2.969e-01
[step   7950]
  train: −ELBO=-5.3618e+00  NLL=-4.5931e+00  NLL_R=-3.6951e+00  NLL_ω=-8.9802e-01  MSE_R=1.4955e-02  MSE_ω=9.6525e-02
  test : −ELBO=-6.1527e+00  NLL=-5.3840e+00  NLL_R=-5.0814e+00  NLL_ω=-3.0259e-01  MSE_R=1.1162e-03  MSE_ω=1.3492e-01
  sigma: σ_R=7.0646e-02  σ_ω=1.7956e-01  β=1.0000e+00
  PL   : train=-9.6510e-01  test=-9.6518e-01  σ_φ̄(train)=3.5171e-06  σ_φ̄(test)=1.4290e-10  σ_obs_ω=5.0000e-01  λ_PL=1.00
  KL   : M=3.290e+02  V=2.021e+02  Dw=6.259e+02  g=8.380e+02  sigma=1.657e+01  total=2.012e+03
  subnet MSE  M=2.000e+00  V=1.291e+01  Dw=3.671e-02  g=2.955e-01
[step   8000]
  train: −ELBO=-5.3491e+00  NLL=-4.5804e+00  NLL_R=-3.6924e+00  NLL_ω=-8.8798e-01  MSE_R=1.4983e-02  MSE_ω=9.7173e-02
  test : −ELBO=-6.1623e+00  NLL=-5.3927e+00  NLL_R=-5.0817e+00  NLL_ω=-3.1099e-01  MSE_R=1.1122e-03  MSE_ω=1.3435e-01
  sigma: σ_R=7.0651e-02  σ_ω=1.7949e-01  β=1.0000e+00
  PL   : train=-9.6508e-01  test=-9.6590e-01  σ_φ̄(train)=3.0380e-06  σ_φ̄(test)=1.2037e-10  σ_obs_ω=5.0000e-01  λ_PL=1.00
  KL   : M=3.282e+02  V=2.017e+02  Dw=6.260e+02  g=8.376e+02  sigma=1.664e+01  total=2.010e+03
  subnet MSE  M=2.001e+00  V=1.293e+01  Dw=3.669e-02  g=2.961e-01
[step   8050]
  train: −ELBO=-5.3566e+00  NLL=-4.5874e+00  NLL_R=-3.6932e+00  NLL_ω=-8.9411e-01  MSE_R=1.4974e-02  MSE_ω=9.6778e-02
  test : −ELBO=-6.1520e+00  NLL=-5.3820e+00  NLL_R=-5.0817e+00  NLL_ω=-3.0027e-01  MSE_R=1.1176e-03  MSE_ω=1.3507e-01
  sigma: σ_R=7.0704e-02  σ_ω=1.7954e-01  β=1.0000e+00
  PL   : train=-9.6537e-01  test=-9.6616e-01  σ_φ̄(train)=6.0564e-07  σ_φ̄(test)=1.0757e-10  σ_obs_ω=5.0000e-01  λ_PL=1.00
  KL   : M=3.273e+02  V=2.013e+02  Dw=6.261e+02  g=8.372e+02  sigma=1.653e+01  total=2.008e+03
  subnet MSE  M=2.001e+00  V=1.291e+01  Dw=3.637e-02  g=2.965e-01
[step   8100]
  train: −ELBO=-5.3592e+00  NLL=-4.5895e+00  NLL_R=-3.6932e+00  NLL_ω=-8.9631e-01  MSE_R=1.4974e-02  MSE_ω=9.6636e-02
  test : −ELBO=-6.1556e+00  NLL=-5.3852e+00  NLL_R=-5.0827e+00  NLL_ω=-3.0243e-01  MSE_R=1.1159e-03  MSE_ω=1.3489e-01
  sigma: σ_R=7.0628e-02  σ_ω=1.7945e-01  β=1.0000e+00
  PL   : train=-9.6559e-01  test=-9.6636e-01  σ_φ̄(train)=4.4314e-06  σ_φ̄(test)=1.1788e-10  σ_obs_ω=5.0000e-01  λ_PL=1.00
  KL   : M=3.262e+02  V=2.006e+02  Dw=6.262e+02  g=8.365e+02  sigma=1.628e+01  total=2.006e+03
  subnet MSE  M=2.003e+00  V=1.289e+01  Dw=3.657e-02  g=2.966e-01
[step   8150]
  train: −ELBO=-5.3677e+00  NLL=-4.5974e+00  NLL_R=-3.6934e+00  NLL_ω=-9.0401e-01  MSE_R=1.4973e-02  MSE_ω=9.6140e-02
  test : −ELBO=-6.1604e+00  NLL=-5.3894e+00  NLL_R=-5.0827e+00  NLL_ω=-3.0669e-01  MSE_R=1.1141e-03  MSE_ω=1.3465e-01
  sigma: σ_R=7.0629e-02  σ_ω=1.7955e-01  β=1.0000e+00
  PL   : train=-9.6593e-01  test=-9.6663e-01  σ_φ̄(train)=3.2452e-06  σ_φ̄(test)=1.3500e-10  σ_obs_ω=5.0000e-01  λ_PL=1.00
  KL   : M=3.253e+02  V=1.999e+02  Dw=6.266e+02  g=8.357e+02  sigma=1.602e+01  total=2.003e+03
  subnet MSE  M=2.004e+00  V=1.292e+01  Dw=3.668e-02  g=2.970e-01
[step   8200]
  train: −ELBO=-5.3488e+00  NLL=-4.5789e+00  NLL_R=-3.6934e+00  NLL_ω=-8.8552e-01  MSE_R=1.4973e-02  MSE_ω=9.7331e-02
  test : −ELBO=-6.1563e+00  NLL=-5.3852e+00  NLL_R=-5.0815e+00  NLL_ω=-3.0374e-01  MSE_R=1.1155e-03  MSE_ω=1.3482e-01
  sigma: σ_R=7.0609e-02  σ_ω=1.7954e-01  β=1.0000e+00
  PL   : train=-9.6526e-01  test=-9.6649e-01  σ_φ̄(train)=2.1580e-06  σ_φ̄(test)=1.2708e-10  σ_obs_ω=5.0000e-01  λ_PL=1.00
  KL   : M=3.242e+02  V=1.992e+02  Dw=6.266e+02  g=8.350e+02  sigma=1.597e+01  total=2.001e+03
  subnet MSE  M=2.004e+00  V=1.292e+01  Dw=3.641e-02  g=2.968e-01
[step   8250]
  train: −ELBO=-5.3581e+00  NLL=-4.5880e+00  NLL_R=-3.6951e+00  NLL_ω=-8.9298e-01  MSE_R=1.4956e-02  MSE_ω=9.6851e-02
  test : −ELBO=-6.1175e+00  NLL=-5.3475e+00  NLL_R=-5.0819e+00  NLL_ω=-2.6559e-01  MSE_R=1.1350e-03  MSE_ω=1.3725e-01
  sigma: σ_R=7.0587e-02  σ_ω=1.7943e-01  β=1.0000e+00
  PL   : train=-9.6517e-01  test=-9.6511e-01  σ_φ̄(train)=8.9834e-07  σ_φ̄(test)=1.4371e-10  σ_obs_ω=5.0000e-01  λ_PL=1.00
  KL   : M=3.232e+02  V=1.985e+02  Dw=6.270e+02  g=8.339e+02  sigma=1.572e+01  total=1.998e+03
  subnet MSE  M=2.002e+00  V=1.294e+01  Dw=3.715e-02  g=2.960e-01
[step   8300]
  train: −ELBO=-5.3613e+00  NLL=-4.5909e+00  NLL_R=-3.6937e+00  NLL_ω=-8.9711e-01  MSE_R=1.4969e-02  MSE_ω=9.6585e-02
  test : −ELBO=-6.1454e+00  NLL=-5.3746e+00  NLL_R=-5.0847e+00  NLL_ω=-2.8990e-01  MSE_R=1.1218e-03  MSE_ω=1.3565e-01
  sigma: σ_R=7.0542e-02  σ_ω=1.7940e-01  β=1.0000e+00
  PL   : train=-9.6546e-01  test=-9.6589e-01  σ_φ̄(train)=1.5194e-06  σ_φ̄(test)=1.3473e-10  σ_obs_ω=5.0000e-01  λ_PL=1.00
  KL   : M=3.226e+02  V=1.981e+02  Dw=6.272e+02  g=8.335e+02  sigma=1.555e+01  total=1.997e+03
  subnet MSE  M=2.000e+00  V=1.291e+01  Dw=3.582e-02  g=2.959e-01
[step   8350]
  train: −ELBO=-5.3722e+00  NLL=-4.6020e+00  NLL_R=-3.6951e+00  NLL_ω=-9.0687e-01  MSE_R=1.4955e-02  MSE_ω=9.5958e-02
  test : −ELBO=-6.1269e+00  NLL=-5.3567e+00  NLL_R=-5.0798e+00  NLL_ω=-2.7692e-01  MSE_R=1.1262e-03  MSE_ω=1.3625e-01
  sigma: σ_R=7.0667e-02  σ_ω=1.7887e-01  β=1.0000e+00
  PL   : train=-9.6494e-01  test=-9.6492e-01  σ_φ̄(train)=6.7887e-07  σ_φ̄(test)=1.2223e-10  σ_obs_ω=5.0000e-01  λ_PL=1.00
  KL   : M=3.216e+02  V=1.975e+02  Dw=6.272e+02  g=8.326e+02  sigma=1.538e+01  total=1.994e+03
  subnet MSE  M=2.005e+00  V=1.284e+01  Dw=3.687e-02  g=2.949e-01
[step   8400]
  train: −ELBO=-5.3644e+00  NLL=-4.5935e+00  NLL_R=-3.6945e+00  NLL_ω=-8.9896e-01  MSE_R=1.4961e-02  MSE_ω=9.6466e-02
  test : −ELBO=-6.1395e+00  NLL=-5.3682e+00  NLL_R=-5.0819e+00  NLL_ω=-2.8630e-01  MSE_R=1.1237e-03  MSE_ω=1.3589e-01
  sigma: σ_R=7.0607e-02  σ_ω=1.7938e-01  β=1.0000e+00
  PL   : train=-9.6551e-01  test=-9.6584e-01  σ_φ̄(train)=5.2156e-06  σ_φ̄(test)=1.1688e-10  σ_obs_ω=5.0000e-01  λ_PL=1.00
  KL   : M=3.208e+02  V=1.969e+02  Dw=6.273e+02  g=8.322e+02  sigma=1.519e+01  total=1.992e+03
  subnet MSE  M=2.009e+00  V=1.291e+01  Dw=3.665e-02  g=2.963e-01
[step   8450]
  train: −ELBO=-5.3683e+00  NLL=-4.5972e+00  NLL_R=-3.6932e+00  NLL_ω=-9.0401e-01  MSE_R=1.4975e-02  MSE_ω=9.6141e-02
  test : −ELBO=-6.1342e+00  NLL=-5.3630e+00  NLL_R=-5.0815e+00  NLL_ω=-2.8145e-01  MSE_R=1.1268e-03  MSE_ω=1.3615e-01
  sigma: σ_R=7.0585e-02  σ_ω=1.7927e-01  β=1.0000e+00
  PL   : train=-9.6553e-01  test=-9.6558e-01  σ_φ̄(train)=9.6241e-06  σ_φ̄(test)=1.3875e-10  σ_obs_ω=5.0000e-01  λ_PL=1.00
  KL   : M=3.197e+02  V=1.963e+02  Dw=6.279e+02  g=8.318e+02  sigma=1.489e+01  total=1.991e+03
  subnet MSE  M=2.007e+00  V=1.291e+01  Dw=3.693e-02  g=2.961e-01
[step   8500]
  train: −ELBO=-5.3655e+00  NLL=-4.5945e+00  NLL_R=-3.6943e+00  NLL_ω=-9.0022e-01  MSE_R=1.4963e-02  MSE_ω=9.6385e-02
  test : −ELBO=-6.1147e+00  NLL=-5.3434e+00  NLL_R=-5.0775e+00  NLL_ω=-2.6598e-01  MSE_R=1.1339e-03  MSE_ω=1.3717e-01
  sigma: σ_R=7.0700e-02  σ_ω=1.7935e-01  β=1.0000e+00
  PL   : train=-9.6524e-01  test=-9.6550e-01  σ_φ̄(train)=9.6929e-07  σ_φ̄(test)=1.2664e-10  σ_obs_ω=5.0000e-01  λ_PL=1.00
  KL   : M=3.191e+02  V=1.959e+02  Dw=6.278e+02  g=8.316e+02  sigma=1.472e+01  total=1.989e+03
  subnet MSE  M=2.008e+00  V=1.291e+01  Dw=3.766e-02  g=2.962e-01
[step   8550]
  train: −ELBO=-5.3682e+00  NLL=-4.5967e+00  NLL_R=-3.6950e+00  NLL_ω=-9.0174e-01  MSE_R=1.4957e-02  MSE_ω=9.6287e-02
  test : −ELBO=-6.1234e+00  NLL=-5.3521e+00  NLL_R=-5.0808e+00  NLL_ω=-2.7130e-01  MSE_R=1.1313e-03  MSE_ω=1.3676e-01
  sigma: σ_R=7.0632e-02  σ_ω=1.7915e-01  β=1.0000e+00
  PL   : train=-9.6568e-01  test=-9.6556e-01  σ_φ̄(train)=4.2569e-07  σ_φ̄(test)=7.3137e-11  σ_obs_ω=5.0000e-01  λ_PL=1.00
  KL   : M=3.188e+02  V=1.955e+02  Dw=6.280e+02  g=8.318e+02  sigma=1.521e+01  total=1.989e+03
  subnet MSE  M=2.009e+00  V=1.289e+01  Dw=3.691e-02  g=2.967e-01
[step   8600]
  train: −ELBO=-5.3663e+00  NLL=-4.5956e+00  NLL_R=-3.6937e+00  NLL_ω=-9.0191e-01  MSE_R=1.4969e-02  MSE_ω=9.6276e-02
  test : −ELBO=-6.1256e+00  NLL=-5.3542e+00  NLL_R=-5.0834e+00  NLL_ω=-2.7084e-01  MSE_R=1.1301e-03  MSE_ω=1.3665e-01
  sigma: σ_R=7.0575e-02  σ_ω=1.7890e-01  β=1.0000e+00
  PL   : train=-9.6481e-01  test=-9.6548e-01  σ_φ̄(train)=5.8431e-07  σ_φ̄(test)=7.4114e-11  σ_obs_ω=5.0000e-01  λ_PL=1.00
  KL   : M=3.185e+02  V=1.950e+02  Dw=6.279e+02  g=8.316e+02  sigma=1.517e+01  total=1.988e+03
  subnet MSE  M=2.009e+00  V=1.285e+01  Dw=3.735e-02  g=2.958e-01
[step   8650]
  train: −ELBO=-5.3767e+00  NLL=-4.6054e+00  NLL_R=-3.6949e+00  NLL_ω=-9.1051e-01  MSE_R=1.4958e-02  MSE_ω=9.5725e-02
  test : −ELBO=-6.1217e+00  NLL=-5.3505e+00  NLL_R=-5.0820e+00  NLL_ω=-2.6847e-01  MSE_R=1.1305e-03  MSE_ω=1.3682e-01
  sigma: σ_R=7.0602e-02  σ_ω=1.7890e-01  β=1.0000e+00
  PL   : train=-9.6531e-01  test=-9.6517e-01  σ_φ̄(train)=2.7798e-07  σ_φ̄(test)=7.8267e-11  σ_obs_ω=5.0000e-01  λ_PL=1.00
  KL   : M=3.180e+02  V=1.945e+02  Dw=6.278e+02  g=8.314e+02  sigma=1.496e+01  total=1.987e+03
  subnet MSE  M=2.011e+00  V=1.287e+01  Dw=3.716e-02  g=2.964e-01
[step   8700]
  train: −ELBO=-5.3719e+00  NLL=-4.6002e+00  NLL_R=-3.6967e+00  NLL_ω=-9.0356e-01  MSE_R=1.4940e-02  MSE_ω=9.6170e-02
  test : −ELBO=-6.1080e+00  NLL=-5.3360e+00  NLL_R=-5.0806e+00  NLL_ω=-2.5537e-01  MSE_R=1.1363e-03  MSE_ω=1.3772e-01
  sigma: σ_R=7.0624e-02  σ_ω=1.7900e-01  β=1.0000e+00
  PL   : train=-9.6559e-01  test=-9.6591e-01  σ_φ̄(train)=6.9872e-06  σ_φ̄(test)=8.3515e-11  σ_obs_ω=5.0000e-01  λ_PL=1.00
  KL   : M=3.175e+02  V=1.942e+02  Dw=6.278e+02  g=8.312e+02  sigma=1.481e+01  total=1.986e+03
  subnet MSE  M=2.009e+00  V=1.288e+01  Dw=3.707e-02  g=2.969e-01
[step   8750]
  train: −ELBO=-5.3628e+00  NLL=-4.5922e+00  NLL_R=-3.6944e+00  NLL_ω=-8.9775e-01  MSE_R=1.4962e-02  MSE_ω=9.6543e-02
  test : −ELBO=-6.0658e+00  NLL=-5.2963e+00  NLL_R=-5.0722e+00  NLL_ω=-2.2410e-01  MSE_R=1.1542e-03  MSE_ω=1.3977e-01
  sigma: σ_R=7.0771e-02  σ_ω=1.7914e-01  β=1.0000e+00
  PL   : train=-9.6441e-01  test=-9.6335e-01  σ_φ̄(train)=9.8063e-07  σ_φ̄(test)=7.8472e-11  σ_obs_ω=5.0000e-01  λ_PL=1.00
  KL   : M=3.168e+02  V=1.939e+02  Dw=6.280e+02  g=8.310e+02  sigma=1.470e+01  total=1.984e+03
  subnet MSE  M=2.009e+00  V=1.291e+01  Dw=3.710e-02  g=2.939e-01
[step   8800]
  train: −ELBO=-5.3705e+00  NLL=-4.5986e+00  NLL_R=-3.6960e+00  NLL_ω=-9.0251e-01  MSE_R=1.4946e-02  MSE_ω=9.6236e-02
  test : −ELBO=-6.1206e+00  NLL=-5.3483e+00  NLL_R=-5.0819e+00  NLL_ω=-2.6634e-01  MSE_R=1.1300e-03  MSE_ω=1.3684e-01
  sigma: σ_R=7.0600e-02  σ_ω=1.7862e-01  β=1.0000e+00
  PL   : train=-9.6563e-01  test=-9.6606e-01  σ_φ̄(train)=6.4152e-07  σ_φ̄(test)=7.6190e-11  σ_obs_ω=5.0000e-01  λ_PL=1.00
  KL   : M=3.163e+02  V=1.935e+02  Dw=6.282e+02  g=8.308e+02  sigma=1.452e+01  total=1.983e+03
  subnet MSE  M=2.011e+00  V=1.290e+01  Dw=3.699e-02  g=2.968e-01
[step   8850]
  train: −ELBO=-5.3827e+00  NLL=-4.6108e+00  NLL_R=-3.6936e+00  NLL_ω=-9.1716e-01  MSE_R=1.4970e-02  MSE_ω=9.5300e-02
  test : −ELBO=-6.1062e+00  NLL=-5.3343e+00  NLL_R=-5.0788e+00  NLL_ω=-2.5551e-01  MSE_R=1.1371e-03  MSE_ω=1.3756e-01
  sigma: σ_R=7.0648e-02  σ_ω=1.7872e-01  β=1.0000e+00
  PL   : train=-9.6559e-01  test=-9.6559e-01  σ_φ̄(train)=1.1402e-06  σ_φ̄(test)=8.0657e-11  σ_obs_ω=5.0000e-01  λ_PL=1.00
  KL   : M=3.160e+02  V=1.933e+02  Dw=6.281e+02  g=8.310e+02  sigma=1.439e+01  total=1.983e+03
  subnet MSE  M=2.012e+00  V=1.292e+01  Dw=3.732e-02  g=2.964e-01
[step   8900]
  train: −ELBO=-5.3762e+00  NLL=-4.6047e+00  NLL_R=-3.6962e+00  NLL_ω=-9.0848e-01  MSE_R=1.4945e-02  MSE_ω=9.5855e-02
  test : −ELBO=-6.1133e+00  NLL=-5.3417e+00  NLL_R=-5.0827e+00  NLL_ω=-2.5908e-01  MSE_R=1.1354e-03  MSE_ω=1.3747e-01
  sigma: σ_R=7.0570e-02  σ_ω=1.7902e-01  β=1.0000e+00
  PL   : train=-9.6503e-01  test=-9.6509e-01  σ_φ̄(train)=6.0343e-07  σ_φ̄(test)=8.6189e-11  σ_obs_ω=5.0000e-01  λ_PL=1.00
  KL   : M=3.153e+02  V=1.929e+02  Dw=6.279e+02  g=8.311e+02  sigma=1.420e+01  total=1.982e+03
  subnet MSE  M=2.011e+00  V=1.288e+01  Dw=3.684e-02  g=2.956e-01
[step   8950]
  train: −ELBO=-5.3816e+00  NLL=-4.6090e+00  NLL_R=-3.6968e+00  NLL_ω=-9.1217e-01  MSE_R=1.4939e-02  MSE_ω=9.5618e-02
  test : −ELBO=-6.1244e+00  NLL=-5.3519e+00  NLL_R=-5.0794e+00  NLL_ω=-2.7246e-01  MSE_R=1.1300e-03  MSE_ω=1.3665e-01
  sigma: σ_R=7.0668e-02  σ_ω=1.7905e-01  β=1.0000e+00
  PL   : train=-9.6611e-01  test=-9.6604e-01  σ_φ̄(train)=1.3750e-05  σ_φ̄(test)=9.3239e-11  σ_obs_ω=5.0000e-01  λ_PL=1.00
  KL   : M=3.149e+02  V=1.928e+02  Dw=6.280e+02  g=8.315e+02  sigma=1.405e+01  total=1.981e+03
  subnet MSE  M=2.013e+00  V=1.284e+01  Dw=3.723e-02  g=2.973e-01
[step   9000]
  train: −ELBO=-5.3689e+00  NLL=-4.5967e+00  NLL_R=-3.6923e+00  NLL_ω=-9.0434e-01  MSE_R=1.4983e-02  MSE_ω=9.6120e-02
  test : −ELBO=-6.1341e+00  NLL=-5.3615e+00  NLL_R=-5.0824e+00  NLL_ω=-2.7913e-01  MSE_R=1.1252e-03  MSE_ω=1.3606e-01
  sigma: σ_R=7.0598e-02  σ_ω=1.7869e-01  β=1.0000e+00
  PL   : train=-9.6565e-01  test=-9.6599e-01  σ_φ̄(train)=9.3752e-07  σ_φ̄(test)=9.6136e-11  σ_obs_ω=5.0000e-01  λ_PL=1.00
  KL   : M=3.146e+02  V=1.926e+02  Dw=6.279e+02  g=8.315e+02  sigma=1.394e+01  total=1.981e+03
  subnet MSE  M=2.012e+00  V=1.294e+01  Dw=3.781e-02  g=2.972e-01
[step   9050]
  train: −ELBO=-5.3782e+00  NLL=-4.6058e+00  NLL_R=-3.6941e+00  NLL_ω=-9.1174e-01  MSE_R=1.4966e-02  MSE_ω=9.5647e-02
  test : −ELBO=-6.1087e+00  NLL=-5.3365e+00  NLL_R=-5.0800e+00  NLL_ω=-2.5644e-01  MSE_R=1.1353e-03  MSE_ω=1.3748e-01
  sigma: σ_R=7.0617e-02  σ_ω=1.7865e-01  β=1.0000e+00
  PL   : train=-9.6564e-01  test=-9.6551e-01  σ_φ̄(train)=8.9844e-06  σ_φ̄(test)=9.3045e-11  σ_obs_ω=5.0000e-01  λ_PL=1.00
  KL   : M=3.142e+02  V=1.923e+02  Dw=6.275e+02  g=8.314e+02  sigma=1.381e+01  total=1.979e+03
  subnet MSE  M=2.012e+00  V=1.285e+01  Dw=3.749e-02  g=2.966e-01
[step   9100]
  train: −ELBO=-5.3695e+00  NLL=-4.5970e+00  NLL_R=-3.6951e+00  NLL_ω=-9.0189e-01  MSE_R=1.4956e-02  MSE_ω=9.6274e-02
  test : −ELBO=-6.1249e+00  NLL=-5.3522e+00  NLL_R=-5.0812e+00  NLL_ω=-2.7103e-01  MSE_R=1.1274e-03  MSE_ω=1.3646e-01
  sigma: σ_R=7.0620e-02  σ_ω=1.7843e-01  β=1.0000e+00
  PL   : train=-9.6573e-01  test=-9.6580e-01  σ_φ̄(train)=3.1401e-06  σ_φ̄(test)=6.9650e-11  σ_obs_ω=5.0000e-01  λ_PL=1.00
  KL   : M=3.138e+02  V=1.921e+02  Dw=6.271e+02  g=8.314e+02  sigma=1.376e+01  total=1.978e+03
  subnet MSE  M=2.010e+00  V=1.290e+01  Dw=3.667e-02  g=2.969e-01
[step   9150]
  train: −ELBO=-5.3962e+00  NLL=-4.6233e+00  NLL_R=-3.6958e+00  NLL_ω=-9.2749e-01  MSE_R=1.4948e-02  MSE_ω=9.4645e-02
  test : −ELBO=-6.1191e+00  NLL=-5.3474e+00  NLL_R=-5.0833e+00  NLL_ω=-2.6408e-01  MSE_R=1.1304e-03  MSE_ω=1.3686e-01
  sigma: σ_R=7.0578e-02  σ_ω=1.7835e-01  β=1.0000e+00
  PL   : train=-9.6595e-01  test=-9.6471e-01  σ_φ̄(train)=1.4475e-06  σ_φ̄(test)=7.8709e-11  σ_obs_ω=5.0000e-01  λ_PL=1.00
  KL   : M=3.133e+02  V=1.919e+02  Dw=6.270e+02  g=8.315e+02  sigma=1.359e+01  total=1.977e+03
  subnet MSE  M=2.010e+00  V=1.289e+01  Dw=3.714e-02  g=2.965e-01
[step   9200]
  train: −ELBO=-5.3847e+00  NLL=-4.6118e+00  NLL_R=-3.6966e+00  NLL_ω=-9.1520e-01  MSE_R=1.4940e-02  MSE_ω=9.5425e-02
  test : −ELBO=-6.1086e+00  NLL=-5.3361e+00  NLL_R=-5.0824e+00  NLL_ω=-2.5369e-01  MSE_R=1.1344e-03  MSE_ω=1.3730e-01
  sigma: σ_R=7.0577e-02  σ_ω=1.7789e-01  β=1.0000e+00
  PL   : train=-9.6591e-01  test=-9.6554e-01  σ_φ̄(train)=8.8146e-06  σ_φ̄(test)=5.0752e-11  σ_obs_ω=5.0000e-01  λ_PL=1.00
  KL   : M=3.127e+02  V=1.917e+02  Dw=6.269e+02  g=8.315e+02  sigma=1.368e+01  total=1.977e+03
  subnet MSE  M=2.009e+00  V=1.297e+01  Dw=3.696e-02  g=2.970e-01
[step   9250]
  train: −ELBO=-5.3774e+00  NLL=-4.6048e+00  NLL_R=-3.6943e+00  NLL_ω=-9.1047e-01  MSE_R=1.4964e-02  MSE_ω=9.5726e-02
  test : −ELBO=-6.1084e+00  NLL=-5.3363e+00  NLL_R=-5.0803e+00  NLL_ω=-2.5593e-01  MSE_R=1.1342e-03  MSE_ω=1.3726e-01
  sigma: σ_R=7.0651e-02  σ_ω=1.7814e-01  β=1.0000e+00
  PL   : train=-9.6553e-01  test=-9.6504e-01  σ_φ̄(train)=3.6200e-06  σ_φ̄(test)=4.6496e-11  σ_obs_ω=5.0000e-01  λ_PL=1.00
  KL   : M=3.122e+02  V=1.915e+02  Dw=6.267e+02  g=8.319e+02  sigma=1.359e+01  total=1.976e+03
  subnet MSE  M=2.011e+00  V=1.293e+01  Dw=3.726e-02  g=2.965e-01
[step   9300]
  train: −ELBO=-5.3692e+00  NLL=-4.5968e+00  NLL_R=-3.6926e+00  NLL_ω=-9.0423e-01  MSE_R=1.4981e-02  MSE_ω=9.6122e-02
  test : −ELBO=-6.1014e+00  NLL=-5.3289e+00  NLL_R=-5.0814e+00  NLL_ω=-2.4753e-01  MSE_R=1.1394e-03  MSE_ω=1.3775e-01
  sigma: σ_R=7.0588e-02  σ_ω=1.7806e-01  β=1.0000e+00
  PL   : train=-9.6520e-01  test=-9.6533e-01  σ_φ̄(train)=8.3301e-05  σ_φ̄(test)=3.3647e-11  σ_obs_ω=5.0000e-01  λ_PL=1.00
  KL   : M=3.113e+02  V=1.913e+02  Dw=6.264e+02  g=8.323e+02  sigma=1.354e+01  total=1.975e+03
  subnet MSE  M=2.012e+00  V=1.293e+01  Dw=3.674e-02  g=2.961e-01
[step   9350]
  train: −ELBO=-5.3847e+00  NLL=-4.6122e+00  NLL_R=-3.6943e+00  NLL_ω=-9.1791e-01  MSE_R=1.4964e-02  MSE_ω=9.5254e-02
  test : −ELBO=-6.1030e+00  NLL=-5.3305e+00  NLL_R=-5.0803e+00  NLL_ω=-2.5015e-01  MSE_R=1.1371e-03  MSE_ω=1.3762e-01
  sigma: σ_R=7.0626e-02  σ_ω=1.7809e-01  β=1.0000e+00
  PL   : train=-9.6533e-01  test=-9.6535e-01  σ_φ̄(train)=1.2876e-06  σ_φ̄(test)=3.4799e-11  σ_obs_ω=5.0000e-01  λ_PL=1.00
  KL   : M=3.109e+02  V=1.913e+02  Dw=6.261e+02  g=8.328e+02  sigma=1.346e+01  total=1.974e+03
  subnet MSE  M=2.011e+00  V=1.288e+01  Dw=3.726e-02  g=2.962e-01
[step   9400]
  train: −ELBO=-5.3978e+00  NLL=-4.6245e+00  NLL_R=-3.6974e+00  NLL_ω=-9.2713e-01  MSE_R=1.4933e-02  MSE_ω=9.4665e-02
  test : −ELBO=-6.1236e+00  NLL=-5.3504e+00  NLL_R=-5.0835e+00  NLL_ω=-2.6690e-01  MSE_R=1.1314e-03  MSE_ω=1.3675e-01
  sigma: σ_R=7.0560e-02  σ_ω=1.7862e-01  β=1.0000e+00
  PL   : train=-9.6614e-01  test=-9.6599e-01  σ_φ̄(train)=9.0871e-07  σ_φ̄(test)=1.9013e-11  σ_obs_ω=5.0000e-01  λ_PL=1.00
  KL   : M=3.102e+02  V=1.911e+02  Dw=6.252e+02  g=8.337e+02  sigma=1.435e+01  total=1.974e+03
  subnet MSE  M=2.011e+00  V=1.284e+01  Dw=3.641e-02  g=2.974e-01
[step   9450]
  train: −ELBO=-5.3938e+00  NLL=-4.6211e+00  NLL_R=-3.6987e+00  NLL_ω=-9.2239e-01  MSE_R=1.4919e-02  MSE_ω=9.4970e-02
  test : −ELBO=-6.0948e+00  NLL=-5.3232e+00  NLL_R=-5.0814e+00  NLL_ω=-2.4175e-01  MSE_R=1.1409e-03  MSE_ω=1.3802e-01
  sigma: σ_R=7.0597e-02  σ_ω=1.7791e-01  β=1.0000e+00
  PL   : train=-9.6544e-01  test=-9.6442e-01  σ_φ̄(train)=4.1473e-07  σ_φ̄(test)=1.8229e-11  σ_obs_ω=5.0000e-01  λ_PL=1.00
  KL   : M=3.096e+02  V=1.909e+02  Dw=6.249e+02  g=8.343e+02  sigma=1.448e+01  total=1.974e+03
  subnet MSE  M=2.012e+00  V=1.289e+01  Dw=3.665e-02  g=2.955e-01
[step   9500]
  train: −ELBO=-5.3829e+00  NLL=-4.6096e+00  NLL_R=-3.6962e+00  NLL_ω=-9.1340e-01  MSE_R=1.4945e-02  MSE_ω=9.5540e-02
  test : −ELBO=-6.1121e+00  NLL=-5.3390e+00  NLL_R=-5.0825e+00  NLL_ω=-2.5659e-01  MSE_R=1.1339e-03  MSE_ω=1.3716e-01
  sigma: σ_R=7.0584e-02  σ_ω=1.7799e-01  β=1.0000e+00
  PL   : train=-9.6593e-01  test=-9.6569e-01  σ_φ̄(train)=1.5592e-07  σ_φ̄(test)=1.9186e-11  σ_obs_ω=5.0000e-01  λ_PL=1.00
  KL   : M=3.088e+02  V=1.906e+02  Dw=6.243e+02  g=8.346e+02  sigma=1.435e+01  total=1.973e+03
  subnet MSE  M=2.011e+00  V=1.292e+01  Dw=3.639e-02  g=2.970e-01
[step   9550]
  train: −ELBO=-5.3854e+00  NLL=-4.6123e+00  NLL_R=-3.6951e+00  NLL_ω=-9.1721e-01  MSE_R=1.4956e-02  MSE_ω=9.5299e-02
  test : −ELBO=-6.0953e+00  NLL=-5.3225e+00  NLL_R=-5.0780e+00  NLL_ω=-2.4454e-01  MSE_R=1.1403e-03  MSE_ω=1.3794e-01
  sigma: σ_R=7.0647e-02  σ_ω=1.7800e-01  β=1.0000e+00
  PL   : train=-9.6577e-01  test=-9.6536e-01  σ_φ̄(train)=2.8153e-07  σ_φ̄(test)=1.9994e-11  σ_obs_ω=5.0000e-01  λ_PL=1.00
  KL   : M=3.086e+02  V=1.905e+02  Dw=6.240e+02  g=8.350e+02  sigma=1.425e+01  total=1.972e+03
  subnet MSE  M=2.011e+00  V=1.290e+01  Dw=3.661e-02  g=2.966e-01
[step   9600]
  train: −ELBO=-5.3842e+00  NLL=-4.6113e+00  NLL_R=-3.6973e+00  NLL_ω=-9.1405e-01  MSE_R=1.4934e-02  MSE_ω=9.5497e-02
  test : −ELBO=-6.1008e+00  NLL=-5.3283e+00  NLL_R=-5.0811e+00  NLL_ω=-2.4722e-01  MSE_R=1.1377e-03  MSE_ω=1.3759e-01
  sigma: σ_R=7.0620e-02  σ_ω=1.7771e-01  β=1.0000e+00
  PL   : train=-9.6546e-01  test=-9.6507e-01  σ_φ̄(train)=2.7795e-07  σ_φ̄(test)=2.1226e-11  σ_obs_ω=5.0000e-01  λ_PL=1.00
  KL   : M=3.085e+02  V=1.905e+02  Dw=6.235e+02  g=8.358e+02  sigma=1.414e+01  total=1.972e+03
  subnet MSE  M=2.012e+00  V=1.289e+01  Dw=3.690e-02  g=2.960e-01
[step   9650]
  train: −ELBO=-5.3878e+00  NLL=-4.6136e+00  NLL_R=-3.6956e+00  NLL_ω=-9.1801e-01  MSE_R=1.4951e-02  MSE_ω=9.5248e-02
  test : −ELBO=-6.1018e+00  NLL=-5.3275e+00  NLL_R=-5.0792e+00  NLL_ω=-2.4836e-01  MSE_R=1.1368e-03  MSE_ω=1.3767e-01
  sigma: σ_R=7.0653e-02  σ_ω=1.7795e-01  β=1.0000e+00
  PL   : train=-9.6672e-01  test=-9.6678e-01  σ_φ̄(train)=1.6827e-06  σ_φ̄(test)=2.2153e-11  σ_obs_ω=5.0000e-01  λ_PL=1.00
  KL   : M=3.081e+02  V=1.904e+02  Dw=6.229e+02  g=8.363e+02  sigma=1.403e+01  total=1.972e+03
  subnet MSE  M=2.011e+00  V=1.294e+01  Dw=3.702e-02  g=2.985e-01
[step   9700]
  train: −ELBO=-5.3904e+00  NLL=-4.6186e+00  NLL_R=-3.6959e+00  NLL_ω=-9.2263e-01  MSE_R=1.4947e-02  MSE_ω=9.4955e-02
  test : −ELBO=-6.0703e+00  NLL=-5.2996e+00  NLL_R=-5.0795e+00  NLL_ω=-2.2010e-01  MSE_R=1.1528e-03  MSE_ω=1.3945e-01
  sigma: σ_R=7.0610e-02  σ_ω=1.7798e-01  β=1.0000e+00
  PL   : train=-9.6428e-01  test=-9.6311e-01  σ_φ̄(train)=1.0905e-06  σ_φ̄(test)=2.2848e-11  σ_obs_ω=5.0000e-01  λ_PL=1.00
  KL   : M=3.076e+02  V=1.903e+02  Dw=6.223e+02  g=8.366e+02  sigma=1.393e+01  total=1.971e+03
  subnet MSE  M=2.010e+00  V=1.283e+01  Dw=3.699e-02  g=2.938e-01
[step   9750]
  train: −ELBO=-5.3867e+00  NLL=-4.6131e+00  NLL_R=-3.6954e+00  NLL_ω=-9.1772e-01  MSE_R=1.4953e-02  MSE_ω=9.5265e-02
  test : −ELBO=-6.1010e+00  NLL=-5.3276e+00  NLL_R=-5.0797e+00  NLL_ω=-2.4792e-01  MSE_R=1.1373e-03  MSE_ω=1.3757e-01
  sigma: σ_R=7.0641e-02  σ_ω=1.7773e-01  β=1.0000e+00
  PL   : train=-9.6604e-01  test=-9.6583e-01  σ_φ̄(train)=1.9523e-07  σ_φ̄(test)=2.4019e-11  σ_obs_ω=5.0000e-01  λ_PL=1.00
  KL   : M=3.071e+02  V=1.902e+02  Dw=6.219e+02  g=8.372e+02  sigma=1.382e+01  total=1.970e+03
  subnet MSE  M=2.012e+00  V=1.282e+01  Dw=3.678e-02  g=2.969e-01
[step   9800]
  train: −ELBO=-5.3947e+00  NLL=-4.6217e+00  NLL_R=-3.6960e+00  NLL_ω=-9.2568e-01  MSE_R=1.4946e-02  MSE_ω=9.4760e-02
  test : −ELBO=-6.0888e+00  NLL=-5.3164e+00  NLL_R=-5.0800e+00  NLL_ω=-2.3642e-01  MSE_R=1.1452e-03  MSE_ω=1.3859e-01
  sigma: σ_R=7.0609e-02  σ_ω=1.7830e-01  β=1.0000e+00
  PL   : train=-9.6536e-01  test=-9.6469e-01  σ_φ̄(train)=5.7288e-06  σ_φ̄(test)=2.2415e-11  σ_obs_ω=5.0000e-01  λ_PL=1.00
  KL   : M=3.063e+02  V=1.903e+02  Dw=6.216e+02  g=8.380e+02  sigma=1.378e+01  total=1.970e+03
  subnet MSE  M=2.013e+00  V=1.293e+01  Dw=3.640e-02  g=2.955e-01
[step   9850]
  train: −ELBO=-5.3898e+00  NLL=-4.6165e+00  NLL_R=-3.6943e+00  NLL_ω=-9.2219e-01  MSE_R=1.4963e-02  MSE_ω=9.4983e-02
  test : −ELBO=-6.0828e+00  NLL=-5.3112e+00  NLL_R=-5.0791e+00  NLL_ω=-2.3215e-01  MSE_R=1.1456e-03  MSE_ω=1.3867e-01
  sigma: σ_R=7.0622e-02  σ_ω=1.7792e-01  β=1.0000e+00
  PL   : train=-9.6564e-01  test=-9.6394e-01  σ_φ̄(train)=2.6736e-07  σ_φ̄(test)=2.3317e-11  σ_obs_ω=5.0000e-01  λ_PL=1.00
  KL   : M=3.057e+02  V=1.902e+02  Dw=6.210e+02  g=8.389e+02  sigma=1.367e+01  total=1.969e+03
  subnet MSE  M=2.014e+00  V=1.292e+01  Dw=3.724e-02  g=2.964e-01
[step   9900]
  train: −ELBO=-5.3944e+00  NLL=-4.6214e+00  NLL_R=-3.6976e+00  NLL_ω=-9.2377e-01  MSE_R=1.4931e-02  MSE_ω=9.4883e-02
  test : −ELBO=-6.0759e+00  NLL=-5.3045e+00  NLL_R=-5.0789e+00  NLL_ω=-2.2556e-01  MSE_R=1.1501e-03  MSE_ω=1.3911e-01
  sigma: σ_R=7.0630e-02  σ_ω=1.7795e-01  β=1.0000e+00
  PL   : train=-9.6526e-01  test=-9.6375e-01  σ_φ̄(train)=3.8582e-07  σ_φ̄(test)=2.1972e-11  σ_obs_ω=5.0000e-01  λ_PL=1.00
  KL   : M=3.050e+02  V=1.902e+02  Dw=6.203e+02  g=8.398e+02  sigma=1.364e+01  total=1.969e+03
  subnet MSE  M=2.012e+00  V=1.286e+01  Dw=3.720e-02  g=2.956e-01
[step   9950]
  train: −ELBO=-5.3935e+00  NLL=-4.6191e+00  NLL_R=-3.6948e+00  NLL_ω=-9.2429e-01  MSE_R=1.4958e-02  MSE_ω=9.4848e-02
  test : −ELBO=-6.0922e+00  NLL=-5.3185e+00  NLL_R=-5.0836e+00  NLL_ω=-2.3483e-01  MSE_R=1.1463e-03  MSE_ω=1.3872e-01
  sigma: σ_R=7.0513e-02  σ_ω=1.7842e-01  β=1.0000e+00
  PL   : train=-9.6652e-01  test=-9.6588e-01  σ_φ̄(train)=4.0145e-07  σ_φ̄(test)=2.3495e-11  σ_obs_ω=5.0000e-01  λ_PL=1.00
  KL   : M=3.042e+02  V=1.901e+02  Dw=6.192e+02  g=8.408e+02  sigma=1.352e+01  total=1.968e+03
  subnet MSE  M=2.011e+00  V=1.289e+01  Dw=3.683e-02  g=2.981e-01
[step  10000]
  train: −ELBO=-5.3934e+00  NLL=-4.6191e+00  NLL_R=-3.6962e+00  NLL_ω=-9.2291e-01  MSE_R=1.4944e-02  MSE_ω=9.4937e-02
  test : −ELBO=-6.1042e+00  NLL=-5.3302e+00  NLL_R=-5.0824e+00  NLL_ω=-2.4777e-01  MSE_R=1.1389e-03  MSE_ω=1.3777e-01
  sigma: σ_R=7.0572e-02  σ_ω=1.7810e-01  β=1.0000e+00
  PL   : train=-9.6636e-01  test=-9.6609e-01  σ_φ̄(train)=2.0361e-06  σ_φ̄(test)=2.4229e-11  σ_obs_ω=5.0000e-01  λ_PL=1.00
  KL   : M=3.037e+02  V=1.902e+02  Dw=6.184e+02  g=8.419e+02  sigma=1.341e+01  total=1.968e+03
  subnet MSE  M=2.013e+00  V=1.288e+01  Dw=3.632e-02  g=2.980e-01

Final per-trajectory eval ...
Final trajectory train loss 1.0039e+02 +/- 6.6665e+01
Final trajectory test loss  9.9475e+01 +/- 6.7482e+01
Final trajectory train l2 loss 9.9868e+01 +/- 6.6664e+01
Final trajectory test l2 loss  9.8636e+01 +/- 6.7377e+01
Final trajectory train geo loss 5.2115e-01 +/- 4.0344e-01
Final trajectory test geo loss  8.3921e-01 +/- 9.4535e-01
Saved final stats:  /mnt/data/thribhuvan/Projects/stochastic_port_hamiltonian/Final/SPHNP v2/src/models/3D_SO3_Windy_Pendulum/ph_gp_sde/data/run_wp3d_jax/obs0p05_fric0p5_wind0p5_ext0-sine_lr0p001_s10000_np5_smp64_T20_seed0_randu7_G0p5-0p7-0p1_260610-011734/wp3d-so3hamGPSDE-5p-stats.pkl
