Run dir : /mnt/data/thribhuvan/Projects/stochastic_port_hamiltonian/Final/SPHNP v2/src/models/3D_SO3_Windy_Pendulum/ph_gp_sde/data/run_wp3d_jax/obs0_fric0p5_wind0p5_ext0-sine_lr0p001_s10000_np5_smp64_T20_seed0_randu7_G0p5-0p7-0p1_260611-165710
model contains 11582 parameters
Loaded data from /mnt/data/thribhuvan/Projects/stochastic_port_hamiltonian/Final/SPHNP v2/datasets/data/windy_pendulum_3d/wp3d_dataset_extforce-sine-std0p0_fric0p5_var_fricFalse_obs_noise0p0_wind_force0p5_random_uTrue_uScale7p0_G_0p5_0p7_0p1_steps20.pkl
  dt = 0.0500  h = 0.0050  n_outer (per window) = 4  n_substeps = 10
  train batch B = 2560, test batch B = 2560, T_obs = 5, N (= B·(T−1)) = 10240

Pretraining M_net for 200 steps (lr=0.001, target = 1.000·I₃)
  using 12800 q samples drawn from training data
  pretrain step    0: loss=2.049e+00
  pretrain step   20: loss=1.923e+00
  pretrain step   40: loss=1.788e+00
  pretrain step   60: loss=1.648e+00
  pretrain step   80: loss=1.508e+00
  pretrain step  100: loss=1.375e+00
  pretrain step  120: loss=1.249e+00
  pretrain step  140: loss=1.132e+00
  pretrain step  160: loss=1.024e+00
  pretrain step  180: loss=9.256e-01
  pretrain step  199: loss=8.409e-01
  pretrain done. initial loss=2.049e+00  final loss=8.409e-01  max|M(q₀) − target|=1.931e+00
[step      0]
  train: −ELBO=9.4018e+01  NLL=9.4689e+01  NLL_R=-3.3185e+00  NLL_ω=9.8007e+01  MSE_R=1.6649e-02  MSE_ω=2.0432e+00
  test : −ELBO=8.1942e+01  NLL=8.1961e+01  NLL_R=-3.4230e+00  NLL_ω=8.5384e+01  MSE_R=1.4590e-02  MSE_ω=1.7942e+00
  sigma: σ_R=1.0000e-01  σ_ω=1.0000e-01  β=0.0000e+00
  PL   : train=-6.7104e-01  test=-7.6619e-01  σ_φ̄(train)=6.9973e-01  σ_φ̄(test)=6.9184e-01  σ_obs_ω=5.0000e-01  λ_PL=1.00
  KL   : M=2.003e+03  V=3.320e+02  Dw=1.992e+03  g=2.988e+03  sigma=3.320e+02  total=7.647e+03
  subnet MSE  M=8.708e-01  V=2.709e+01  Dw=6.553e-03  g=3.282e-01
[step     50]
  train: −ELBO=5.6131e+01  NLL=5.6849e+01  NLL_R=-3.6718e+00  NLL_ω=6.0521e+01  MSE_R=1.1280e-02  MSE_ω=1.4110e+00
  test : −ELBO=4.9464e+01  NLL=4.9521e+01  NLL_R=-3.7438e+00  NLL_ω=5.3265e+01  MSE_R=9.9986e-03  MSE_ω=1.2541e+00
  sigma: σ_R=9.5437e-02  σ_ω=1.0455e-01  β=5.0000e-02
  PL   : train=-7.5603e-01  test=-8.0685e-01  σ_φ̄(train)=5.3508e-01  σ_φ̄(test)=5.2679e-01  σ_obs_ω=5.0000e-01  λ_PL=1.00
  KL   : M=2.011e+03  V=3.332e+02  Dw=1.996e+03  g=3.003e+03  sigma=3.337e+02  total=7.676e+03
  subnet MSE  M=4.681e-01  V=2.683e+01  Dw=1.143e-02  g=2.788e-01
[step    100]
  train: −ELBO=3.7076e+01  NLL=3.7813e+01  NLL_R=-3.9268e+00  NLL_ω=4.1740e+01  MSE_R=8.5259e-03  MSE_ω=1.0803e+00
  test : −ELBO=3.3528e+01  NLL=3.3621e+01  NLL_R=-3.9762e+00  NLL_ω=3.7597e+01  MSE_R=7.7478e-03  MSE_ω=9.8357e-01
  sigma: σ_R=9.0644e-02  σ_ω=1.0879e-01  β=1.0000e-01
  PL   : train=-8.1192e-01  test=-8.4417e-01  σ_φ̄(train)=3.3795e-01  σ_φ̄(test)=3.2851e-01  σ_obs_ω=5.0000e-01  λ_PL=1.00
  KL   : M=2.018e+03  V=3.340e+02  Dw=1.998e+03  g=3.009e+03  sigma=3.353e+02  total=7.694e+03
  subnet MSE  M=3.826e-01  V=2.653e+01  Dw=1.876e-02  g=2.730e-01
[step    150]
  train: −ELBO=2.8898e+01  NLL=2.9625e+01  NLL_R=-4.0819e+00  NLL_ω=3.3707e+01  MSE_R=7.4007e-03  MSE_ω=9.3935e-01
  test : −ELBO=2.7144e+01  NLL=2.7254e+01  NLL_R=-4.1177e+00  NLL_ω=3.1372e+01  MSE_R=6.8953e-03  MSE_ω=8.8205e-01
  sigma: σ_R=8.6909e-02  σ_ω=1.1188e-01  β=1.5000e-01
  PL   : train=-8.4010e-01  test=-8.6270e-01  σ_φ̄(train)=2.2882e-01  σ_φ̄(test)=2.2029e-01  σ_obs_ω=5.0000e-01  λ_PL=1.00
  KL   : M=2.022e+03  V=3.346e+02  Dw=2.000e+03  g=3.013e+03  sigma=3.363e+02  total=7.705e+03
  subnet MSE  M=4.416e-01  V=2.608e+01  Dw=2.558e-02  g=2.752e-01
[step    200]
  train: −ELBO=2.2511e+01  NLL=2.3220e+01  NLL_R=-4.2377e+00  NLL_ω=2.7458e+01  MSE_R=6.5025e-03  MSE_ω=8.2785e-01
  test : −ELBO=2.1803e+01  NLL=2.1927e+01  NLL_R=-4.2619e+00  NLL_ω=2.6189e+01  MSE_R=6.1903e-03  MSE_ω=7.9484e-01
  sigma: σ_R=8.3013e-02  σ_ω=1.1521e-01  β=2.0000e-01
  PL   : train=-8.6002e-01  test=-8.7712e-01  σ_φ̄(train)=1.5177e-01  σ_φ̄(test)=1.4531e-01  σ_obs_ω=5.0000e-01  λ_PL=1.00
  KL   : M=2.024e+03  V=3.355e+02  Dw=2.002e+03  g=3.015e+03  sigma=3.371e+02  total=7.714e+03
  subnet MSE  M=5.541e-01  V=2.547e+01  Dw=3.311e-02  g=2.852e-01
[step    250]
  train: −ELBO=1.6817e+01  NLL=1.7507e+01  NLL_R=-4.4107e+00  NLL_ω=2.1918e+01  MSE_R=5.6542e-03  MSE_ω=7.2246e-01
  test : −ELBO=1.6672e+01  NLL=1.6809e+01  NLL_R=-4.4285e+00  NLL_ω=2.1237e+01  MSE_R=5.4564e-03  MSE_ω=7.0388e-01
  sigma: σ_R=7.8790e-02  σ_ω=1.1891e-01  β=2.5000e-01
  PL   : train=-8.7905e-01  test=-8.9062e-01  σ_φ̄(train)=1.0094e-01  σ_φ̄(test)=9.5534e-02  σ_obs_ω=5.0000e-01  λ_PL=1.00
  KL   : M=2.026e+03  V=3.368e+02  Dw=2.004e+03  g=3.019e+03  sigma=3.379e+02  total=7.724e+03
  subnet MSE  M=6.917e-01  V=2.453e+01  Dw=4.392e-02  g=2.876e-01
[step    300]
  train: −ELBO=1.3432e+01  NLL=1.4093e+01  NLL_R=-4.5380e+00  NLL_ω=1.8631e+01  MSE_R=5.1560e-03  MSE_ω=6.5706e-01
  test : −ELBO=1.2853e+01  NLL=1.2998e+01  NLL_R=-4.5652e+00  NLL_ω=1.7563e+01  MSE_R=4.8688e-03  MSE_ω=6.2608e-01
  sigma: σ_R=7.5635e-02  σ_ω=1.2167e-01  β=3.0000e-01
  PL   : train=-8.8711e-01  test=-9.0034e-01  σ_φ̄(train)=7.6515e-02  σ_φ̄(test)=7.1859e-02  σ_obs_ω=5.0000e-01  λ_PL=1.00
  KL   : M=2.028e+03  V=3.378e+02  Dw=2.005e+03  g=3.020e+03  sigma=3.383e+02  total=7.729e+03
  subnet MSE  M=7.878e-01  V=2.334e+01  Dw=4.483e-02  g=2.900e-01
[step    350]
  train: −ELBO=1.1084e+01  NLL=1.1714e+01  NLL_R=-4.6468e+00  NLL_ω=1.6361e+01  MSE_R=4.8008e-03  MSE_ω=6.1108e-01
  test : −ELBO=1.0919e+01  NLL=1.1067e+01  NLL_R=-4.6673e+00  NLL_ω=1.5735e+01  MSE_R=4.6068e-03  MSE_ω=5.9239e-01
  sigma: σ_R=7.2924e-02  σ_ω=1.2402e-01  β=3.5000e-01
  PL   : train=-8.9421e-01  test=-9.0382e-01  σ_φ̄(train)=7.0911e-02  σ_φ̄(test)=6.6992e-02  σ_obs_ω=5.0000e-01  λ_PL=1.00
  KL   : M=2.028e+03  V=3.386e+02  Dw=2.007e+03  g=3.021e+03  sigma=3.386e+02  total=7.733e+03
  subnet MSE  M=8.715e-01  V=2.254e+01  Dw=4.981e-02  g=2.884e-01
[step    400]
  train: −ELBO=8.7265e+00  NLL=9.3286e+00  NLL_R=-4.7833e+00  NLL_ω=1.4112e+01  MSE_R=4.4616e-03  MSE_ω=5.6744e-01
  test : −ELBO=8.4436e+00  NLL=8.5966e+00  NLL_R=-4.8074e+00  NLL_ω=1.3404e+01  MSE_R=4.2516e-03  MSE_ω=5.4510e-01
  sigma: σ_R=6.9411e-02  σ_ω=1.2718e-01  β=4.0000e-01
  PL   : train=-9.0437e-01  test=-9.0864e-01  σ_φ̄(train)=6.2791e-02  σ_φ̄(test)=5.9461e-02  σ_obs_ω=5.0000e-01  λ_PL=1.00
  KL   : M=2.029e+03  V=3.396e+02  Dw=2.008e+03  g=3.023e+03  sigma=3.389e+02  total=7.738e+03
  subnet MSE  M=9.552e-01  V=2.153e+01  Dw=4.811e-02  g=2.998e-01
[step    450]
  train: −ELBO=7.7753e+00  NLL=8.3382e+00  NLL_R=-4.8706e+00  NLL_ω=1.3209e+01  MSE_R=4.4034e-03  MSE_ω=5.5801e-01
  test : −ELBO=7.2041e+00  NLL=7.3619e+00  NLL_R=-4.9044e+00  NLL_ω=1.2266e+01  MSE_R=4.1143e-03  MSE_ω=5.2658e-01
  sigma: σ_R=6.6711e-02  σ_ω=1.2973e-01  β=4.5000e-01
  PL   : train=-9.0303e-01  test=-9.1372e-01  σ_φ̄(train)=5.9092e-02  σ_φ̄(test)=5.5297e-02  σ_obs_ω=5.0000e-01  λ_PL=1.00
  KL   : M=2.030e+03  V=3.400e+02  Dw=2.008e+03  g=3.024e+03  sigma=3.390e+02  total=7.741e+03
  subnet MSE  M=1.025e+00  V=2.091e+01  Dw=4.635e-02  g=3.027e-01
[step    500]
  train: −ELBO=6.5161e+00  NLL=7.0467e+00  NLL_R=-4.9622e+00  NLL_ω=1.2009e+01  MSE_R=4.2311e-03  MSE_ω=5.3485e-01
  test : −ELBO=5.8764e+00  NLL=6.0387e+00  NLL_R=-5.0006e+00  NLL_ω=1.1039e+01  MSE_R=3.9250e-03  MSE_ω=5.0135e-01
  sigma: σ_R=6.4363e-02  σ_ω=1.3210e-01  β=5.0000e-01
  PL   : train=-9.0876e-01  test=-9.1848e-01  σ_φ̄(train)=5.3256e-02  σ_φ̄(test)=5.0104e-02  σ_obs_ω=5.0000e-01  λ_PL=1.00
  KL   : M=2.030e+03  V=3.406e+02  Dw=2.009e+03  g=3.024e+03  sigma=3.392e+02  total=7.744e+03
  subnet MSE  M=1.032e+00  V=2.050e+01  Dw=4.413e-02  g=3.075e-01
[step    550]
  train: −ELBO=5.4755e+00  NLL=5.9629e+00  NLL_R=-5.0610e+00  NLL_ω=1.1024e+01  MSE_R=4.1390e-03  MSE_ω=5.2122e-01
  test : −ELBO=4.4120e+00  NLL=4.5719e+00  NLL_R=-5.1187e+00  NLL_ω=9.6906e+00  MSE_R=3.7203e-03  MSE_ω=4.7306e-01
  sigma: σ_R=6.1539e-02  σ_ω=1.3513e-01  β=5.5000e-01
  PL   : train=-9.0343e-01  test=-9.1629e-01  σ_φ̄(train)=4.2925e-02  σ_φ̄(test)=4.1855e-02  σ_obs_ω=5.0000e-01  λ_PL=1.00
  KL   : M=2.030e+03  V=3.415e+02  Dw=2.010e+03  g=3.025e+03  sigma=3.393e+02  total=7.746e+03
  subnet MSE  M=1.141e+00  V=1.961e+01  Dw=4.807e-02  g=3.005e-01
[step    600]
  train: −ELBO=4.4982e+00  NLL=4.9430e+00  NLL_R=-5.1582e+00  NLL_ω=1.0101e+01  MSE_R=4.0441e-03  MSE_ω=5.0821e-01
  test : −ELBO=3.3933e+00  NLL=3.5501e+00  NLL_R=-5.2231e+00  NLL_ω=8.7732e+00  MSE_R=3.6053e-03  MSE_ω=4.5769e-01
  sigma: σ_R=5.8830e-02  σ_ω=1.3833e-01  β=6.0000e-01
  PL   : train=-8.9877e-01  test=-9.1344e-01  σ_φ̄(train)=3.5020e-02  σ_φ̄(test)=3.3440e-02  σ_obs_ω=5.0000e-01  λ_PL=1.00
  KL   : M=2.031e+03  V=3.425e+02  Dw=2.010e+03  g=3.025e+03  sigma=3.395e+02  total=7.748e+03
  subnet MSE  M=1.120e+00  V=1.918e+01  Dw=4.855e-02  g=2.914e-01
[step    650]
  train: −ELBO=3.3214e+00  NLL=3.7356e+00  NLL_R=-5.2575e+00  NLL_ω=8.9932e+00  MSE_R=3.8279e-03  MSE_ω=4.8160e-01
  test : −ELBO=2.3761e+00  NLL=2.5401e+00  NLL_R=-5.3193e+00  NLL_ω=7.8594e+00  MSE_R=3.4385e-03  MSE_ω=4.3677e-01
  sigma: σ_R=5.6709e-02  σ_ω=1.4099e-01  β=6.5000e-01
  PL   : train=-9.0623e-01  test=-9.2089e-01  σ_φ̄(train)=3.3529e-02  σ_φ̄(test)=3.1845e-02  σ_obs_ω=5.0000e-01  λ_PL=1.00
  KL   : M=2.031e+03  V=3.433e+02  Dw=2.010e+03  g=3.026e+03  sigma=3.395e+02  total=7.750e+03
  subnet MSE  M=1.128e+00  V=1.905e+01  Dw=5.083e-02  g=2.957e-01
[step    700]
  train: −ELBO=2.6778e+00  NLL=3.0569e+00  NLL_R=-5.3376e+00  NLL_ω=8.3946e+00  MSE_R=3.7758e-03  MSE_ω=4.7476e-01
  test : −ELBO=1.8404e+00  NLL=2.0035e+00  NLL_R=-5.3988e+00  NLL_ω=7.4022e+00  MSE_R=3.4240e-03  MSE_ω=4.3401e-01
  sigma: σ_R=5.4456e-02  σ_ω=1.4397e-01  β=7.0000e-01
  PL   : train=-9.0905e-01  test=-9.2013e-01  σ_φ̄(train)=3.2161e-02  σ_φ̄(test)=3.0891e-02  σ_obs_ω=5.0000e-01  λ_PL=1.00
  KL   : M=2.031e+03  V=3.438e+02  Dw=2.010e+03  g=3.027e+03  sigma=3.395e+02  total=7.752e+03
  subnet MSE  M=1.106e+00  V=1.899e+01  Dw=4.869e-02  g=2.923e-01
[step    750]
  train: −ELBO=2.0209e+00  NLL=2.3637e+00  NLL_R=-5.4143e+00  NLL_ω=7.7780e+00  MSE_R=3.7001e-03  MSE_ω=4.6465e-01
  test : −ELBO=1.1933e+00  NLL=1.3559e+00  NLL_R=-5.4791e+00  NLL_ω=6.8350e+00  MSE_R=3.3492e-03  MSE_ω=4.2423e-01
  sigma: σ_R=5.2454e-02  σ_ω=1.4683e-01  β=7.5000e-01
  PL   : train=-9.1075e-01  test=-9.1977e-01  σ_φ̄(train)=3.3074e-02  σ_φ̄(test)=3.1599e-02  σ_obs_ω=5.0000e-01  λ_PL=1.00
  KL   : M=2.032e+03  V=3.443e+02  Dw=2.010e+03  g=3.028e+03  sigma=3.395e+02  total=7.754e+03
  subnet MSE  M=1.118e+00  V=1.880e+01  Dw=4.556e-02  g=2.878e-01
[step    800]
  train: −ELBO=9.8578e-01  NLL=1.2970e+00  NLL_R=-5.5288e+00  NLL_ω=6.8258e+00  MSE_R=3.5253e-03  MSE_ω=4.4302e-01
  test : −ELBO=1.8681e-01  NLL=3.5605e-01  NLL_R=-5.5980e+00  NLL_ω=5.9541e+00  MSE_R=3.1896e-03  MSE_ω=4.0374e-01
  sigma: σ_R=4.9889e-02  σ_ω=1.5077e-01  β=8.0000e-01
  PL   : train=-9.1713e-01  test=-9.2665e-01  σ_φ̄(train)=3.0912e-02  σ_φ̄(test)=2.9701e-02  σ_obs_ω=5.0000e-01  λ_PL=1.00
  KL   : M=2.032e+03  V=3.450e+02  Dw=2.010e+03  g=3.029e+03  sigma=3.396e+02  total=7.756e+03
  subnet MSE  M=1.120e+00  V=1.852e+01  Dw=4.886e-02  g=2.916e-01
[step    850]
  train: −ELBO=3.0185e-01  NLL=5.8308e-01  NLL_R=-5.6136e+00  NLL_ω=6.1967e+00  MSE_R=3.4322e-03  MSE_ω=4.3025e-01
  test : −ELBO=-6.7803e-01  NLL=-5.0153e-01  NLL_R=-5.7019e+00  NLL_ω=5.2004e+00  MSE_R=3.0319e-03  MSE_ω=3.8303e-01
  sigma: σ_R=4.7821e-02  σ_ω=1.5419e-01  β=8.5000e-01
  PL   : train=-9.2512e-01  test=-9.3402e-01  σ_φ̄(train)=3.0896e-02  σ_φ̄(test)=2.9968e-02  σ_obs_ω=5.0000e-01  λ_PL=1.00
  KL   : M=2.033e+03  V=3.459e+02  Dw=2.010e+03  g=3.029e+03  sigma=3.395e+02  total=7.757e+03
  subnet MSE  M=1.159e+00  V=1.782e+01  Dw=5.164e-02  g=3.033e-01
[step    900]
  train: −ELBO=-2.9632e-01  NLL=-5.0060e-02  NLL_R=-5.6968e+00  NLL_ω=5.6468e+00  MSE_R=3.3427e-03  MSE_ω=4.1987e-01
  test : −ELBO=-1.1611e+00  NLL=-9.8277e-01  NLL_R=-5.7825e+00  NLL_ω=4.7997e+00  MSE_R=2.9895e-03  MSE_ω=3.7799e-01
  sigma: σ_R=4.5800e-02  σ_ω=1.5782e-01  β=9.0000e-01
  PL   : train=-9.2813e-01  test=-9.3595e-01  σ_φ̄(train)=2.5726e-02  σ_φ̄(test)=2.4337e-02  σ_obs_ω=5.0000e-01  λ_PL=1.00
  KL   : M=2.033e+03  V=3.465e+02  Dw=2.010e+03  g=3.029e+03  sigma=3.397e+02  total=7.758e+03
  subnet MSE  M=1.076e+00  V=1.801e+01  Dw=5.182e-02  g=3.038e-01
[step    950]
  train: −ELBO=-7.9571e-01  NLL=-5.8647e-01  NLL_R=-5.7695e+00  NLL_ω=5.1830e+00  MSE_R=3.2721e-03  MSE_ω=4.1149e-01
  test : −ELBO=-1.5118e+00  NLL=-1.3340e+00  NLL_R=-5.8468e+00  NLL_ω=4.5128e+00  MSE_R=2.9769e-03  MSE_ω=3.7680e-01
  sigma: σ_R=4.3978e-02  σ_ω=1.6140e-01  β=9.5000e-01
  PL   : train=-9.2907e-01  test=-9.3555e-01  σ_φ̄(train)=2.1852e-02  σ_φ̄(test)=2.0262e-02  σ_obs_ω=5.0000e-01  λ_PL=1.00
  KL   : M=2.033e+03  V=3.473e+02  Dw=2.009e+03  g=3.029e+03  sigma=3.396e+02  total=7.759e+03
  subnet MSE  M=1.015e+00  V=1.789e+01  Dw=4.265e-02  g=3.022e-01
[step   1000]
  train: −ELBO=-1.4072e+00  NLL=-1.2318e+00  NLL_R=-5.8515e+00  NLL_ω=4.6197e+00  MSE_R=3.1564e-03  MSE_ω=3.9639e-01
  test : −ELBO=-2.1510e+00  NLL=-1.9697e+00  NLL_R=-5.9357e+00  NLL_ω=3.9661e+00  MSE_R=2.8592e-03  MSE_ω=3.6096e-01
  sigma: σ_R=4.2252e-02  σ_ω=1.6516e-01  β=1.0000e+00
  PL   : train=-9.3320e-01  test=-9.3908e-01  σ_φ̄(train)=1.7710e-02  σ_φ̄(test)=1.6390e-02  σ_obs_ω=5.0000e-01  λ_PL=1.00
  KL   : M=2.034e+03  V=3.478e+02  Dw=2.009e+03  g=3.029e+03  sigma=3.395e+02  total=7.759e+03
  subnet MSE  M=1.070e+00  V=1.743e+01  Dw=4.531e-02  g=3.052e-01
[step   1050]
  train: −ELBO=-2.1554e+00  NLL=-1.9850e+00  NLL_R=-5.9534e+00  NLL_ω=3.9683e+00  MSE_R=3.0242e-03  MSE_ω=3.7888e-01
  test : −ELBO=-2.9004e+00  NLL=-2.7192e+00  NLL_R=-6.0522e+00  NLL_ω=3.3330e+00  MSE_R=2.7107e-03  MSE_ω=3.4223e-01
  sigma: σ_R=4.0049e-02  σ_ω=1.7047e-01  β=1.0000e+00
  PL   : train=-9.2809e-01  test=-9.3886e-01  σ_φ̄(train)=1.4910e-02  σ_φ̄(test)=1.3654e-02  σ_obs_ω=5.0000e-01  λ_PL=1.00
  KL   : M=2.034e+03  V=3.486e+02  Dw=2.008e+03  g=3.029e+03  sigma=3.396e+02  total=7.759e+03
  subnet MSE  M=1.070e+00  V=1.724e+01  Dw=4.644e-02  g=2.999e-01
[step   1100]
  train: −ELBO=-2.5377e+00  NLL=-2.3625e+00  NLL_R=-6.0128e+00  NLL_ω=3.6502e+00  MSE_R=2.9563e-03  MSE_ω=3.7201e-01
  test : −ELBO=-3.2543e+00  NLL=-3.0737e+00  NLL_R=-6.1147e+00  NLL_ω=3.0411e+00  MSE_R=2.6539e-03  MSE_ω=3.3530e-01
  sigma: σ_R=3.8670e-02  σ_ω=1.7408e-01  β=1.0000e+00
  PL   : train=-9.3291e-01  test=-9.3843e-01  σ_φ̄(train)=1.1978e-02  σ_φ̄(test)=1.0915e-02  σ_obs_ω=5.0000e-01  λ_PL=1.00
  KL   : M=2.034e+03  V=3.493e+02  Dw=2.008e+03  g=3.029e+03  sigma=3.397e+02  total=7.760e+03
  subnet MSE  M=1.036e+00  V=1.683e+01  Dw=4.718e-02  g=2.964e-01
[step   1150]
  train: −ELBO=-2.9292e+00  NLL=-2.7519e+00  NLL_R=-6.0702e+00  NLL_ω=3.3182e+00  MSE_R=2.8680e-03  MSE_ω=3.6049e-01
  test : −ELBO=-3.6973e+00  NLL=-3.5138e+00  NLL_R=-6.1866e+00  NLL_ω=2.6729e+00  MSE_R=2.5404e-03  MSE_ω=3.2028e-01
  sigma: σ_R=3.7638e-02  σ_ω=1.7694e-01  β=1.0000e+00
  PL   : train=-9.3503e-01  test=-9.4134e-01  σ_φ̄(train)=1.0830e-02  σ_φ̄(test)=9.9452e-03  σ_obs_ω=5.0000e-01  λ_PL=1.00
  KL   : M=2.034e+03  V=3.497e+02  Dw=2.008e+03  g=3.029e+03  sigma=3.397e+02  total=7.760e+03
  subnet MSE  M=1.064e+00  V=1.651e+01  Dw=4.639e-02  g=2.973e-01
[step   1200]
  train: −ELBO=-3.2418e+00  NLL=-3.0598e+00  NLL_R=-6.1191e+00  NLL_ω=3.0592e+00  MSE_R=2.8011e-03  MSE_ω=3.5237e-01
  test : −ELBO=-4.0455e+00  NLL=-3.8571e+00  NLL_R=-6.2495e+00  NLL_ω=2.3924e+00  MSE_R=2.4521e-03  MSE_ω=3.0939e-01
  sigma: σ_R=3.6668e-02  σ_ω=1.7979e-01  β=1.0000e+00
  PL   : train=-9.3973e-01  test=-9.4611e-01  σ_φ̄(train)=1.0784e-02  σ_φ̄(test)=9.9042e-03  σ_obs_ω=5.0000e-01  λ_PL=1.00
  KL   : M=2.034e+03  V=3.501e+02  Dw=2.007e+03  g=3.028e+03  sigma=3.396e+02  total=7.759e+03
  subnet MSE  M=1.001e+00  V=1.615e+01  Dw=4.291e-02  g=3.042e-01
[step   1250]
  train: −ELBO=-3.6282e+00  NLL=-3.4479e+00  NLL_R=-6.1817e+00  NLL_ω=2.7338e+00  MSE_R=2.7200e-03  MSE_ω=3.4155e-01
  test : −ELBO=-4.4900e+00  NLL=-4.3026e+00  NLL_R=-6.3336e+00  NLL_ω=2.0310e+00  MSE_R=2.3416e-03  MSE_ω=2.9425e-01
  sigma: σ_R=3.5374e-02  σ_ω=1.8371e-01  β=1.0000e+00
  PL   : train=-9.3801e-01  test=-9.4513e-01  σ_φ̄(train)=1.0763e-02  σ_φ̄(test)=9.8719e-03  σ_obs_ω=5.0000e-01  λ_PL=1.00
  KL   : M=2.035e+03  V=3.507e+02  Dw=2.006e+03  g=3.028e+03  sigma=3.394e+02  total=7.759e+03
  subnet MSE  M=1.100e+00  V=1.602e+01  Dw=4.384e-02  g=2.972e-01
[step   1300]
  train: −ELBO=-4.0523e+00  NLL=-3.8701e+00  NLL_R=-6.2534e+00  NLL_ω=2.3833e+00  MSE_R=2.6185e-03  MSE_ω=3.2809e-01
  test : −ELBO=-4.9173e+00  NLL=-4.7277e+00  NLL_R=-6.4209e+00  NLL_ω=1.6932e+00  MSE_R=2.2315e-03  MSE_ω=2.7945e-01
  sigma: σ_R=3.4064e-02  σ_ω=1.8803e-01  β=1.0000e+00
  PL   : train=-9.3982e-01  test=-9.4720e-01  σ_φ̄(train)=9.5699e-03  σ_φ̄(test)=8.7623e-03  σ_obs_ω=5.0000e-01  λ_PL=1.00
  KL   : M=2.035e+03  V=3.515e+02  Dw=2.005e+03  g=3.027e+03  sigma=3.394e+02  total=7.758e+03
  subnet MSE  M=1.106e+00  V=1.598e+01  Dw=4.048e-02  g=2.954e-01
[step   1350]
  train: −ELBO=-4.3989e+00  NLL=-4.2151e+00  NLL_R=-6.3175e+00  NLL_ω=2.1024e+00  MSE_R=2.5230e-03  MSE_ω=3.1594e-01
  test : −ELBO=-5.2495e+00  NLL=-5.0606e+00  NLL_R=-6.4947e+00  NLL_ω=1.4340e+00  MSE_R=2.1374e-03  MSE_ω=2.6697e-01
  sigma: σ_R=3.3049e-02  σ_ω=1.9162e-01  β=1.0000e+00
  PL   : train=-9.4125e-01  test=-9.4635e-01  σ_φ̄(train)=8.5333e-03  σ_φ̄(test)=7.8072e-03  σ_obs_ω=5.0000e-01  λ_PL=1.00
  KL   : M=2.035e+03  V=3.522e+02  Dw=2.003e+03  g=3.027e+03  sigma=3.393e+02  total=7.757e+03
  subnet MSE  M=1.138e+00  V=1.573e+01  Dw=4.136e-02  g=2.947e-01
[step   1400]
  train: −ELBO=-4.4115e+00  NLL=-4.2330e+00  NLL_R=-6.3127e+00  NLL_ω=2.0797e+00  MSE_R=2.5613e-03  MSE_ω=3.2003e-01
  test : −ELBO=-5.3148e+00  NLL=-5.1290e+00  NLL_R=-6.5122e+00  NLL_ω=1.3832e+00  MSE_R=2.1444e-03  MSE_ω=2.6752e-01
  sigma: σ_R=3.2360e-02  σ_ω=1.9432e-01  β=1.0000e+00
  PL   : train=-9.3584e-01  test=-9.4315e-01  σ_φ̄(train)=8.2547e-03  σ_φ̄(test)=7.4622e-03  σ_obs_ω=5.0000e-01  λ_PL=1.00
  KL   : M=2.035e+03  V=3.527e+02  Dw=2.002e+03  g=3.027e+03  sigma=3.392e+02  total=7.756e+03
  subnet MSE  M=1.131e+00  V=1.553e+01  Dw=4.042e-02  g=2.874e-01
[step   1450]
  train: −ELBO=-4.6060e+00  NLL=-4.4258e+00  NLL_R=-6.3476e+00  NLL_ω=1.9218e+00  MSE_R=2.5155e-03  MSE_ω=3.1512e-01
  test : −ELBO=-5.5137e+00  NLL=-5.3245e+00  NLL_R=-6.5583e+00  NLL_ω=1.2338e+00  MSE_R=2.0959e-03  MSE_ω=2.6139e-01
  sigma: σ_R=3.1588e-02  σ_ω=1.9783e-01  β=1.0000e+00
  PL   : train=-9.3763e-01  test=-9.4655e-01  σ_φ̄(train)=8.1063e-03  σ_φ̄(test)=7.4415e-03  σ_obs_ω=5.0000e-01  λ_PL=1.00
  KL   : M=2.035e+03  V=3.536e+02  Dw=2.001e+03  g=3.026e+03  sigma=3.391e+02  total=7.755e+03
  subnet MSE  M=1.140e+00  V=1.504e+01  Dw=3.970e-02  g=2.904e-01
[step   1500]
  train: −ELBO=-4.9174e+00  NLL=-4.7324e+00  NLL_R=-6.4093e+00  NLL_ω=1.6769e+00  MSE_R=2.4152e-03  MSE_ω=3.0216e-01
  test : −ELBO=-5.7471e+00  NLL=-5.5547e+00  NLL_R=-6.6149e+00  NLL_ω=1.0603e+00  MSE_R=2.0226e-03  MSE_ω=2.5225e-01
  sigma: σ_R=3.0910e-02  σ_ω=2.0127e-01  β=1.0000e+00
  PL   : train=-9.4229e-01  test=-9.4971e-01  σ_φ̄(train)=7.7293e-03  σ_φ̄(test)=7.0551e-03  σ_obs_ω=5.0000e-01  λ_PL=1.00
  KL   : M=2.036e+03  V=3.545e+02  Dw=2.000e+03  g=3.025e+03  sigma=3.391e+02  total=7.754e+03
  subnet MSE  M=1.132e+00  V=1.498e+01  Dw=3.694e-02  g=2.927e-01
[step   1550]
  train: −ELBO=-5.3309e+00  NLL=-5.1419e+00  NLL_R=-6.5054e+00  NLL_ω=1.3635e+00  MSE_R=2.2635e-03  MSE_ω=2.8314e-01
  test : −ELBO=-6.0354e+00  NLL=-5.8403e+00  NLL_R=-6.6929e+00  NLL_ω=8.5263e-01  MSE_R=1.9269e-03  MSE_ω=2.4011e-01
  sigma: σ_R=2.9999e-02  σ_ω=2.0543e-01  β=1.0000e+00
  PL   : train=-9.4611e-01  test=-9.5216e-01  σ_φ̄(train)=7.4916e-03  σ_φ̄(test)=6.8084e-03  σ_obs_ω=5.0000e-01  λ_PL=1.00
  KL   : M=2.036e+03  V=3.553e+02  Dw=1.998e+03  g=3.025e+03  sigma=3.389e+02  total=7.753e+03
  subnet MSE  M=1.129e+00  V=1.523e+01  Dw=3.615e-02  g=2.927e-01
[step   1600]
  train: −ELBO=-5.6425e+00  NLL=-5.4503e+00  NLL_R=-6.5820e+00  NLL_ω=1.1317e+00  MSE_R=2.1595e-03  MSE_ω=2.6951e-01
  test : −ELBO=-6.2601e+00  NLL=-6.0624e+00  NLL_R=-6.7614e+00  NLL_ω=6.9901e-01  MSE_R=1.8604e-03  MSE_ω=2.3143e-01
  sigma: σ_R=2.8907e-02  σ_ω=2.0992e-01  β=1.0000e+00
  PL   : train=-9.4911e-01  test=-9.5458e-01  σ_φ̄(train)=6.7404e-03  σ_φ̄(test)=6.1227e-03  σ_obs_ω=5.0000e-01  λ_PL=1.00
  KL   : M=2.037e+03  V=3.565e+02  Dw=1.996e+03  g=3.024e+03  sigma=3.386e+02  total=7.751e+03
  subnet MSE  M=1.193e+00  V=1.505e+01  Dw=3.893e-02  g=2.957e-01
[step   1650]
  train: −ELBO=-5.9403e+00  NLL=-5.7460e+00  NLL_R=-6.6649e+00  NLL_ω=9.1896e-01  MSE_R=2.0478e-03  MSE_ω=2.5577e-01
  test : −ELBO=-6.5441e+00  NLL=-6.3439e+00  NLL_R=-6.8528e+00  NLL_ω=5.0892e-01  MSE_R=1.7555e-03  MSE_ω=2.1812e-01
  sigma: σ_R=2.7921e-02  σ_ω=2.1442e-01  β=1.0000e+00
  PL   : train=-9.5088e-01  test=-9.5684e-01  σ_φ̄(train)=6.1570e-03  σ_φ̄(test)=5.5567e-03  σ_obs_ω=5.0000e-01  λ_PL=1.00
  KL   : M=2.036e+03  V=3.577e+02  Dw=1.993e+03  g=3.022e+03  sigma=3.383e+02  total=7.747e+03
  subnet MSE  M=1.226e+00  V=1.486e+01  Dw=3.732e-02  g=2.971e-01
[step   1700]
  train: −ELBO=-6.1607e+00  NLL=-5.9657e+00  NLL_R=-6.7324e+00  NLL_ω=7.6673e-01  MSE_R=1.9581e-03  MSE_ω=2.4441e-01
  test : −ELBO=-6.7081e+00  NLL=-6.5087e+00  NLL_R=-6.9115e+00  NLL_ω=4.0286e-01  MSE_R=1.6920e-03  MSE_ω=2.1012e-01
  sigma: σ_R=2.7279e-02  σ_ω=2.1717e-01  β=1.0000e+00
  PL   : train=-9.5141e-01  test=-9.5584e-01  σ_φ̄(train)=6.1179e-03  σ_φ̄(test)=5.5739e-03  σ_obs_ω=5.0000e-01  λ_PL=1.00
  KL   : M=2.036e+03  V=3.585e+02  Dw=1.991e+03  g=3.021e+03  sigma=3.381e+02  total=7.745e+03
  subnet MSE  M=1.228e+00  V=1.486e+01  Dw=3.827e-02  g=2.944e-01
[step   1750]
  train: −ELBO=-6.1899e+00  NLL=-5.9925e+00  NLL_R=-6.7390e+00  NLL_ω=7.4647e-01  MSE_R=1.9572e-03  MSE_ω=2.4435e-01
  test : −ELBO=-6.6461e+00  NLL=-6.4448e+00  NLL_R=-6.8947e+00  NLL_ω=4.4993e-01  MSE_R=1.7344e-03  MSE_ω=2.1589e-01
  sigma: σ_R=2.6773e-02  σ_ω=2.1917e-01  β=1.0000e+00
  PL   : train=-9.5350e-01  test=-9.5752e-01  σ_φ̄(train)=6.3868e-03  σ_φ̄(test)=5.8291e-03  σ_obs_ω=5.0000e-01  λ_PL=1.00
  KL   : M=2.036e+03  V=3.591e+02  Dw=1.990e+03  g=3.020e+03  sigma=3.378e+02  total=7.743e+03
  subnet MSE  M=1.202e+00  V=1.507e+01  Dw=3.774e-02  g=2.969e-01
[step   1800]
  train: −ELBO=-6.4804e+00  NLL=-6.2785e+00  NLL_R=-6.8337e+00  NLL_ω=5.5516e-01  MSE_R=1.8356e-03  MSE_ω=2.2841e-01
  test : −ELBO=-6.9521e+00  NLL=-6.7461e+00  NLL_R=-7.0037e+00  NLL_ω=2.5753e-01  MSE_R=1.6050e-03  MSE_ω=1.9896e-01
  sigma: σ_R=2.6069e-02  σ_ω=2.2251e-01  β=1.0000e+00
  PL   : train=-9.5757e-01  test=-9.6168e-01  σ_φ̄(train)=6.1438e-03  σ_φ̄(test)=5.5791e-03  σ_obs_ω=5.0000e-01  λ_PL=1.00
  KL   : M=2.035e+03  V=3.602e+02  Dw=1.987e+03  g=3.019e+03  sigma=3.375e+02  total=7.738e+03
  subnet MSE  M=1.256e+00  V=1.459e+01  Dw=3.998e-02  g=3.004e-01
[step   1850]
  train: −ELBO=-6.8557e+00  NLL=-6.6492e+00  NLL_R=-6.9735e+00  NLL_ω=3.2427e-01  MSE_R=1.6688e-03  MSE_ω=2.0724e-01
  test : −ELBO=-7.2223e+00  NLL=-7.0131e+00  NLL_R=-7.1142e+00  NLL_ω=1.0106e-01  MSE_R=1.4920e-03  MSE_ω=1.8446e-01
  sigma: σ_R=2.5094e-02  σ_ω=2.2592e-01  β=1.0000e+00
  PL   : train=-9.6153e-01  test=-9.6421e-01  σ_φ̄(train)=6.2098e-03  σ_φ̄(test)=5.6500e-03  σ_obs_ω=5.0000e-01  λ_PL=1.00
  KL   : M=2.034e+03  V=3.617e+02  Dw=1.983e+03  g=3.016e+03  sigma=3.371e+02  total=7.732e+03
  subnet MSE  M=1.273e+00  V=1.436e+01  Dw=3.687e-02  g=3.001e-01
[step   1900]
  train: −ELBO=-7.1268e+00  NLL=-6.9170e+00  NLL_R=-7.0879e+00  NLL_ω=1.7088e-01  MSE_R=1.5475e-03  MSE_ω=1.9234e-01
  test : −ELBO=-7.4453e+00  NLL=-7.2383e+00  NLL_R=-7.2166e+00  NLL_ω=-2.1728e-02  MSE_R=1.3987e-03  MSE_ω=1.7228e-01
  sigma: σ_R=2.4080e-02  σ_ω=2.2824e-01  β=1.0000e+00
  PL   : train=-9.6418e-01  test=-9.6144e-01  σ_φ̄(train)=5.9388e-03  σ_φ̄(test)=5.3396e-03  σ_obs_ω=5.0000e-01  λ_PL=1.00
  KL   : M=2.033e+03  V=3.631e+02  Dw=1.979e+03  g=3.013e+03  sigma=3.366e+02  total=7.725e+03
  subnet MSE  M=1.309e+00  V=1.422e+01  Dw=3.587e-02  g=3.000e-01
[step   1950]
  train: −ELBO=-7.3136e+00  NLL=-7.1031e+00  NLL_R=-7.1699e+00  NLL_ω=6.6731e-02  MSE_R=1.4680e-03  MSE_ω=1.8181e-01
  test : −ELBO=-7.5923e+00  NLL=-7.4307e+00  NLL_R=-7.3087e+00  NLL_ω=-1.2199e-01  MSE_R=1.3187e-03  MSE_ω=1.6189e-01
  sigma: σ_R=2.3235e-02  σ_ω=2.2974e-01  β=1.0000e+00
  PL   : train=-9.6417e-01  test=-9.1529e-01  σ_φ̄(train)=5.2761e-03  σ_φ̄(test)=4.7647e-03  σ_obs_ω=5.0000e-01  λ_PL=1.00
  KL   : M=2.032e+03  V=3.645e+02  Dw=1.975e+03  g=3.011e+03  sigma=3.362e+02  total=7.718e+03
  subnet MSE  M=1.333e+00  V=1.405e+01  Dw=3.477e-02  g=2.968e-01
[step   2000]
  train: −ELBO=-7.6576e+00  NLL=-7.4425e+00  NLL_R=-7.3298e+00  NLL_ω=-1.1276e-01  MSE_R=1.3206e-03  MSE_ω=1.6291e-01
  test : −ELBO=-7.9602e+00  NLL=-7.7435e+00  NLL_R=-7.4659e+00  NLL_ω=-2.7757e-01  MSE_R=1.1899e-03  MSE_ω=1.4529e-01
  sigma: σ_R=2.1945e-02  σ_ω=2.3120e-01  β=1.0000e+00
  PL   : train=-9.6739e-01  test=-9.6900e-01  σ_φ̄(train)=4.9887e-03  σ_φ̄(test)=4.5218e-03  σ_obs_ω=5.0000e-01  λ_PL=1.00
  KL   : M=2.029e+03  V=3.672e+02  Dw=1.967e+03  g=3.006e+03  sigma=3.354e+02  total=7.704e+03
  subnet MSE  M=1.394e+00  V=1.368e+01  Dw=3.277e-02  g=2.959e-01
[step   2050]
  train: −ELBO=-7.9262e+00  NLL=-7.7074e+00  NLL_R=-7.4626e+00  NLL_ω=-2.4483e-01  MSE_R=1.2110e-03  MSE_ω=1.4881e-01
  test : −ELBO=-8.1863e+00  NLL=-7.9666e+00  NLL_R=-7.5873e+00  NLL_ω=-3.7930e-01  MSE_R=1.1042e-03  MSE_ω=1.3447e-01
  sigma: σ_R=2.0742e-02  σ_ω=2.3096e-01  β=1.0000e+00
  PL   : train=-9.6935e-01  test=-9.7018e-01  σ_φ̄(train)=4.2612e-03  σ_φ̄(test)=3.8210e-03  σ_obs_ω=5.0000e-01  λ_PL=1.00
  KL   : M=2.024e+03  V=3.703e+02  Dw=1.957e+03  g=2.999e+03  sigma=3.343e+02  total=7.685e+03
  subnet MSE  M=1.421e+00  V=1.365e+01  Dw=3.163e-02  g=2.943e-01
[step   2100]
  train: −ELBO=-8.1764e+00  NLL=-7.9547e+00  NLL_R=-7.5891e+00  NLL_ω=-3.6559e-01  MSE_R=1.1140e-03  MSE_ω=1.3634e-01
  test : −ELBO=-8.3709e+00  NLL=-8.1490e+00  NLL_R=-7.6849e+00  NLL_ω=-4.6411e-01  MSE_R=1.0396e-03  MSE_ω=1.2603e-01
  sigma: σ_R=1.9731e-02  σ_ω=2.2888e-01  β=1.0000e+00
  PL   : train=-9.6976e-01  test=-9.6992e-01  σ_φ̄(train)=3.4830e-03  σ_φ̄(test)=3.0569e-03  σ_obs_ω=5.0000e-01  λ_PL=1.00
  KL   : M=2.018e+03  V=3.736e+02  Dw=1.945e+03  g=2.991e+03  sigma=3.329e+02  total=7.661e+03
  subnet MSE  M=1.470e+00  V=1.332e+01  Dw=3.073e-02  g=2.905e-01
[step   2150]
  train: −ELBO=-8.3736e+00  NLL=-8.1464e+00  NLL_R=-7.6864e+00  NLL_ω=-4.5998e-01  MSE_R=1.0447e-03  MSE_ω=1.2738e-01
  test : −ELBO=-8.4988e+00  NLL=-8.2717e+00  NLL_R=-7.7492e+00  NLL_ω=-5.2257e-01  MSE_R=9.9971e-04  MSE_ω=1.2107e-01
  sigma: σ_R=1.8959e-02  σ_ω=2.2504e-01  β=1.0000e+00
  PL   : train=-9.7234e-01  test=-9.7221e-01  σ_φ̄(train)=2.9836e-03  σ_φ̄(test)=2.6199e-03  σ_obs_ω=5.0000e-01  λ_PL=1.00
  KL   : M=2.010e+03  V=3.768e+02  Dw=1.931e+03  g=2.981e+03  sigma=3.312e+02  total=7.630e+03
  subnet MSE  M=1.497e+00  V=1.328e+01  Dw=3.069e-02  g=2.927e-01
[step   2200]
  train: −ELBO=-8.5861e+00  NLL=-8.3542e+00  NLL_R=-7.7886e+00  NLL_ω=-5.6564e-01  MSE_R=9.7620e-04  MSE_ω=1.1849e-01
  test : −ELBO=-8.6080e+00  NLL=-8.3774e+00  NLL_R=-7.7971e+00  NLL_ω=-5.8024e-01  MSE_R=9.7056e-04  MSE_ω=1.1715e-01
  sigma: σ_R=1.8217e-02  σ_ω=2.1828e-01  β=1.0000e+00
  PL   : train=-9.7233e-01  test=-9.7097e-01  σ_φ̄(train)=2.4511e-03  σ_φ̄(test)=2.1335e-03  σ_obs_ω=5.0000e-01  λ_PL=1.00
  KL   : M=1.998e+03  V=3.807e+02  Dw=1.910e+03  g=2.965e+03  sigma=3.286e+02  total=7.582e+03
  subnet MSE  M=1.554e+00  V=1.314e+01  Dw=3.155e-02  g=2.889e-01
[step   2250]
  train: −ELBO=-8.6912e+00  NLL=-8.4540e+00  NLL_R=-7.8358e+00  NLL_ω=-6.1821e-01  MSE_R=9.4608e-04  MSE_ω=1.1479e-01
  test : −ELBO=-8.6849e+00  NLL=-8.4492e+00  NLL_R=-7.8293e+00  NLL_ω=-6.1985e-01  MSE_R=9.5020e-04  MSE_ω=1.1466e-01
  sigma: σ_R=1.7849e-02  σ_ω=2.1269e-01  β=1.0000e+00
  PL   : train=-9.7364e-01  test=-9.7211e-01  σ_φ̄(train)=2.1408e-03  σ_φ̄(test)=1.8492e-03  σ_obs_ω=5.0000e-01  λ_PL=1.00
  KL   : M=1.986e+03  V=3.834e+02  Dw=1.893e+03  g=2.952e+03  sigma=3.263e+02  total=7.541e+03
  subnet MSE  M=1.573e+00  V=1.312e+01  Dw=3.136e-02  g=2.902e-01
[step   2300]
  train: −ELBO=-8.8922e+00  NLL=-8.6447e+00  NLL_R=-7.9236e+00  NLL_ω=-7.2111e-01  MSE_R=8.9231e-04  MSE_ω=1.0778e-01
  test : −ELBO=-8.7597e+00  NLL=-8.5144e+00  NLL_R=-7.8519e+00  NLL_ω=-6.6256e-01  MSE_R=9.3527e-04  MSE_ω=1.1257e-01
  sigma: σ_R=1.7311e-02  σ_ω=2.0190e-01  β=1.0000e+00
  PL   : train=-9.7464e-01  test=-9.7230e-01  σ_φ̄(train)=1.6495e-03  σ_φ̄(test)=1.4055e-03  σ_obs_ω=5.0000e-01  λ_PL=1.00
  KL   : M=1.960e+03  V=3.880e+02  Dw=1.857e+03  g=2.920e+03  sigma=3.207e+02  total=7.446e+03
  subnet MSE  M=1.622e+00  V=1.289e+01  Dw=3.229e-02  g=2.904e-01
[step   2350]
  train: −ELBO=-8.9913e+00  NLL=-8.7368e+00  NLL_R=-7.9672e+00  NLL_ω=-7.6961e-01  MSE_R=8.6672e-04  MSE_ω=1.0464e-01
  test : −ELBO=-8.7658e+00  NLL=-8.5146e+00  NLL_R=-7.8488e+00  NLL_ω=-6.6586e-01  MSE_R=9.3580e-04  MSE_ω=1.1265e-01
  sigma: σ_R=1.7082e-02  σ_ω=1.9638e-01  β=1.0000e+00
  PL   : train=-9.7538e-01  test=-9.7199e-01  σ_φ̄(train)=1.4239e-03  σ_φ̄(test)=1.1993e-03  σ_obs_ω=5.0000e-01  λ_PL=1.00
  KL   : M=1.942e+03  V=3.904e+02  Dw=1.835e+03  g=2.899e+03  sigma=3.168e+02  total=7.383e+03
  subnet MSE  M=1.629e+00  V=1.302e+01  Dw=3.168e-02  g=2.891e-01
[step   2400]
  train: −ELBO=-9.0719e+00  NLL=-8.8094e+00  NLL_R=-8.0013e+00  NLL_ω=-8.0810e-01  MSE_R=8.4725e-04  MSE_ω=1.0227e-01
  test : −ELBO=-8.8034e+00  NLL=-8.5443e+00  NLL_R=-7.8618e+00  NLL_ω=-6.8255e-01  MSE_R=9.2661e-04  MSE_ω=1.1141e-01
  sigma: σ_R=1.6864e-02  σ_ω=1.9084e-01  β=1.0000e+00
  PL   : train=-9.7547e-01  test=-9.7189e-01  σ_φ̄(train)=1.2468e-03  σ_φ̄(test)=1.0401e-03  σ_obs_ω=5.0000e-01  λ_PL=1.00
  KL   : M=1.918e+03  V=3.930e+02  Dw=1.809e+03  g=2.870e+03  sigma=3.115e+02  total=7.301e+03
  subnet MSE  M=1.651e+00  V=1.292e+01  Dw=3.304e-02  g=2.893e-01
[step   2450]
  train: −ELBO=-9.1428e+00  NLL=-8.8727e+00  NLL_R=-8.0297e+00  NLL_ω=-8.4300e-01  MSE_R=8.3139e-04  MSE_ω=1.0001e-01
  test : −ELBO=-8.7924e+00  NLL=-8.5260e+00  NLL_R=-7.8519e+00  NLL_ω=-6.7409e-01  MSE_R=9.3015e-04  MSE_ω=1.1184e-01
  sigma: σ_R=1.6669e-02  σ_ω=1.8719e-01  β=1.0000e+00
  PL   : train=-9.7581e-01  test=-9.7193e-01  σ_φ̄(train)=1.1624e-03  σ_φ̄(test)=9.5122e-04  σ_obs_ω=5.0000e-01  λ_PL=1.00
  KL   : M=1.895e+03  V=3.950e+02  Dw=1.786e+03  g=2.844e+03  sigma=3.064e+02  total=7.227e+03
  subnet MSE  M=1.668e+00  V=1.286e+01  Dw=3.395e-02  g=2.898e-01
[step   2500]
  train: −ELBO=-9.1944e+00  NLL=-8.9174e+00  NLL_R=-8.0520e+00  NLL_ω=-8.6535e-01  MSE_R=8.1913e-04  MSE_ω=9.8593e-02
  test : −ELBO=-8.7697e+00  NLL=-8.4969e+00  NLL_R=-7.8376e+00  NLL_ω=-6.5933e-01  MSE_R=9.3647e-04  MSE_ω=1.1261e-01
  sigma: σ_R=1.6543e-02  σ_ω=1.8446e-01  β=1.0000e+00
  PL   : train=-9.7606e-01  test=-9.7174e-01  σ_φ̄(train)=1.0675e-03  σ_φ̄(test)=8.7413e-04  σ_obs_ω=5.0000e-01  λ_PL=1.00
  KL   : M=1.874e+03  V=3.967e+02  Dw=1.765e+03  g=2.820e+03  sigma=3.013e+02  total=7.158e+03
  subnet MSE  M=1.685e+00  V=1.294e+01  Dw=3.396e-02  g=2.898e-01
[step   2550]
  train: −ELBO=-9.2472e+00  NLL=-8.9642e+00  NLL_R=-8.0746e+00  NLL_ω=-8.8966e-01  MSE_R=8.0688e-04  MSE_ω=9.7017e-02
  test : −ELBO=-8.7461e+00  NLL=-8.4677e+00  NLL_R=-7.8217e+00  NLL_ω=-6.4603e-01  MSE_R=9.4340e-04  MSE_ω=1.1328e-01
  sigma: σ_R=1.6430e-02  σ_ω=1.8270e-01  β=1.0000e+00
  PL   : train=-9.7666e-01  test=-9.7199e-01  σ_φ̄(train)=1.0141e-03  σ_φ̄(test)=8.1769e-04  σ_obs_ω=5.0000e-01  λ_PL=1.00
  KL   : M=1.857e+03  V=3.979e+02  Dw=1.750e+03  g=2.801e+03  sigma=2.971e+02  total=7.103e+03
  subnet MSE  M=1.685e+00  V=1.290e+01  Dw=3.372e-02  g=2.906e-01
[step   2600]
  train: −ELBO=-9.2750e+00  NLL=-8.9866e+00  NLL_R=-8.0850e+00  NLL_ω=-9.0157e-01  MSE_R=8.0131e-04  MSE_ω=9.6271e-02
  test : −ELBO=-8.7530e+00  NLL=-8.4693e+00  NLL_R=-7.8240e+00  NLL_ω=-6.4530e-01  MSE_R=9.4086e-04  MSE_ω=1.1311e-01
  sigma: σ_R=1.6354e-02  σ_ω=1.8127e-01  β=1.0000e+00
  PL   : train=-9.7693e-01  test=-9.7206e-01  σ_φ̄(train)=9.2427e-04  σ_φ̄(test)=7.3747e-04  σ_obs_ω=5.0000e-01  λ_PL=1.00
  KL   : M=1.839e+03  V=3.991e+02  Dw=1.736e+03  g=2.784e+03  sigma=2.927e+02  total=7.050e+03
  subnet MSE  M=1.691e+00  V=1.284e+01  Dw=3.426e-02  g=2.914e-01
[step   2650]
  train: −ELBO=-9.3356e+00  NLL=-9.0426e+00  NLL_R=-8.1133e+00  NLL_ω=-9.2930e-01  MSE_R=7.8630e-04  MSE_ω=9.4505e-02
  test : −ELBO=-8.7113e+00  NLL=-8.4243e+00  NLL_R=-7.8015e+00  NLL_ω=-6.2281e-01  MSE_R=9.5015e-04  MSE_ω=1.1429e-01
  sigma: σ_R=1.6210e-02  σ_ω=1.7970e-01  β=1.0000e+00
  PL   : train=-9.7575e-01  test=-9.6972e-01  σ_φ̄(train)=8.6645e-04  σ_φ̄(test)=6.8138e-04  σ_obs_ω=5.0000e-01  λ_PL=1.00
  KL   : M=1.819e+03  V=4.002e+02  Dw=1.720e+03  g=2.765e+03  sigma=2.877e+02  total=6.992e+03
  subnet MSE  M=1.696e+00  V=1.289e+01  Dw=3.471e-02  g=2.875e-01
[step   2700]
  train: −ELBO=-9.3695e+00  NLL=-9.0709e+00  NLL_R=-8.1279e+00  NLL_ω=-9.4295e-01  MSE_R=7.7871e-04  MSE_ω=9.3657e-02
  test : −ELBO=-8.7189e+00  NLL=-8.4260e+00  NLL_R=-7.8031e+00  NLL_ω=-6.2296e-01  MSE_R=9.4782e-04  MSE_ω=1.1405e-01
  sigma: σ_R=1.6137e-02  σ_ω=1.7854e-01  β=1.0000e+00
  PL   : train=-9.7705e-01  test=-9.7113e-01  σ_φ̄(train)=8.4862e-04  σ_φ̄(test)=6.6627e-04  σ_obs_ω=5.0000e-01  λ_PL=1.00
  KL   : M=1.803e+03  V=4.010e+02  Dw=1.709e+03  g=2.750e+03  sigma=2.835e+02  total=6.947e+03
  subnet MSE  M=1.704e+00  V=1.284e+01  Dw=3.395e-02  g=2.903e-01
[step   2750]
  train: −ELBO=-9.4005e+00  NLL=-9.0966e+00  NLL_R=-8.1390e+00  NLL_ω=-9.5754e-01  MSE_R=7.7296e-04  MSE_ω=9.2757e-02
  test : −ELBO=-8.6814e+00  NLL=-8.3837e+00  NLL_R=-7.7819e+00  NLL_ω=-6.0177e-01  MSE_R=9.5662e-04  MSE_ω=1.1513e-01
  sigma: σ_R=1.6038e-02  σ_ω=1.7732e-01  β=1.0000e+00
  PL   : train=-9.7734e-01  test=-9.7100e-01  σ_φ̄(train)=8.0020e-04  σ_φ̄(test)=6.1455e-04  σ_obs_ω=5.0000e-01  λ_PL=1.00
  KL   : M=1.784e+03  V=4.019e+02  Dw=1.696e+03  g=2.734e+03  sigma=2.787e+02  total=6.895e+03
  subnet MSE  M=1.722e+00  V=1.285e+01  Dw=3.408e-02  g=2.904e-01
[step   2800]
  train: −ELBO=-9.4266e+00  NLL=-9.1192e+00  NLL_R=-8.1506e+00  NLL_ω=-9.6861e-01  MSE_R=7.6700e-04  MSE_ω=9.2076e-02
  test : −ELBO=-8.6631e+00  NLL=-8.3621e+00  NLL_R=-7.7717e+00  NLL_ω=-5.9041e-01  MSE_R=9.6101e-04  MSE_ω=1.1567e-01
  sigma: σ_R=1.6000e-02  σ_ω=1.7660e-01  β=1.0000e+00
  PL   : train=-9.7762e-01  test=-9.7120e-01  σ_φ̄(train)=7.6245e-04  σ_φ̄(test)=5.8120e-04  σ_obs_ω=5.0000e-01  λ_PL=1.00
  KL   : M=1.772e+03  V=4.024e+02  Dw=1.689e+03  g=2.724e+03  sigma=2.756e+02  total=6.863e+03
  subnet MSE  M=1.711e+00  V=1.280e+01  Dw=3.417e-02  g=2.916e-01
[step   2850]
  train: −ELBO=-9.4595e+00  NLL=-9.1473e+00  NLL_R=-8.1651e+00  NLL_ω=-9.8221e-01  MSE_R=7.5966e-04  MSE_ω=9.1248e-02
  test : −ELBO=-8.6442e+00  NLL=-8.3390e+00  NLL_R=-7.7607e+00  NLL_ω=-5.7826e-01  MSE_R=9.6442e-04  MSE_ω=1.1617e-01
  sigma: σ_R=1.5915e-02  σ_ω=1.7564e-01  β=1.0000e+00
  PL   : train=-9.7766e-01  test=-9.7060e-01  σ_φ̄(train)=7.0790e-04  σ_φ̄(test)=5.3262e-04  σ_obs_ω=5.0000e-01  λ_PL=1.00
  KL   : M=1.754e+03  V=4.032e+02  Dw=1.676e+03  g=2.710e+03  sigma=2.708e+02  total=6.814e+03
  subnet MSE  M=1.721e+00  V=1.278e+01  Dw=3.450e-02  g=2.907e-01
[step   2900]
  train: −ELBO=-9.5119e+00  NLL=-9.1931e+00  NLL_R=-8.1882e+00  NLL_ω=-1.0049e+00  MSE_R=7.4804e-04  MSE_ω=8.9878e-02
  test : −ELBO=-8.6126e+00  NLL=-8.3009e+00  NLL_R=-7.7421e+00  NLL_ω=-5.5876e-01  MSE_R=9.7091e-04  MSE_ω=1.1698e-01
  sigma: σ_R=1.5807e-02  σ_ω=1.7432e-01  β=1.0000e+00
  PL   : train=-9.7778e-01  test=-9.7050e-01  σ_φ̄(train)=6.4167e-04  σ_φ̄(test)=4.7403e-04  σ_obs_ω=5.0000e-01  λ_PL=1.00
  KL   : M=1.729e+03  V=4.041e+02  Dw=1.661e+03  g=2.690e+03  sigma=2.639e+02  total=6.748e+03
  subnet MSE  M=1.719e+00  V=1.282e+01  Dw=3.459e-02  g=2.909e-01
[step   2950]
  train: −ELBO=-9.5719e+00  NLL=-9.2432e+00  NLL_R=-8.2138e+00  NLL_ω=-1.0294e+00  MSE_R=7.3539e-04  MSE_ω=8.8424e-02
  test : −ELBO=-8.5319e+00  NLL=-8.2116e+00  NLL_R=-7.6986e+00  NLL_ω=-5.1297e-01  MSE_R=9.8852e-04  MSE_ω=1.1920e-01
  sigma: σ_R=1.5678e-02  σ_ω=1.7264e-01  β=1.0000e+00
  PL   : train=-9.7868e-01  test=-9.7010e-01  σ_φ̄(train)=5.8701e-04  σ_φ̄(test)=4.1192e-04  σ_obs_ω=5.0000e-01  λ_PL=1.00
  KL   : M=1.695e+03  V=4.052e+02  Dw=1.639e+03  g=2.663e+03  sigma=2.542e+02  total=6.656e+03
  subnet MSE  M=1.729e+00  V=1.276e+01  Dw=3.454e-02  g=2.916e-01
[step   3000]
  train: −ELBO=-9.6228e+00  NLL=-9.2842e+00  NLL_R=-8.2337e+00  NLL_ω=-1.0505e+00  MSE_R=7.2570e-04  MSE_ω=8.7194e-02
  test : −ELBO=-8.4882e+00  NLL=-8.1582e+00  NLL_R=-7.6734e+00  NLL_ω=-4.8484e-01  MSE_R=9.9662e-04  MSE_ω=1.2030e-01
  sigma: σ_R=1.5551e-02  σ_ω=1.7107e-01  β=1.0000e+00
  PL   : train=-9.7943e-01  test=-9.7061e-01  σ_φ̄(train)=5.1901e-04  σ_φ̄(test)=3.6000e-04  σ_obs_ω=5.0000e-01  λ_PL=1.00
  KL   : M=1.659e+03  V=4.061e+02  Dw=1.618e+03  g=2.635e+03  sigma=2.440e+02  total=6.561e+03
  subnet MSE  M=1.740e+00  V=1.279e+01  Dw=3.417e-02  g=2.931e-01
[step   3050]
  train: −ELBO=-9.6695e+00  NLL=-9.3235e+00  NLL_R=-8.2534e+00  NLL_ω=-1.0701e+00  MSE_R=7.1623e-04  MSE_ω=8.6061e-02
  test : −ELBO=-8.4248e+00  NLL=-8.0885e+00  NLL_R=-7.6395e+00  NLL_ω=-4.4909e-01  MSE_R=1.0102e-03  MSE_ω=1.2195e-01
  sigma: σ_R=1.5475e-02  σ_ω=1.7000e-01  β=1.0000e+00
  PL   : train=-9.7927e-01  test=-9.6941e-01  σ_φ̄(train)=4.8721e-04  σ_φ̄(test)=3.2225e-04  σ_obs_ω=5.0000e-01  λ_PL=1.00
  KL   : M=1.631e+03  V=4.066e+02  Dw=1.601e+03  g=2.611e+03  sigma=2.355e+02  total=6.484e+03
  subnet MSE  M=1.735e+00  V=1.275e+01  Dw=3.513e-02  g=2.924e-01
[step   3100]
  train: −ELBO=-9.6951e+00  NLL=-9.3431e+00  NLL_R=-8.2620e+00  NLL_ω=-1.0811e+00  MSE_R=7.1213e-04  MSE_ω=8.5432e-02
  test : −ELBO=-8.3859e+00  NLL=-8.0439e+00  NLL_R=-7.6172e+00  NLL_ω=-4.2673e-01  MSE_R=1.0177e-03  MSE_ω=1.2290e-01
  sigma: σ_R=1.5393e-02  σ_ω=1.6922e-01  β=1.0000e+00
  PL   : train=-9.7918e-01  test=-9.6909e-01  σ_φ̄(train)=4.5422e-04  σ_φ̄(test)=2.8729e-04  σ_obs_ω=5.0000e-01  λ_PL=1.00
  KL   : M=1.608e+03  V=4.070e+02  Dw=1.587e+03  g=2.592e+03  sigma=2.286e+02  total=6.423e+03
  subnet MSE  M=1.748e+00  V=1.279e+01  Dw=3.512e-02  g=2.921e-01
[step   3150]
  train: −ELBO=-9.7189e+00  NLL=-9.3618e+00  NLL_R=-8.2736e+00  NLL_ω=-1.0882e+00  MSE_R=7.0664e-04  MSE_ω=8.5031e-02
  test : −ELBO=-8.3798e+00  NLL=-8.0325e+00  NLL_R=-7.6117e+00  NLL_ω=-4.2089e-01  MSE_R=1.0184e-03  MSE_ω=1.2299e-01
  sigma: σ_R=1.5346e-02  σ_ω=1.6866e-01  β=1.0000e+00
  PL   : train=-9.7987e-01  test=-9.6982e-01  σ_φ̄(train)=4.5423e-04  σ_φ̄(test)=2.8072e-04  σ_obs_ω=5.0000e-01  λ_PL=1.00
  KL   : M=1.591e+03  V=4.072e+02  Dw=1.578e+03  g=2.578e+03  sigma=2.233e+02  total=6.377e+03
  subnet MSE  M=1.735e+00  V=1.272e+01  Dw=3.513e-02  g=2.937e-01
[step   3200]
  train: −ELBO=-9.7531e+00  NLL=-9.3893e+00  NLL_R=-8.2872e+00  NLL_ω=-1.1021e+00  MSE_R=7.0027e-04  MSE_ω=8.4245e-02
  test : −ELBO=-8.3430e+00  NLL=-7.9894e+00  NLL_R=-7.5906e+00  NLL_ω=-3.9876e-01  MSE_R=1.0255e-03  MSE_ω=1.2391e-01
  sigma: σ_R=1.5282e-02  σ_ω=1.6794e-01  β=1.0000e+00
  PL   : train=-9.8035e-01  test=-9.6999e-01  σ_φ̄(train)=4.2220e-04  σ_φ̄(test)=2.5720e-04  σ_obs_ω=5.0000e-01  λ_PL=1.00
  KL   : M=1.568e+03  V=4.074e+02  Dw=1.564e+03  g=2.558e+03  sigma=2.161e+02  total=6.313e+03
  subnet MSE  M=1.744e+00  V=1.274e+01  Dw=3.498e-02  g=2.946e-01
[step   3250]
  train: −ELBO=-9.7759e+00  NLL=-9.4062e+00  NLL_R=-8.2949e+00  NLL_ω=-1.1113e+00  MSE_R=6.9666e-04  MSE_ω=8.3733e-02
  test : −ELBO=-8.3283e+00  NLL=-7.9692e+00  NLL_R=-7.5811e+00  NLL_ω=-3.8805e-01  MSE_R=1.0277e-03  MSE_ω=1.2420e-01
  sigma: σ_R=1.5227e-02  σ_ω=1.6728e-01  β=1.0000e+00
  PL   : train=-9.8057e-01  test=-9.6983e-01  σ_φ̄(train)=4.1123e-04  σ_φ̄(test)=2.3691e-04  σ_obs_ω=5.0000e-01  λ_PL=1.00
  KL   : M=1.546e+03  V=4.075e+02  Dw=1.553e+03  g=2.539e+03  sigma=2.094e+02  total=6.255e+03
  subnet MSE  M=1.763e+00  V=1.277e+01  Dw=3.541e-02  g=2.946e-01
[step   3300]
  train: −ELBO=-9.8009e+00  NLL=-9.4276e+00  NLL_R=-8.3058e+00  NLL_ω=-1.1218e+00  MSE_R=6.9161e-04  MSE_ω=8.3148e-02
  test : −ELBO=-8.2696e+00  NLL=-7.9076e+00  NLL_R=-7.5505e+00  NLL_ω=-3.5710e-01  MSE_R=1.0396e-03  MSE_ω=1.2570e-01
  sigma: σ_R=1.5177e-02  σ_ω=1.6682e-01  β=1.0000e+00
  PL   : train=-9.7954e-01  test=-9.6818e-01  σ_φ̄(train)=3.9779e-04  σ_φ̄(test)=2.2101e-04  σ_obs_ω=5.0000e-01  λ_PL=1.00
  KL   : M=1.529e+03  V=4.076e+02  Dw=1.544e+03  g=2.524e+03  sigma=2.040e+02  total=6.208e+03
  subnet MSE  M=1.752e+00  V=1.271e+01  Dw=3.530e-02  g=2.922e-01
[step   3350]
  train: −ELBO=-9.8220e+00  NLL=-9.4437e+00  NLL_R=-8.3141e+00  NLL_ω=-1.1295e+00  MSE_R=6.8779e-04  MSE_ω=8.2720e-02
  test : −ELBO=-8.2405e+00  NLL=-7.8736e+00  NLL_R=-7.5334e+00  NLL_ω=-3.4016e-01  MSE_R=1.0452e-03  MSE_ω=1.2636e-01
  sigma: σ_R=1.5131e-02  σ_ω=1.6627e-01  β=1.0000e+00
  PL   : train=-9.7949e-01  test=-9.6803e-01  σ_φ̄(train)=3.9027e-04  σ_φ̄(test)=2.0806e-04  σ_obs_ω=5.0000e-01  λ_PL=1.00
  KL   : M=1.510e+03  V=4.076e+02  Dw=1.533e+03  g=2.507e+03  sigma=1.978e+02  total=6.156e+03
  subnet MSE  M=1.750e+00  V=1.269e+01  Dw=3.543e-02  g=2.924e-01
[step   3400]
  train: −ELBO=-9.8443e+00  NLL=-9.4610e+00  NLL_R=-8.3228e+00  NLL_ω=-1.1382e+00  MSE_R=6.8383e-04  MSE_ω=8.2244e-02
  test : −ELBO=-8.2033e+00  NLL=-7.8319e+00  NLL_R=-7.5147e+00  NLL_ω=-3.1717e-01  MSE_R=1.0531e-03  MSE_ω=1.2740e-01
  sigma: σ_R=1.5115e-02  σ_ω=1.6583e-01  β=1.0000e+00
  PL   : train=-9.7987e-01  test=-9.6777e-01  σ_φ̄(train)=3.6283e-04  σ_φ̄(test)=1.8879e-04  σ_obs_ω=5.0000e-01  λ_PL=1.00
  KL   : M=1.493e+03  V=4.075e+02  Dw=1.524e+03  g=2.492e+03  sigma=1.922e+02  total=6.108e+03
  subnet MSE  M=1.751e+00  V=1.276e+01  Dw=3.530e-02  g=2.923e-01
[step   3450]
  train: −ELBO=-9.8570e+00  NLL=-9.4697e+00  NLL_R=-8.3279e+00  NLL_ω=-1.1419e+00  MSE_R=6.8153e-04  MSE_ω=8.2043e-02
  test : −ELBO=-8.1821e+00  NLL=-7.8072e+00  NLL_R=-7.5015e+00  NLL_ω=-3.0569e-01  MSE_R=1.0574e-03  MSE_ω=1.2792e-01
  sigma: σ_R=1.5083e-02  σ_ω=1.6563e-01  β=1.0000e+00
  PL   : train=-9.8013e-01  test=-9.6768e-01  σ_φ̄(train)=3.3926e-04  σ_φ̄(test)=1.6938e-04  σ_obs_ω=5.0000e-01  λ_PL=1.00
  KL   : M=1.480e+03  V=4.074e+02  Dw=1.517e+03  g=2.479e+03  sigma=1.878e+02  total=6.071e+03
  subnet MSE  M=1.760e+00  V=1.264e+01  Dw=3.584e-02  g=2.925e-01
[step   3500]
  train: −ELBO=-9.8681e+00  NLL=-9.4778e+00  NLL_R=-8.3309e+00  NLL_ω=-1.1470e+00  MSE_R=6.8017e-04  MSE_ω=8.1764e-02
  test : −ELBO=-8.1924e+00  NLL=-7.8140e+00  NLL_R=-7.5048e+00  NLL_ω=-3.0915e-01  MSE_R=1.0553e-03  MSE_ω=1.2762e-01
  sigma: σ_R=1.5070e-02  σ_ω=1.6543e-01  β=1.0000e+00
  PL   : train=-9.7992e-01  test=-9.6796e-01  σ_φ̄(train)=3.2689e-04  σ_φ̄(test)=1.6139e-04  σ_obs_ω=5.0000e-01  λ_PL=1.00
  KL   : M=1.468e+03  V=4.074e+02  Dw=1.510e+03  g=2.468e+03  sigma=1.838e+02  total=6.037e+03
  subnet MSE  M=1.758e+00  V=1.272e+01  Dw=3.560e-02  g=2.928e-01
[step   3550]
  train: −ELBO=-9.8817e+00  NLL=-9.4876e+00  NLL_R=-8.3373e+00  NLL_ω=-1.1502e+00  MSE_R=6.7723e-04  MSE_ω=8.1586e-02
  test : −ELBO=-8.1587e+00  NLL=-7.7770e+00  NLL_R=-7.4864e+00  NLL_ω=-2.9063e-01  MSE_R=1.0614e-03  MSE_ω=1.2842e-01
  sigma: σ_R=1.5025e-02  σ_ω=1.6506e-01  β=1.0000e+00
  PL   : train=-9.7926e-01  test=-9.6676e-01  σ_φ̄(train)=2.9763e-04  σ_φ̄(test)=1.3870e-04  σ_obs_ω=5.0000e-01  λ_PL=1.00
  KL   : M=1.452e+03  V=4.073e+02  Dw=1.502e+03  g=2.453e+03  sigma=1.784e+02  total=5.992e+03
  subnet MSE  M=1.755e+00  V=1.264e+01  Dw=3.567e-02  g=2.912e-01
[step   3600]
  train: −ELBO=-9.9095e+00  NLL=-9.5089e+00  NLL_R=-8.3472e+00  NLL_ω=-1.1617e+00  MSE_R=6.7280e-04  MSE_ω=8.0967e-02
  test : −ELBO=-8.1336e+00  NLL=-7.7454e+00  NLL_R=-7.4708e+00  NLL_ω=-2.7455e-01  MSE_R=1.0659e-03  MSE_ω=1.2902e-01
  sigma: σ_R=1.4978e-02  σ_ω=1.6459e-01  β=1.0000e+00
  PL   : train=-9.8038e-01  test=-9.6786e-01  σ_φ̄(train)=2.9867e-04  σ_φ̄(test)=1.2960e-04  σ_obs_ω=5.0000e-01  λ_PL=1.00
  KL   : M=1.432e+03  V=4.070e+02  Dw=1.491e+03  g=2.434e+03  sigma=1.717e+02  total=5.937e+03
  subnet MSE  M=1.759e+00  V=1.270e+01  Dw=3.597e-02  g=2.935e-01
[step   3650]
  train: −ELBO=-9.9306e+00  NLL=-9.5248e+00  NLL_R=-8.3561e+00  NLL_ω=-1.1687e+00  MSE_R=6.6881e-04  MSE_ω=8.0590e-02
  test : −ELBO=-8.1032e+00  NLL=-7.7106e+00  NLL_R=-7.4527e+00  NLL_ω=-2.5791e-01  MSE_R=1.0721e-03  MSE_ω=1.2971e-01
  sigma: σ_R=1.4943e-02  σ_ω=1.6423e-01  β=1.0000e+00
  PL   : train=-9.8068e-01  test=-9.6733e-01  σ_φ̄(train)=2.8686e-04  σ_φ̄(test)=1.1961e-04  σ_obs_ω=5.0000e-01  λ_PL=1.00
  KL   : M=1.414e+03  V=4.067e+02  Dw=1.483e+03  g=2.418e+03  sigma=1.657e+02  total=5.887e+03
  subnet MSE  M=1.753e+00  V=1.269e+01  Dw=3.562e-02  g=2.938e-01
[step   3700]
  train: −ELBO=-9.9450e+00  NLL=-9.5348e+00  NLL_R=-8.3598e+00  NLL_ω=-1.1750e+00  MSE_R=6.6717e-04  MSE_ω=8.0252e-02
  test : −ELBO=-8.0850e+00  NLL=-7.6877e+00  NLL_R=-7.4423e+00  NLL_ω=-2.4544e-01  MSE_R=1.0754e-03  MSE_ω=1.3017e-01
  sigma: σ_R=1.4913e-02  σ_ω=1.6386e-01  β=1.0000e+00
  PL   : train=-9.8058e-01  test=-9.6750e-01  σ_φ̄(train)=2.6968e-04  σ_φ̄(test)=1.0596e-04  σ_obs_ω=5.0000e-01  λ_PL=1.00
  KL   : M=1.397e+03  V=4.065e+02  Dw=1.475e+03  g=2.402e+03  sigma=1.600e+02  total=5.840e+03
  subnet MSE  M=1.755e+00  V=1.271e+01  Dw=3.572e-02  g=2.937e-01
[step   3750]
  train: −ELBO=-9.9664e+00  NLL=-9.5517e+00  NLL_R=-8.3688e+00  NLL_ω=-1.1828e+00  MSE_R=6.6317e-04  MSE_ω=7.9832e-02
  test : −ELBO=-8.0614e+00  NLL=-7.6595e+00  NLL_R=-7.4285e+00  NLL_ω=-2.3101e-01  MSE_R=1.0796e-03  MSE_ω=1.3068e-01
  sigma: σ_R=1.4882e-02  σ_ω=1.6345e-01  β=1.0000e+00
  PL   : train=-9.8066e-01  test=-9.6762e-01  σ_φ̄(train)=2.7816e-04  σ_φ̄(test)=1.0150e-04  σ_obs_ω=5.0000e-01  λ_PL=1.00
  KL   : M=1.381e+03  V=4.061e+02  Dw=1.467e+03  g=2.386e+03  sigma=1.545e+02  total=5.795e+03
  subnet MSE  M=1.751e+00  V=1.272e+01  Dw=3.553e-02  g=2.940e-01
[step   3800]
  train: −ELBO=-9.9769e+00  NLL=-9.5573e+00  NLL_R=-8.3719e+00  NLL_ω=-1.1854e+00  MSE_R=6.6179e-04  MSE_ω=7.9698e-02
  test : −ELBO=-8.0521e+00  NLL=-7.6456e+00  NLL_R=-7.4204e+00  NLL_ω=-2.2525e-01  MSE_R=1.0805e-03  MSE_ω=1.3078e-01
  sigma: σ_R=1.4834e-02  σ_ω=1.6311e-01  β=1.0000e+00
  PL   : train=-9.8121e-01  test=-9.6795e-01  σ_φ̄(train)=2.5545e-04  σ_φ̄(test)=8.9406e-05  σ_obs_ω=5.0000e-01  λ_PL=1.00
  KL   : M=1.366e+03  V=4.056e+02  Dw=1.460e+03  g=2.370e+03  sigma=1.492e+02  total=5.751e+03
  subnet MSE  M=1.755e+00  V=1.269e+01  Dw=3.580e-02  g=2.950e-01
[step   3850]
  train: −ELBO=-9.9858e+00  NLL=-9.5638e+00  NLL_R=-8.3751e+00  NLL_ω=-1.1886e+00  MSE_R=6.6038e-04  MSE_ω=7.9524e-02
  test : −ELBO=-8.0414e+00  NLL=-7.6327e+00  NLL_R=-7.4146e+00  NLL_ω=-2.1805e-01  MSE_R=1.0828e-03  MSE_ω=1.3107e-01
  sigma: σ_R=1.4830e-02  σ_ω=1.6296e-01  β=1.0000e+00
  PL   : train=-9.8106e-01  test=-9.6769e-01  σ_φ̄(train)=2.4756e-04  σ_φ̄(test)=8.2261e-05  σ_obs_ω=5.0000e-01  λ_PL=1.00
  KL   : M=1.357e+03  V=4.054e+02  Dw=1.455e+03  g=2.361e+03  sigma=1.461e+02  total=5.724e+03
  subnet MSE  M=1.760e+00  V=1.271e+01  Dw=3.561e-02  g=2.944e-01
[step   3900]
  train: −ELBO=-9.9973e+00  NLL=-9.5707e+00  NLL_R=-8.3792e+00  NLL_ω=-1.1914e+00  MSE_R=6.5859e-04  MSE_ω=7.9376e-02
  test : −ELBO=-7.9953e+00  NLL=-7.5822e+00  NLL_R=-7.3907e+00  NLL_ω=-1.9157e-01  MSE_R=1.0920e-03  MSE_ω=1.3226e-01
  sigma: σ_R=1.4806e-02  σ_ω=1.6263e-01  β=1.0000e+00
  PL   : train=-9.8139e-01  test=-9.6774e-01  σ_φ̄(train)=2.3214e-04  σ_φ̄(test)=7.4237e-05  σ_obs_ω=5.0000e-01  λ_PL=1.00
  KL   : M=1.341e+03  V=4.049e+02  Dw=1.448e+03  g=2.346e+03  sigma=1.409e+02  total=5.681e+03
  subnet MSE  M=1.755e+00  V=1.268e+01  Dw=3.541e-02  g=2.952e-01
[step   3950]
  train: −ELBO=-1.0013e+01  NLL=-9.5828e+00  NLL_R=-8.3851e+00  NLL_ω=-1.1977e+00  MSE_R=6.5599e-04  MSE_ω=7.9046e-02
  test : −ELBO=-7.9909e+00  NLL=-7.5744e+00  NLL_R=-7.3860e+00  NLL_ω=-1.8843e-01  MSE_R=1.0926e-03  MSE_ω=1.3227e-01
  sigma: σ_R=1.4781e-02  σ_ω=1.6239e-01  β=1.0000e+00
  PL   : train=-9.8117e-01  test=-9.6744e-01  σ_φ̄(train)=2.2715e-04  σ_φ̄(test)=6.6165e-05  σ_obs_ω=5.0000e-01  λ_PL=1.00
  KL   : M=1.328e+03  V=4.044e+02  Dw=1.442e+03  g=2.333e+03  sigma=1.363e+02  total=5.644e+03
  subnet MSE  M=1.756e+00  V=1.269e+01  Dw=3.590e-02  g=2.948e-01
[step   4000]
  train: −ELBO=-1.0028e+01  NLL=-9.5938e+00  NLL_R=-8.3899e+00  NLL_ω=-1.2039e+00  MSE_R=6.5393e-04  MSE_ω=7.8718e-02
  test : −ELBO=-7.9593e+00  NLL=-7.5392e+00  NLL_R=-7.3685e+00  NLL_ω=-1.7073e-01  MSE_R=1.0990e-03  MSE_ω=1.3305e-01
  sigma: σ_R=1.4761e-02  σ_ω=1.6215e-01  β=1.0000e+00
  PL   : train=-9.8098e-01  test=-9.6681e-01  σ_φ̄(train)=2.0937e-04  σ_φ̄(test)=5.6234e-05  σ_obs_ω=5.0000e-01  λ_PL=1.00
  KL   : M=1.313e+03  V=4.039e+02  Dw=1.435e+03  g=2.317e+03  sigma=1.311e+02  total=5.600e+03
  subnet MSE  M=1.764e+00  V=1.271e+01  Dw=3.593e-02  g=2.941e-01
[step   4050]
  train: −ELBO=-1.0047e+01  NLL=-9.6076e+00  NLL_R=-8.3979e+00  NLL_ω=-1.2096e+00  MSE_R=6.5042e-04  MSE_ω=7.8419e-02
  test : −ELBO=-7.9439e+00  NLL=-7.5193e+00  NLL_R=-7.3582e+00  NLL_ω=-1.6106e-01  MSE_R=1.1017e-03  MSE_ω=1.3338e-01
  sigma: σ_R=1.4734e-02  σ_ω=1.6190e-01  β=1.0000e+00
  PL   : train=-9.8177e-01  test=-9.6729e-01  σ_φ̄(train)=1.8820e-04  σ_φ̄(test)=4.8881e-05  σ_obs_ω=5.0000e-01  λ_PL=1.00
  KL   : M=1.299e+03  V=4.033e+02  Dw=1.428e+03  g=2.301e+03  sigma=1.260e+02  total=5.558e+03
  subnet MSE  M=1.753e+00  V=1.268e+01  Dw=3.576e-02  g=2.952e-01
[step   4100]
  train: −ELBO=-1.0062e+01  NLL=-9.6195e+00  NLL_R=-8.4040e+00  NLL_ω=-1.2155e+00  MSE_R=6.4780e-04  MSE_ω=7.8113e-02
  test : −ELBO=-7.9245e+00  NLL=-7.4963e+00  NLL_R=-7.3474e+00  NLL_ω=-1.4892e-01  MSE_R=1.1056e-03  MSE_ω=1.3385e-01
  sigma: σ_R=1.4718e-02  σ_ω=1.6165e-01  β=1.0000e+00
  PL   : train=-9.8091e-01  test=-9.6648e-01  σ_φ̄(train)=1.8155e-04  σ_φ̄(test)=4.0609e-05  σ_obs_ω=5.0000e-01  λ_PL=1.00
  KL   : M=1.283e+03  V=4.025e+02  Dw=1.422e+03  g=2.285e+03  sigma=1.207e+02  total=5.513e+03
  subnet MSE  M=1.755e+00  V=1.268e+01  Dw=3.631e-02  g=2.941e-01
[step   4150]
  train: −ELBO=-1.0075e+01  NLL=-9.6281e+00  NLL_R=-8.4090e+00  NLL_ω=-1.2191e+00  MSE_R=6.4565e-04  MSE_ω=7.7923e-02
  test : −ELBO=-7.8745e+00  NLL=-7.4422e+00  NLL_R=-7.3203e+00  NLL_ω=-1.2192e-01  MSE_R=1.1151e-03  MSE_ω=1.3508e-01
  sigma: σ_R=1.4685e-02  σ_ω=1.6139e-01  β=1.0000e+00
  PL   : train=-9.8183e-01  test=-9.6698e-01  σ_φ̄(train)=1.5865e-04  σ_φ̄(test)=3.4455e-05  σ_obs_ω=5.0000e-01  λ_PL=1.00
  KL   : M=1.271e+03  V=4.020e+02  Dw=1.416e+03  g=2.271e+03  sigma=1.164e+02  total=5.476e+03
  subnet MSE  M=1.757e+00  V=1.270e+01  Dw=3.580e-02  g=2.958e-01
[step   4200]
  train: −ELBO=-1.0079e+01  NLL=-9.6277e+00  NLL_R=-8.4090e+00  NLL_ω=-1.2187e+00  MSE_R=6.4566e-04  MSE_ω=7.7946e-02
  test : −ELBO=-7.8877e+00  NLL=-7.4504e+00  NLL_R=-7.3253e+00  NLL_ω=-1.2515e-01  MSE_R=1.1123e-03  MSE_ω=1.3472e-01
  sigma: σ_R=1.4673e-02  σ_ω=1.6113e-01  β=1.0000e+00
  PL   : train=-9.8212e-01  test=-9.6778e-01  σ_φ̄(train)=1.6639e-04  σ_φ̄(test)=3.0089e-05  σ_obs_ω=5.0000e-01  λ_PL=1.00
  KL   : M=1.256e+03  V=4.013e+02  Dw=1.410e+03  g=2.255e+03  sigma=1.111e+02  total=5.433e+03
  subnet MSE  M=1.760e+00  V=1.270e+01  Dw=3.580e-02  g=2.967e-01
[step   4250]
  train: −ELBO=-1.0098e+01  NLL=-9.6431e+00  NLL_R=-8.4160e+00  NLL_ω=-1.2271e+00  MSE_R=6.4265e-04  MSE_ω=7.7511e-02
  test : −ELBO=-7.8593e+00  NLL=-7.4190e+00  NLL_R=-7.3082e+00  NLL_ω=-1.1076e-01  MSE_R=1.1172e-03  MSE_ω=1.3532e-01
  sigma: σ_R=1.4634e-02  σ_ω=1.6092e-01  β=1.0000e+00
  PL   : train=-9.8176e-01  test=-9.6690e-01  σ_φ̄(train)=1.5912e-04  σ_φ̄(test)=2.8000e-05  σ_obs_ω=5.0000e-01  λ_PL=1.00
  KL   : M=1.242e+03  V=4.006e+02  Dw=1.405e+03  g=2.239e+03  sigma=1.064e+02  total=5.393e+03
  subnet MSE  M=1.761e+00  V=1.272e+01  Dw=3.615e-02  g=2.954e-01
[step   4300]
  train: −ELBO=-1.0112e+01  NLL=-9.6529e+00  NLL_R=-8.4216e+00  NLL_ω=-1.2313e+00  MSE_R=6.4024e-04  MSE_ω=7.7292e-02
  test : −ELBO=-7.8312e+00  NLL=-7.3875e+00  NLL_R=-7.2920e+00  NLL_ω=-9.5537e-02  MSE_R=1.1228e-03  MSE_ω=1.3595e-01
  sigma: σ_R=1.4617e-02  σ_ω=1.6070e-01  β=1.0000e+00
  PL   : train=-9.8181e-01  test=-9.6665e-01  σ_φ̄(train)=1.2832e-04  σ_φ̄(test)=2.1470e-05  σ_obs_ω=5.0000e-01  λ_PL=1.00
  KL   : M=1.229e+03  V=3.999e+02  Dw=1.399e+03  g=2.225e+03  sigma=1.023e+02  total=5.356e+03
  subnet MSE  M=1.753e+00  V=1.259e+01  Dw=3.663e-02  g=2.959e-01
[step   4350]
  train: −ELBO=-1.0121e+01  NLL=-9.6577e+00  NLL_R=-8.4233e+00  NLL_ω=-1.2344e+00  MSE_R=6.3952e-04  MSE_ω=7.7137e-02
  test : −ELBO=-7.7885e+00  NLL=-7.3408e+00  NLL_R=-7.2689e+00  NLL_ω=-7.1889e-02  MSE_R=1.1312e-03  MSE_ω=1.3694e-01
  sigma: σ_R=1.4596e-02  σ_ω=1.6039e-01  β=1.0000e+00
  PL   : train=-9.8185e-01  test=-9.6647e-01  σ_φ̄(train)=1.1346e-04  σ_φ̄(test)=1.7171e-05  σ_obs_ω=5.0000e-01  λ_PL=1.00
  KL   : M=1.215e+03  V=3.991e+02  Dw=1.394e+03  g=2.208e+03  sigma=9.748e+01  total=5.313e+03
  subnet MSE  M=1.751e+00  V=1.266e+01  Dw=3.598e-02  g=2.957e-01
[step   4400]
  train: −ELBO=-1.0131e+01  NLL=-9.6634e+00  NLL_R=-8.4270e+00  NLL_ω=-1.2365e+00  MSE_R=6.3796e-04  MSE_ω=7.7029e-02
  test : −ELBO=-7.7730e+00  NLL=-7.3210e+00  NLL_R=-7.2580e+00  NLL_ω=-6.2968e-02  MSE_R=1.1332e-03  MSE_ω=1.3722e-01
  sigma: σ_R=1.4553e-02  σ_ω=1.6015e-01  β=1.0000e+00
  PL   : train=-9.8272e-01  test=-9.6659e-01  σ_φ̄(train)=1.1780e-04  σ_φ̄(test)=1.3517e-05  σ_obs_ω=5.0000e-01  λ_PL=1.00
  KL   : M=1.201e+03  V=3.982e+02  Dw=1.388e+03  g=2.191e+03  sigma=9.252e+01  total=5.270e+03
  subnet MSE  M=1.744e+00  V=1.274e+01  Dw=3.587e-02  g=2.962e-01
[step   4450]
  train: −ELBO=-1.0163e+01  NLL=-9.6914e+00  NLL_R=-8.4421e+00  NLL_ω=-1.2493e+00  MSE_R=6.3156e-04  MSE_ω=7.6371e-02
  test : −ELBO=-7.7211e+00  NLL=-7.2653e+00  NLL_R=-7.2303e+00  NLL_ω=-3.5004e-02  MSE_R=1.1429e-03  MSE_ω=1.3838e-01
  sigma: σ_R=1.4528e-02  σ_ω=1.5980e-01  β=1.0000e+00
  PL   : train=-9.8137e-01  test=-9.6536e-01  σ_φ̄(train)=9.0843e-05  σ_φ̄(test)=9.8394e-06  σ_obs_ω=5.0000e-01  λ_PL=1.00
  KL   : M=1.184e+03  V=3.971e+02  Dw=1.380e+03  g=2.171e+03  sigma=8.709e+01  total=5.219e+03
  subnet MSE  M=1.747e+00  V=1.262e+01  Dw=3.631e-02  g=2.943e-01
[step   4500]
  train: −ELBO=-1.0159e+01  NLL=-9.6837e+00  NLL_R=-8.4371e+00  NLL_ω=-1.2466e+00  MSE_R=6.3365e-04  MSE_ω=7.6511e-02
  test : −ELBO=-7.7057e+00  NLL=-7.2464e+00  NLL_R=-7.2236e+00  NLL_ω=-2.2741e-02  MSE_R=1.1465e-03  MSE_ω=1.3886e-01
  sigma: σ_R=1.4534e-02  σ_ω=1.5960e-01  β=1.0000e+00
  PL   : train=-9.8201e-01  test=-9.6609e-01  σ_φ̄(train)=9.7519e-05  σ_φ̄(test)=8.6457e-06  σ_obs_ω=5.0000e-01  λ_PL=1.00
  KL   : M=1.174e+03  V=3.965e+02  Dw=1.376e+03  g=2.159e+03  sigma=8.381e+01  total=5.189e+03
  subnet MSE  M=1.747e+00  V=1.265e+01  Dw=3.610e-02  g=2.964e-01
[step   4550]
  train: −ELBO=-1.0173e+01  NLL=-9.6942e+00  NLL_R=-8.4428e+00  NLL_ω=-1.2513e+00  MSE_R=6.3124e-04  MSE_ω=7.6270e-02
  test : −ELBO=-7.6547e+00  NLL=-7.1941e+00  NLL_R=-7.1940e+00  NLL_ω=-1.4973e-04  MSE_R=1.1554e-03  MSE_ω=1.3984e-01
  sigma: σ_R=1.4485e-02  σ_ω=1.5939e-01  β=1.0000e+00
  PL   : train=-9.8199e-01  test=-9.6340e-01  σ_φ̄(train)=8.0056e-05  σ_φ̄(test)=6.7778e-06  σ_obs_ω=5.0000e-01  λ_PL=1.00
  KL   : M=1.161e+03  V=3.956e+02  Dw=1.372e+03  g=2.142e+03  sigma=7.952e+01  total=5.150e+03
  subnet MSE  M=1.737e+00  V=1.269e+01  Dw=3.600e-02  g=2.956e-01
[step   4600]
  train: −ELBO=-1.0185e+01  NLL=-9.7026e+00  NLL_R=-8.4467e+00  NLL_ω=-1.2559e+00  MSE_R=6.2961e-04  MSE_ω=7.6037e-02
  test : −ELBO=-7.6608e+00  NLL=-7.1945e+00  NLL_R=-7.1965e+00  NLL_ω=1.9777e-03  MSE_R=1.1534e-03  MSE_ω=1.3976e-01
  sigma: σ_R=1.4474e-02  σ_ω=1.5916e-01  β=1.0000e+00
  PL   : train=-9.8182e-01  test=-9.6558e-01  σ_φ̄(train)=6.4290e-05  σ_φ̄(test)=4.9997e-06  σ_obs_ω=5.0000e-01  λ_PL=1.00
  KL   : M=1.150e+03  V=3.947e+02  Dw=1.367e+03  g=2.127e+03  sigma=7.583e+01  total=5.114e+03
  subnet MSE  M=1.751e+00  V=1.269e+01  Dw=3.604e-02  g=2.956e-01
[step   4650]
  train: −ELBO=-1.0200e+01  NLL=-9.7137e+00  NLL_R=-8.4517e+00  NLL_ω=-1.2621e+00  MSE_R=6.2753e-04  MSE_ω=7.5726e-02
  test : −ELBO=-7.6524e+00  NLL=-7.1828e+00  NLL_R=-7.1896e+00  NLL_ω=6.7892e-03  MSE_R=1.1544e-03  MSE_ω=1.3980e-01
  sigma: σ_R=1.4445e-02  σ_ω=1.5891e-01  β=1.0000e+00
  PL   : train=-9.8226e-01  test=-9.6565e-01  σ_φ̄(train)=7.3630e-05  σ_φ̄(test)=4.1499e-06  σ_obs_ω=5.0000e-01  λ_PL=1.00
  KL   : M=1.139e+03  V=3.939e+02  Dw=1.363e+03  g=2.113e+03  sigma=7.219e+01  total=5.080e+03
  subnet MSE  M=1.748e+00  V=1.266e+01  Dw=3.650e-02  g=2.961e-01
[step   4700]
  train: −ELBO=-1.0213e+01  NLL=-9.7235e+00  NLL_R=-8.4571e+00  NLL_ω=-1.2664e+00  MSE_R=6.2525e-04  MSE_ω=7.5508e-02
  test : −ELBO=-7.6263e+00  NLL=-7.1558e+00  NLL_R=-7.1768e+00  NLL_ω=2.0925e-02  MSE_R=1.1589e-03  MSE_ω=1.4035e-01
  sigma: σ_R=1.4436e-02  σ_ω=1.5870e-01  β=1.0000e+00
  PL   : train=-9.8216e-01  test=-9.6339e-01  σ_φ̄(train)=8.2022e-05  σ_φ̄(test)=3.3278e-06  σ_obs_ω=5.0000e-01  λ_PL=1.00
  KL   : M=1.129e+03  V=3.929e+02  Dw=1.359e+03  g=2.099e+03  sigma=6.887e+01  total=5.048e+03
  subnet MSE  M=1.743e+00  V=1.266e+01  Dw=3.651e-02  g=2.959e-01
[step   4750]
  train: −ELBO=-1.0220e+01  NLL=-9.7282e+00  NLL_R=-8.4594e+00  NLL_ω=-1.2688e+00  MSE_R=6.2432e-04  MSE_ω=7.5386e-02
  test : −ELBO=-7.6139e+00  NLL=-7.1390e+00  NLL_R=-7.1678e+00  NLL_ω=2.8856e-02  MSE_R=1.1614e-03  MSE_ω=1.4067e-01
  sigma: σ_R=1.4418e-02  σ_ω=1.5860e-01  β=1.0000e+00
  PL   : train=-9.8230e-01  test=-9.6540e-01  σ_φ̄(train)=4.8142e-05  σ_φ̄(test)=2.7670e-06  σ_obs_ω=5.0000e-01  λ_PL=1.00
  KL   : M=1.120e+03  V=3.922e+02  Dw=1.356e+03  g=2.088e+03  sigma=6.632e+01  total=5.023e+03
  subnet MSE  M=1.739e+00  V=1.268e+01  Dw=3.625e-02  g=2.957e-01
[step   4800]
  train: −ELBO=-1.0236e+01  NLL=-9.7409e+00  NLL_R=-8.4665e+00  NLL_ω=-1.2744e+00  MSE_R=6.2136e-04  MSE_ω=7.5105e-02
  test : −ELBO=-7.5694e+00  NLL=-7.0913e+00  NLL_R=-7.1439e+00  NLL_ω=5.2612e-02  MSE_R=1.1699e-03  MSE_ω=1.4162e-01
  sigma: σ_R=1.4400e-02  σ_ω=1.5832e-01  β=1.0000e+00
  PL   : train=-9.8223e-01  test=-9.6507e-01  σ_φ̄(train)=4.7430e-05  σ_φ̄(test)=2.2491e-06  σ_obs_ω=5.0000e-01  λ_PL=1.00
  KL   : M=1.109e+03  V=3.911e+02  Dw=1.352e+03  g=2.073e+03  sigma=6.274e+01  total=4.988e+03
  subnet MSE  M=1.738e+00  V=1.263e+01  Dw=3.640e-02  g=2.961e-01
[step   4850]
  train: −ELBO=-1.0245e+01  NLL=-9.7462e+00  NLL_R=-8.4695e+00  NLL_ω=-1.2767e+00  MSE_R=6.2012e-04  MSE_ω=7.4991e-02
  test : −ELBO=-7.5443e+00  NLL=-7.0633e+00  NLL_R=-7.1286e+00  NLL_ω=6.5279e-02  MSE_R=1.1743e-03  MSE_ω=1.4209e-01
  sigma: σ_R=1.4374e-02  σ_ω=1.5812e-01  β=1.0000e+00
  PL   : train=-9.8179e-01  test=-9.6420e-01  σ_φ̄(train)=4.0794e-05  σ_φ̄(test)=1.6350e-06  σ_obs_ω=5.0000e-01  λ_PL=1.00
  KL   : M=1.097e+03  V=3.897e+02  Dw=1.347e+03  g=2.055e+03  sigma=5.903e+01  total=4.949e+03
  subnet MSE  M=1.740e+00  V=1.257e+01  Dw=3.655e-02  g=2.949e-01
[step   4900]
  train: −ELBO=-1.0260e+01  NLL=-9.7575e+00  NLL_R=-8.4751e+00  NLL_ω=-1.2824e+00  MSE_R=6.1782e-04  MSE_ω=7.4707e-02
  test : −ELBO=-7.5295e+00  NLL=-7.0452e+00  NLL_R=-7.1193e+00  NLL_ω=7.4093e-02  MSE_R=1.1767e-03  MSE_ω=1.4232e-01
  sigma: σ_R=1.4357e-02  σ_ω=1.5787e-01  β=1.0000e+00
  PL   : train=-9.8262e-01  test=-9.6465e-01  σ_φ̄(train)=3.9640e-05  σ_φ̄(test)=1.3998e-06  σ_obs_ω=5.0000e-01  λ_PL=1.00
  KL   : M=1.088e+03  V=3.887e+02  Dw=1.344e+03  g=2.042e+03  sigma=5.609e+01  total=4.920e+03
  subnet MSE  M=1.738e+00  V=1.264e+01  Dw=3.665e-02  g=2.962e-01
[step   4950]
  train: −ELBO=-1.0263e+01  NLL=-9.7577e+00  NLL_R=-8.4751e+00  NLL_ω=-1.2826e+00  MSE_R=6.1782e-04  MSE_ω=7.4694e-02
  test : −ELBO=-7.5123e+00  NLL=-7.0250e+00  NLL_R=-7.1124e+00  NLL_ω=8.7404e-02  MSE_R=1.1793e-03  MSE_ω=1.4287e-01
  sigma: σ_R=1.4352e-02  σ_ω=1.5774e-01  β=1.0000e+00
  PL   : train=-9.8270e-01  test=-9.6496e-01  σ_φ̄(train)=3.2325e-05  σ_φ̄(test)=1.0650e-06  σ_obs_ω=5.0000e-01  λ_PL=1.00
  KL   : M=1.080e+03  V=3.876e+02  Dw=1.341e+03  g=2.030e+03  sigma=5.357e+01  total=4.891e+03
  subnet MSE  M=1.745e+00  V=1.261e+01  Dw=3.678e-02  g=2.964e-01
[step   5000]
  train: −ELBO=-1.0275e+01  NLL=-9.7685e+00  NLL_R=-8.4813e+00  NLL_ω=-1.2872e+00  MSE_R=6.1525e-04  MSE_ω=7.4467e-02
  test : −ELBO=-7.4777e+00  NLL=-6.9886e+00  NLL_R=-7.0927e+00  NLL_ω=1.0412e-01  MSE_R=1.1857e-03  MSE_ω=1.4358e-01
  sigma: σ_R=1.4332e-02  σ_ω=1.5760e-01  β=1.0000e+00
  PL   : train=-9.8243e-01  test=-9.6456e-01  σ_φ̄(train)=3.2256e-05  σ_φ̄(test)=9.1538e-07  σ_obs_ω=5.0000e-01  λ_PL=1.00
  KL   : M=1.073e+03  V=3.867e+02  Dw=1.339e+03  g=2.020e+03  sigma=5.145e+01  total=4.869e+03
  subnet MSE  M=1.732e+00  V=1.261e+01  Dw=3.671e-02  g=2.961e-01
[step   5050]
  train: −ELBO=-1.0286e+01  NLL=-9.7752e+00  NLL_R=-8.4842e+00  NLL_ω=-1.2909e+00  MSE_R=6.1406e-04  MSE_ω=7.4281e-02
  test : −ELBO=-7.4738e+00  NLL=-6.9813e+00  NLL_R=-7.0886e+00  NLL_ω=1.0732e-01  MSE_R=1.1864e-03  MSE_ω=1.4360e-01
  sigma: σ_R=1.4322e-02  σ_ω=1.5744e-01  β=1.0000e+00
  PL   : train=-9.8290e-01  test=-9.6491e-01  σ_φ̄(train)=3.3991e-05  σ_φ̄(test)=5.8960e-07  σ_obs_ω=5.0000e-01  λ_PL=1.00
  KL   : M=1.063e+03  V=3.855e+02  Dw=1.335e+03  g=2.005e+03  sigma=4.906e+01  total=4.838e+03
  subnet MSE  M=1.723e+00  V=1.263e+01  Dw=3.655e-02  g=2.971e-01
[step   5100]
  train: −ELBO=-1.0289e+01  NLL=-9.7759e+00  NLL_R=-8.4835e+00  NLL_ω=-1.2924e+00  MSE_R=6.1436e-04  MSE_ω=7.4211e-02
  test : −ELBO=-7.4521e+00  NLL=-6.9573e+00  NLL_R=-7.0751e+00  NLL_ω=1.1787e-01  MSE_R=1.1896e-03  MSE_ω=1.4394e-01
  sigma: σ_R=1.4291e-02  σ_ω=1.5724e-01  β=1.0000e+00
  PL   : train=-9.8285e-01  test=-9.6483e-01  σ_φ̄(train)=2.0090e-05  σ_φ̄(test)=5.2103e-07  σ_obs_ω=5.0000e-01  λ_PL=1.00
  KL   : M=1.055e+03  V=3.843e+02  Dw=1.333e+03  g=1.994e+03  sigma=4.675e+01  total=4.813e+03
  subnet MSE  M=1.729e+00  V=1.264e+01  Dw=3.686e-02  g=2.972e-01
[step   5150]
  train: −ELBO=-1.0291e+01  NLL=-9.7763e+00  NLL_R=-8.4846e+00  NLL_ω=-1.2917e+00  MSE_R=6.1392e-04  MSE_ω=7.4242e-02
  test : −ELBO=-7.4174e+00  NLL=-6.9213e+00  NLL_R=-7.0581e+00  NLL_ω=1.3684e-01  MSE_R=1.1969e-03  MSE_ω=1.4484e-01
  sigma: σ_R=1.4294e-02  σ_ω=1.5718e-01  β=1.0000e+00
  PL   : train=-9.8294e-01  test=-9.6439e-01  σ_φ̄(train)=2.1117e-05  σ_φ̄(test)=3.7554e-07  σ_obs_ω=5.0000e-01  λ_PL=1.00
  KL   : M=1.050e+03  V=3.835e+02  Dw=1.331e+03  g=1.986e+03  sigma=4.560e+01  total=4.796e+03
  subnet MSE  M=1.723e+00  V=1.263e+01  Dw=3.695e-02  g=2.969e-01
[step   5200]
  train: −ELBO=-1.0315e+01  NLL=-9.7980e+00  NLL_R=-8.4959e+00  NLL_ω=-1.3020e+00  MSE_R=6.0929e-04  MSE_ω=7.3733e-02
  test : −ELBO=-7.3836e+00  NLL=-6.8853e+00  NLL_R=-7.0392e+00  NLL_ω=1.5381e-01  MSE_R=1.2019e-03  MSE_ω=1.4544e-01
  sigma: σ_R=1.4262e-02  σ_ω=1.5694e-01  β=1.0000e+00
  PL   : train=-9.8301e-01  test=-9.6419e-01  σ_φ̄(train)=2.0090e-05  σ_φ̄(test)=2.6592e-07  σ_obs_ω=5.0000e-01  λ_PL=1.00
  KL   : M=1.042e+03  V=3.822e+02  Dw=1.329e+03  g=1.975e+03  sigma=4.379e+01  total=4.772e+03
  subnet MSE  M=1.728e+00  V=1.261e+01  Dw=3.701e-02  g=2.967e-01
[step   5250]
  train: −ELBO=-1.0324e+01  NLL=-9.8043e+00  NLL_R=-8.4993e+00  NLL_ω=-1.3050e+00  MSE_R=6.0791e-04  MSE_ω=7.3589e-02
  test : −ELBO=-7.3628e+00  NLL=-6.8620e+00  NLL_R=-7.0285e+00  NLL_ω=1.6648e-01  MSE_R=1.2058e-03  MSE_ω=1.4593e-01
  sigma: σ_R=1.4261e-02  σ_ω=1.5679e-01  β=1.0000e+00
  PL   : train=-9.8305e-01  test=-9.6437e-01  σ_φ̄(train)=1.4464e-05  σ_φ̄(test)=2.3362e-07  σ_obs_ω=5.0000e-01  λ_PL=1.00
  KL   : M=1.035e+03  V=3.810e+02  Dw=1.327e+03  g=1.963e+03  sigma=4.187e+01  total=4.747e+03
  subnet MSE  M=1.723e+00  V=1.263e+01  Dw=3.678e-02  g=2.972e-01
[step   5300]
  train: −ELBO=-1.0323e+01  NLL=-9.8018e+00  NLL_R=-8.4974e+00  NLL_ω=-1.3044e+00  MSE_R=6.0871e-04  MSE_ω=7.3617e-02
  test : −ELBO=-7.3386e+00  NLL=-6.8362e+00  NLL_R=-7.0143e+00  NLL_ω=1.7811e-01  MSE_R=1.2095e-03  MSE_ω=1.4633e-01
  sigma: σ_R=1.4232e-02  σ_ω=1.5660e-01  β=1.0000e+00
  PL   : train=-9.8264e-01  test=-9.6374e-01  σ_φ̄(train)=1.5341e-05  σ_φ̄(test)=1.9522e-07  σ_obs_ω=5.0000e-01  λ_PL=1.00
  KL   : M=1.028e+03  V=3.798e+02  Dw=1.325e+03  g=1.952e+03  sigma=4.023e+01  total=4.725e+03
  subnet MSE  M=1.716e+00  V=1.258e+01  Dw=3.758e-02  g=2.968e-01
[step   5350]
  train: −ELBO=-1.0339e+01  NLL=-9.8148e+00  NLL_R=-8.5049e+00  NLL_ω=-1.3098e+00  MSE_R=6.0565e-04  MSE_ω=7.3352e-02
  test : −ELBO=-7.3138e+00  NLL=-6.8081e+00  NLL_R=-7.0016e+00  NLL_ω=1.9343e-01  MSE_R=1.2131e-03  MSE_ω=1.4685e-01
  sigma: σ_R=1.4215e-02  σ_ω=1.5636e-01  β=1.0000e+00
  PL   : train=-9.8316e-01  test=-9.6429e-01  σ_φ̄(train)=1.3963e-05  σ_φ̄(test)=1.7480e-07  σ_obs_ω=5.0000e-01  λ_PL=1.00
  KL   : M=1.020e+03  V=3.783e+02  Dw=1.322e+03  g=1.939e+03  sigma=3.817e+01  total=4.697e+03
  subnet MSE  M=1.713e+00  V=1.265e+01  Dw=3.695e-02  g=2.974e-01
[step   5400]
  train: −ELBO=-1.0344e+01  NLL=-9.8171e+00  NLL_R=-8.5061e+00  NLL_ω=-1.3109e+00  MSE_R=6.0516e-04  MSE_ω=7.3297e-02
  test : −ELBO=-7.2774e+00  NLL=-6.7696e+00  NLL_R=-6.9809e+00  NLL_ω=2.1131e-01  MSE_R=1.2185e-03  MSE_ω=1.4754e-01
  sigma: σ_R=1.4180e-02  σ_ω=1.5616e-01  β=1.0000e+00
  PL   : train=-9.8339e-01  test=-9.6398e-01  σ_φ̄(train)=2.0126e-05  σ_φ̄(test)=1.5225e-07  σ_obs_ω=5.0000e-01  λ_PL=1.00
  KL   : M=1.012e+03  V=3.767e+02  Dw=1.320e+03  g=1.927e+03  sigma=3.637e+01  total=4.672e+03
  subnet MSE  M=1.720e+00  V=1.264e+01  Dw=3.688e-02  g=2.976e-01
[step   5450]
  train: −ELBO=-1.0374e+01  NLL=-9.8440e+00  NLL_R=-8.5208e+00  NLL_ω=-1.3233e+00  MSE_R=5.9928e-04  MSE_ω=7.2697e-02
  test : −ELBO=-7.2278e+00  NLL=-6.7176e+00  NLL_R=-6.9551e+00  NLL_ω=2.3750e-01  MSE_R=1.2274e-03  MSE_ω=1.4853e-01
  sigma: σ_R=1.4172e-02  σ_ω=1.5588e-01  β=1.0000e+00
  PL   : train=-9.8320e-01  test=-9.6339e-01  σ_φ̄(train)=1.0442e-05  σ_φ̄(test)=1.0171e-07  σ_obs_ω=5.0000e-01  λ_PL=1.00
  KL   : M=1.002e+03  V=3.747e+02  Dw=1.317e+03  g=1.912e+03  sigma=3.445e+01  total=4.641e+03
  subnet MSE  M=1.710e+00  V=1.264e+01  Dw=3.692e-02  g=2.974e-01
[step   5500]
  train: −ELBO=-1.0372e+01  NLL=-9.8398e+00  NLL_R=-8.5169e+00  NLL_ω=-1.3229e+00  MSE_R=6.0083e-04  MSE_ω=7.2717e-02
  test : −ELBO=-7.1906e+00  NLL=-6.6775e+00  NLL_R=-6.9340e+00  NLL_ω=2.5647e-01  MSE_R=1.2332e-03  MSE_ω=1.4928e-01
  sigma: σ_R=1.4131e-02  σ_ω=1.5569e-01  β=1.0000e+00
  PL   : train=-9.8313e-01  test=-9.6352e-01  σ_φ̄(train)=1.4897e-05  σ_φ̄(test)=8.7814e-08  σ_obs_ω=5.0000e-01  λ_PL=1.00
  KL   : M=9.938e+02  V=3.728e+02  Dw=1.315e+03  g=1.899e+03  sigma=3.244e+01  total=4.613e+03
  subnet MSE  M=1.709e+00  V=1.264e+01  Dw=3.711e-02  g=2.979e-01
[step   5550]
  train: −ELBO=-1.0388e+01  NLL=-9.8524e+00  NLL_R=-8.5242e+00  NLL_ω=-1.3283e+00  MSE_R=5.9792e-04  MSE_ω=7.2456e-02
  test : −ELBO=-7.1186e+00  NLL=-6.6027e+00  NLL_R=-6.8972e+00  NLL_ω=2.9453e-01  MSE_R=1.2465e-03  MSE_ω=1.5091e-01
  sigma: σ_R=1.4116e-02  σ_ω=1.5549e-01  β=1.0000e+00
  PL   : train=-9.8365e-01  test=-9.6353e-01  σ_φ̄(train)=1.2616e-05  σ_φ̄(test)=6.7519e-08  σ_obs_ω=5.0000e-01  λ_PL=1.00
  KL   : M=9.845e+02  V=3.708e+02  Dw=1.313e+03  g=1.885e+03  sigma=3.060e+01  total=4.584e+03
  subnet MSE  M=1.706e+00  V=1.257e+01  Dw=3.741e-02  g=2.988e-01
[step   5600]
  train: −ELBO=-1.0398e+01  NLL=-9.8603e+00  NLL_R=-8.5275e+00  NLL_ω=-1.3328e+00  MSE_R=5.9661e-04  MSE_ω=7.2237e-02
  test : −ELBO=-7.1388e+00  NLL=-6.6216e+00  NLL_R=-6.9099e+00  NLL_ω=2.8832e-01  MSE_R=1.2418e-03  MSE_ω=1.5033e-01
  sigma: σ_R=1.4126e-02  σ_ω=1.5520e-01  β=1.0000e+00
  PL   : train=-9.8339e-01  test=-9.6317e-01  σ_φ̄(train)=1.0210e-05  σ_φ̄(test)=5.0160e-08  σ_obs_ω=5.0000e-01  λ_PL=1.00
  KL   : M=9.787e+02  V=3.693e+02  Dw=1.312e+03  g=1.876e+03  sigma=2.963e+01  total=4.566e+03
  subnet MSE  M=1.710e+00  V=1.261e+01  Dw=3.693e-02  g=2.976e-01
[step   5650]
  train: −ELBO=-1.0406e+01  NLL=-9.8671e+00  NLL_R=-8.5320e+00  NLL_ω=-1.3351e+00  MSE_R=5.9479e-04  MSE_ω=7.2128e-02
  test : −ELBO=-7.0880e+00  NLL=-6.5694e+00  NLL_R=-6.8811e+00  NLL_ω=3.1169e-01  MSE_R=1.2500e-03  MSE_ω=1.5145e-01
  sigma: σ_R=1.4090e-02  σ_ω=1.5520e-01  β=1.0000e+00
  PL   : train=-9.8347e-01  test=-9.6308e-01  σ_φ̄(train)=7.7648e-06  σ_φ̄(test)=3.9360e-08  σ_obs_ω=5.0000e-01  λ_PL=1.00
  KL   : M=9.743e+02  V=3.682e+02  Dw=1.311e+03  g=1.869e+03  sigma=2.900e+01  total=4.552e+03
  subnet MSE  M=1.705e+00  V=1.263e+01  Dw=3.723e-02  g=2.979e-01
[step   5700]
  train: −ELBO=-1.0414e+01  NLL=-9.8732e+00  NLL_R=-8.5353e+00  NLL_ω=-1.3379e+00  MSE_R=5.9351e-04  MSE_ω=7.1993e-02
  test : −ELBO=-7.0556e+00  NLL=-6.5357e+00  NLL_R=-6.8627e+00  NLL_ω=3.2704e-01  MSE_R=1.2550e-03  MSE_ω=1.5193e-01
  sigma: σ_R=1.4063e-02  σ_ω=1.5495e-01  β=1.0000e+00
  PL   : train=-9.8323e-01  test=-9.6237e-01  σ_φ̄(train)=1.8350e-05  σ_φ̄(test)=2.1031e-08  σ_obs_ω=5.0000e-01  λ_PL=1.00
  KL   : M=9.677e+02  V=3.666e+02  Dw=1.310e+03  g=1.859e+03  sigma=2.832e+01  total=4.532e+03
  subnet MSE  M=1.717e+00  V=1.263e+01  Dw=3.729e-02  g=2.979e-01
[step   5750]
  train: −ELBO=-1.0429e+01  NLL=-9.8862e+00  NLL_R=-8.5417e+00  NLL_ω=-1.3445e+00  MSE_R=5.9098e-04  MSE_ω=7.1678e-02
  test : −ELBO=-7.0015e+00  NLL=-6.4797e+00  NLL_R=-6.8350e+00  NLL_ω=3.5526e-01  MSE_R=1.2640e-03  MSE_ω=1.5302e-01
  sigma: σ_R=1.4044e-02  σ_ω=1.5469e-01  β=1.0000e+00
  PL   : train=-9.8372e-01  test=-9.6240e-01  σ_φ̄(train)=3.1574e-06  σ_φ̄(test)=1.4378e-08  σ_obs_ω=5.0000e-01  λ_PL=1.00
  KL   : M=9.613e+02  V=3.650e+02  Dw=1.309e+03  g=1.849e+03  sigma=2.761e+01  total=4.513e+03
  subnet MSE  M=1.705e+00  V=1.265e+01  Dw=3.722e-02  g=2.985e-01
[step   5800]
  train: −ELBO=-1.0429e+01  NLL=-9.8853e+00  NLL_R=-8.5415e+00  NLL_ω=-1.3438e+00  MSE_R=5.9104e-04  MSE_ω=7.1709e-02
  test : −ELBO=-6.9578e+00  NLL=-6.4348e+00  NLL_R=-6.8140e+00  NLL_ω=3.7926e-01  MSE_R=1.2749e-03  MSE_ω=1.5428e-01
  sigma: σ_R=1.4069e-02  σ_ω=1.5479e-01  β=1.0000e+00
  PL   : train=-9.8364e-01  test=-9.6249e-01  σ_φ̄(train)=5.1271e-06  σ_φ̄(test)=1.5065e-08  σ_obs_ω=5.0000e-01  λ_PL=1.00
  KL   : M=9.575e+02  V=3.639e+02  Dw=1.309e+03  g=1.843e+03  sigma=2.676e+01  total=4.501e+03
  subnet MSE  M=1.705e+00  V=1.266e+01  Dw=3.738e-02  g=2.990e-01
[step   5850]
  train: −ELBO=-1.0427e+01  NLL=-9.8818e+00  NLL_R=-8.5386e+00  NLL_ω=-1.3432e+00  MSE_R=5.9218e-04  MSE_ω=7.1741e-02
  test : −ELBO=-6.9488e+00  NLL=-6.4316e+00  NLL_R=-6.8112e+00  NLL_ω=3.7961e-01  MSE_R=1.2737e-03  MSE_ω=1.5412e-01
  sigma: σ_R=1.4044e-02  σ_ω=1.5462e-01  β=1.0000e+00
  PL   : train=-9.8362e-01  test=-9.5564e-01  σ_φ̄(train)=4.8891e-06  σ_φ̄(test)=1.3835e-08  σ_obs_ω=5.0000e-01  λ_PL=1.00
  KL   : M=9.538e+02  V=3.630e+02  Dw=1.308e+03  g=1.838e+03  sigma=2.621e+01  total=4.490e+03
  subnet MSE  M=1.707e+00  V=1.258e+01  Dw=3.755e-02  g=2.990e-01
[step   5900]
  train: −ELBO=-1.0434e+01  NLL=-9.8869e+00  NLL_R=-8.5414e+00  NLL_ω=-1.3456e+00  MSE_R=5.9111e-04  MSE_ω=7.1624e-02
  test : −ELBO=-6.9200e+00  NLL=-6.3948e+00  NLL_R=-6.7935e+00  NLL_ω=3.9869e-01  MSE_R=1.2792e-03  MSE_ω=1.5477e-01
  sigma: σ_R=1.4031e-02  σ_ω=1.5438e-01  β=1.0000e+00
  PL   : train=-9.8406e-01  test=-9.6260e-01  σ_φ̄(train)=2.7618e-06  σ_φ̄(test)=8.8483e-09  σ_obs_ω=5.0000e-01  λ_PL=1.00
  KL   : M=9.499e+02  V=3.618e+02  Dw=1.308e+03  g=1.833e+03  sigma=2.606e+01  total=4.479e+03
  subnet MSE  M=1.699e+00  V=1.263e+01  Dw=3.741e-02  g=2.993e-01
[step   5950]
  train: −ELBO=-1.0446e+01  NLL=-9.8980e+00  NLL_R=-8.5480e+00  NLL_ω=-1.3500e+00  MSE_R=5.8849e-04  MSE_ω=7.1416e-02
  test : −ELBO=-6.8897e+00  NLL=-6.3636e+00  NLL_R=-6.7786e+00  NLL_ω=4.1499e-01  MSE_R=1.2819e-03  MSE_ω=1.5527e-01
  sigma: σ_R=1.4000e-02  σ_ω=1.5413e-01  β=1.0000e+00
  PL   : train=-9.8394e-01  test=-9.6207e-01  σ_φ̄(train)=4.7739e-06  σ_φ̄(test)=7.5777e-09  σ_obs_ω=5.0000e-01  λ_PL=1.00
  KL   : M=9.442e+02  V=3.603e+02  Dw=1.307e+03  g=1.827e+03  sigma=2.552e+01  total=4.465e+03
  subnet MSE  M=1.697e+00  V=1.263e+01  Dw=3.729e-02  g=2.990e-01
[step   6000]
  train: −ELBO=-1.0456e+01  NLL=-9.9077e+00  NLL_R=-8.5520e+00  NLL_ω=-1.3556e+00  MSE_R=5.8692e-04  MSE_ω=7.1145e-02
  test : −ELBO=-6.8677e+00  NLL=-6.3408e+00  NLL_R=-6.7651e+00  NLL_ω=4.2428e-01  MSE_R=1.2860e-03  MSE_ω=1.5572e-01
  sigma: σ_R=1.3991e-02  σ_ω=1.5414e-01  β=1.0000e+00
  PL   : train=-9.8390e-01  test=-9.6201e-01  σ_φ̄(train)=2.1275e-06  σ_φ̄(test)=5.8346e-09  σ_obs_ω=5.0000e-01  λ_PL=1.00
  KL   : M=9.414e+02  V=3.594e+02  Dw=1.307e+03  g=1.823e+03  sigma=2.546e+01  total=4.456e+03
  subnet MSE  M=1.691e+00  V=1.261e+01  Dw=3.746e-02  g=2.989e-01
[step   6050]
  train: −ELBO=-1.0465e+01  NLL=-9.9149e+00  NLL_R=-8.5564e+00  NLL_ω=-1.3585e+00  MSE_R=5.8522e-04  MSE_ω=7.1009e-02
  test : −ELBO=-6.8322e+00  NLL=-6.3141e+00  NLL_R=-6.7520e+00  NLL_ω=4.3788e-01  MSE_R=1.2904e-03  MSE_ω=1.5618e-01
  sigma: σ_R=1.3980e-02  σ_ω=1.5396e-01  β=1.0000e+00
  PL   : train=-9.8425e-01  test=-9.5206e-01  σ_φ̄(train)=2.0339e-06  σ_φ̄(test)=5.2641e-09  σ_obs_ω=5.0000e-01  λ_PL=1.00
  KL   : M=9.372e+02  V=3.582e+02  Dw=1.306e+03  g=1.818e+03  sigma=2.493e+01  total=4.444e+03
  subnet MSE  M=1.696e+00  V=1.263e+01  Dw=3.706e-02  g=2.994e-01
[step   6100]
  train: −ELBO=-1.0461e+01  NLL=-9.9103e+00  NLL_R=-8.5536e+00  NLL_ω=-1.3567e+00  MSE_R=5.8630e-04  MSE_ω=7.1094e-02
  test : −ELBO=-6.8415e+00  NLL=-6.3128e+00  NLL_R=-6.7514e+00  NLL_ω=4.3859e-01  MSE_R=1.2898e-03  MSE_ω=1.5610e-01
  sigma: σ_R=1.3970e-02  σ_ω=1.5387e-01  β=1.0000e+00
  PL   : train=-9.8373e-01  test=-9.6164e-01  σ_φ̄(train)=4.6095e-06  σ_φ̄(test)=5.5942e-09  σ_obs_ω=5.0000e-01  λ_PL=1.00
  KL   : M=9.332e+02  V=3.570e+02  Dw=1.306e+03  g=1.813e+03  sigma=2.424e+01  total=4.433e+03
  subnet MSE  M=1.689e+00  V=1.262e+01  Dw=3.743e-02  g=2.987e-01
[step   6150]
  train: −ELBO=-1.0473e+01  NLL=-9.9212e+00  NLL_R=-8.5591e+00  NLL_ω=-1.3621e+00  MSE_R=5.8418e-04  MSE_ω=7.0840e-02
  test : −ELBO=-6.8174e+00  NLL=-6.2872e+00  NLL_R=-6.7386e+00  NLL_ω=4.5136e-01  MSE_R=1.2928e-03  MSE_ω=1.5654e-01
  sigma: σ_R=1.3949e-02  σ_ω=1.5372e-01  β=1.0000e+00
  PL   : train=-9.8417e-01  test=-9.6212e-01  σ_φ̄(train)=2.7410e-06  σ_φ̄(test)=5.8140e-09  σ_obs_ω=5.0000e-01  λ_PL=1.00
  KL   : M=9.297e+02  V=3.558e+02  Dw=1.306e+03  g=1.808e+03  sigma=2.367e+01  total=4.423e+03
  subnet MSE  M=1.685e+00  V=1.262e+01  Dw=3.756e-02  g=2.999e-01
[step   6200]
  train: −ELBO=-1.0479e+01  NLL=-9.9263e+00  NLL_R=-8.5626e+00  NLL_ω=-1.3637e+00  MSE_R=5.8280e-04  MSE_ω=7.0762e-02
  test : −ELBO=-6.7704e+00  NLL=-6.2400e+00  NLL_R=-6.7118e+00  NLL_ω=4.7182e-01  MSE_R=1.2994e-03  MSE_ω=1.5729e-01
  sigma: σ_R=1.3914e-02  σ_ω=1.5353e-01  β=1.0000e+00
  PL   : train=-9.8379e-01  test=-9.6119e-01  σ_φ̄(train)=2.6361e-06  σ_φ̄(test)=6.4962e-09  σ_obs_ω=5.0000e-01  λ_PL=1.00
  KL   : M=9.253e+02  V=3.544e+02  Dw=1.306e+03  g=1.803e+03  sigma=2.288e+01  total=4.411e+03
  subnet MSE  M=1.685e+00  V=1.258e+01  Dw=3.739e-02  g=2.985e-01
[step   6250]
  train: −ELBO=-1.0497e+01  NLL=-9.9426e+00  NLL_R=-8.5703e+00  NLL_ω=-1.3723e+00  MSE_R=5.7982e-04  MSE_ω=7.0359e-02
  test : −ELBO=-6.7456e+00  NLL=-6.2139e+00  NLL_R=-6.6994e+00  NLL_ω=4.8550e-01  MSE_R=1.3026e-03  MSE_ω=1.5769e-01
  sigma: σ_R=1.3896e-02  σ_ω=1.5332e-01  β=1.0000e+00
  PL   : train=-9.8401e-01  test=-9.6139e-01  σ_φ̄(train)=5.0636e-06  σ_φ̄(test)=6.8552e-09  σ_obs_ω=5.0000e-01  λ_PL=1.00
  KL   : M=9.211e+02  V=3.531e+02  Dw=1.306e+03  g=1.798e+03  sigma=2.218e+01  total=4.400e+03
  subnet MSE  M=1.678e+00  V=1.263e+01  Dw=3.785e-02  g=2.989e-01
[step   6300]
  train: −ELBO=-1.0497e+01  NLL=-9.9416e+00  NLL_R=-8.5697e+00  NLL_ω=-1.3719e+00  MSE_R=5.8007e-04  MSE_ω=7.0378e-02
  test : −ELBO=-6.7354e+00  NLL=-6.2032e+00  NLL_R=-6.6957e+00  NLL_ω=4.9256e-01  MSE_R=1.3056e-03  MSE_ω=1.5809e-01
  sigma: σ_R=1.3909e-02  σ_ω=1.5338e-01  β=1.0000e+00
  PL   : train=-9.8381e-01  test=-9.6094e-01  σ_φ̄(train)=6.8096e-06  σ_φ̄(test)=7.4047e-09  σ_obs_ω=5.0000e-01  λ_PL=1.00
  KL   : M=9.178e+02  V=3.518e+02  Dw=1.306e+03  g=1.794e+03  sigma=2.152e+01  total=4.391e+03
  subnet MSE  M=1.674e+00  V=1.253e+01  Dw=3.802e-02  g=2.985e-01
[step   6350]
  train: −ELBO=-1.0502e+01  NLL=-9.9455e+00  NLL_R=-8.5731e+00  NLL_ω=-1.3724e+00  MSE_R=5.7874e-04  MSE_ω=7.0355e-02
  test : −ELBO=-6.6301e+00  NLL=-6.0968e+00  NLL_R=-6.6469e+00  NLL_ω=5.5015e-01  MSE_R=1.3238e-03  MSE_ω=1.6035e-01
  sigma: σ_R=1.3901e-02  σ_ω=1.5301e-01  β=1.0000e+00
  PL   : train=-9.8423e-01  test=-9.6083e-01  σ_φ̄(train)=3.6897e-06  σ_φ̄(test)=4.3160e-09  σ_obs_ω=5.0000e-01  λ_PL=1.00
  KL   : M=9.129e+02  V=3.501e+02  Dw=1.305e+03  g=1.788e+03  sigma=2.124e+01  total=4.378e+03
  subnet MSE  M=1.677e+00  V=1.273e+01  Dw=3.679e-02  g=2.989e-01
[step   6400]
  train: −ELBO=-1.0516e+01  NLL=-9.9583e+00  NLL_R=-8.5785e+00  NLL_ω=-1.3798e+00  MSE_R=5.7666e-04  MSE_ω=7.0007e-02
  test : −ELBO=-6.6341e+00  NLL=-6.0998e+00  NLL_R=-6.6424e+00  NLL_ω=5.4263e-01  MSE_R=1.3192e-03  MSE_ω=1.5976e-01
  sigma: σ_R=1.3847e-02  σ_ω=1.5279e-01  β=1.0000e+00
  PL   : train=-9.8437e-01  test=-9.6101e-01  σ_φ̄(train)=2.0684e-06  σ_φ̄(test)=2.5141e-09  σ_obs_ω=5.0000e-01  λ_PL=1.00
  KL   : M=9.095e+02  V=3.490e+02  Dw=1.305e+03  g=1.785e+03  sigma=2.135e+01  total=4.370e+03
  subnet MSE  M=1.671e+00  V=1.258e+01  Dw=3.764e-02  g=2.996e-01
[step   6450]
  train: −ELBO=-1.0519e+01  NLL=-9.9604e+00  NLL_R=-8.5794e+00  NLL_ω=-1.3810e+00  MSE_R=5.7632e-04  MSE_ω=6.9952e-02
  test : −ELBO=-6.6174e+00  NLL=-6.0819e+00  NLL_R=-6.6348e+00  NLL_ω=5.5287e-01  MSE_R=1.3217e-03  MSE_ω=1.6003e-01
  sigma: σ_R=1.3845e-02  σ_ω=1.5260e-01  β=1.0000e+00
  PL   : train=-9.8452e-01  test=-9.6118e-01  σ_φ̄(train)=3.0832e-06  σ_φ̄(test)=2.7134e-09  σ_obs_ω=5.0000e-01  λ_PL=1.00
  KL   : M=9.056e+02  V=3.477e+02  Dw=1.305e+03  g=1.780e+03  sigma=2.072e+01  total=4.360e+03
  subnet MSE  M=1.669e+00  V=1.260e+01  Dw=3.809e-02  g=2.999e-01
[step   6500]
  train: −ELBO=-1.0533e+01  NLL=-9.9732e+00  NLL_R=-8.5864e+00  NLL_ω=-1.3868e+00  MSE_R=5.7363e-04  MSE_ω=6.9684e-02
  test : −ELBO=-6.5346e+00  NLL=-5.9989e+00  NLL_R=-6.5930e+00  NLL_ω=5.9407e-01  MSE_R=1.3364e-03  MSE_ω=1.6177e-01
  sigma: σ_R=1.3830e-02  σ_ω=1.5247e-01  β=1.0000e+00
  PL   : train=-9.8456e-01  test=-9.6058e-01  σ_φ̄(train)=3.2383e-06  σ_φ̄(test)=2.9013e-09  σ_obs_ω=5.0000e-01  λ_PL=1.00
  KL   : M=9.020e+02  V=3.462e+02  Dw=1.305e+03  g=1.777e+03  sigma=2.011e+01  total=4.351e+03
  subnet MSE  M=1.661e+00  V=1.264e+01  Dw=3.822e-02  g=3.001e-01
[step   6550]
  train: −ELBO=-1.0527e+01  NLL=-9.9674e+00  NLL_R=-8.5824e+00  NLL_ω=-1.3850e+00  MSE_R=5.7516e-04  MSE_ω=6.9768e-02
  test : −ELBO=-6.5337e+00  NLL=-5.9980e+00  NLL_R=-6.5933e+00  NLL_ω=5.9534e-01  MSE_R=1.3367e-03  MSE_ω=1.6176e-01
  sigma: σ_R=1.3835e-02  σ_ω=1.5240e-01  β=1.0000e+00
  PL   : train=-9.8398e-01  test=-9.5988e-01  σ_φ̄(train)=2.8447e-06  σ_φ̄(test)=2.5957e-09  σ_obs_ω=5.0000e-01  λ_PL=1.00
  KL   : M=8.987e+02  V=3.448e+02  Dw=1.306e+03  g=1.775e+03  sigma=1.973e+01  total=4.343e+03
  subnet MSE  M=1.674e+00  V=1.260e+01  Dw=3.839e-02  g=2.991e-01
[step   6600]
  train: −ELBO=-1.0547e+01  NLL=-9.9869e+00  NLL_R=-8.5945e+00  NLL_ω=-1.3924e+00  MSE_R=5.7054e-04  MSE_ω=6.9425e-02
  test : −ELBO=-6.4664e+00  NLL=-5.9308e+00  NLL_R=-6.5561e+00  NLL_ω=6.2527e-01  MSE_R=1.3468e-03  MSE_ω=1.6304e-01
  sigma: σ_R=1.3803e-02  σ_ω=1.5233e-01  β=1.0000e+00
  PL   : train=-9.8417e-01  test=-9.5928e-01  σ_φ̄(train)=7.1217e-06  σ_φ̄(test)=2.6560e-09  σ_obs_ω=5.0000e-01  λ_PL=1.00
  KL   : M=8.962e+02  V=3.437e+02  Dw=1.306e+03  g=1.773e+03  sigma=1.928e+01  total=4.338e+03
  subnet MSE  M=1.668e+00  V=1.261e+01  Dw=3.803e-02  g=2.994e-01
[step   6650]
  train: −ELBO=-1.0557e+01  NLL=-9.9945e+00  NLL_R=-8.5989e+00  NLL_ω=-1.3956e+00  MSE_R=5.6884e-04  MSE_ω=6.9277e-02
  test : −ELBO=-6.4214e+00  NLL=-5.8843e+00  NLL_R=-6.5384e+00  NLL_ω=6.5403e-01  MSE_R=1.3538e-03  MSE_ω=1.6395e-01
  sigma: σ_R=1.3806e-02  σ_ω=1.5197e-01  β=1.0000e+00
  PL   : train=-9.8490e-01  test=-9.5989e-01  σ_φ̄(train)=2.3986e-05  σ_φ̄(test)=2.6254e-09  σ_obs_ω=5.0000e-01  λ_PL=1.00
  KL   : M=8.926e+02  V=3.420e+02  Dw=1.307e+03  g=1.770e+03  sigma=1.862e+01  total=4.330e+03
  subnet MSE  M=1.662e+00  V=1.259e+01  Dw=3.816e-02  g=3.000e-01
[step   6700]
  train: −ELBO=-1.0557e+01  NLL=-9.9949e+00  NLL_R=-8.5974e+00  NLL_ω=-1.3975e+00  MSE_R=5.6944e-04  MSE_ω=6.9188e-02
  test : −ELBO=-6.3881e+00  NLL=-5.8505e+00  NLL_R=-6.5202e+00  NLL_ω=6.6974e-01  MSE_R=1.3587e-03  MSE_ω=1.6449e-01
  sigma: σ_R=1.3783e-02  σ_ω=1.5182e-01  β=1.0000e+00
  PL   : train=-9.8485e-01  test=-9.5983e-01  σ_φ̄(train)=3.4579e-06  σ_φ̄(test)=1.3330e-09  σ_obs_ω=5.0000e-01  λ_PL=1.00
  KL   : M=8.897e+02  V=3.406e+02  Dw=1.307e+03  g=1.768e+03  sigma=1.881e+01  total=4.324e+03
  subnet MSE  M=1.665e+00  V=1.262e+01  Dw=3.790e-02  g=3.005e-01
[step   6750]
  train: −ELBO=-1.0570e+01  NLL=-1.0008e+01  NLL_R=-8.6050e+00  NLL_ω=-1.4027e+00  MSE_R=5.6656e-04  MSE_ω=6.8949e-02
  test : −ELBO=-6.3357e+00  NLL=-5.7985e+00  NLL_R=-6.4917e+00  NLL_ω=6.9314e-01  MSE_R=1.3654e-03  MSE_ω=1.6530e-01
  sigma: σ_R=1.3745e-02  σ_ω=1.5161e-01  β=1.0000e+00
  PL   : train=-9.8458e-01  test=-9.5902e-01  σ_φ̄(train)=1.8629e-06  σ_φ̄(test)=1.2907e-09  σ_obs_ω=5.0000e-01  λ_PL=1.00
  KL   : M=8.873e+02  V=3.393e+02  Dw=1.308e+03  g=1.767e+03  sigma=1.847e+01  total=4.320e+03
  subnet MSE  M=1.658e+00  V=1.262e+01  Dw=3.827e-02  g=2.992e-01
[step   6800]
  train: −ELBO=-1.0581e+01  NLL=-1.0018e+01  NLL_R=-8.6096e+00  NLL_ω=-1.4079e+00  MSE_R=5.6483e-04  MSE_ω=6.8708e-02
  test : −ELBO=-6.3048e+00  NLL=-5.7672e+00  NLL_R=-6.4758e+00  NLL_ω=7.0859e-01  MSE_R=1.3698e-03  MSE_ω=1.6582e-01
  sigma: σ_R=1.3735e-02  σ_ω=1.5147e-01  β=1.0000e+00
  PL   : train=-9.8499e-01  test=-9.5900e-01  σ_φ̄(train)=8.8488e-06  σ_φ̄(test)=1.4248e-09  σ_obs_ω=5.0000e-01  λ_PL=1.00
  KL   : M=8.853e+02  V=3.381e+02  Dw=1.309e+03  g=1.765e+03  sigma=1.798e+01  total=4.315e+03
  subnet MSE  M=1.660e+00  V=1.262e+01  Dw=3.852e-02  g=3.000e-01
[step   6850]
  train: −ELBO=-1.0586e+01  NLL=-1.0023e+01  NLL_R=-8.6126e+00  NLL_ω=-1.4102e+00  MSE_R=5.6368e-04  MSE_ω=6.8602e-02
  test : −ELBO=-6.2729e+00  NLL=-5.7359e+00  NLL_R=-6.4587e+00  NLL_ω=7.2287e-01  MSE_R=1.3748e-03  MSE_ω=1.6635e-01
  sigma: σ_R=1.3724e-02  σ_ω=1.5137e-01  β=1.0000e+00
  PL   : train=-9.8434e-01  test=-9.5805e-01  σ_φ̄(train)=4.0296e-06  σ_φ̄(test)=1.4253e-09  σ_obs_ω=5.0000e-01  λ_PL=1.00
  KL   : M=8.829e+02  V=3.368e+02  Dw=1.310e+03  g=1.764e+03  sigma=1.751e+01  total=4.311e+03
  subnet MSE  M=1.657e+00  V=1.259e+01  Dw=3.871e-02  g=2.988e-01
[step   6900]
  train: −ELBO=-1.0593e+01  NLL=-1.0029e+01  NLL_R=-8.6154e+00  NLL_ω=-1.4136e+00  MSE_R=5.6263e-04  MSE_ω=6.8450e-02
  test : −ELBO=-6.2471e+00  NLL=-5.7092e+00  NLL_R=-6.4457e+00  NLL_ω=7.3657e-01  MSE_R=1.3767e-03  MSE_ω=1.6669e-01
  sigma: σ_R=1.3700e-02  σ_ω=1.5116e-01  β=1.0000e+00
  PL   : train=-9.8455e-01  test=-9.5868e-01  σ_φ̄(train)=8.9775e-06  σ_φ̄(test)=1.4169e-09  σ_obs_ω=5.0000e-01  λ_PL=1.00
  KL   : M=8.813e+02  V=3.359e+02  Dw=1.310e+03  g=1.764e+03  sigma=1.717e+01  total=4.308e+03
  subnet MSE  M=1.660e+00  V=1.260e+01  Dw=3.847e-02  g=2.995e-01
[step   6950]
  train: −ELBO=-1.0600e+01  NLL=-1.0035e+01  NLL_R=-8.6191e+00  NLL_ω=-1.4163e+00  MSE_R=5.6124e-04  MSE_ω=6.8325e-02
  test : −ELBO=-6.2030e+00  NLL=-5.6648e+00  NLL_R=-6.4256e+00  NLL_ω=7.6071e-01  MSE_R=1.3842e-03  MSE_ω=1.6759e-01
  sigma: σ_R=1.3696e-02  σ_ω=1.5098e-01  β=1.0000e+00
  PL   : train=-9.8493e-01  test=-9.5857e-01  σ_φ̄(train)=2.8470e-06  σ_φ̄(test)=1.3239e-09  σ_obs_ω=5.0000e-01  λ_PL=1.00
  KL   : M=8.794e+02  V=3.349e+02  Dw=1.311e+03  g=1.763e+03  sigma=1.684e+01  total=4.305e+03
  subnet MSE  M=1.655e+00  V=1.263e+01  Dw=3.877e-02  g=3.003e-01
[step   7000]
  train: −ELBO=-1.0603e+01  NLL=-1.0039e+01  NLL_R=-8.6210e+00  NLL_ω=-1.4176e+00  MSE_R=5.6054e-04  MSE_ω=6.8265e-02
  test : −ELBO=-6.2020e+00  NLL=-5.6634e+00  NLL_R=-6.4342e+00  NLL_ω=7.7076e-01  MSE_R=1.3847e-03  MSE_ω=1.6771e-01
  sigma: σ_R=1.3726e-02  σ_ω=1.5072e-01  β=1.0000e+00
  PL   : train=-9.8497e-01  test=-9.5878e-01  σ_φ̄(train)=1.9856e-06  σ_φ̄(test)=6.0523e-10  σ_obs_ω=5.0000e-01  λ_PL=1.00
  KL   : M=8.771e+02  V=3.338e+02  Dw=1.312e+03  g=1.763e+03  sigma=1.727e+01  total=4.303e+03
  subnet MSE  M=1.663e+00  V=1.254e+01  Dw=3.814e-02  g=3.002e-01
[step   7050]
  train: −ELBO=-1.0609e+01  NLL=-1.0045e+01  NLL_R=-8.6234e+00  NLL_ω=-1.4213e+00  MSE_R=5.5963e-04  MSE_ω=6.8097e-02
  test : −ELBO=-6.1428e+00  NLL=-5.6049e+00  NLL_R=-6.3909e+00  NLL_ω=7.8599e-01  MSE_R=1.3920e-03  MSE_ω=1.6853e-01
  sigma: σ_R=1.3655e-02  σ_ω=1.5083e-01  β=1.0000e+00
  PL   : train=-9.8462e-01  test=-9.5799e-01  σ_φ̄(train)=1.5085e-06  σ_φ̄(test)=6.5806e-10  σ_obs_ω=5.0000e-01  λ_PL=1.00
  KL   : M=8.755e+02  V=3.330e+02  Dw=1.313e+03  g=1.764e+03  sigma=1.691e+01  total=4.302e+03
  subnet MSE  M=1.651e+00  V=1.261e+01  Dw=3.874e-02  g=2.996e-01
[step   7100]
  train: −ELBO=-1.0609e+01  NLL=-1.0044e+01  NLL_R=-8.6241e+00  NLL_ω=-1.4201e+00  MSE_R=5.5938e-04  MSE_ω=6.8154e-02
  test : −ELBO=-6.1059e+00  NLL=-5.5677e+00  NLL_R=-6.3765e+00  NLL_ω=8.0877e-01  MSE_R=1.3988e-03  MSE_ω=1.6939e-01
  sigma: σ_R=1.3664e-02  σ_ω=1.5069e-01  β=1.0000e+00
  PL   : train=-9.8485e-01  test=-9.5814e-01  σ_φ̄(train)=3.5935e-06  σ_φ̄(test)=7.4394e-10  σ_obs_ω=5.0000e-01  λ_PL=1.00
  KL   : M=8.739e+02  V=3.321e+02  Dw=1.314e+03  g=1.765e+03  sigma=1.647e+01  total=4.301e+03
  subnet MSE  M=1.651e+00  V=1.263e+01  Dw=3.891e-02  g=3.001e-01
[step   7150]
  train: −ELBO=-1.0598e+01  NLL=-1.0033e+01  NLL_R=-8.6191e+00  NLL_ω=-1.4138e+00  MSE_R=5.6127e-04  MSE_ω=6.8440e-02
  test : −ELBO=-6.0843e+00  NLL=-5.5458e+00  NLL_R=-6.3614e+00  NLL_ω=8.1558e-01  MSE_R=1.4031e-03  MSE_ω=1.6985e-01
  sigma: σ_R=1.3656e-02  σ_ω=1.5079e-01  β=1.0000e+00
  PL   : train=-9.8510e-01  test=-9.5834e-01  σ_φ̄(train)=2.2606e-06  σ_φ̄(test)=7.6997e-10  σ_obs_ω=5.0000e-01  λ_PL=1.00
  KL   : M=8.717e+02  V=3.309e+02  Dw=1.315e+03  g=1.765e+03  sigma=1.605e+01  total=4.299e+03
  subnet MSE  M=1.649e+00  V=1.257e+01  Dw=3.905e-02  g=3.008e-01
[step   7200]
  train: −ELBO=-1.0608e+01  NLL=-1.0043e+01  NLL_R=-8.6233e+00  NLL_ω=-1.4196e+00  MSE_R=5.5969e-04  MSE_ω=6.8177e-02
  test : −ELBO=-6.0550e+00  NLL=-5.5173e+00  NLL_R=-6.3465e+00  NLL_ω=8.2918e-01  MSE_R=1.4085e-03  MSE_ω=1.7039e-01
  sigma: σ_R=1.3654e-02  σ_ω=1.5077e-01  β=1.0000e+00
  PL   : train=-9.8444e-01  test=-9.5749e-01  σ_φ̄(train)=5.4530e-06  σ_φ̄(test)=6.7159e-10  σ_obs_ω=5.0000e-01  λ_PL=1.00
  KL   : M=8.701e+02  V=3.299e+02  Dw=1.316e+03  g=1.766e+03  sigma=1.585e+01  total=4.298e+03
  subnet MSE  M=1.654e+00  V=1.260e+01  Dw=3.948e-02  g=2.997e-01
[step   7250]
  train: −ELBO=-1.0624e+01  NLL=-1.0059e+01  NLL_R=-8.6311e+00  NLL_ω=-1.4277e+00  MSE_R=5.5679e-04  MSE_ω=6.7809e-02
  test : −ELBO=-5.9721e+00  NLL=-5.4356e+00  NLL_R=-6.3072e+00  NLL_ω=8.7160e-01  MSE_R=1.4209e-03  MSE_ω=1.7195e-01
  sigma: σ_R=1.3638e-02  σ_ω=1.5050e-01  β=1.0000e+00
  PL   : train=-9.8466e-01  test=-9.5631e-01  σ_φ̄(train)=1.6223e-06  σ_φ̄(test)=4.0620e-10  σ_obs_ω=5.0000e-01  λ_PL=1.00
  KL   : M=8.687e+02  V=3.289e+02  Dw=1.317e+03  g=1.768e+03  sigma=1.590e+01  total=4.298e+03
  subnet MSE  M=1.651e+00  V=1.261e+01  Dw=3.946e-02  g=3.001e-01
[step   7300]
  train: −ELBO=-1.0631e+01  NLL=-1.0066e+01  NLL_R=-8.6348e+00  NLL_ω=-1.4315e+00  MSE_R=5.5541e-04  MSE_ω=6.7638e-02
  test : −ELBO=-5.9261e+00  NLL=-5.3887e+00  NLL_R=-6.2839e+00  NLL_ω=8.9513e-01  MSE_R=1.4253e-03  MSE_ω=1.7258e-01
  sigma: σ_R=1.3603e-02  σ_ω=1.5018e-01  β=1.0000e+00
  PL   : train=-9.8497e-01  test=-9.5727e-01  σ_φ̄(train)=2.6990e-06  σ_φ̄(test)=2.8490e-10  σ_obs_ω=5.0000e-01  λ_PL=1.00
  KL   : M=8.676e+02  V=3.279e+02  Dw=1.319e+03  g=1.770e+03  sigma=1.594e+01  total=4.300e+03
  subnet MSE  M=1.649e+00  V=1.264e+01  Dw=3.921e-02  g=3.003e-01
[step   7350]
  train: −ELBO=-1.0631e+01  NLL=-1.0067e+01  NLL_R=-8.6360e+00  NLL_ω=-1.4311e+00  MSE_R=5.5497e-04  MSE_ω=6.7657e-02
  test : −ELBO=-5.8959e+00  NLL=-5.3590e+00  NLL_R=-6.2665e+00  NLL_ω=9.0752e-01  MSE_R=1.4294e-03  MSE_ω=1.7303e-01
  sigma: σ_R=1.3581e-02  σ_ω=1.5010e-01  β=1.0000e+00
  PL   : train=-9.8436e-01  test=-9.5692e-01  σ_φ̄(train)=1.6864e-06  σ_φ̄(test)=3.1781e-10  σ_obs_ω=5.0000e-01  λ_PL=1.00
  KL   : M=8.669e+02  V=3.271e+02  Dw=1.320e+03  g=1.772e+03  sigma=1.559e+01  total=4.302e+03
  subnet MSE  M=1.653e+00  V=1.264e+01  Dw=3.976e-02  g=2.998e-01
[step   7400]
  train: −ELBO=-1.0636e+01  NLL=-1.0072e+01  NLL_R=-8.6381e+00  NLL_ω=-1.4335e+00  MSE_R=5.5419e-04  MSE_ω=6.7548e-02
  test : −ELBO=-5.8397e+00  NLL=-5.3031e+00  NLL_R=-6.2415e+00  NLL_ω=9.3831e-01  MSE_R=1.4400e-03  MSE_ω=1.7437e-01
  sigma: σ_R=1.3594e-02  σ_ω=1.5006e-01  β=1.0000e+00
  PL   : train=-9.8496e-01  test=-9.5677e-01  σ_φ̄(train)=1.0223e-06  σ_φ̄(test)=2.8009e-10  σ_obs_ω=5.0000e-01  λ_PL=1.00
  KL   : M=8.663e+02  V=3.263e+02  Dw=1.322e+03  g=1.773e+03  sigma=1.545e+01  total=4.303e+03
  subnet MSE  M=1.646e+00  V=1.264e+01  Dw=3.943e-02  g=3.002e-01
[step   7450]
  train: −ELBO=-1.0648e+01  NLL=-1.0083e+01  NLL_R=-8.6432e+00  NLL_ω=-1.4399e+00  MSE_R=5.5230e-04  MSE_ω=6.7259e-02
  test : −ELBO=-5.8222e+00  NLL=-5.2857e+00  NLL_R=-6.2320e+00  NLL_ω=9.4638e-01  MSE_R=1.4414e-03  MSE_ω=1.7450e-01
  sigma: σ_R=1.3579e-02  σ_ω=1.4991e-01  β=1.0000e+00
  PL   : train=-9.8500e-01  test=-9.5684e-01  σ_φ̄(train)=3.3317e-06  σ_φ̄(test)=3.1141e-10  σ_obs_ω=5.0000e-01  λ_PL=1.00
  KL   : M=8.657e+02  V=3.255e+02  Dw=1.323e+03  g=1.775e+03  sigma=1.511e+01  total=4.304e+03
  subnet MSE  M=1.654e+00  V=1.262e+01  Dw=3.957e-02  g=3.006e-01
[step   7500]
  train: −ELBO=-1.0647e+01  NLL=-1.0082e+01  NLL_R=-8.6427e+00  NLL_ω=-1.4398e+00  MSE_R=5.5251e-04  MSE_ω=6.7264e-02
  test : −ELBO=-5.8163e+00  NLL=-5.2797e+00  NLL_R=-6.2325e+00  NLL_ω=9.5278e-01  MSE_R=1.4393e-03  MSE_ω=1.7435e-01
  sigma: σ_R=1.3560e-02  σ_ω=1.4958e-01  β=1.0000e+00
  PL   : train=-9.8523e-01  test=-9.5721e-01  σ_φ̄(train)=2.5891e-06  σ_φ̄(test)=3.1037e-10  σ_obs_ω=5.0000e-01  λ_PL=1.00
  KL   : M=8.651e+02  V=3.247e+02  Dw=1.325e+03  g=1.777e+03  sigma=1.485e+01  total=4.306e+03
  subnet MSE  M=1.654e+00  V=1.265e+01  Dw=3.963e-02  g=3.007e-01
[step   7550]
  train: −ELBO=-1.0660e+01  NLL=-1.0096e+01  NLL_R=-8.6496e+00  NLL_ω=-1.4462e+00  MSE_R=5.4994e-04  MSE_ω=6.6978e-02
  test : −ELBO=-5.7463e+00  NLL=-5.2109e+00  NLL_R=-6.1997e+00  NLL_ω=9.8880e-01  MSE_R=1.4518e-03  MSE_ω=1.7590e-01
  sigma: σ_R=1.3569e-02  σ_ω=1.4955e-01  β=1.0000e+00
  PL   : train=-9.8515e-01  test=-9.5622e-01  σ_φ̄(train)=1.6106e-06  σ_φ̄(test)=3.3653e-10  σ_obs_ω=5.0000e-01  λ_PL=1.00
  KL   : M=8.649e+02  V=3.238e+02  Dw=1.326e+03  g=1.779e+03  sigma=1.452e+01  total=4.309e+03
  subnet MSE  M=1.645e+00  V=1.266e+01  Dw=3.993e-02  g=3.004e-01
[step   7600]
  train: −ELBO=-1.0653e+01  NLL=-1.0089e+01  NLL_R=-8.6462e+00  NLL_ω=-1.4426e+00  MSE_R=5.5121e-04  MSE_ω=6.7140e-02
  test : −ELBO=-5.6395e+00  NLL=-5.1049e+00  NLL_R=-6.1394e+00  NLL_ω=1.0346e+00  MSE_R=1.4692e-03  MSE_ω=1.7796e-01
  sigma: σ_R=1.3536e-02  σ_ω=1.4956e-01  β=1.0000e+00
  PL   : train=-9.8487e-01  test=-9.5556e-01  σ_φ̄(train)=1.4491e-06  σ_φ̄(test)=3.4246e-10  σ_obs_ω=5.0000e-01  λ_PL=1.00
  KL   : M=8.645e+02  V=3.230e+02  Dw=1.327e+03  g=1.782e+03  sigma=1.427e+01  total=4.311e+03
  subnet MSE  M=1.648e+00  V=1.268e+01  Dw=4.006e-02  g=2.999e-01
[step   7650]
  train: −ELBO=-1.0673e+01  NLL=-1.0109e+01  NLL_R=-8.6567e+00  NLL_ω=-1.4523e+00  MSE_R=5.4735e-04  MSE_ω=6.6704e-02
  test : −ELBO=-5.6611e+00  NLL=-5.1262e+00  NLL_R=-6.1520e+00  NLL_ω=1.0259e+00  MSE_R=1.4623e-03  MSE_ω=1.7711e-01
  sigma: σ_R=1.3518e-02  σ_ω=1.4926e-01  β=1.0000e+00
  PL   : train=-9.8533e-01  test=-9.5629e-01  σ_φ̄(train)=3.9451e-06  σ_φ̄(test)=3.4924e-10  σ_obs_ω=5.0000e-01  λ_PL=1.00
  KL   : M=8.641e+02  V=3.221e+02  Dw=1.330e+03  g=1.785e+03  sigma=1.393e+01  total=4.315e+03
  subnet MSE  M=1.640e+00  V=1.265e+01  Dw=4.013e-02  g=3.008e-01
[step   7700]
  train: −ELBO=-1.0675e+01  NLL=-1.0111e+01  NLL_R=-8.6582e+00  NLL_ω=-1.4530e+00  MSE_R=5.4683e-04  MSE_ω=6.6674e-02
  test : −ELBO=-5.6621e+00  NLL=-5.1277e+00  NLL_R=-6.1510e+00  NLL_ω=1.0234e+00  MSE_R=1.4613e-03  MSE_ω=1.7697e-01
  sigma: σ_R=1.3510e-02  σ_ω=1.4923e-01  β=1.0000e+00
  PL   : train=-9.8539e-01  test=-9.5621e-01  σ_φ̄(train)=3.0065e-06  σ_φ̄(test)=2.4915e-10  σ_obs_ω=5.0000e-01  λ_PL=1.00
  KL   : M=8.639e+02  V=3.214e+02  Dw=1.331e+03  g=1.788e+03  sigma=1.392e+01  total=4.319e+03
  subnet MSE  M=1.644e+00  V=1.267e+01  Dw=4.024e-02  g=3.010e-01
[step   7750]
  train: −ELBO=-1.0666e+01  NLL=-1.0103e+01  NLL_R=-8.6542e+00  NLL_ω=-1.4484e+00  MSE_R=5.4827e-04  MSE_ω=6.6881e-02
  test : −ELBO=-5.4953e+00  NLL=-4.9619e+00  NLL_R=-6.0705e+00  NLL_ω=1.1086e+00  MSE_R=1.4910e-03  MSE_ω=1.8061e-01
  sigma: σ_R=1.3504e-02  σ_ω=1.4911e-01  β=1.0000e+00
  PL   : train=-9.8561e-01  test=-9.5554e-01  σ_φ̄(train)=1.5442e-06  σ_φ̄(test)=1.7634e-10  σ_obs_ω=5.0000e-01  λ_PL=1.00
  KL   : M=8.636e+02  V=3.205e+02  Dw=1.333e+03  g=1.792e+03  sigma=1.392e+01  total=4.323e+03
  subnet MSE  M=1.639e+00  V=1.265e+01  Dw=4.080e-02  g=3.016e-01
[step   7800]
  train: −ELBO=-1.0680e+01  NLL=-1.0118e+01  NLL_R=-8.6611e+00  NLL_ω=-1.4568e+00  MSE_R=5.4577e-04  MSE_ω=6.6508e-02
  test : −ELBO=-5.5607e+00  NLL=-5.0276e+00  NLL_R=-6.1065e+00  NLL_ω=1.0789e+00  MSE_R=1.4775e-03  MSE_ω=1.7901e-01
  sigma: σ_R=1.3504e-02  σ_ω=1.4894e-01  β=1.0000e+00
  PL   : train=-9.8530e-01  test=-9.5579e-01  σ_φ̄(train)=1.5532e-06  σ_φ̄(test)=1.8465e-10  σ_obs_ω=5.0000e-01  λ_PL=1.00
  KL   : M=8.638e+02  V=3.199e+02  Dw=1.335e+03  g=1.796e+03  sigma=1.362e+01  total=4.328e+03
  subnet MSE  M=1.640e+00  V=1.263e+01  Dw=4.063e-02  g=3.009e-01
[step   7850]
  train: −ELBO=-1.0679e+01  NLL=-1.0117e+01  NLL_R=-8.6606e+00  NLL_ω=-1.4565e+00  MSE_R=5.4595e-04  MSE_ω=6.6520e-02
  test : −ELBO=-5.5102e+00  NLL=-4.9782e+00  NLL_R=-6.0799e+00  NLL_ω=1.1017e+00  MSE_R=1.4853e-03  MSE_ω=1.7997e-01
  sigma: σ_R=1.3490e-02  σ_ω=1.4891e-01  β=1.0000e+00
  PL   : train=-9.8520e-01  test=-9.5508e-01  σ_φ̄(train)=3.7171e-06  σ_φ̄(test)=1.3410e-10  σ_obs_ω=5.0000e-01  λ_PL=1.00
  KL   : M=8.638e+02  V=3.194e+02  Dw=1.337e+03  g=1.799e+03  sigma=1.357e+01  total=4.332e+03
  subnet MSE  M=1.638e+00  V=1.269e+01  Dw=4.080e-02  g=3.005e-01
[step   7900]
  train: −ELBO=-1.0688e+01  NLL=-1.0126e+01  NLL_R=-8.6658e+00  NLL_ω=-1.4602e+00  MSE_R=5.4404e-04  MSE_ω=6.6357e-02
  test : −ELBO=-5.4881e+00  NLL=-4.9567e+00  NLL_R=-6.0662e+00  NLL_ω=1.1095e+00  MSE_R=1.4857e-03  MSE_ω=1.7997e-01
  sigma: σ_R=1.3459e-02  σ_ω=1.4869e-01  β=1.0000e+00
  PL   : train=-9.8504e-01  test=-9.5489e-01  σ_φ̄(train)=2.7499e-06  σ_φ̄(test)=1.2079e-10  σ_obs_ω=5.0000e-01  λ_PL=1.00
  KL   : M=8.640e+02  V=3.189e+02  Dw=1.338e+03  g=1.802e+03  sigma=1.338e+01  total=4.337e+03
  subnet MSE  M=1.644e+00  V=1.263e+01  Dw=4.063e-02  g=3.003e-01
[step   7950]
  train: −ELBO=-1.0697e+01  NLL=-1.0136e+01  NLL_R=-8.6722e+00  NLL_ω=-1.4638e+00  MSE_R=5.4172e-04  MSE_ω=6.6196e-02
  test : −ELBO=-5.3650e+00  NLL=-4.8349e+00  NLL_R=-6.0053e+00  NLL_ω=1.1705e+00  MSE_R=1.5066e-03  MSE_ω=1.8245e-01
  sigma: σ_R=1.3449e-02  σ_ω=1.4854e-01  β=1.0000e+00
  PL   : train=-9.8500e-01  test=-9.5399e-01  σ_φ̄(train)=3.0182e-06  σ_φ̄(test)=1.0906e-10  σ_obs_ω=5.0000e-01  λ_PL=1.00
  KL   : M=8.641e+02  V=3.184e+02  Dw=1.340e+03  g=1.805e+03  sigma=1.325e+01  total=4.341e+03
  subnet MSE  M=1.635e+00  V=1.266e+01  Dw=4.100e-02  g=3.004e-01
[step   8000]
  train: −ELBO=-1.0698e+01  NLL=-1.0137e+01  NLL_R=-8.6726e+00  NLL_ω=-1.4640e+00  MSE_R=5.4159e-04  MSE_ω=6.6189e-02
  test : −ELBO=-5.3824e+00  NLL=-4.8520e+00  NLL_R=-6.0139e+00  NLL_ω=1.1618e+00  MSE_R=1.5052e-03  MSE_ω=1.8217e-01
  sigma: σ_R=1.3459e-02  σ_ω=1.4861e-01  β=1.0000e+00
  PL   : train=-9.8523e-01  test=-9.5464e-01  σ_φ̄(train)=3.6438e-06  σ_φ̄(test)=1.0004e-10  σ_obs_ω=5.0000e-01  λ_PL=1.00
  KL   : M=8.641e+02  V=3.179e+02  Dw=1.341e+03  g=1.808e+03  sigma=1.308e+01  total=4.344e+03
  subnet MSE  M=1.640e+00  V=1.265e+01  Dw=4.074e-02  g=3.006e-01
[step   8050]
  train: −ELBO=-1.0706e+01  NLL=-1.0145e+01  NLL_R=-8.6767e+00  NLL_ω=-1.4687e+00  MSE_R=5.4010e-04  MSE_ω=6.5981e-02
  test : −ELBO=-5.3332e+00  NLL=-4.8114e+00  NLL_R=-5.9913e+00  NLL_ω=1.1798e+00  MSE_R=1.5092e-03  MSE_ω=1.8269e-01
  sigma: σ_R=1.3436e-02  σ_ω=1.4845e-01  β=1.0000e+00
  PL   : train=-9.8541e-01  test=-9.4644e-01  σ_φ̄(train)=3.4543e-06  σ_φ̄(test)=1.1041e-10  σ_obs_ω=5.0000e-01  λ_PL=1.00
  KL   : M=8.644e+02  V=3.175e+02  Dw=1.343e+03  g=1.811e+03  sigma=1.280e+01  total=4.348e+03
  subnet MSE  M=1.637e+00  V=1.264e+01  Dw=4.122e-02  g=3.007e-01
[step   8100]
  train: −ELBO=-1.0704e+01  NLL=-1.0144e+01  NLL_R=-8.6756e+00  NLL_ω=-1.4686e+00  MSE_R=5.4052e-04  MSE_ω=6.5984e-02
  test : −ELBO=-5.3883e+00  NLL=-4.8587e+00  NLL_R=-6.0168e+00  NLL_ω=1.1581e+00  MSE_R=1.5017e-03  MSE_ω=1.8191e-01
  sigma: σ_R=1.3446e-02  σ_ω=1.4855e-01  β=1.0000e+00
  PL   : train=-9.8535e-01  test=-9.5465e-01  σ_φ̄(train)=2.5234e-06  σ_φ̄(test)=6.6253e-11  σ_obs_ω=5.0000e-01  λ_PL=1.00
  KL   : M=8.644e+02  V=3.171e+02  Dw=1.345e+03  g=1.814e+03  sigma=1.293e+01  total=4.353e+03
  subnet MSE  M=1.637e+00  V=1.264e+01  Dw=4.103e-02  g=3.008e-01
[step   8150]
  train: −ELBO=-1.0698e+01  NLL=-1.0137e+01  NLL_R=-8.6718e+00  NLL_ω=-1.4657e+00  MSE_R=5.4189e-04  MSE_ω=6.6114e-02
  test : −ELBO=-5.3289e+00  NLL=-4.8000e+00  NLL_R=-5.9899e+00  NLL_ω=1.1899e+00  MSE_R=1.5133e-03  MSE_ω=1.8337e-01
  sigma: σ_R=1.3459e-02  σ_ω=1.4857e-01  β=1.0000e+00
  PL   : train=-9.8614e-01  test=-9.5458e-01  σ_φ̄(train)=8.1603e-07  σ_φ̄(test)=5.0340e-11  σ_obs_ω=5.0000e-01  λ_PL=1.00
  KL   : M=8.643e+02  V=3.166e+02  Dw=1.346e+03  g=1.818e+03  sigma=1.285e+01  total=4.358e+03
  subnet MSE  M=1.636e+00  V=1.266e+01  Dw=4.144e-02  g=3.014e-01
[step   8200]
  train: −ELBO=-1.0702e+01  NLL=-1.0142e+01  NLL_R=-8.6736e+00  NLL_ω=-1.4686e+00  MSE_R=5.4122e-04  MSE_ω=6.5986e-02
  test : −ELBO=-5.2375e+00  NLL=-4.7095e+00  NLL_R=-5.9446e+00  NLL_ω=1.2351e+00  MSE_R=1.5249e-03  MSE_ω=1.8480e-01
  sigma: σ_R=1.3423e-02  σ_ω=1.4824e-01  β=1.0000e+00
  PL   : train=-9.8559e-01  test=-9.5413e-01  σ_φ̄(train)=1.0423e-06  σ_φ̄(test)=4.6879e-11  σ_obs_ω=5.0000e-01  λ_PL=1.00
  KL   : M=8.647e+02  V=3.162e+02  Dw=1.348e+03  g=1.822e+03  sigma=1.267e+01  total=4.363e+03
  subnet MSE  M=1.636e+00  V=1.266e+01  Dw=4.131e-02  g=3.016e-01
[step   8250]
  train: −ELBO=-1.0718e+01  NLL=-1.0159e+01  NLL_R=-8.6841e+00  NLL_ω=-1.4754e+00  MSE_R=5.3745e-04  MSE_ω=6.5688e-02
  test : −ELBO=-5.1941e+00  NLL=-4.6671e+00  NLL_R=-5.9209e+00  NLL_ω=1.2538e+00  MSE_R=1.5298e-03  MSE_ω=1.8531e-01
  sigma: σ_R=1.3402e-02  σ_ω=1.4803e-01  β=1.0000e+00
  PL   : train=-9.8533e-01  test=-9.5363e-01  σ_φ̄(train)=8.2818e-07  σ_φ̄(test)=2.9065e-11  σ_obs_ω=5.0000e-01  λ_PL=1.00
  KL   : M=8.654e+02  V=3.157e+02  Dw=1.349e+03  g=1.825e+03  sigma=1.285e+01  total=4.369e+03
  subnet MSE  M=1.626e+00  V=1.263e+01  Dw=4.122e-02  g=3.007e-01
[step   8300]
  train: −ELBO=-1.0706e+01  NLL=-1.0147e+01  NLL_R=-8.6769e+00  NLL_ω=-1.4703e+00  MSE_R=5.4002e-04  MSE_ω=6.5911e-02
  test : −ELBO=-5.2118e+00  NLL=-4.6851e+00  NLL_R=-5.9327e+00  NLL_ω=1.2476e+00  MSE_R=1.5287e-03  MSE_ω=1.8520e-01
  sigma: σ_R=1.3421e-02  σ_ω=1.4812e-01  β=1.0000e+00
  PL   : train=-9.8556e-01  test=-9.5382e-01  σ_φ̄(train)=5.1197e-07  σ_φ̄(test)=1.8720e-11  σ_obs_ω=5.0000e-01  λ_PL=1.00
  KL   : M=8.658e+02  V=3.154e+02  Dw=1.351e+03  g=1.829e+03  sigma=1.298e+01  total=4.374e+03
  subnet MSE  M=1.631e+00  V=1.267e+01  Dw=4.129e-02  g=3.007e-01
[step   8350]
  train: −ELBO=-1.0715e+01  NLL=-1.0156e+01  NLL_R=-8.6818e+00  NLL_ω=-1.4747e+00  MSE_R=5.3828e-04  MSE_ω=6.5717e-02
  test : −ELBO=-5.2028e+00  NLL=-4.6763e+00  NLL_R=-5.9260e+00  NLL_ω=1.2498e+00  MSE_R=1.5252e-03  MSE_ω=1.8475e-01
  sigma: σ_R=1.3380e-02  σ_ω=1.4780e-01  β=1.0000e+00
  PL   : train=-9.8577e-01  test=-9.5415e-01  σ_φ̄(train)=1.9406e-06  σ_φ̄(test)=1.4566e-11  σ_obs_ω=5.0000e-01  λ_PL=1.00
  KL   : M=8.662e+02  V=3.150e+02  Dw=1.353e+03  g=1.832e+03  sigma=1.300e+01  total=4.378e+03
  subnet MSE  M=1.627e+00  V=1.268e+01  Dw=4.112e-02  g=3.011e-01
[step   8400]
  train: −ELBO=-1.0726e+01  NLL=-1.0168e+01  NLL_R=-8.6881e+00  NLL_ω=-1.4802e+00  MSE_R=5.3603e-04  MSE_ω=6.5478e-02
  test : −ELBO=-5.0693e+00  NLL=-4.5443e+00  NLL_R=-5.8571e+00  NLL_ω=1.3128e+00  MSE_R=1.5476e-03  MSE_ω=1.8746e-01
  sigma: σ_R=1.3371e-02  σ_ω=1.4778e-01  β=1.0000e+00
  PL   : train=-9.8552e-01  test=-9.5309e-01  σ_φ̄(train)=2.0004e-06  σ_φ̄(test)=1.7286e-11  σ_obs_ω=5.0000e-01  λ_PL=1.00
  KL   : M=8.668e+02  V=3.145e+02  Dw=1.354e+03  g=1.835e+03  sigma=1.266e+01  total=4.383e+03
  subnet MSE  M=1.628e+00  V=1.264e+01  Dw=4.195e-02  g=3.008e-01
[step   8450]
  train: −ELBO=-1.0728e+01  NLL=-1.0170e+01  NLL_R=-8.6891e+00  NLL_ω=-1.4812e+00  MSE_R=5.3567e-04  MSE_ω=6.5434e-02
  test : −ELBO=-5.0735e+00  NLL=-4.5486e+00  NLL_R=-5.8602e+00  NLL_ω=1.3116e+00  MSE_R=1.5460e-03  MSE_ω=1.8731e-01
  sigma: σ_R=1.3366e-02  σ_ω=1.4772e-01  β=1.0000e+00
  PL   : train=-9.8582e-01  test=-9.5351e-01  σ_φ̄(train)=7.0126e-07  σ_φ̄(test)=1.7158e-11  σ_obs_ω=5.0000e-01  λ_PL=1.00
  KL   : M=8.676e+02  V=3.141e+02  Dw=1.356e+03  g=1.838e+03  sigma=1.247e+01  total=4.388e+03
  subnet MSE  M=1.628e+00  V=1.264e+01  Dw=4.221e-02  g=3.019e-01
[step   8500]
  train: −ELBO=-1.0734e+01  NLL=-1.0178e+01  NLL_R=-8.6929e+00  NLL_ω=-1.4847e+00  MSE_R=5.3431e-04  MSE_ω=6.5281e-02
  test : −ELBO=-5.0333e+00  NLL=-4.5089e+00  NLL_R=-5.8397e+00  NLL_ω=1.3308e+00  MSE_R=1.5503e-03  MSE_ω=1.8789e-01
  sigma: σ_R=1.3345e-02  σ_ω=1.4757e-01  β=1.0000e+00
  PL   : train=-9.8574e-01  test=-9.5331e-01  σ_φ̄(train)=8.8035e-07  σ_φ̄(test)=1.3510e-11  σ_obs_ω=5.0000e-01  λ_PL=1.00
  KL   : M=8.680e+02  V=3.136e+02  Dw=1.357e+03  g=1.841e+03  sigma=1.249e+01  total=4.392e+03
  subnet MSE  M=1.629e+00  V=1.265e+01  Dw=4.236e-02  g=3.015e-01
[step   8550]
  train: −ELBO=-1.0725e+01  NLL=-1.0169e+01  NLL_R=-8.6892e+00  NLL_ω=-1.4799e+00  MSE_R=5.3561e-04  MSE_ω=6.5488e-02
  test : −ELBO=-4.9920e+00  NLL=-4.4696e+00  NLL_R=-5.8194e+00  NLL_ω=1.3498e+00  MSE_R=1.5591e-03  MSE_ω=1.8882e-01
  sigma: σ_R=1.3351e-02  σ_ω=1.4761e-01  β=1.0000e+00
  PL   : train=-9.8575e-01  test=-9.5191e-01  σ_φ̄(train)=1.2286e-07  σ_φ̄(test)=4.5409e-12  σ_obs_ω=5.0000e-01  λ_PL=1.00
  KL   : M=8.687e+02  V=3.130e+02  Dw=1.358e+03  g=1.845e+03  sigma=1.344e+01  total=4.398e+03
  subnet MSE  M=1.626e+00  V=1.262e+01  Dw=4.193e-02  g=3.010e-01
[step   8600]
  train: −ELBO=-1.0728e+01  NLL=-1.0172e+01  NLL_R=-8.6898e+00  NLL_ω=-1.4819e+00  MSE_R=5.3543e-04  MSE_ω=6.5401e-02
  test : −ELBO=-5.0043e+00  NLL=-4.4809e+00  NLL_R=-5.8267e+00  NLL_ω=1.3458e+00  MSE_R=1.5542e-03  MSE_ω=1.8827e-01
  sigma: σ_R=1.3337e-02  σ_ω=1.4740e-01  β=1.0000e+00
  PL   : train=-9.8601e-01  test=-9.5346e-01  σ_φ̄(train)=1.7291e-07  σ_φ̄(test)=3.2519e-12  σ_obs_ω=5.0000e-01  λ_PL=1.00
  KL   : M=8.696e+02  V=3.126e+02  Dw=1.360e+03  g=1.848e+03  sigma=1.433e+01  total=4.404e+03
  subnet MSE  M=1.627e+00  V=1.263e+01  Dw=4.222e-02  g=3.022e-01
[step   8650]
  train: −ELBO=-1.0743e+01  NLL=-1.0188e+01  NLL_R=-8.6983e+00  NLL_ω=-1.4898e+00  MSE_R=5.3238e-04  MSE_ω=6.5061e-02
  test : −ELBO=-4.9150e+00  NLL=-4.3928e+00  NLL_R=-5.7754e+00  NLL_ω=1.3827e+00  MSE_R=1.5673e-03  MSE_ω=1.8972e-01
  sigma: σ_R=1.3309e-02  σ_ω=1.4731e-01  β=1.0000e+00
  PL   : train=-9.8592e-01  test=-9.5277e-01  σ_φ̄(train)=4.2761e-08  σ_φ̄(test)=3.6164e-12  σ_obs_ω=5.0000e-01  λ_PL=1.00
  KL   : M=8.706e+02  V=3.122e+02  Dw=1.361e+03  g=1.851e+03  sigma=1.415e+01  total=4.409e+03
  subnet MSE  M=1.628e+00  V=1.267e+01  Dw=4.285e-02  g=3.014e-01
[step   8700]
  train: −ELBO=-1.0750e+01  NLL=-1.0195e+01  NLL_R=-8.7023e+00  NLL_ω=-1.4927e+00  MSE_R=5.3096e-04  MSE_ω=6.4932e-02
  test : −ELBO=-4.8640e+00  NLL=-4.3431e+00  NLL_R=-5.7558e+00  NLL_ω=1.4127e+00  MSE_R=1.5764e-03  MSE_ω=1.9077e-01
  sigma: σ_R=1.3319e-02  σ_ω=1.4715e-01  β=1.0000e+00
  PL   : train=-9.8566e-01  test=-9.5204e-01  σ_φ̄(train)=3.4097e-07  σ_φ̄(test)=4.0158e-12  σ_obs_ω=5.0000e-01  λ_PL=1.00
  KL   : M=8.716e+02  V=3.117e+02  Dw=1.362e+03  g=1.855e+03  sigma=1.397e+01  total=4.414e+03
  subnet MSE  M=1.628e+00  V=1.266e+01  Dw=4.323e-02  g=3.010e-01
[step   8750]
  train: −ELBO=-1.0755e+01  NLL=-1.0201e+01  NLL_R=-8.7047e+00  NLL_ω=-1.4960e+00  MSE_R=5.3011e-04  MSE_ω=6.4790e-02
  test : −ELBO=-4.8480e+00  NLL=-4.3274e+00  NLL_R=-5.7464e+00  NLL_ω=1.4190e+00  MSE_R=1.5772e-03  MSE_ω=1.9088e-01
  sigma: σ_R=1.3306e-02  σ_ω=1.4709e-01  β=1.0000e+00
  PL   : train=-9.8593e-01  test=-9.5221e-01  σ_φ̄(train)=6.4015e-08  σ_φ̄(test)=4.4366e-12  σ_obs_ω=5.0000e-01  λ_PL=1.00
  KL   : M=8.730e+02  V=3.112e+02  Dw=1.364e+03  g=1.858e+03  sigma=1.381e+01  total=4.420e+03
  subnet MSE  M=1.628e+00  V=1.267e+01  Dw=4.310e-02  g=3.013e-01
[step   8800]
  train: −ELBO=-1.0762e+01  NLL=-1.0208e+01  NLL_R=-8.7081e+00  NLL_ω=-1.4998e+00  MSE_R=5.2893e-04  MSE_ω=6.4624e-02
  test : −ELBO=-4.7906e+00  NLL=-4.2706e+00  NLL_R=-5.7210e+00  NLL_ω=1.4505e+00  MSE_R=1.5838e-03  MSE_ω=1.9181e-01
  sigma: σ_R=1.3288e-02  σ_ω=1.4681e-01  β=1.0000e+00
  PL   : train=-9.8614e-01  test=-9.5232e-01  σ_φ̄(train)=1.3673e-07  σ_φ̄(test)=4.9783e-12  σ_obs_ω=5.0000e-01  λ_PL=1.00
  KL   : M=8.747e+02  V=3.108e+02  Dw=1.365e+03  g=1.862e+03  sigma=1.363e+01  total=4.427e+03
  subnet MSE  M=1.627e+00  V=1.268e+01  Dw=4.327e-02  g=3.019e-01
[step   8850]
  train: −ELBO=-1.0769e+01  NLL=-1.0216e+01  NLL_R=-8.7121e+00  NLL_ω=-1.5034e+00  MSE_R=5.2752e-04  MSE_ω=6.4470e-02
  test : −ELBO=-4.7710e+00  NLL=-4.2519e+00  NLL_R=-5.7089e+00  NLL_ω=1.4570e+00  MSE_R=1.5859e-03  MSE_ω=1.9201e-01
  sigma: σ_R=1.3274e-02  σ_ω=1.4678e-01  β=1.0000e+00
  PL   : train=-9.8605e-01  test=-9.5210e-01  σ_φ̄(train)=5.0747e-07  σ_φ̄(test)=5.4787e-12  σ_obs_ω=5.0000e-01  λ_PL=1.00
  KL   : M=8.761e+02  V=3.104e+02  Dw=1.367e+03  g=1.866e+03  sigma=1.346e+01  total=4.433e+03
  subnet MSE  M=1.624e+00  V=1.266e+01  Dw=4.327e-02  g=3.017e-01
[step   8900]
  train: −ELBO=-1.0765e+01  NLL=-1.0213e+01  NLL_R=-8.7106e+00  NLL_ω=-1.5022e+00  MSE_R=5.2803e-04  MSE_ω=6.4523e-02
  test : −ELBO=-4.7239e+00  NLL=-4.2062e+00  NLL_R=-5.6851e+00  NLL_ω=1.4789e+00  MSE_R=1.5939e-03  MSE_ω=1.9296e-01
  sigma: σ_R=1.3277e-02  σ_ω=1.4680e-01  β=1.0000e+00
  PL   : train=-9.8582e-01  test=-9.5130e-01  σ_φ̄(train)=2.0378e-07  σ_φ̄(test)=6.1174e-12  σ_obs_ω=5.0000e-01  λ_PL=1.00
  KL   : M=8.776e+02  V=3.101e+02  Dw=1.368e+03  g=1.870e+03  sigma=1.329e+01  total=4.439e+03
  subnet MSE  M=1.626e+00  V=1.269e+01  Dw=4.317e-02  g=3.008e-01
[step   8950]
  train: −ELBO=-1.0773e+01  NLL=-1.0221e+01  NLL_R=-8.7152e+00  NLL_ω=-1.5059e+00  MSE_R=5.2643e-04  MSE_ω=6.4363e-02
  test : −ELBO=-4.6250e+00  NLL=-4.1083e+00  NLL_R=-5.6354e+00  NLL_ω=1.5272e+00  MSE_R=1.6060e-03  MSE_ω=1.9428e-01
  sigma: σ_R=1.3239e-02  σ_ω=1.4634e-01  β=1.0000e+00
  PL   : train=-9.8563e-01  test=-9.5080e-01  σ_φ̄(train)=1.2437e-06  σ_φ̄(test)=6.9490e-12  σ_obs_ω=5.0000e-01  λ_PL=1.00
  KL   : M=8.795e+02  V=3.096e+02  Dw=1.370e+03  g=1.873e+03  sigma=1.311e+01  total=4.445e+03
  subnet MSE  M=1.623e+00  V=1.269e+01  Dw=4.379e-02  g=3.008e-01
[step   9000]
  train: −ELBO=-1.0771e+01  NLL=-1.0220e+01  NLL_R=-8.7152e+00  NLL_ω=-1.5046e+00  MSE_R=5.2644e-04  MSE_ω=6.4418e-02
  test : −ELBO=-4.6136e+00  NLL=-4.0968e+00  NLL_R=-5.6309e+00  NLL_ω=1.5341e+00  MSE_R=1.6085e-03  MSE_ω=1.9482e-01
  sigma: σ_R=1.3249e-02  σ_ω=1.4651e-01  β=1.0000e+00
  PL   : train=-9.8605e-01  test=-9.5125e-01  σ_φ̄(train)=5.0040e-07  σ_φ̄(test)=7.5679e-12  σ_obs_ω=5.0000e-01  λ_PL=1.00
  KL   : M=8.805e+02  V=3.095e+02  Dw=1.371e+03  g=1.875e+03  sigma=1.300e+01  total=4.449e+03
  subnet MSE  M=1.622e+00  V=1.266e+01  Dw=4.329e-02  g=3.017e-01
[step   9050]
  train: −ELBO=-1.0769e+01  NLL=-1.0218e+01  NLL_R=-8.7127e+00  NLL_ω=-1.5048e+00  MSE_R=5.2730e-04  MSE_ω=6.4410e-02
  test : −ELBO=-4.6222e+00  NLL=-4.1060e+00  NLL_R=-5.6330e+00  NLL_ω=1.5270e+00  MSE_R=1.6077e-03  MSE_ω=1.9461e-01
  sigma: σ_R=1.3244e-02  σ_ω=1.4654e-01  β=1.0000e+00
  PL   : train=-9.8614e-01  test=-9.5122e-01  σ_φ̄(train)=2.6121e-07  σ_φ̄(test)=8.3279e-12  σ_obs_ω=5.0000e-01  λ_PL=1.00
  KL   : M=8.821e+02  V=3.092e+02  Dw=1.372e+03  g=1.879e+03  sigma=1.283e+01  total=4.455e+03
  subnet MSE  M=1.626e+00  V=1.270e+01  Dw=4.376e-02  g=3.016e-01
[step   9100]
  train: −ELBO=-1.0767e+01  NLL=-1.0217e+01  NLL_R=-8.7125e+00  NLL_ω=-1.5047e+00  MSE_R=5.2737e-04  MSE_ω=6.4414e-02
  test : −ELBO=-4.6333e+00  NLL=-4.1175e+00  NLL_R=-5.6423e+00  NLL_ω=1.5249e+00  MSE_R=1.6066e-03  MSE_ω=1.9447e-01
  sigma: σ_R=1.3250e-02  σ_ω=1.4644e-01  β=1.0000e+00
  PL   : train=-9.8583e-01  test=-9.5158e-01  σ_φ̄(train)=4.9430e-07  σ_φ̄(test)=9.2723e-12  σ_obs_ω=5.0000e-01  λ_PL=1.00
  KL   : M=8.842e+02  V=3.087e+02  Dw=1.374e+03  g=1.882e+03  sigma=1.264e+01  total=4.461e+03
  subnet MSE  M=1.632e+00  V=1.267e+01  Dw=4.388e-02  g=3.022e-01
[step   9150]
  train: −ELBO=-1.0792e+01  NLL=-1.0242e+01  NLL_R=-8.7252e+00  NLL_ω=-1.5169e+00  MSE_R=5.2292e-04  MSE_ω=6.3892e-02
  test : −ELBO=-4.5750e+00  NLL=-4.0605e+00  NLL_R=-5.6197e+00  NLL_ω=1.5592e+00  MSE_R=1.6113e-03  MSE_ω=1.9515e-01
  sigma: σ_R=1.3243e-02  σ_ω=1.4613e-01  β=1.0000e+00
  PL   : train=-9.8641e-01  test=-9.5094e-01  σ_φ̄(train)=2.4180e-07  σ_φ̄(test)=1.0558e-11  σ_obs_ω=5.0000e-01  λ_PL=1.00
  KL   : M=8.866e+02  V=3.083e+02  Dw=1.375e+03  g=1.887e+03  sigma=1.241e+01  total=4.469e+03
  subnet MSE  M=1.633e+00  V=1.269e+01  Dw=4.399e-02  g=3.025e-01
[step   9200]
  train: −ELBO=-1.0788e+01  NLL=-1.0239e+01  NLL_R=-8.7240e+00  NLL_ω=-1.5148e+00  MSE_R=5.2334e-04  MSE_ω=6.3985e-02
  test : −ELBO=-4.4689e+00  NLL=-3.9580e+00  NLL_R=-5.5599e+00  NLL_ω=1.6019e+00  MSE_R=1.6269e-03  MSE_ω=1.9695e-01
  sigma: σ_R=1.3204e-02  σ_ω=1.4604e-01  β=1.0000e+00
  PL   : train=-9.8627e-01  test=-9.4793e-01  σ_φ̄(train)=1.1934e-06  σ_φ̄(test)=1.1695e-11  σ_obs_ω=5.0000e-01  λ_PL=1.00
  KL   : M=8.884e+02  V=3.080e+02  Dw=1.376e+03  g=1.890e+03  sigma=1.224e+01  total=4.475e+03
  subnet MSE  M=1.628e+00  V=1.269e+01  Dw=4.407e-02  g=3.021e-01
[step   9250]
  train: −ELBO=-1.0806e+01  NLL=-1.0258e+01  NLL_R=-8.7343e+00  NLL_ω=-1.5232e+00  MSE_R=5.1975e-04  MSE_ω=6.3627e-02
  test : −ELBO=-4.4902e+00  NLL=-3.9771e+00  NLL_R=-5.5707e+00  NLL_ω=1.5937e+00  MSE_R=1.6215e-03  MSE_ω=1.9631e-01
  sigma: σ_R=1.3193e-02  σ_ω=1.4587e-01  β=1.0000e+00
  PL   : train=-9.8658e-01  test=-9.5090e-01  σ_φ̄(train)=5.5931e-07  σ_φ̄(test)=1.2997e-11  σ_obs_ω=5.0000e-01  λ_PL=1.00
  KL   : M=8.907e+02  V=3.077e+02  Dw=1.378e+03  g=1.895e+03  sigma=1.205e+01  total=4.483e+03
  subnet MSE  M=1.629e+00  V=1.271e+01  Dw=4.362e-02  g=3.022e-01
[step   9300]
  train: −ELBO=-1.0804e+01  NLL=-1.0256e+01  NLL_R=-8.7337e+00  NLL_ω=-1.5226e+00  MSE_R=5.1996e-04  MSE_ω=6.3651e-02
  test : −ELBO=-4.3781e+00  NLL=-3.8668e+00  NLL_R=-5.5129e+00  NLL_ω=1.6461e+00  MSE_R=1.6369e-03  MSE_ω=1.9808e-01
  sigma: σ_R=1.3173e-02  σ_ω=1.4568e-01  β=1.0000e+00
  PL   : train=-9.8600e-01  test=-9.5000e-01  σ_φ̄(train)=3.9368e-06  σ_φ̄(test)=1.3803e-11  σ_obs_ω=5.0000e-01  λ_PL=1.00
  KL   : M=8.934e+02  V=3.073e+02  Dw=1.380e+03  g=1.899e+03  sigma=1.187e+01  total=4.491e+03
  subnet MSE  M=1.627e+00  V=1.272e+01  Dw=4.467e-02  g=3.013e-01
[step   9350]
  train: −ELBO=-1.0801e+01  NLL=-1.0254e+01  NLL_R=-8.7319e+00  NLL_ω=-1.5218e+00  MSE_R=5.2061e-04  MSE_ω=6.3685e-02
  test : −ELBO=-4.3621e+00  NLL=-3.8514e+00  NLL_R=-5.5059e+00  NLL_ω=1.6545e+00  MSE_R=1.6412e-03  MSE_ω=1.9867e-01
  sigma: σ_R=1.3190e-02  σ_ω=1.4584e-01  β=1.0000e+00
  PL   : train=-9.8646e-01  test=-9.5010e-01  σ_φ̄(train)=9.1446e-07  σ_φ̄(test)=1.3550e-11  σ_obs_ω=5.0000e-01  λ_PL=1.00
  KL   : M=8.959e+02  V=3.069e+02  Dw=1.381e+03  g=1.904e+03  sigma=1.180e+01  total=4.499e+03
  subnet MSE  M=1.629e+00  V=1.272e+01  Dw=4.476e-02  g=3.023e-01
[step   9400]
  train: −ELBO=-1.0797e+01  NLL=-1.0251e+01  NLL_R=-8.7317e+00  NLL_ω=-1.5196e+00  MSE_R=5.2067e-04  MSE_ω=6.3778e-02
  test : −ELBO=-4.2245e+00  NLL=-3.7152e+00  NLL_R=-5.4356e+00  NLL_ω=1.7204e+00  MSE_R=1.6622e-03  MSE_ω=2.0117e-01
  sigma: σ_R=1.3156e-02  σ_ω=1.4558e-01  β=1.0000e+00
  PL   : train=-9.8584e-01  test=-9.4939e-01  σ_φ̄(train)=7.9724e-07  σ_φ̄(test)=6.8574e-12  σ_obs_ω=5.0000e-01  λ_PL=1.00
  KL   : M=8.979e+02  V=3.066e+02  Dw=1.383e+03  g=1.907e+03  sigma=1.224e+01  total=4.507e+03
  subnet MSE  M=1.631e+00  V=1.270e+01  Dw=4.448e-02  g=3.021e-01
[step   9450]
  train: −ELBO=-1.0807e+01  NLL=-1.0261e+01  NLL_R=-8.7348e+00  NLL_ω=-1.5263e+00  MSE_R=5.1959e-04  MSE_ω=6.3495e-02
  test : −ELBO=-4.3682e+00  NLL=-3.8587e+00  NLL_R=-5.5105e+00  NLL_ω=1.6518e+00  MSE_R=1.6378e-03  MSE_ω=1.9825e-01
  sigma: σ_R=1.3169e-02  σ_ω=1.4562e-01  β=1.0000e+00
  PL   : train=-9.8654e-01  test=-9.5022e-01  σ_φ̄(train)=1.2015e-06  σ_φ̄(test)=7.2905e-12  σ_obs_ω=5.0000e-01  λ_PL=1.00
  KL   : M=8.998e+02  V=3.064e+02  Dw=1.384e+03  g=1.911e+03  sigma=1.209e+01  total=4.513e+03
  subnet MSE  M=1.631e+00  V=1.269e+01  Dw=4.447e-02  g=3.026e-01
[step   9500]
  train: −ELBO=-1.0806e+01  NLL=-1.0261e+01  NLL_R=-8.7358e+00  NLL_ω=-1.5252e+00  MSE_R=5.1925e-04  MSE_ω=6.3540e-02
  test : −ELBO=-4.3311e+00  NLL=-3.8225e+00  NLL_R=-5.4927e+00  NLL_ω=1.6702e+00  MSE_R=1.6465e-03  MSE_ω=1.9924e-01
  sigma: σ_R=1.3183e-02  σ_ω=1.4570e-01  β=1.0000e+00
  PL   : train=-9.8663e-01  test=-9.5016e-01  σ_φ̄(train)=9.0175e-07  σ_φ̄(test)=7.8476e-12  σ_obs_ω=5.0000e-01  λ_PL=1.00
  KL   : M=9.023e+02  V=3.061e+02  Dw=1.385e+03  g=1.915e+03  sigma=1.197e+01  total=4.521e+03
  subnet MSE  M=1.629e+00  V=1.270e+01  Dw=4.453e-02  g=3.022e-01
[step   9550]
  train: −ELBO=-1.0809e+01  NLL=-1.0265e+01  NLL_R=-8.7376e+00  NLL_ω=-1.5275e+00  MSE_R=5.1862e-04  MSE_ω=6.3444e-02
  test : −ELBO=-4.2292e+00  NLL=-3.7224e+00  NLL_R=-5.4401e+00  NLL_ω=1.7177e+00  MSE_R=1.6653e-03  MSE_ω=2.0142e-01
  sigma: σ_R=1.3185e-02  σ_ω=1.4580e-01  β=1.0000e+00
  PL   : train=-9.8636e-01  test=-9.4923e-01  σ_φ̄(train)=1.1426e-06  σ_φ̄(test)=2.6721e-12  σ_obs_ω=5.0000e-01  λ_PL=1.00
  KL   : M=9.052e+02  V=3.058e+02  Dw=1.387e+03  g=1.920e+03  sigma=1.248e+01  total=4.530e+03
  subnet MSE  M=1.629e+00  V=1.268e+01  Dw=4.530e-02  g=3.022e-01
[step   9600]
  train: −ELBO=-1.0797e+01  NLL=-1.0254e+01  NLL_R=-8.7317e+00  NLL_ω=-1.5219e+00  MSE_R=5.2064e-04  MSE_ω=6.3680e-02
  test : −ELBO=-4.2348e+00  NLL=-3.7282e+00  NLL_R=-5.4418e+00  NLL_ω=1.7137e+00  MSE_R=1.6513e-03  MSE_ω=1.9982e-01
  sigma: σ_R=1.3106e-02  σ_ω=1.4500e-01  β=1.0000e+00
  PL   : train=-9.8650e-01  test=-9.4993e-01  σ_φ̄(train)=6.2265e-08  σ_φ̄(test)=1.7805e-12  σ_obs_ω=5.0000e-01  λ_PL=1.00
  KL   : M=9.081e+02  V=3.055e+02  Dw=1.388e+03  g=1.923e+03  sigma=1.362e+01  total=4.539e+03
  subnet MSE  M=1.636e+00  V=1.277e+01  Dw=4.549e-02  g=3.022e-01
[step   9650]
  train: −ELBO=-1.0813e+01  NLL=-1.0271e+01  NLL_R=-8.7408e+00  NLL_ω=-1.5299e+00  MSE_R=5.1752e-04  MSE_ω=6.3341e-02
  test : −ELBO=-4.1048e+00  NLL=-3.5997e+00  NLL_R=-5.3757e+00  NLL_ω=1.7760e+00  MSE_R=1.6733e-03  MSE_ω=2.0236e-01
  sigma: σ_R=1.3107e-02  σ_ω=1.4503e-01  β=1.0000e+00
  PL   : train=-9.8657e-01  test=-9.4907e-01  σ_φ̄(train)=2.1397e-06  σ_φ̄(test)=1.8492e-12  σ_obs_ω=5.0000e-01  λ_PL=1.00
  KL   : M=9.106e+02  V=3.053e+02  Dw=1.389e+03  g=1.927e+03  sigma=1.364e+01  total=4.546e+03
  subnet MSE  M=1.632e+00  V=1.277e+01  Dw=4.546e-02  g=3.022e-01
[step   9700]
  train: −ELBO=-1.0822e+01  NLL=-1.0280e+01  NLL_R=-8.7444e+00  NLL_ω=-1.5352e+00  MSE_R=5.1627e-04  MSE_ω=6.3118e-02
  test : −ELBO=-4.0139e+00  NLL=-3.5106e+00  NLL_R=-5.3317e+00  NLL_ω=1.8211e+00  MSE_R=1.6908e-03  MSE_ω=2.0447e-01
  sigma: σ_R=1.3116e-02  σ_ω=1.4509e-01  β=1.0000e+00
  PL   : train=-9.8669e-01  test=-9.4807e-01  σ_φ̄(train)=6.5299e-08  σ_φ̄(test)=1.9475e-12  σ_obs_ω=5.0000e-01  λ_PL=1.00
  KL   : M=9.131e+02  V=3.051e+02  Dw=1.391e+03  g=1.931e+03  sigma=1.355e+01  total=4.554e+03
  subnet MSE  M=1.629e+00  V=1.272e+01  Dw=4.543e-02  g=3.020e-01
[step   9750]
  train: −ELBO=-1.0825e+01  NLL=-1.0283e+01  NLL_R=-8.7461e+00  NLL_ω=-1.5373e+00  MSE_R=5.1570e-04  MSE_ω=6.3031e-02
  test : −ELBO=-4.0664e+00  NLL=-3.5627e+00  NLL_R=-5.3597e+00  NLL_ω=1.7970e+00  MSE_R=1.6808e-03  MSE_ω=2.0334e-01
  sigma: σ_R=1.3114e-02  σ_ω=1.4504e-01  β=1.0000e+00
  PL   : train=-9.8695e-01  test=-9.4908e-01  σ_φ̄(train)=4.2874e-08  σ_φ̄(test)=1.9315e-12  σ_obs_ω=5.0000e-01  λ_PL=1.00
  KL   : M=9.155e+02  V=3.049e+02  Dw=1.392e+03  g=1.934e+03  sigma=1.353e+01  total=4.560e+03
  subnet MSE  M=1.630e+00  V=1.277e+01  Dw=4.518e-02  g=3.026e-01
[step   9800]
  train: −ELBO=-1.0823e+01  NLL=-1.0283e+01  NLL_R=-8.7461e+00  NLL_ω=-1.5365e+00  MSE_R=5.1570e-04  MSE_ω=6.3064e-02
  test : −ELBO=-3.9019e+00  NLL=-3.4001e+00  NLL_R=-5.2769e+00  NLL_ω=1.8768e+00  MSE_R=1.7090e-03  MSE_ω=2.0663e-01
  sigma: σ_R=1.3116e-02  σ_ω=1.4504e-01  β=1.0000e+00
  PL   : train=-9.8660e-01  test=-9.4777e-01  σ_φ̄(train)=7.6260e-08  σ_φ̄(test)=2.0283e-12  σ_obs_ω=5.0000e-01  λ_PL=1.00
  KL   : M=9.179e+02  V=3.048e+02  Dw=1.393e+03  g=1.938e+03  sigma=1.345e+01  total=4.567e+03
  subnet MSE  M=1.631e+00  V=1.271e+01  Dw=4.599e-02  g=3.025e-01
[step   9850]
  train: −ELBO=-1.0829e+01  NLL=-1.0289e+01  NLL_R=-8.7486e+00  NLL_ω=-1.5403e+00  MSE_R=5.1484e-04  MSE_ω=6.2906e-02
  test : −ELBO=-3.8892e+00  NLL=-3.3879e+00  NLL_R=-5.2710e+00  NLL_ω=1.8831e+00  MSE_R=1.7039e-03  MSE_ω=2.0604e-01
  sigma: σ_R=1.3074e-02  σ_ω=1.4457e-01  β=1.0000e+00
  PL   : train=-9.8664e-01  test=-9.4802e-01  σ_φ̄(train)=2.0078e-07  σ_φ̄(test)=2.1500e-12  σ_obs_ω=5.0000e-01  λ_PL=1.00
  KL   : M=9.208e+02  V=3.047e+02  Dw=1.395e+03  g=1.941e+03  sigma=1.336e+01  total=4.574e+03
  subnet MSE  M=1.630e+00  V=1.273e+01  Dw=4.607e-02  g=3.023e-01
[step   9900]
  train: −ELBO=-1.0836e+01  NLL=-1.0296e+01  NLL_R=-8.7532e+00  NLL_ω=-1.5431e+00  MSE_R=5.1325e-04  MSE_ω=6.2788e-02
  test : −ELBO=-3.8736e+00  NLL=-3.3727e+00  NLL_R=-5.2619e+00  NLL_ω=1.8892e+00  MSE_R=1.7073e-03  MSE_ω=2.0643e-01
  sigma: σ_R=1.3076e-02  σ_ω=1.4466e-01  β=1.0000e+00
  PL   : train=-9.8705e-01  test=-9.4831e-01  σ_φ̄(train)=1.0335e-07  σ_φ̄(test)=2.2791e-12  σ_obs_ω=5.0000e-01  λ_PL=1.00
  KL   : M=9.237e+02  V=3.046e+02  Dw=1.396e+03  g=1.944e+03  sigma=1.327e+01  total=4.581e+03
  subnet MSE  M=1.630e+00  V=1.273e+01  Dw=4.638e-02  g=3.027e-01
[step   9950]
  train: −ELBO=-1.0837e+01  NLL=-1.0299e+01  NLL_R=-8.7553e+00  NLL_ω=-1.5434e+00  MSE_R=5.1253e-04  MSE_ω=6.2774e-02
  test : −ELBO=-3.9031e+00  NLL=-3.4036e+00  NLL_R=-5.2776e+00  NLL_ω=1.8740e+00  MSE_R=1.7046e-03  MSE_ω=2.0602e-01
  sigma: σ_R=1.3092e-02  σ_ω=1.4477e-01  β=1.0000e+00
  PL   : train=-9.8639e-01  test=-9.4763e-01  σ_φ̄(train)=2.0025e-07  σ_φ̄(test)=2.4317e-12  σ_obs_ω=5.0000e-01  λ_PL=1.00
  KL   : M=9.265e+02  V=3.045e+02  Dw=1.398e+03  g=1.947e+03  sigma=1.318e+01  total=4.589e+03
  subnet MSE  M=1.629e+00  V=1.277e+01  Dw=4.622e-02  g=3.018e-01
[step  10000]
  train: −ELBO=-1.0832e+01  NLL=-1.0295e+01  NLL_R=-8.7532e+00  NLL_ω=-1.5419e+00  MSE_R=5.1325e-04  MSE_ω=6.2836e-02
  test : −ELBO=-3.7464e+00  NLL=-3.2488e+00  NLL_R=-5.2000e+00  NLL_ω=1.9512e+00  MSE_R=1.7254e-03  MSE_ω=2.0857e-01
  sigma: σ_R=1.3057e-02  σ_ω=1.4439e-01  β=1.0000e+00
  PL   : train=-9.8577e-01  test=-9.4655e-01  σ_φ̄(train)=1.1935e-07  σ_φ̄(test)=2.6222e-12  σ_obs_ω=5.0000e-01  λ_PL=1.00
  KL   : M=9.298e+02  V=3.045e+02  Dw=1.399e+03  g=1.951e+03  sigma=1.306e+01  total=4.597e+03
  subnet MSE  M=1.630e+00  V=1.271e+01  Dw=4.555e-02  g=3.016e-01

Final per-trajectory eval ...
Final trajectory train loss 9.8421e+01 +/- 6.6592e+01
Final trajectory test loss  1.0532e+02 +/- 6.8480e+01
Final trajectory train l2 loss 9.8290e+01 +/- 6.6613e+01
Final trajectory test l2 loss  1.0376e+02 +/- 6.8191e+01
Final trajectory train geo loss 1.3183e-01 +/- 1.3213e-01
Final trajectory test geo loss  1.5635e+00 +/- 1.9033e+00
Saved final stats:  /mnt/data/thribhuvan/Projects/stochastic_port_hamiltonian/Final/SPHNP v2/src/models/3D_SO3_Windy_Pendulum/ph_gp_sde/data/run_wp3d_jax/obs0_fric0p5_wind0p5_ext0-sine_lr0p001_s10000_np5_smp64_T20_seed0_randu7_G0p5-0p7-0p1_260611-165710/wp3d-so3hamGPSDE-5p-stats.pkl
