Run dir : /mnt/data/thribhuvan/Projects/stochastic_port_hamiltonian/Final/SPHNP v2/src/models/3D_SO3_Windy_Pendulum/ph_gp_sde/data/run_wp3d_jax/obs0p25_fric0p5_wind0p5_ext0-sine_lr0p001_s10000_np5_smp64_T20_seed0_randu7_G0p5-0p7-0p1_260612-005004
model contains 11582 parameters
Loaded data from /mnt/data/thribhuvan/Projects/stochastic_port_hamiltonian/Final/SPHNP v2/datasets/data/windy_pendulum_3d/wp3d_dataset_extforce-sine-std0p0_fric0p5_var_fricFalse_obs_noise0p25_wind_force0p5_random_uTrue_uScale7p0_G_0p5_0p7_0p1_steps20.pkl
  dt = 0.0500  h = 0.0050  n_outer (per window) = 4  n_substeps = 10
  train batch B = 2560, test batch B = 2560, T_obs = 5, N (= B·(T−1)) = 10240

Pretraining M_net for 200 steps (lr=0.001, target = 1.000·I₃)
  using 12800 q samples drawn from training data
  pretrain step    0: loss=2.049e+00
  pretrain step   20: loss=1.925e+00
  pretrain step   40: loss=1.793e+00
  pretrain step   60: loss=1.654e+00
  pretrain step   80: loss=1.517e+00
  pretrain step  100: loss=1.385e+00
  pretrain step  120: loss=1.261e+00
  pretrain step  140: loss=1.145e+00
  pretrain step  160: loss=1.038e+00
  pretrain step  180: loss=9.392e-01
  pretrain step  199: loss=8.540e-01
  pretrain done. initial loss=2.049e+00  final loss=8.540e-01  max|M(q₀) − target|=2.230e+00
[step      0]
  train: −ELBO=1.3068e+02  NLL=1.3100e+02  NLL_R=1.5082e+01  NLL_ω=1.1592e+02  MSE_R=3.8465e-01  MSE_ω=2.4014e+00
  test : −ELBO=8.1767e+01  NLL=8.1786e+01  NLL_R=-3.4213e+00  NLL_ω=8.5207e+01  MSE_R=1.4562e-02  MSE_ω=1.7907e+00
  sigma: σ_R=1.0000e-01  σ_ω=1.0000e-01  β=0.0000e+00
  PL   : train=-3.2406e-01  test=-7.6631e-01  σ_φ̄(train)=6.9947e-01  σ_φ̄(test)=6.9182e-01  σ_obs_ω=5.0000e-01  λ_PL=1.00
  KL   : M=2.003e+03  V=3.320e+02  Dw=1.992e+03  g=2.988e+03  sigma=3.320e+02  total=7.647e+03
  subnet MSE  M=8.665e-01  V=2.709e+01  Dw=6.552e-03  g=3.285e-01
[step     50]
  train: −ELBO=8.8698e+01  NLL=8.9066e+01  NLL_R=1.3255e+01  NLL_ω=7.5812e+01  MSE_R=3.7871e-01  MSE_ω=1.7463e+00
  test : −ELBO=4.9621e+01  NLL=4.9679e+01  NLL_R=-3.5548e+00  NLL_ω=5.3233e+01  MSE_R=1.0001e-02  MSE_ω=1.2543e+00
  sigma: σ_R=1.0472e-01  σ_ω=1.0458e-01  β=5.0000e-02
  PL   : train=-4.0523e-01  test=-8.0783e-01  σ_φ̄(train)=5.3622e-01  σ_φ̄(test)=5.2561e-01  σ_obs_ω=5.0000e-01  λ_PL=1.00
  KL   : M=2.014e+03  V=3.336e+02  Dw=1.996e+03  g=3.004e+03  sigma=3.339e+02  total=7.681e+03
  subnet MSE  M=4.483e-01  V=2.682e+01  Dw=1.162e-02  g=2.815e-01
[step    100]
  train: −ELBO=7.0317e+01  NLL=7.0690e+01  NLL_R=1.2001e+01  NLL_ω=5.8688e+01  MSE_R=3.7614e-01  MSE_ω=1.4651e+00
  test : −ELBO=3.5687e+01  NLL=3.5777e+01  NLL_R=-3.5595e+00  NLL_ω=3.9337e+01  MSE_R=7.9939e-03  MSE_ω=1.0134e+00
  sigma: σ_R=1.0876e-01  σ_ω=1.0817e-01  β=1.0000e-01
  PL   : train=-4.4812e-01  test=-8.4260e-01  σ_φ̄(train)=3.7702e-01  σ_φ̄(test)=3.6482e-01  σ_obs_ω=5.0000e-01  λ_PL=1.00
  KL   : M=2.023e+03  V=3.343e+02  Dw=1.998e+03  g=3.010e+03  sigma=3.352e+02  total=7.701e+03
  subnet MSE  M=3.518e-01  V=2.661e+01  Dw=2.408e-02  g=2.819e-01
[step    150]
  train: −ELBO=5.9809e+01  NLL=6.0169e+01  NLL_R=1.0967e+01  NLL_ω=4.9202e+01  MSE_R=3.7499e-01  MSE_ω=1.3173e+00
  test : −ELBO=2.8506e+01  NLL=2.8614e+01  NLL_R=-3.5154e+00  NLL_ω=3.2129e+01  MSE_R=6.9799e-03  MSE_ω=8.9422e-01
  sigma: σ_R=1.1271e-01  σ_ω=1.1145e-01  β=1.5000e-01
  PL   : train=-4.7312e-01  test=-8.6126e-01  σ_φ̄(train)=2.6157e-01  σ_φ̄(test)=2.4872e-01  σ_obs_ω=5.0000e-01  λ_PL=1.00
  KL   : M=2.028e+03  V=3.349e+02  Dw=2.000e+03  g=3.014e+03  sigma=3.363e+02  total=7.713e+03
  subnet MSE  M=3.870e-01  V=2.628e+01  Dw=4.714e-02  g=2.827e-01
[step    200]
  train: −ELBO=5.1697e+01  NLL=5.2039e+01  NLL_R=9.9377e+00  NLL_ω=4.2101e+01  MSE_R=3.7352e-01  MSE_ω=1.2124e+00
  test : −ELBO=2.3546e+01  NLL=2.3666e+01  NLL_R=-3.4436e+00  NLL_ω=2.7109e+01  MSE_R=6.3482e-03  MSE_ω=8.1665e-01
  sigma: σ_R=1.1712e-01  σ_ω=1.1500e-01  β=2.0000e-01
  PL   : train=-4.9233e-01  test=-8.7378e-01  σ_φ̄(train)=1.7319e-01  σ_φ̄(test)=1.6275e-01  σ_obs_ω=5.0000e-01  λ_PL=1.00
  KL   : M=2.032e+03  V=3.358e+02  Dw=2.003e+03  g=3.017e+03  sigma=3.371e+02  total=7.725e+03
  subnet MSE  M=4.757e-01  V=2.577e+01  Dw=6.452e-02  g=2.825e-01
[step    250]
  train: −ELBO=4.4310e+01  NLL=4.4630e+01  NLL_R=8.9210e+00  NLL_ω=3.5709e+01  MSE_R=3.7260e-01  MSE_ω=1.1147e+00
  test : −ELBO=1.8863e+01  NLL=1.8991e+01  NLL_R=-3.3557e+00  NLL_ω=2.2347e+01  MSE_R=5.7149e-03  MSE_ω=7.3684e-01
  sigma: σ_R=1.2223e-01  σ_ω=1.1903e-01  β=2.5000e-01
  PL   : train=-5.0816e-01  test=-8.8425e-01  σ_φ̄(train)=1.1794e-01  σ_φ̄(test)=1.1000e-01  σ_obs_ω=5.0000e-01  λ_PL=1.00
  KL   : M=2.035e+03  V=3.368e+02  Dw=2.005e+03  g=3.021e+03  sigma=3.380e+02  total=7.735e+03
  subnet MSE  M=6.322e-01  V=2.506e+01  Dw=6.860e-02  g=2.792e-01
[step    300]
  train: −ELBO=3.9973e+01  NLL=4.0264e+01  NLL_R=8.2336e+00  NLL_ω=3.2030e+01  MSE_R=3.7161e-01  MSE_ω=1.0594e+00
  test : −ELBO=1.5925e+01  NLL=1.6061e+01  NLL_R=-3.2878e+00  NLL_ω=1.9349e+01  MSE_R=5.2997e-03  MSE_ω=6.8231e-01
  sigma: σ_R=1.2608e-01  σ_ω=1.2201e-01  β=3.0000e-01
  PL   : train=-5.1763e-01  test=-8.9215e-01  σ_φ̄(train)=8.8178e-02  σ_φ̄(test)=8.1856e-02  σ_obs_ω=5.0000e-01  λ_PL=1.00
  KL   : M=2.036e+03  V=3.378e+02  Dw=2.007e+03  g=3.022e+03  sigma=3.384e+02  total=7.741e+03
  subnet MSE  M=7.419e-01  V=2.432e+01  Dw=7.842e-02  g=2.862e-01
[step    350]
  train: −ELBO=3.6357e+01  NLL=3.6620e+01  NLL_R=7.7017e+00  NLL_ω=2.8918e+01  MSE_R=3.7067e-01  MSE_ω=1.0042e+00
  test : −ELBO=1.3122e+01  NLL=1.3267e+01  NLL_R=-3.2341e+00  NLL_ω=1.6501e+01  MSE_R=4.8172e-03  MSE_ω=6.1993e-01
  sigma: σ_R=1.2933e-01  σ_ω=1.2446e-01  β=3.5000e-01
  PL   : train=-5.2762e-01  test=-9.0124e-01  σ_φ̄(train)=7.3988e-02  σ_φ̄(test)=6.8861e-02  σ_obs_ω=5.0000e-01  λ_PL=1.00
  KL   : M=2.037e+03  V=3.386e+02  Dw=2.008e+03  g=3.024e+03  sigma=3.387e+02  total=7.746e+03
  subnet MSE  M=8.457e-01  V=2.329e+01  Dw=8.628e-02  g=2.906e-01
[step    400]
  train: −ELBO=3.3967e+01  NLL=3.4196e+01  NLL_R=7.3492e+00  NLL_ω=2.6847e+01  MSE_R=3.6973e-01  MSE_ω=9.6405e-01
  test : −ELBO=1.1002e+01  NLL=1.1151e+01  NLL_R=-3.1989e+00  NLL_ω=1.4350e+01  MSE_R=4.4181e-03  MSE_ω=5.6675e-01
  sigma: σ_R=1.3159e-01  σ_ω=1.2613e-01  β=4.0000e-01
  PL   : train=-5.3129e-01  test=-9.0592e-01  σ_φ̄(train)=7.1067e-02  σ_φ̄(test)=6.6314e-02  σ_obs_ω=5.0000e-01  λ_PL=1.00
  KL   : M=2.037e+03  V=3.392e+02  Dw=2.009e+03  g=3.024e+03  sigma=3.387e+02  total=7.749e+03
  subnet MSE  M=9.116e-01  V=2.231e+01  Dw=8.299e-02  g=2.850e-01
[step    450]
  train: −ELBO=3.2447e+01  NLL=3.2640e+01  NLL_R=7.0229e+00  NLL_ω=2.5617e+01  MSE_R=3.6912e-01  MSE_ω=9.4805e-01
  test : −ELBO=9.6813e+00  NLL=9.8357e+00  NLL_R=-3.1579e+00  NLL_ω=1.2994e+01  MSE_R=4.1872e-03  MSE_ω=5.3614e-01
  sigma: σ_R=1.3387e-01  σ_ω=1.2778e-01  β=4.5000e-01
  PL   : train=-5.3378e-01  test=-9.1131e-01  σ_φ̄(train)=6.2600e-02  σ_φ̄(test)=5.7744e-02  σ_obs_ω=5.0000e-01  λ_PL=1.00
  KL   : M=2.038e+03  V=3.397e+02  Dw=2.010e+03  g=3.025e+03  sigma=3.390e+02  total=7.751e+03
  subnet MSE  M=9.333e-01  V=2.182e+01  Dw=9.388e-02  g=2.851e-01
[step    500]
  train: −ELBO=3.0209e+01  NLL=3.0366e+01  NLL_R=6.5704e+00  NLL_ω=2.3795e+01  MSE_R=3.6844e-01  MSE_ω=9.2162e-01
  test : −ELBO=8.1171e+00  NLL=8.2739e+00  NLL_R=-3.0938e+00  NLL_ω=1.1368e+01  MSE_R=3.9244e-03  MSE_ω=5.0023e-01
  sigma: σ_R=1.3732e-01  σ_ω=1.3027e-01  β=5.0000e-01
  PL   : train=-5.3530e-01  test=-9.1409e-01  σ_φ̄(train)=5.4375e-02  σ_φ̄(test)=4.9672e-02  σ_obs_ω=5.0000e-01  λ_PL=1.00
  KL   : M=2.038e+03  V=3.406e+02  Dw=2.011e+03  g=3.026e+03  sigma=3.394e+02  total=7.754e+03
  subnet MSE  M=1.033e+00  V=2.106e+01  Dw=9.222e-02  g=2.832e-01
[step    550]
  train: −ELBO=2.8553e+01  NLL=2.8673e+01  NLL_R=6.2237e+00  NLL_ω=2.2449e+01  MSE_R=3.6821e-01  MSE_ω=9.0309e-01
  test : −ELBO=7.5005e+00  NLL=7.6562e+00  NLL_R=-3.0369e+00  NLL_ω=1.0693e+01  MSE_R=3.8655e-03  MSE_ω=4.9117e-01
  sigma: σ_R=1.4025e-01  σ_ω=1.3240e-01  β=5.5000e-01
  PL   : train=-5.3636e-01  test=-9.1318e-01  σ_φ̄(train)=4.6248e-02  σ_φ̄(test)=4.2236e-02  σ_obs_ω=5.0000e-01  λ_PL=1.00
  KL   : M=2.038e+03  V=3.412e+02  Dw=2.011e+03  g=3.026e+03  sigma=3.395e+02  total=7.756e+03
  subnet MSE  M=1.075e+00  V=2.091e+01  Dw=9.171e-02  g=2.791e-01
[step    600]
  train: −ELBO=2.7108e+01  NLL=2.7192e+01  NLL_R=5.8360e+00  NLL_ω=2.1356e+01  MSE_R=3.6818e-01  MSE_ω=8.9733e-01
  test : −ELBO=6.8747e+00  NLL=7.0334e+00  NLL_R=-2.9669e+00  NLL_ω=1.0000e+01  MSE_R=3.7978e-03  MSE_ω=4.8356e-01
  sigma: σ_R=1.4385e-01  σ_ω=1.3503e-01  β=6.0000e-01
  PL   : train=-5.3826e-01  test=-9.1623e-01  σ_φ̄(train)=4.0058e-02  σ_φ̄(test)=3.6531e-02  σ_obs_ω=5.0000e-01  λ_PL=1.00
  KL   : M=2.038e+03  V=3.417e+02  Dw=2.011e+03  g=3.027e+03  sigma=3.398e+02  total=7.758e+03
  subnet MSE  M=1.039e+00  V=2.093e+01  Dw=7.437e-02  g=2.837e-01
[step    650]
  train: −ELBO=2.5354e+01  NLL=2.5402e+01  NLL_R=5.4149e+00  NLL_ω=1.9987e+01  MSE_R=3.6772e-01  MSE_ω=8.8422e-01
  test : −ELBO=5.8811e+00  NLL=6.0420e+00  NLL_R=-2.8890e+00  NLL_ω=8.9310e+00  MSE_R=3.6384e-03  MSE_ω=4.6273e-01
  sigma: σ_R=1.4804e-01  σ_ω=1.3814e-01  β=6.5000e-01
  PL   : train=-5.4041e-01  test=-9.1874e-01  σ_φ̄(train)=3.8989e-02  σ_φ̄(test)=3.5337e-02  σ_obs_ω=5.0000e-01  λ_PL=1.00
  KL   : M=2.039e+03  V=3.424e+02  Dw=2.011e+03  g=3.028e+03  sigma=3.398e+02  total=7.760e+03
  subnet MSE  M=1.096e+00  V=2.041e+01  Dw=7.201e-02  g=2.861e-01
[step    700]
  train: −ELBO=2.3155e+01  NLL=2.3168e+01  NLL_R=4.9591e+00  NLL_ω=1.8209e+01  MSE_R=3.6738e-01  MSE_ω=8.5894e-01
  test : −ELBO=4.9634e+00  NLL=5.1269e+00  NLL_R=-2.7954e+00  NLL_ω=7.9223e+00  MSE_R=3.4975e-03  MSE_ω=4.4476e-01
  sigma: σ_R=1.5315e-01  σ_ω=1.4197e-01  β=7.0000e-01
  PL   : train=-5.4386e-01  test=-9.2168e-01  σ_φ̄(train)=3.4473e-02  σ_φ̄(test)=3.0911e-02  σ_obs_ω=5.0000e-01  λ_PL=1.00
  KL   : M=2.039e+03  V=3.432e+02  Dw=2.012e+03  g=3.029e+03  sigma=3.399e+02  total=7.763e+03
  subnet MSE  M=1.097e+00  V=2.023e+01  Dw=7.404e-02  g=2.855e-01
[step    750]
  train: −ELBO=2.1887e+01  NLL=2.1861e+01  NLL_R=4.6561e+00  NLL_ω=1.7205e+01  MSE_R=3.6717e-01  MSE_ω=8.4906e-01
  test : −ELBO=4.2750e+00  NLL=4.4383e+00  NLL_R=-2.7282e+00  NLL_ω=7.1666e+00  MSE_R=3.3766e-03  MSE_ω=4.2856e-01
  sigma: σ_R=1.5692e-01  σ_ω=1.4481e-01  β=7.5000e-01
  PL   : train=-5.4342e-01  test=-9.2169e-01  σ_φ̄(train)=3.0358e-02  σ_φ̄(test)=2.6984e-02  σ_obs_ω=5.0000e-01  λ_PL=1.00
  KL   : M=2.039e+03  V=3.439e+02  Dw=2.012e+03  g=3.030e+03  sigma=3.400e+02  total=7.765e+03
  subnet MSE  M=1.118e+00  V=1.976e+01  Dw=7.671e-02  g=2.826e-01
[step    800]
  train: −ELBO=2.0358e+01  NLL=2.0297e+01  NLL_R=4.2978e+00  NLL_ω=1.6000e+01  MSE_R=3.6690e-01  MSE_ω=8.3683e-01
  test : −ELBO=3.6744e+00  NLL=3.8392e+00  NLL_R=-2.6424e+00  NLL_ω=6.4815e+00  MSE_R=3.2933e-03  MSE_ω=4.1711e-01
  sigma: σ_R=1.6183e-01  σ_ω=1.4854e-01  β=8.0000e-01
  PL   : train=-5.4643e-01  test=-9.2335e-01  σ_φ̄(train)=2.7366e-02  σ_φ̄(test)=2.4320e-02  σ_obs_ω=5.0000e-01  λ_PL=1.00
  KL   : M=2.039e+03  V=3.447e+02  Dw=2.012e+03  g=3.031e+03  sigma=3.401e+02  total=7.768e+03
  subnet MSE  M=1.141e+00  V=1.968e+01  Dw=8.007e-02  g=2.830e-01
[step    850]
  train: −ELBO=1.9151e+01  NLL=1.9053e+01  NLL_R=4.0270e+00  NLL_ω=1.5026e+01  MSE_R=3.6650e-01  MSE_ω=8.2458e-01
  test : −ELBO=3.0777e+00  NLL=3.2454e+00  NLL_R=-2.5730e+00  NLL_ω=5.8184e+00  MSE_R=3.1731e-03  MSE_ω=4.0145e-01
  sigma: σ_R=1.6588e-01  σ_ω=1.5165e-01  β=8.5000e-01
  PL   : train=-5.4771e-01  test=-9.2629e-01  σ_φ̄(train)=2.4752e-02  σ_φ̄(test)=2.1939e-02  σ_obs_ω=5.0000e-01  λ_PL=1.00
  KL   : M=2.039e+03  V=3.452e+02  Dw=2.012e+03  g=3.031e+03  sigma=3.401e+02  total=7.769e+03
  subnet MSE  M=1.163e+00  V=1.927e+01  Dw=6.329e-02  g=2.838e-01
[step    900]
  train: −ELBO=1.7888e+01  NLL=1.7753e+01  NLL_R=3.7094e+00  NLL_ω=1.4043e+01  MSE_R=3.6629e-01  MSE_ω=8.1865e-01
  test : −ELBO=2.5553e+00  NLL=2.7210e+00  NLL_R=-2.4832e+00  NLL_ω=5.2042e+00  MSE_R=3.0825e-03  MSE_ω=3.8990e-01
  sigma: σ_R=1.7122e-01  σ_ω=1.5579e-01  β=9.0000e-01
  PL   : train=-5.4732e-01  test=-9.2441e-01  σ_φ̄(train)=2.3080e-02  σ_φ̄(test)=2.0108e-02  σ_obs_ω=5.0000e-01  λ_PL=1.00
  KL   : M=2.039e+03  V=3.460e+02  Dw=2.012e+03  g=3.031e+03  sigma=3.401e+02  total=7.769e+03
  subnet MSE  M=1.150e+00  V=1.910e+01  Dw=6.211e-02  g=2.820e-01
[step    950]
  train: −ELBO=1.6960e+01  NLL=1.6787e+01  NLL_R=3.4580e+00  NLL_ω=1.3329e+01  MSE_R=3.6617e-01  MSE_ω=8.1851e-01
  test : −ELBO=2.2268e+00  NLL=2.3955e+00  NLL_R=-2.4054e+00  NLL_ω=4.8009e+00  MSE_R=3.0457e-03  MSE_ω=3.8458e-01
  sigma: σ_R=1.7595e-01  σ_ω=1.5954e-01  β=9.5000e-01
  PL   : train=-5.4798e-01  test=-9.2753e-01  σ_φ̄(train)=2.1955e-02  σ_φ̄(test)=1.8932e-02  σ_obs_ω=5.0000e-01  λ_PL=1.00
  KL   : M=2.039e+03  V=3.464e+02  Dw=2.012e+03  g=3.032e+03  sigma=3.402e+02  total=7.770e+03
  subnet MSE  M=1.199e+00  V=1.881e+01  Dw=6.462e-02  g=2.851e-01
[step   1000]
  train: −ELBO=1.6109e+01  NLL=1.5898e+01  NLL_R=3.2166e+00  NLL_ω=1.2682e+01  MSE_R=3.6593e-01  MSE_ω=8.2198e-01
  test : −ELBO=1.9511e+00  NLL=2.1211e+00  NLL_R=-2.3245e+00  NLL_ω=4.4456e+00  MSE_R=3.0232e-03  MSE_ω=3.8135e-01
  sigma: σ_R=1.8094e-01  σ_ω=1.6360e-01  β=1.0000e+00
  PL   : train=-5.4849e-01  test=-9.2891e-01  σ_φ̄(train)=1.7604e-02  σ_φ̄(test)=1.5276e-02  σ_obs_ω=5.0000e-01  λ_PL=1.00
  KL   : M=2.039e+03  V=3.469e+02  Dw=2.012e+03  g=3.033e+03  sigma=3.402e+02  total=7.771e+03
  subnet MSE  M=1.251e+00  V=1.878e+01  Dw=5.627e-02  g=2.859e-01
[step   1050]
  train: −ELBO=1.5429e+01  NLL=1.5219e+01  NLL_R=3.0739e+00  NLL_ω=1.2145e+01  MSE_R=3.6606e-01  MSE_ω=8.1722e-01
  test : −ELBO=1.8137e+00  NLL=1.9828e+00  NLL_R=-2.2720e+00  NLL_ω=4.2548e+00  MSE_R=3.0165e-03  MSE_ω=3.8085e-01
  sigma: σ_R=1.8425e-01  σ_ω=1.6633e-01  β=1.0000e+00
  PL   : train=-5.4908e-01  test=-9.2800e-01  σ_φ̄(train)=1.6611e-02  σ_φ̄(test)=1.4388e-02  σ_obs_ω=5.0000e-01  λ_PL=1.00
  KL   : M=2.039e+03  V=3.472e+02  Dw=2.012e+03  g=3.033e+03  sigma=3.402e+02  total=7.771e+03
  subnet MSE  M=1.231e+00  V=1.882e+01  Dw=6.036e-02  g=2.878e-01
[step   1100]
  train: −ELBO=1.4410e+01  NLL=1.4201e+01  NLL_R=2.8450e+00  NLL_ω=1.1356e+01  MSE_R=3.6593e-01  MSE_ω=8.1380e-01
  test : −ELBO=1.5282e+00  NLL=1.6993e+00  NLL_R=-2.1821e+00  NLL_ω=3.8814e+00  MSE_R=2.9841e-03  MSE_ω=3.7655e-01
  sigma: σ_R=1.8994e-01  σ_ω=1.7112e-01  β=1.0000e+00
  PL   : train=-5.5066e-01  test=-9.2998e-01  σ_φ̄(train)=1.6660e-02  σ_φ̄(test)=1.4455e-02  σ_obs_ω=5.0000e-01  λ_PL=1.00
  KL   : M=2.038e+03  V=3.478e+02  Dw=2.011e+03  g=3.033e+03  sigma=3.402e+02  total=7.771e+03
  subnet MSE  M=1.217e+00  V=1.885e+01  Dw=5.608e-02  g=2.879e-01
[step   1150]
  train: −ELBO=1.3648e+01  NLL=1.3442e+01  NLL_R=2.6616e+00  NLL_ω=1.0781e+01  MSE_R=3.6554e-01  MSE_ω=8.1484e-01
  test : −ELBO=1.3462e+00  NLL=1.5190e+00  NLL_R=-2.1080e+00  NLL_ω=3.6271e+00  MSE_R=2.9840e-03  MSE_ω=3.7502e-01
  sigma: σ_R=1.9493e-01  σ_ω=1.7538e-01  β=1.0000e+00
  PL   : train=-5.5354e-01  test=-9.3177e-01  σ_φ̄(train)=1.6193e-02  σ_φ̄(test)=1.4065e-02  σ_obs_ω=5.0000e-01  λ_PL=1.00
  KL   : M=2.038e+03  V=3.483e+02  Dw=2.011e+03  g=3.034e+03  sigma=3.402e+02  total=7.771e+03
  subnet MSE  M=1.295e+00  V=1.855e+01  Dw=5.676e-02  g=2.933e-01
[step   1200]
  train: −ELBO=1.3078e+01  NLL=1.2867e+01  NLL_R=2.5112e+00  NLL_ω=1.0356e+01  MSE_R=3.6564e-01  MSE_ω=8.2150e-01
  test : −ELBO=1.2381e+00  NLL=1.4082e+00  NLL_R=-2.0379e+00  NLL_ω=3.4462e+00  MSE_R=3.0082e-03  MSE_ω=3.7671e-01
  sigma: σ_R=1.9960e-01  σ_ω=1.7947e-01  β=1.0000e+00
  PL   : train=-5.4788e-01  test=-9.2899e-01  σ_φ̄(train)=1.5264e-02  σ_φ̄(test)=1.3178e-02  σ_obs_ω=5.0000e-01  λ_PL=1.00
  KL   : M=2.037e+03  V=3.488e+02  Dw=2.010e+03  g=3.033e+03  sigma=3.401e+02  total=7.770e+03
  subnet MSE  M=1.340e+00  V=1.835e+01  Dw=5.790e-02  g=2.905e-01
[step   1250]
  train: −ELBO=1.2342e+01  NLL=1.2133e+01  NLL_R=2.3729e+00  NLL_ω=9.7604e+00  MSE_R=3.6547e-01  MSE_ω=8.1507e-01
  test : −ELBO=1.0110e+00  NLL=1.1823e+00  NLL_R=-1.9722e+00  NLL_ω=3.1544e+00  MSE_R=2.9579e-03  MSE_ω=3.6990e-01
  sigma: σ_R=2.0421e-01  σ_ω=1.8361e-01  β=1.0000e+00
  PL   : train=-5.4950e-01  test=-9.2997e-01  σ_φ̄(train)=1.3585e-02  σ_φ̄(test)=1.1765e-02  σ_obs_ω=5.0000e-01  λ_PL=1.00
  KL   : M=2.037e+03  V=3.491e+02  Dw=2.010e+03  g=3.033e+03  sigma=3.401e+02  total=7.769e+03
  subnet MSE  M=1.322e+00  V=1.813e+01  Dw=6.237e-02  g=2.937e-01
[step   1300]
  train: −ELBO=1.1562e+01  NLL=1.1354e+01  NLL_R=2.2342e+00  NLL_ω=9.1195e+00  MSE_R=3.6543e-01  MSE_ω=8.0631e-01
  test : −ELBO=8.3844e-01  NLL=1.0104e+00  NLL_R=-1.8996e+00  NLL_ω=2.9100e+00  MSE_R=2.9274e-03  MSE_ω=3.6626e-01
  sigma: σ_R=2.0936e-01  σ_ω=1.8828e-01  β=1.0000e+00
  PL   : train=-5.5066e-01  test=-9.3047e-01  σ_φ̄(train)=1.3056e-02  σ_φ̄(test)=1.1353e-02  σ_obs_ω=5.0000e-01  λ_PL=1.00
  KL   : M=2.036e+03  V=3.494e+02  Dw=2.009e+03  g=3.033e+03  sigma=3.400e+02  total=7.768e+03
  subnet MSE  M=1.289e+00  V=1.824e+01  Dw=6.410e-02  g=2.945e-01
[step   1350]
  train: −ELBO=1.0717e+01  NLL=1.0513e+01  NLL_R=2.0832e+00  NLL_ω=8.4294e+00  MSE_R=3.6545e-01  MSE_ω=7.9740e-01
  test : −ELBO=6.5208e-01  NLL=8.2673e-01  NLL_R=-1.8117e+00  NLL_ω=2.6385e+00  MSE_R=2.8858e-03  MSE_ω=3.6186e-01
  sigma: σ_R=2.1567e-01  σ_ω=1.9401e-01  β=1.0000e+00
  PL   : train=-5.5433e-01  test=-9.3305e-01  σ_φ̄(train)=1.1716e-02  σ_φ̄(test)=1.0186e-02  σ_obs_ω=5.0000e-01  λ_PL=1.00
  KL   : M=2.035e+03  V=3.500e+02  Dw=2.008e+03  g=3.033e+03  sigma=3.399e+02  total=7.766e+03
  subnet MSE  M=1.250e+00  V=1.833e+01  Dw=6.657e-02  g=2.974e-01
[step   1400]
  train: −ELBO=1.0029e+01  NLL=9.8228e+00  NLL_R=1.9538e+00  NLL_ω=7.8690e+00  MSE_R=3.6548e-01  MSE_ω=7.9280e-01
  test : −ELBO=5.1228e-01  NLL=6.8412e-01  NLL_R=-1.7308e+00  NLL_ω=2.4149e+00  MSE_R=2.8630e-03  MSE_ω=3.5829e-01
  sigma: σ_R=2.2179e-01  σ_ω=1.9964e-01  β=1.0000e+00
  PL   : train=-5.5165e-01  test=-9.3011e-01  σ_φ̄(train)=1.1319e-02  σ_φ̄(test)=9.7312e-03  σ_obs_ω=5.0000e-01  λ_PL=1.00
  KL   : M=2.034e+03  V=3.505e+02  Dw=2.008e+03  g=3.033e+03  sigma=3.399e+02  total=7.765e+03
  subnet MSE  M=1.271e+00  V=1.825e+01  Dw=6.693e-02  g=2.923e-01
[step   1450]
  train: −ELBO=9.5027e+00  NLL=9.2951e+00  NLL_R=1.8429e+00  NLL_ω=7.4523e+00  MSE_R=3.6531e-01  MSE_ω=7.9465e-01
  test : −ELBO=3.7141e-01  NLL=5.4399e-01  NLL_R=-1.6556e+00  NLL_ω=2.1996e+00  MSE_R=2.8281e-03  MSE_ω=3.5308e-01
  sigma: σ_R=2.2757e-01  σ_ω=2.0506e-01  β=1.0000e+00
  PL   : train=-5.5048e-01  test=-9.3067e-01  σ_φ̄(train)=1.1100e-02  σ_φ̄(test)=9.6192e-03  σ_obs_ω=5.0000e-01  λ_PL=1.00
  KL   : M=2.032e+03  V=3.510e+02  Dw=2.006e+03  g=3.033e+03  sigma=3.398e+02  total=7.763e+03
  subnet MSE  M=1.301e+00  V=1.788e+01  Dw=7.160e-02  g=2.955e-01
[step   1500]
  train: −ELBO=8.9920e+00  NLL=8.7842e+00  NLL_R=1.7348e+00  NLL_ω=7.0494e+00  MSE_R=3.6494e-01  MSE_ω=7.9845e-01
  test : −ELBO=2.6660e-01  NLL=4.3758e-01  NLL_R=-1.5759e+00  NLL_ω=2.0134e+00  MSE_R=2.8148e-03  MSE_ω=3.4982e-01
  sigma: σ_R=2.3382e-01  σ_ω=2.1110e-01  β=1.0000e+00
  PL   : train=-5.5008e-01  test=-9.2885e-01  σ_φ̄(train)=1.1165e-02  σ_φ̄(test)=9.6625e-03  σ_obs_ω=5.0000e-01  λ_PL=1.00
  KL   : M=2.031e+03  V=3.514e+02  Dw=2.005e+03  g=3.033e+03  sigma=3.396e+02  total=7.761e+03
  subnet MSE  M=1.339e+00  V=1.754e+01  Dw=8.452e-02  g=2.942e-01
[step   1550]
  train: −ELBO=8.8898e+00  NLL=8.6648e+00  NLL_R=1.6643e+00  NLL_ω=7.0005e+00  MSE_R=3.6523e-01  MSE_ω=8.2490e-01
  test : −ELBO=4.7132e-01  NLL=6.2876e-01  NLL_R=-1.5140e+00  NLL_ω=2.1427e+00  MSE_R=3.0008e-03  MSE_ω=3.7177e-01
  sigma: σ_R=2.3870e-01  σ_ω=2.1599e-01  β=1.0000e+00
  PL   : train=-5.3269e-01  test=-9.1515e-01  σ_φ̄(train)=1.1479e-02  σ_φ̄(test)=9.9133e-03  σ_obs_ω=5.0000e-01  λ_PL=1.00
  KL   : M=2.029e+03  V=3.518e+02  Dw=2.004e+03  g=3.034e+03  sigma=3.394e+02  total=7.759e+03
  subnet MSE  M=1.373e+00  V=1.765e+01  Dw=8.707e-02  g=2.839e-01
[step   1600]
  train: −ELBO=8.3166e+00  NLL=8.1062e+00  NLL_R=1.6108e+00  NLL_ω=6.4954e+00  MSE_R=3.6537e-01  MSE_ω=8.0228e-01
  test : −ELBO=3.7982e-01  NLL=5.4603e-01  NLL_R=-1.4653e+00  NLL_ω=2.0113e+00  MSE_R=2.9605e-03  MSE_ω=3.6791e-01
  sigma: σ_R=2.4268e-01  σ_ω=2.2011e-01  β=1.0000e+00
  PL   : train=-5.4710e-01  test=-9.2369e-01  σ_φ̄(train)=1.1131e-02  σ_φ̄(test)=9.6255e-03  σ_obs_ω=5.0000e-01  λ_PL=1.00
  KL   : M=2.028e+03  V=3.520e+02  Dw=2.003e+03  g=3.034e+03  sigma=3.392e+02  total=7.757e+03
  subnet MSE  M=1.339e+00  V=1.787e+01  Dw=8.899e-02  g=2.916e-01
[step   1650]
  train: −ELBO=7.9290e+00  NLL=7.7166e+00  NLL_R=1.5515e+00  NLL_ω=6.1652e+00  MSE_R=3.6531e-01  MSE_ω=7.9764e-01
  test : −ELBO=3.4554e-01  NLL=5.1029e-01  NLL_R=-1.4090e+00  NLL_ω=1.9193e+00  MSE_R=2.9697e-03  MSE_ω=3.6824e-01
  sigma: σ_R=2.4734e-01  σ_ω=2.2490e-01  β=1.0000e+00
  PL   : train=-5.4483e-01  test=-9.2199e-01  σ_φ̄(train)=1.0355e-02  σ_φ̄(test)=8.8940e-03  σ_obs_ω=5.0000e-01  λ_PL=1.00
  KL   : M=2.027e+03  V=3.523e+02  Dw=2.002e+03  g=3.034e+03  sigma=3.391e+02  total=7.754e+03
  subnet MSE  M=1.333e+00  V=1.784e+01  Dw=9.013e-02  g=2.897e-01
[step   1700]
  train: −ELBO=7.7064e+00  NLL=7.4804e+00  NLL_R=1.4830e+00  NLL_ω=5.9974e+00  MSE_R=3.6526e-01  MSE_ω=8.1654e-01
  test : −ELBO=3.9965e-01  NLL=5.5460e-01  NLL_R=-1.3368e+00  NLL_ω=1.8914e+00  MSE_R=3.0546e-03  MSE_ω=3.7754e-01
  sigma: σ_R=2.5337e-01  σ_ω=2.3127e-01  β=1.0000e+00
  PL   : train=-5.3094e-01  test=-9.1190e-01  σ_φ̄(train)=9.2601e-03  σ_φ̄(test)=7.9170e-03  σ_obs_ω=5.0000e-01  λ_PL=1.00
  KL   : M=2.025e+03  V=3.527e+02  Dw=2.000e+03  g=3.034e+03  sigma=3.390e+02  total=7.751e+03
  subnet MSE  M=1.301e+00  V=1.786e+01  Dw=7.675e-02  g=2.821e-01
[step   1750]
  train: −ELBO=7.3152e+00  NLL=7.0886e+00  NLL_R=1.4217e+00  NLL_ω=5.6669e+00  MSE_R=3.6529e-01  MSE_ω=8.1867e-01
  test : −ELBO=4.1871e-01  NLL=5.6255e-01  NLL_R=-1.2655e+00  NLL_ω=1.8281e+00  MSE_R=3.1031e-03  MSE_ω=3.8323e-01
  sigma: σ_R=2.5954e-01  σ_ω=2.3821e-01  β=1.0000e+00
  PL   : train=-5.2998e-01  test=-9.0049e-01  σ_φ̄(train)=8.7938e-03  σ_φ̄(test)=7.5421e-03  σ_obs_ω=5.0000e-01  λ_PL=1.00
  KL   : M=2.023e+03  V=3.533e+02  Dw=1.998e+03  g=3.035e+03  sigma=3.387e+02  total=7.748e+03
  subnet MSE  M=1.311e+00  V=1.796e+01  Dw=8.258e-02  g=2.827e-01
[step   1800]
  train: −ELBO=6.8657e+00  NLL=6.6467e+00  NLL_R=1.3674e+00  NLL_ω=5.2793e+00  MSE_R=3.6512e-01  MSE_ω=8.1015e-01
  test : −ELBO=2.5170e-01  NLL=4.1417e-01  NLL_R=-1.1983e+00  NLL_ω=1.6125e+00  MSE_R=2.9840e-03  MSE_ω=3.6956e-01
  sigma: σ_R=2.6560e-01  σ_ω=2.4515e-01  β=1.0000e+00
  PL   : train=-5.3734e-01  test=-9.1883e-01  σ_φ̄(train)=8.5154e-03  σ_φ̄(test)=7.2443e-03  σ_obs_ω=5.0000e-01  λ_PL=1.00
  KL   : M=2.021e+03  V=3.538e+02  Dw=1.996e+03  g=3.036e+03  sigma=3.385e+02  total=7.745e+03
  subnet MSE  M=1.269e+00  V=1.780e+01  Dw=7.160e-02  g=2.887e-01
[step   1850]
  train: −ELBO=6.9139e+00  NLL=6.6746e+00  NLL_R=1.3381e+00  NLL_ω=5.3365e+00  MSE_R=3.6549e-01  MSE_ω=8.4240e-01
  test : −ELBO=4.6531e-01  NLL=6.1016e-01  NLL_R=-1.1519e+00  NLL_ω=1.7621e+00  MSE_R=3.2177e-03  MSE_ω=3.9570e-01
  sigma: σ_R=2.6967e-01  σ_ω=2.5001e-01  β=1.0000e+00
  PL   : train=-5.1684e-01  test=-9.0097e-01  σ_φ̄(train)=7.8677e-03  σ_φ̄(test)=6.7007e-03  σ_obs_ω=5.0000e-01  λ_PL=1.00
  KL   : M=2.020e+03  V=3.542e+02  Dw=1.994e+03  g=3.036e+03  sigma=3.383e+02  total=7.743e+03
  subnet MSE  M=1.312e+00  V=1.783e+01  Dw=7.617e-02  g=2.774e-01
[step   1900]
  train: −ELBO=6.5798e+00  NLL=6.3470e+00  NLL_R=1.2955e+00  NLL_ω=5.0515e+00  MSE_R=3.6507e-01  MSE_ω=8.4212e-01
  test : −ELBO=3.7357e-01  NLL=5.2556e-01  NLL_R=-1.0907e+00  NLL_ω=1.6163e+00  MSE_R=3.1546e-03  MSE_ω=3.8816e-01
  sigma: σ_R=2.7530e-01  σ_ω=2.5711e-01  β=1.0000e+00
  PL   : train=-5.2303e-01  test=-9.0778e-01  σ_φ̄(train)=7.6580e-03  σ_φ̄(test)=6.4749e-03  σ_obs_ω=5.0000e-01  λ_PL=1.00
  KL   : M=2.018e+03  V=3.546e+02  Dw=1.992e+03  g=3.037e+03  sigma=3.380e+02  total=7.739e+03
  subnet MSE  M=1.314e+00  V=1.766e+01  Dw=7.293e-02  g=2.852e-01
[step   1950]
  train: −ELBO=6.2260e+00  NLL=5.9893e+00  NLL_R=1.2592e+00  NLL_ω=4.7301e+00  MSE_R=3.6498e-01  MSE_ω=8.3548e-01
  test : −ELBO=3.0172e-01  NLL=4.5431e-01  NLL_R=-1.0299e+00  NLL_ω=1.4842e+00  MSE_R=3.0983e-03  MSE_ω=3.8064e-01
  sigma: σ_R=2.8109e-01  σ_ω=2.6474e-01  β=1.0000e+00
  PL   : train=-5.1863e-01  test=-9.0790e-01  σ_φ̄(train)=7.4145e-03  σ_φ̄(test)=6.3601e-03  σ_obs_ω=5.0000e-01  λ_PL=1.00
  KL   : M=2.015e+03  V=3.550e+02  Dw=1.990e+03  g=3.037e+03  sigma=3.377e+02  total=7.734e+03
  subnet MSE  M=1.283e+00  V=1.759e+01  Dw=8.285e-02  g=2.833e-01
[step   2000]
  train: −ELBO=5.8624e+00  NLL=5.6402e+00  NLL_R=1.2294e+00  NLL_ω=4.4109e+00  MSE_R=3.6498e-01  MSE_ω=8.2308e-01
  test : −ELBO=2.1551e-01  NLL=3.7771e-01  NLL_R=-9.7252e-01  NLL_ω=1.3502e+00  MSE_R=3.0002e-03  MSE_ω=3.7007e-01
  sigma: σ_R=2.8663e-01  σ_ω=2.7209e-01  β=1.0000e+00
  PL   : train=-5.3254e-01  test=-9.1689e-01  σ_φ̄(train)=7.2492e-03  σ_φ̄(test)=6.1687e-03  σ_obs_ω=5.0000e-01  λ_PL=1.00
  KL   : M=2.012e+03  V=3.553e+02  Dw=1.987e+03  g=3.037e+03  sigma=3.373e+02  total=7.728e+03
  subnet MSE  M=1.245e+00  V=1.763e+01  Dw=7.786e-02  g=2.910e-01
[step   2050]
  train: −ELBO=5.5067e+00  NLL=5.2905e+00  NLL_R=1.2016e+00  NLL_ω=4.0889e+00  MSE_R=3.6503e-01  MSE_ω=8.0877e-01
  test : −ELBO=1.8832e-01  NLL=3.5322e-01  NLL_R=-9.1111e-01  NLL_ω=1.2643e+00  MSE_R=2.9565e-03  MSE_ω=3.6519e-01
  sigma: σ_R=2.9264e-01  σ_ω=2.8027e-01  β=1.0000e+00
  PL   : train=-5.3778e-01  test=-9.1885e-01  σ_φ̄(train)=7.1014e-03  σ_φ̄(test)=6.0096e-03  σ_obs_ω=5.0000e-01  λ_PL=1.00
  KL   : M=2.008e+03  V=3.557e+02  Dw=1.983e+03  g=3.037e+03  sigma=3.369e+02  total=7.721e+03
  subnet MSE  M=1.254e+00  V=1.763e+01  Dw=7.822e-02  g=2.912e-01
[step   2100]
  train: −ELBO=5.3569e+00  NLL=5.1390e+00  NLL_R=1.1831e+00  NLL_ω=3.9559e+00  MSE_R=3.6502e-01  MSE_ω=8.1305e-01
  test : −ELBO=2.3631e-01  NLL=4.0075e-01  NLL_R=-8.6552e-01  NLL_ω=1.2663e+00  MSE_R=3.0064e-03  MSE_ω=3.7117e-01
  sigma: σ_R=2.9718e-01  σ_ω=2.8665e-01  β=1.0000e+00
  PL   : train=-5.3541e-01  test=-9.1774e-01  σ_φ̄(train)=6.4624e-03  σ_φ̄(test)=5.4158e-03  σ_obs_ω=5.0000e-01  λ_PL=1.00
  KL   : M=2.005e+03  V=3.559e+02  Dw=1.980e+03  g=3.037e+03  sigma=3.365e+02  total=7.714e+03
  subnet MSE  M=1.272e+00  V=1.771e+01  Dw=6.920e-02  g=2.910e-01
[step   2150]
  train: −ELBO=5.0994e+00  NLL=4.8921e+00  NLL_R=1.1662e+00  NLL_ω=3.7258e+00  MSE_R=3.6471e-01  MSE_ω=7.9813e-01
  test : −ELBO=1.6435e-01  NLL=3.3767e-01  NLL_R=-8.2460e-01  NLL_ω=1.1623e+00  MSE_R=2.8939e-03  MSE_ω=3.5849e-01
  sigma: σ_R=3.0140e-01  σ_ω=2.9285e-01  β=1.0000e+00
  PL   : train=-5.4536e-01  test=-9.2600e-01  σ_φ̄(train)=6.0623e-03  σ_φ̄(test)=5.0985e-03  σ_obs_ω=5.0000e-01  λ_PL=1.00
  KL   : M=2.002e+03  V=3.563e+02  Dw=1.976e+03  g=3.037e+03  sigma=3.362e+02  total=7.707e+03
  subnet MSE  M=1.226e+00  V=1.750e+01  Dw=7.146e-02  g=2.982e-01
[step   2200]
  train: −ELBO=4.8260e+00  NLL=4.6194e+00  NLL_R=1.1457e+00  NLL_ω=3.4737e+00  MSE_R=3.6471e-01  MSE_ω=7.8963e-01
  test : −ELBO=1.4076e-01  NLL=3.1447e-01  NLL_R=-7.5869e-01  NLL_ω=1.0732e+00  MSE_R=2.8219e-03  MSE_ω=3.4871e-01
  sigma: σ_R=3.0815e-01  σ_ω=3.0308e-01  β=1.0000e+00
  PL   : train=-5.4484e-01  test=-9.2517e-01  σ_φ̄(train)=5.6890e-03  σ_φ̄(test)=4.7929e-03  σ_obs_ω=5.0000e-01  λ_PL=1.00
  KL   : M=1.997e+03  V=3.567e+02  Dw=1.971e+03  g=3.036e+03  sigma=3.355e+02  total=7.695e+03
  subnet MSE  M=1.240e+00  V=1.741e+01  Dw=8.186e-02  g=2.966e-01
[step   2250]
  train: −ELBO=4.5942e+00  NLL=4.3936e+00  NLL_R=1.1319e+00  NLL_ω=3.2617e+00  MSE_R=3.6481e-01  MSE_ω=7.7978e-01
  test : −ELBO=1.8008e-01  NLL=3.5646e-01  NLL_R=-7.0340e-01  NLL_ω=1.0599e+00  MSE_R=2.8284e-03  MSE_ω=3.5012e-01
  sigma: σ_R=3.1395e-01  σ_ω=3.1238e-01  β=1.0000e+00
  PL   : train=-5.4955e-01  test=-9.2659e-01  σ_φ̄(train)=5.9286e-03  σ_φ̄(test)=4.9901e-03  σ_obs_ω=5.0000e-01  λ_PL=1.00
  KL   : M=1.991e+03  V=3.571e+02  Dw=1.965e+03  g=3.034e+03  sigma=3.347e+02  total=7.682e+03
  subnet MSE  M=1.252e+00  V=1.765e+01  Dw=8.063e-02  g=2.978e-01
[step   2300]
  train: −ELBO=4.3619e+00  NLL=4.1636e+00  NLL_R=1.1182e+00  NLL_ω=3.0454e+00  MSE_R=3.6482e-01  MSE_ω=7.7238e-01
  test : −ELBO=2.0332e-01  NLL=3.8224e-01  NLL_R=-6.3757e-01  NLL_ω=1.0198e+00  MSE_R=2.7932e-03  MSE_ω=3.4533e-01
  sigma: σ_R=3.2100e-01  σ_ω=3.2469e-01  β=1.0000e+00
  PL   : train=-5.5011e-01  test=-9.2731e-01  σ_φ̄(train)=5.8681e-03  σ_φ̄(test)=4.9202e-03  σ_obs_ω=5.0000e-01  λ_PL=1.00
  KL   : M=1.983e+03  V=3.577e+02  Dw=1.957e+03  g=3.033e+03  sigma=3.336e+02  total=7.664e+03
  subnet MSE  M=1.272e+00  V=1.751e+01  Dw=7.386e-02  g=2.972e-01
[step   2350]
  train: −ELBO=4.2551e+00  NLL=4.0543e+00  NLL_R=1.1096e+00  NLL_ω=2.9447e+00  MSE_R=3.6451e-01  MSE_ω=7.7553e-01
  test : −ELBO=2.2451e-01  NLL=4.0118e-01  NLL_R=-5.9496e-01  NLL_ω=9.9614e-01  MSE_R=2.7740e-03  MSE_ω=3.4118e-01
  sigma: σ_R=3.2567e-01  σ_ω=3.3385e-01  β=1.0000e+00
  PL   : train=-5.4608e-01  test=-9.2356e-01  σ_φ̄(train)=5.8543e-03  σ_φ̄(test)=4.9144e-03  σ_obs_ω=5.0000e-01  λ_PL=1.00
  KL   : M=1.976e+03  V=3.580e+02  Dw=1.951e+03  g=3.031e+03  sigma=3.327e+02  total=7.648e+03
  subnet MSE  M=1.339e+00  V=1.716e+01  Dw=8.511e-02  g=2.919e-01
[step   2400]
  train: −ELBO=4.2653e+00  NLL=4.0575e+00  NLL_R=1.1074e+00  NLL_ω=2.9501e+00  MSE_R=3.6479e-01  MSE_ω=7.9322e-01
  test : −ELBO=3.0382e-01  NLL=4.7547e-01  NLL_R=-5.6909e-01  NLL_ω=1.0446e+00  MSE_R=2.8684e-03  MSE_ω=3.5239e-01
  sigma: σ_R=3.2851e-01  σ_ω=3.4010e-01  β=1.0000e+00
  PL   : train=-5.3800e-01  test=-9.1748e-01  σ_φ̄(train)=5.9201e-03  σ_φ̄(test)=4.9544e-03  σ_obs_ω=5.0000e-01  λ_PL=1.00
  KL   : M=1.971e+03  V=3.583e+02  Dw=1.946e+03  g=3.030e+03  sigma=3.321e+02  total=7.637e+03
  subnet MSE  M=1.307e+00  V=1.725e+01  Dw=7.797e-02  g=2.897e-01
[step   2450]
  train: −ELBO=4.1703e+00  NLL=3.9667e+00  NLL_R=1.1033e+00  NLL_ω=2.8634e+00  MSE_R=3.6453e-01  MSE_ω=7.8951e-01
  test : −ELBO=3.4112e-01  NLL=5.1442e-01  NLL_R=-5.4471e-01  NLL_ω=1.0591e+00  MSE_R=2.8999e-03  MSE_ω=3.5584e-01
  sigma: σ_R=3.3118e-01  σ_ω=3.4667e-01  β=1.0000e+00
  PL   : train=-5.4104e-01  test=-9.1798e-01  σ_φ̄(train)=5.3363e-03  σ_φ̄(test)=4.4229e-03  σ_obs_ω=5.0000e-01  λ_PL=1.00
  KL   : M=1.966e+03  V=3.588e+02  Dw=1.941e+03  g=3.029e+03  sigma=3.314e+02  total=7.626e+03
  subnet MSE  M=1.327e+00  V=1.714e+01  Dw=7.487e-02  g=2.906e-01
[step   2500]
  train: −ELBO=4.0062e+00  NLL=3.8125e+00  NLL_R=1.1008e+00  NLL_ω=2.7117e+00  MSE_R=3.6472e-01  MSE_ω=7.7656e-01
  test : −ELBO=3.7641e-01  NLL=5.5604e-01  NLL_R=-5.0968e-01  NLL_ω=1.0657e+00  MSE_R=2.9011e-03  MSE_ω=3.5653e-01
  sigma: σ_R=3.3509e-01  σ_ω=3.5719e-01  β=1.0000e+00
  PL   : train=-5.4892e-01  test=-9.2222e-01  σ_φ̄(train)=5.1857e-03  σ_φ̄(test)=4.3198e-03  σ_obs_ω=5.0000e-01  λ_PL=1.00
  KL   : M=1.957e+03  V=3.591e+02  Dw=1.932e+03  g=3.027e+03  sigma=3.302e+02  total=7.605e+03
  subnet MSE  M=1.315e+00  V=1.724e+01  Dw=8.549e-02  g=2.952e-01
[step   2550]
  train: −ELBO=3.9072e+00  NLL=3.7198e+00  NLL_R=1.1000e+00  NLL_ω=2.6198e+00  MSE_R=3.6491e-01  MSE_ω=7.6849e-01
  test : −ELBO=4.0497e-01  NLL=5.8713e-01  NLL_R=-4.8805e-01  NLL_ω=1.0752e+00  MSE_R=2.9015e-03  MSE_ω=3.5760e-01
  sigma: σ_R=3.3757e-01  σ_ω=3.6469e-01  β=1.0000e+00
  PL   : train=-5.5353e-01  test=-9.2310e-01  σ_φ̄(train)=4.7587e-03  σ_φ̄(test)=3.9364e-03  σ_obs_ω=5.0000e-01  λ_PL=1.00
  KL   : M=1.950e+03  V=3.592e+02  Dw=1.925e+03  g=3.025e+03  sigma=3.294e+02  total=7.588e+03
  subnet MSE  M=1.292e+00  V=1.749e+01  Dw=8.520e-02  g=2.969e-01
[step   2600]
  train: −ELBO=3.7333e+00  NLL=3.5581e+00  NLL_R=1.0963e+00  NLL_ω=2.4618e+00  MSE_R=3.6442e-01  MSE_ω=7.4566e-01
  test : −ELBO=3.2293e-01  NLL=5.1884e-01  NLL_R=-4.6112e-01  NLL_ω=9.7996e-01  MSE_R=2.6527e-03  MSE_ω=3.2738e-01
  sigma: σ_R=3.4073e-01  σ_ω=3.7562e-01  β=1.0000e+00
  PL   : train=-5.6314e-01  test=-9.3418e-01  σ_φ̄(train)=4.1166e-03  σ_φ̄(test)=3.3760e-03  σ_obs_ω=5.0000e-01  λ_PL=1.00
  KL   : M=1.938e+03  V=3.598e+02  Dw=1.914e+03  g=3.021e+03  sigma=3.280e+02  total=7.561e+03
  subnet MSE  M=1.285e+00  V=1.712e+01  Dw=9.395e-02  g=3.018e-01
[step   2650]
  train: −ELBO=3.6454e+00  NLL=3.4716e+00  NLL_R=1.0943e+00  NLL_ω=2.3773e+00  MSE_R=3.6416e-01  MSE_ω=7.3748e-01
  test : −ELBO=3.1952e-01  NLL=5.1804e-01  NLL_R=-4.4066e-01  NLL_ω=9.5870e-01  MSE_R=2.5619e-03  MSE_ω=3.1527e-01
  sigma: σ_R=3.4317e-01  σ_ω=3.8573e-01  β=1.0000e+00
  PL   : train=-5.6175e-01  test=-9.3406e-01  σ_φ̄(train)=3.4907e-03  σ_φ̄(test)=2.8629e-03  σ_obs_ω=5.0000e-01  λ_PL=1.00
  KL   : M=1.926e+03  V=3.602e+02  Dw=1.902e+03  g=3.017e+03  sigma=3.264e+02  total=7.532e+03
  subnet MSE  M=1.315e+00  V=1.690e+01  Dw=9.655e-02  g=2.998e-01
[step   2700]
  train: −ELBO=3.5743e+00  NLL=3.4063e+00  NLL_R=1.0944e+00  NLL_ω=2.3118e+00  MSE_R=3.6428e-01  MSE_ω=7.3294e-01
  test : −ELBO=3.4799e-01  NLL=5.5149e-01  NLL_R=-4.2344e-01  NLL_ω=9.7493e-01  MSE_R=2.5306e-03  MSE_ω=3.1200e-01
  sigma: σ_R=3.4517e-01  σ_ω=3.9669e-01  β=1.0000e+00
  PL   : train=-5.6403e-01  test=-9.3549e-01  σ_φ̄(train)=3.2218e-03  σ_φ̄(test)=2.6299e-03  σ_obs_ω=5.0000e-01  λ_PL=1.00
  KL   : M=1.912e+03  V=3.607e+02  Dw=1.888e+03  g=3.012e+03  sigma=3.242e+02  total=7.496e+03
  subnet MSE  M=1.325e+00  V=1.698e+01  Dw=7.839e-02  g=2.993e-01
[step   2750]
  train: −ELBO=3.5327e+00  NLL=3.3673e+00  NLL_R=1.0932e+00  NLL_ω=2.2741e+00  MSE_R=3.6403e-01  MSE_ω=7.3435e-01
  test : −ELBO=3.7331e-01  NLL=5.8140e-01  NLL_R=-4.1156e-01  NLL_ω=9.9296e-01  MSE_R=2.5015e-03  MSE_ω=3.0827e-01
  sigma: σ_R=3.4658e-01  σ_ω=4.0771e-01  β=1.0000e+00
  PL   : train=-5.6273e-01  test=-9.3617e-01  σ_φ̄(train)=3.1599e-03  σ_φ̄(test)=2.5613e-03  σ_obs_ω=5.0000e-01  λ_PL=1.00
  KL   : M=1.895e+03  V=3.612e+02  Dw=1.872e+03  g=3.007e+03  sigma=3.217e+02  total=7.456e+03
  subnet MSE  M=1.314e+00  V=1.684e+01  Dw=6.768e-02  g=2.990e-01
[step   2800]
  train: −ELBO=3.5227e+00  NLL=3.3561e+00  NLL_R=1.0937e+00  NLL_ω=2.2624e+00  MSE_R=3.6416e-01  MSE_ω=7.3889e-01
  test : −ELBO=4.3455e-01  NLL=6.3901e-01  NLL_R=-4.0560e-01  NLL_ω=1.0446e+00  MSE_R=2.5938e-03  MSE_ω=3.1848e-01
  sigma: σ_R=3.4723e-01  σ_ω=4.1535e-01  β=1.0000e+00
  PL   : train=-5.5858e-01  test=-9.2958e-01  σ_φ̄(train)=3.0948e-03  σ_φ̄(test)=2.4963e-03  σ_obs_ω=5.0000e-01  λ_PL=1.00
  KL   : M=1.883e+03  V=3.613e+02  Dw=1.860e+03  g=3.002e+03  sigma=3.197e+02  total=7.426e+03
  subnet MSE  M=1.347e+00  V=1.694e+01  Dw=7.442e-02  g=2.954e-01
[step   2850]
  train: −ELBO=3.4911e+00  NLL=3.3296e+00  NLL_R=1.0933e+00  NLL_ω=2.2363e+00  MSE_R=3.6406e-01  MSE_ω=7.3714e-01
  test : −ELBO=4.5562e-01  NLL=6.6425e-01  NLL_R=-4.0190e-01  NLL_ω=1.0662e+00  MSE_R=2.6006e-03  MSE_ω=3.1883e-01
  sigma: σ_R=3.4767e-01  σ_ω=4.2271e-01  β=1.0000e+00
  PL   : train=-5.6058e-01  test=-9.3074e-01  σ_φ̄(train)=3.2239e-03  σ_φ̄(test)=2.6245e-03  σ_obs_ω=5.0000e-01  λ_PL=1.00
  KL   : M=1.870e+03  V=3.613e+02  Dw=1.848e+03  g=2.997e+03  sigma=3.176e+02  total=7.395e+03
  subnet MSE  M=1.392e+00  V=1.699e+01  Dw=8.120e-02  g=2.975e-01
[step   2900]
  train: −ELBO=3.4624e+00  NLL=3.3070e+00  NLL_R=1.0938e+00  NLL_ω=2.2132e+00  MSE_R=3.6420e-01  MSE_ω=7.3507e-01
  test : −ELBO=4.6795e-01  NLL=6.8206e-01  NLL_R=-3.9965e-01  NLL_ω=1.0817e+00  MSE_R=2.5808e-03  MSE_ω=3.1701e-01
  sigma: σ_R=3.4794e-01  σ_ω=4.2976e-01  β=1.0000e+00
  PL   : train=-5.6356e-01  test=-9.3301e-01  σ_φ̄(train)=3.2522e-03  σ_φ̄(test)=2.6377e-03  σ_obs_ω=5.0000e-01  λ_PL=1.00
  KL   : M=1.857e+03  V=3.613e+02  Dw=1.836e+03  g=2.992e+03  sigma=3.153e+02  total=7.362e+03
  subnet MSE  M=1.393e+00  V=1.704e+01  Dw=6.726e-02  g=2.991e-01
[step   2950]
  train: −ELBO=3.4343e+00  NLL=3.2814e+00  NLL_R=1.0934e+00  NLL_ω=2.1880e+00  MSE_R=3.6411e-01  MSE_ω=7.2977e-01
  test : −ELBO=4.7275e-01  NLL=6.8950e-01  NLL_R=-3.9837e-01  NLL_ω=1.0879e+00  MSE_R=2.5533e-03  MSE_ω=3.1338e-01
  sigma: σ_R=3.4811e-01  σ_ω=4.3495e-01  β=1.0000e+00
  PL   : train=-5.6341e-01  test=-9.3300e-01  σ_φ̄(train)=3.2513e-03  σ_φ̄(test)=2.6092e-03  σ_obs_ω=5.0000e-01  λ_PL=1.00
  KL   : M=1.846e+03  V=3.615e+02  Dw=1.826e+03  g=2.988e+03  sigma=3.135e+02  total=7.335e+03
  subnet MSE  M=1.379e+00  V=1.707e+01  Dw=8.109e-02  g=3.005e-01
[step   3000]
  train: −ELBO=3.4199e+00  NLL=3.2685e+00  NLL_R=1.0950e+00  NLL_ω=2.1735e+00  MSE_R=3.6449e-01  MSE_ω=7.2861e-01
  test : −ELBO=5.0448e-01  NLL=7.2205e-01  NLL_R=-3.9682e-01  NLL_ω=1.1189e+00  MSE_R=2.5874e-03  MSE_ω=3.1783e-01
  sigma: σ_R=3.4827e-01  σ_ω=4.4123e-01  β=1.0000e+00
  PL   : train=-5.6157e-01  test=-9.3050e-01  σ_φ̄(train)=3.2517e-03  σ_φ̄(test)=2.6498e-03  σ_obs_ω=5.0000e-01  λ_PL=1.00
  KL   : M=1.832e+03  V=3.617e+02  Dw=1.813e+03  g=2.983e+03  sigma=3.109e+02  total=7.301e+03
  subnet MSE  M=1.326e+00  V=1.711e+01  Dw=9.235e-02  g=2.999e-01
[step   3050]
  train: −ELBO=3.3811e+00  NLL=3.2387e+00  NLL_R=1.0929e+00  NLL_ω=2.1458e+00  MSE_R=3.6398e-01  MSE_ω=7.2060e-01
  test : −ELBO=4.8153e-01  NLL=7.0820e-01  NLL_R=-3.9653e-01  NLL_ω=1.1047e+00  MSE_R=2.4943e-03  MSE_ω=3.0624e-01
  sigma: σ_R=3.4835e-01  σ_ω=4.4602e-01  β=1.0000e+00
  PL   : train=-5.6768e-01  test=-9.3665e-01  σ_φ̄(train)=3.4167e-03  σ_φ̄(test)=2.7774e-03  σ_obs_ω=5.0000e-01  λ_PL=1.00
  KL   : M=1.820e+03  V=3.620e+02  Dw=1.802e+03  g=2.978e+03  sigma=3.086e+02  total=7.271e+03
  subnet MSE  M=1.363e+00  V=1.680e+01  Dw=8.545e-02  g=3.043e-01
[step   3100]
  train: −ELBO=3.3371e+00  NLL=3.2022e+00  NLL_R=1.0932e+00  NLL_ω=2.1089e+00  MSE_R=3.6405e-01  MSE_ω=7.0873e-01
  test : −ELBO=4.7872e-01  NLL=7.0925e-01  NLL_R=-3.9672e-01  NLL_ω=1.1060e+00  MSE_R=2.4314e-03  MSE_ω=2.9850e-01
  sigma: σ_R=3.4836e-01  σ_ω=4.5215e-01  β=1.0000e+00
  PL   : train=-5.7054e-01  test=-9.3592e-01  σ_φ̄(train)=3.5168e-03  σ_φ̄(test)=2.8367e-03  σ_obs_ω=5.0000e-01  λ_PL=1.00
  KL   : M=1.802e+03  V=3.623e+02  Dw=1.784e+03  g=2.970e+03  sigma=3.050e+02  total=7.224e+03
  subnet MSE  M=1.426e+00  V=1.691e+01  Dw=8.012e-02  g=3.018e-01
[step   3150]
  train: −ELBO=3.2820e+00  NLL=3.1578e+00  NLL_R=1.0915e+00  NLL_ω=2.0664e+00  MSE_R=3.6364e-01  MSE_ω=6.9319e-01
  test : −ELBO=4.3339e-01  NLL=6.7810e-01  NLL_R=-3.9786e-01  NLL_ω=1.0760e+00  MSE_R=2.2575e-03  MSE_ω=2.7721e-01
  sigma: σ_R=3.4831e-01  σ_ω=4.5816e-01  β=1.0000e+00
  PL   : train=-5.7545e-01  test=-9.4418e-01  σ_φ̄(train)=3.4724e-03  σ_φ̄(test)=2.7831e-03  σ_obs_ω=5.0000e-01  λ_PL=1.00
  KL   : M=1.779e+03  V=3.628e+02  Dw=1.762e+03  g=2.960e+03  sigma=3.004e+02  total=7.164e+03
  subnet MSE  M=1.418e+00  V=1.661e+01  Dw=7.397e-02  g=3.037e-01
[step   3200]
  train: −ELBO=3.2549e+00  NLL=3.1366e+00  NLL_R=1.0910e+00  NLL_ω=2.0456e+00  MSE_R=3.6352e-01  MSE_ω=6.8541e-01
  test : −ELBO=4.2980e-01  NLL=6.8111e-01  NLL_R=-3.9927e-01  NLL_ω=1.0804e+00  MSE_R=2.2179e-03  MSE_ω=2.7229e-01
  sigma: σ_R=3.4817e-01  σ_ω=4.6255e-01  β=1.0000e+00
  PL   : train=-5.7559e-01  test=-9.4503e-01  σ_φ̄(train)=3.2936e-03  σ_φ̄(test)=2.6483e-03  σ_obs_ω=5.0000e-01  λ_PL=1.00
  KL   : M=1.756e+03  V=3.633e+02  Dw=1.741e+03  g=2.950e+03  sigma=2.957e+02  total=7.105e+03
  subnet MSE  M=1.415e+00  V=1.651e+01  Dw=8.333e-02  g=3.039e-01
[step   3250]
  train: −ELBO=3.2365e+00  NLL=3.1266e+00  NLL_R=1.0913e+00  NLL_ω=2.0353e+00  MSE_R=3.6360e-01  MSE_ω=6.8142e-01
  test : −ELBO=4.2620e-01  NLL=6.8459e-01  NLL_R=-3.9974e-01  NLL_ω=1.0843e+00  MSE_R=2.1971e-03  MSE_ω=2.6956e-01
  sigma: σ_R=3.4812e-01  σ_ω=4.6533e-01  β=1.0000e+00
  PL   : train=-5.7836e-01  test=-9.4662e-01  σ_φ̄(train)=3.4352e-03  σ_φ̄(test)=2.7073e-03  σ_obs_ω=5.0000e-01  λ_PL=1.00
  KL   : M=1.734e+03  V=3.637e+02  Dw=1.720e+03  g=2.939e+03  sigma=2.911e+02  total=7.048e+03
  subnet MSE  M=1.420e+00  V=1.650e+01  Dw=7.084e-02  g=3.048e-01
[step   3300]
  train: −ELBO=3.2152e+00  NLL=3.1094e+00  NLL_R=1.0906e+00  NLL_ω=2.0188e+00  MSE_R=3.6341e-01  MSE_ω=6.7442e-01
  test : −ELBO=4.1220e-01  NLL=6.7388e-01  NLL_R=-4.0013e-01  NLL_ω=1.0740e+00  MSE_R=2.1459e-03  MSE_ω=2.6290e-01
  sigma: σ_R=3.4810e-01  σ_ω=4.6665e-01  β=1.0000e+00
  PL   : train=-5.7906e-01  test=-9.4647e-01  σ_φ̄(train)=3.3261e-03  σ_φ̄(test)=2.6108e-03  σ_obs_ω=5.0000e-01  λ_PL=1.00
  KL   : M=1.721e+03  V=3.639e+02  Dw=1.708e+03  g=2.933e+03  sigma=2.882e+02  total=7.013e+03
  subnet MSE  M=1.427e+00  V=1.633e+01  Dw=7.698e-02  g=3.029e-01
[step   3350]
  train: −ELBO=3.1799e+00  NLL=3.0820e+00  NLL_R=1.0896e+00  NLL_ω=1.9924e+00  MSE_R=3.6319e-01  MSE_ω=6.6295e-01
  test : −ELBO=3.8637e-01  NLL=6.5622e-01  NLL_R=-4.0106e-01  NLL_ω=1.0573e+00  MSE_R=2.0682e-03  MSE_ω=2.5352e-01
  sigma: σ_R=3.4803e-01  σ_ω=4.6788e-01  β=1.0000e+00
  PL   : train=-5.8109e-01  test=-9.4871e-01  σ_φ̄(train)=3.4045e-03  σ_φ̄(test)=2.6411e-03  σ_obs_ω=5.0000e-01  λ_PL=1.00
  KL   : M=1.698e+03  V=3.642e+02  Dw=1.687e+03  g=2.921e+03  sigma=2.832e+02  total=6.953e+03
  subnet MSE  M=1.409e+00  V=1.615e+01  Dw=7.406e-02  g=3.027e-01
[step   3400]
  train: −ELBO=3.1568e+00  NLL=3.0636e+00  NLL_R=1.0894e+00  NLL_ω=1.9741e+00  MSE_R=3.6314e-01  MSE_ω=6.5496e-01
  test : −ELBO=3.7131e-01  NLL=6.4719e-01  NLL_R=-4.0166e-01  NLL_ω=1.0489e+00  MSE_R=2.0358e-03  MSE_ω=2.4941e-01
  sigma: σ_R=3.4798e-01  σ_ω=4.6814e-01  β=1.0000e+00
  PL   : train=-5.7949e-01  test=-9.4839e-01  σ_φ̄(train)=3.3150e-03  σ_φ̄(test)=2.5263e-03  σ_obs_ω=5.0000e-01  λ_PL=1.00
  KL   : M=1.674e+03  V=3.646e+02  Dw=1.664e+03  g=2.908e+03  sigma=2.778e+02  total=6.888e+03
  subnet MSE  M=1.457e+00  V=1.613e+01  Dw=6.951e-02  g=3.020e-01
[step   3450]
  train: −ELBO=3.1197e+00  NLL=3.0399e+00  NLL_R=1.0889e+00  NLL_ω=1.9510e+00  MSE_R=3.6300e-01  MSE_ω=6.4488e-01
  test : −ELBO=3.3510e-01  NLL=6.2083e-01  NLL_R=-4.0238e-01  NLL_ω=1.0232e+00  MSE_R=1.9565e-03  MSE_ω=2.3956e-01
  sigma: σ_R=3.4793e-01  σ_ω=4.6738e-01  β=1.0000e+00
  PL   : train=-5.8473e-01  test=-9.5015e-01  σ_φ̄(train)=2.7622e-03  σ_φ̄(test)=2.0566e-03  σ_obs_ω=5.0000e-01  λ_PL=1.00
  KL   : M=1.643e+03  V=3.651e+02  Dw=1.635e+03  g=2.890e+03  sigma=2.711e+02  total=6.805e+03
  subnet MSE  M=1.478e+00  V=1.595e+01  Dw=6.848e-02  g=3.011e-01
[step   3500]
  train: −ELBO=3.1126e+00  NLL=3.0345e+00  NLL_R=1.0884e+00  NLL_ω=1.9461e+00  MSE_R=3.6290e-01  MSE_ω=6.4274e-01
  test : −ELBO=3.2381e-01  NLL=6.1081e-01  NLL_R=-4.0296e-01  NLL_ω=1.0138e+00  MSE_R=1.9428e-03  MSE_ω=2.3681e-01
  sigma: σ_R=3.4787e-01  σ_ω=4.6660e-01  β=1.0000e+00
  PL   : train=-5.8214e-01  test=-9.4714e-01  σ_φ̄(train)=2.8354e-03  σ_φ̄(test)=2.1290e-03  σ_obs_ω=5.0000e-01  λ_PL=1.00
  KL   : M=1.627e+03  V=3.653e+02  Dw=1.621e+03  g=2.881e+03  sigma=2.673e+02  total=6.761e+03
  subnet MSE  M=1.495e+00  V=1.555e+01  Dw=7.787e-02  g=2.980e-01
[step   3550]
  train: −ELBO=3.0989e+00  NLL=3.0295e+00  NLL_R=1.0889e+00  NLL_ω=1.9405e+00  MSE_R=3.6301e-01  MSE_ω=6.4038e-01
  test : −ELBO=3.0175e-01  NLL=5.9808e-01  NLL_R=-4.0333e-01  NLL_ω=1.0014e+00  MSE_R=1.9074e-03  MSE_ω=2.3297e-01
  sigma: σ_R=3.4784e-01  σ_ω=4.6575e-01  β=1.0000e+00
  PL   : train=-5.8566e-01  test=-9.5129e-01  σ_φ̄(train)=2.5084e-03  σ_φ̄(test)=1.8426e-03  σ_obs_ω=5.0000e-01  λ_PL=1.00
  KL   : M=1.607e+03  V=3.657e+02  Dw=1.604e+03  g=2.869e+03  sigma=2.627e+02  total=6.708e+03
  subnet MSE  M=1.476e+00  V=1.568e+01  Dw=6.768e-02  g=3.014e-01
[step   3600]
  train: −ELBO=3.0741e+00  NLL=3.0109e+00  NLL_R=1.0889e+00  NLL_ω=1.9220e+00  MSE_R=3.6301e-01  MSE_ω=6.3243e-01
  test : −ELBO=2.8531e-01  NLL=5.8612e-01  NLL_R=-4.0348e-01  NLL_ω=9.8960e-01  MSE_R=1.8818e-03  MSE_ω=2.2996e-01
  sigma: σ_R=3.4784e-01  σ_ω=4.6462e-01  β=1.0000e+00
  PL   : train=-5.8665e-01  test=-9.5044e-01  σ_φ̄(train)=2.4758e-03  σ_φ̄(test)=1.7848e-03  σ_obs_ω=5.0000e-01  λ_PL=1.00
  KL   : M=1.588e+03  V=3.660e+02  Dw=1.586e+03  g=2.857e+03  sigma=2.580e+02  total=6.654e+03
  subnet MSE  M=1.500e+00  V=1.562e+01  Dw=6.698e-02  g=3.002e-01
[step   3650]
  train: −ELBO=3.0322e+00  NLL=2.9806e+00  NLL_R=1.0876e+00  NLL_ω=1.8930e+00  MSE_R=3.6269e-01  MSE_ω=6.2012e-01
  test : −ELBO=2.2762e-01  NLL=5.4100e-01  NLL_R=-4.0451e-01  NLL_ω=9.4551e-01  MSE_R=1.7587e-03  MSE_ω=2.1489e-01
  sigma: σ_R=3.4778e-01  σ_ω=4.6250e-01  β=1.0000e+00
  PL   : train=-5.9167e-01  test=-9.5646e-01  σ_φ̄(train)=2.3160e-03  σ_φ̄(test)=1.6536e-03  σ_obs_ω=5.0000e-01  λ_PL=1.00
  KL   : M=1.564e+03  V=3.663e+02  Dw=1.563e+03  g=2.842e+03  sigma=2.521e+02  total=6.587e+03
  subnet MSE  M=1.514e+00  V=1.543e+01  Dw=6.936e-02  g=3.041e-01
[step   3700]
  train: −ELBO=3.0127e+00  NLL=2.9677e+00  NLL_R=1.0875e+00  NLL_ω=1.8802e+00  MSE_R=3.6267e-01  MSE_ω=6.1490e-01
  test : −ELBO=1.9492e-01  NLL=5.1482e-01  NLL_R=-4.0551e-01  NLL_ω=9.2033e-01  MSE_R=1.7148e-03  MSE_ω=2.0924e-01
  sigma: σ_R=3.4768e-01  σ_ω=4.5976e-01  β=1.0000e+00
  PL   : train=-5.9136e-01  test=-9.5618e-01  σ_φ̄(train)=2.1897e-03  σ_φ̄(test)=1.5256e-03  σ_obs_ω=5.0000e-01  λ_PL=1.00
  KL   : M=1.539e+03  V=3.667e+02  Dw=1.541e+03  g=2.825e+03  sigma=2.460e+02  total=6.517e+03
  subnet MSE  M=1.540e+00  V=1.535e+01  Dw=6.550e-02  g=3.008e-01
[step   3750]
  train: −ELBO=2.9680e+00  NLL=2.9344e+00  NLL_R=1.0856e+00  NLL_ω=1.8488e+00  MSE_R=3.6221e-01  MSE_ω=6.0204e-01
  test : −ELBO=1.4245e-01  NLL=4.7270e-01  NLL_R=-4.0673e-01  NLL_ω=8.7943e-01  MSE_R=1.6293e-03  MSE_ω=1.9854e-01
  sigma: σ_R=3.4758e-01  σ_ω=4.5626e-01  β=1.0000e+00
  PL   : train=-5.9466e-01  test=-9.5846e-01  σ_φ̄(train)=2.0864e-03  σ_φ̄(test)=1.4107e-03  σ_obs_ω=5.0000e-01  λ_PL=1.00
  KL   : M=1.509e+03  V=3.672e+02  Dw=1.515e+03  g=2.804e+03  sigma=2.386e+02  total=6.434e+03
  subnet MSE  M=1.569e+00  V=1.492e+01  Dw=6.287e-02  g=3.017e-01
[step   3800]
  train: −ELBO=2.9431e+00  NLL=2.9182e+00  NLL_R=1.0852e+00  NLL_ω=1.8330e+00  MSE_R=3.6211e-01  MSE_ω=5.9585e-01
  test : −ELBO=9.5823e-02  NLL=4.3506e-01  NLL_R=-4.0789e-01  NLL_ω=8.4295e-01  MSE_R=1.5550e-03  MSE_ω=1.8984e-01
  sigma: σ_R=3.4748e-01  σ_ω=4.5286e-01  β=1.0000e+00
  PL   : train=-5.9638e-01  test=-9.6047e-01  σ_φ̄(train)=2.2157e-03  σ_φ̄(test)=1.4997e-03  σ_obs_ω=5.0000e-01  λ_PL=1.00
  KL   : M=1.484e+03  V=3.677e+02  Dw=1.493e+03  g=2.785e+03  sigma=2.321e+02  total=6.362e+03
  subnet MSE  M=1.579e+00  V=1.474e+01  Dw=6.409e-02  g=3.026e-01
[step   3850]
  train: −ELBO=2.9146e+00  NLL=2.8995e+00  NLL_R=1.0856e+00  NLL_ω=1.8139e+00  MSE_R=3.6221e-01  MSE_ω=5.8842e-01
  test : −ELBO=6.1982e-02  NLL=4.0925e-01  NLL_R=-4.0839e-01  NLL_ω=8.1764e-01  MSE_R=1.5345e-03  MSE_ω=1.8735e-01
  sigma: σ_R=3.4743e-01  σ_ω=4.4871e-01  β=1.0000e+00
  PL   : train=-5.9691e-01  test=-9.5910e-01  σ_φ̄(train)=2.1456e-03  σ_φ̄(test)=1.4098e-03  σ_obs_ω=5.0000e-01  λ_PL=1.00
  KL   : M=1.452e+03  V=3.682e+02  Dw=1.463e+03  g=2.760e+03  sigma=2.237e+02  total=6.267e+03
  subnet MSE  M=1.628e+00  V=1.488e+01  Dw=5.944e-02  g=2.987e-01
[step   3900]
  train: −ELBO=2.8847e+00  NLL=2.8813e+00  NLL_R=1.0854e+00  NLL_ω=1.7959e+00  MSE_R=3.6217e-01  MSE_ω=5.8144e-01
  test : −ELBO=1.9111e-02  NLL=3.7798e-01  NLL_R=-4.0837e-01  NLL_ω=7.8634e-01  MSE_R=1.4898e-03  MSE_ω=1.8172e-01
  sigma: σ_R=3.4746e-01  σ_ω=4.4506e-01  β=1.0000e+00
  PL   : train=-5.9916e-01  test=-9.6109e-01  σ_φ̄(train)=2.1713e-03  σ_φ̄(test)=1.3883e-03  σ_obs_ω=5.0000e-01  λ_PL=1.00
  KL   : M=1.419e+03  V=3.686e+02  Dw=1.433e+03  g=2.734e+03  sigma=2.153e+02  total=6.170e+03
  subnet MSE  M=1.661e+00  V=1.482e+01  Dw=5.777e-02  g=3.002e-01
[step   3950]
  train: −ELBO=2.8388e+00  NLL=2.8529e+00  NLL_R=1.0843e+00  NLL_ω=1.7686e+00  MSE_R=3.6191e-01  MSE_ω=5.7103e-01
  test : −ELBO=-4.3897e-02  NLL=3.3206e-01  NLL_R=-4.0927e-01  NLL_ω=7.4133e-01  MSE_R=1.4288e-03  MSE_ω=1.7425e-01
  sigma: σ_R=3.4738e-01  σ_ω=4.3954e-01  β=1.0000e+00
  PL   : train=-6.0023e-01  test=-9.6175e-01  σ_φ̄(train)=2.0665e-03  σ_φ̄(test)=1.2417e-03  σ_obs_ω=5.0000e-01  λ_PL=1.00
  KL   : M=1.364e+03  V=3.691e+02  Dw=1.382e+03  g=2.684e+03  sigma=2.016e+02  total=6.001e+03
  subnet MSE  M=1.694e+00  V=1.474e+01  Dw=5.050e-02  g=2.981e-01
[step   4000]
  train: −ELBO=2.8061e+00  NLL=2.8357e+00  NLL_R=1.0845e+00  NLL_ω=1.7512e+00  MSE_R=3.6194e-01  MSE_ω=5.6450e-01
  test : −ELBO=-8.8512e-02  NLL=3.0306e-01  NLL_R=-4.1029e-01  NLL_ω=7.1334e-01  MSE_R=1.3945e-03  MSE_ω=1.7027e-01
  sigma: σ_R=3.4727e-01  σ_ω=4.3583e-01  β=1.0000e+00
  PL   : train=-6.0098e-01  test=-9.6270e-01  σ_φ̄(train)=1.8381e-03  σ_φ̄(test)=1.0279e-03  σ_obs_ω=5.0000e-01  λ_PL=1.00
  KL   : M=1.316e+03  V=3.694e+02  Dw=1.337e+03  g=2.637e+03  sigma=1.899e+02  total=5.850e+03
  subnet MSE  M=1.697e+00  V=1.469e+01  Dw=4.943e-02  g=2.973e-01
[step   4050]
  train: −ELBO=2.7872e+00  NLL=2.8265e+00  NLL_R=1.0844e+00  NLL_ω=1.7421e+00  MSE_R=3.6192e-01  MSE_ω=5.6109e-01
  test : −ELBO=-1.0557e-01  NLL=2.9423e-01  NLL_R=-4.0991e-01  NLL_ω=7.0414e-01  MSE_R=1.3891e-03  MSE_ω=1.6947e-01
  sigma: σ_R=3.4732e-01  σ_ω=4.3436e-01  β=1.0000e+00
  PL   : train=-6.0267e-01  test=-9.6289e-01  σ_φ̄(train)=1.8150e-03  σ_φ̄(test)=1.0013e-03  σ_obs_ω=5.0000e-01  λ_PL=1.00
  KL   : M=1.290e+03  V=3.696e+02  Dw=1.313e+03  g=2.611e+03  sigma=1.835e+02  total=5.768e+03
  subnet MSE  M=1.740e+00  V=1.467e+01  Dw=4.959e-02  g=2.977e-01
[step   4100]
  train: −ELBO=2.7700e+00  NLL=2.8188e+00  NLL_R=1.0842e+00  NLL_ω=1.7346e+00  MSE_R=3.6188e-01  MSE_ω=5.5828e-01
  test : −ELBO=-1.2967e-01  NLL=2.7987e-01  NLL_R=-4.0993e-01  NLL_ω=6.8981e-01  MSE_R=1.3675e-03  MSE_ω=1.6669e-01
  sigma: σ_R=3.4733e-01  σ_ω=4.3293e-01  β=1.0000e+00
  PL   : train=-6.0317e-01  test=-9.6366e-01  σ_φ̄(train)=1.6376e-03  σ_φ̄(test)=8.3558e-04  σ_obs_ω=5.0000e-01  λ_PL=1.00
  KL   : M=1.262e+03  V=3.697e+02  Dw=1.286e+03  g=2.582e+03  sigma=1.766e+02  total=5.676e+03
  subnet MSE  M=1.756e+00  V=1.461e+01  Dw=4.688e-02  g=2.982e-01
[step   4150]
  train: −ELBO=2.7451e+00  NLL=2.8071e+00  NLL_R=1.0838e+00  NLL_ω=1.7233e+00  MSE_R=3.6178e-01  MSE_ω=5.5408e-01
  test : −ELBO=-1.5980e-01  NLL=2.6239e-01  NLL_R=-4.1000e-01  NLL_ω=6.7239e-01  MSE_R=1.3408e-03  MSE_ω=1.6332e-01
  sigma: σ_R=3.4734e-01  σ_ω=4.3122e-01  β=1.0000e+00
  PL   : train=-6.0414e-01  test=-9.6412e-01  σ_φ̄(train)=1.5150e-03  σ_φ̄(test)=7.2122e-04  σ_obs_ω=5.0000e-01  λ_PL=1.00
  KL   : M=1.224e+03  V=3.697e+02  Dw=1.251e+03  g=2.541e+03  sigma=1.674e+02  total=5.552e+03
  subnet MSE  M=1.793e+00  V=1.445e+01  Dw=4.677e-02  g=2.990e-01
[step   4200]
  train: −ELBO=2.7230e+00  NLL=2.8004e+00  NLL_R=1.0839e+00  NLL_ω=1.7165e+00  MSE_R=3.6179e-01  MSE_ω=5.5161e-01
  test : −ELBO=-1.7745e-01  NLL=2.5905e-01  NLL_R=-4.1067e-01  NLL_ω=6.6972e-01  MSE_R=1.3587e-03  MSE_ω=1.6579e-01
  sigma: σ_R=3.4725e-01  σ_ω=4.2930e-01  β=1.0000e+00
  PL   : train=-6.0447e-01  test=-9.6338e-01  σ_φ̄(train)=1.3689e-03  σ_φ̄(test)=5.8571e-04  σ_obs_ω=5.0000e-01  λ_PL=1.00
  KL   : M=1.177e+03  V=3.694e+02  Dw=1.207e+03  g=2.488e+03  sigma=1.565e+02  total=5.397e+03
  subnet MSE  M=1.812e+00  V=1.455e+01  Dw=4.542e-02  g=2.979e-01
[step   4250]
  train: −ELBO=2.7081e+00  NLL=2.7942e+00  NLL_R=1.0839e+00  NLL_ω=1.7102e+00  MSE_R=3.6181e-01  MSE_ω=5.4930e-01
  test : −ELBO=-1.8394e-01  NLL=2.6032e-01  NLL_R=-4.1059e-01  NLL_ω=6.7091e-01  MSE_R=1.3757e-03  MSE_ω=1.6757e-01
  sigma: σ_R=3.4725e-01  σ_ω=4.2855e-01  β=1.0000e+00
  PL   : train=-6.0463e-01  test=-9.6261e-01  σ_φ̄(train)=1.3060e-03  σ_φ̄(test)=5.3129e-04  σ_obs_ω=5.0000e-01  λ_PL=1.00
  KL   : M=1.151e+03  V=3.691e+02  Dw=1.183e+03  g=2.457e+03  sigma=1.503e+02  total=5.310e+03
  subnet MSE  M=1.841e+00  V=1.446e+01  Dw=4.442e-02  g=2.966e-01
[step   4300]
  train: −ELBO=2.6889e+00  NLL=2.7867e+00  NLL_R=1.0840e+00  NLL_ω=1.7026e+00  MSE_R=3.6183e-01  MSE_ω=5.4653e-01
  test : −ELBO=-2.0699e-01  NLL=2.4861e-01  NLL_R=-4.1071e-01  NLL_ω=6.5932e-01  MSE_R=1.3529e-03  MSE_ω=1.6489e-01
  sigma: σ_R=3.4725e-01  σ_ω=4.2767e-01  β=1.0000e+00
  PL   : train=-6.0582e-01  test=-9.6349e-01  σ_φ̄(train)=1.1880e-03  σ_φ̄(test)=4.6322e-04  σ_obs_ω=5.0000e-01  λ_PL=1.00
  KL   : M=1.119e+03  V=3.686e+02  Dw=1.153e+03  g=2.419e+03  sigma=1.430e+02  total=5.202e+03
  subnet MSE  M=1.852e+00  V=1.451e+01  Dw=4.466e-02  g=2.980e-01
[step   4350]
  train: −ELBO=2.6781e+00  NLL=2.7841e+00  NLL_R=1.0832e+00  NLL_ω=1.7009e+00  MSE_R=3.6163e-01  MSE_ω=5.4588e-01
  test : −ELBO=-2.1862e-01  NLL=2.4321e-01  NLL_R=-4.1025e-01  NLL_ω=6.5346e-01  MSE_R=1.3448e-03  MSE_ω=1.6384e-01
  sigma: σ_R=3.4732e-01  σ_ω=4.2707e-01  β=1.0000e+00
  PL   : train=-6.0560e-01  test=-9.6131e-01  σ_φ̄(train)=1.2027e-03  σ_φ̄(test)=4.3548e-04  σ_obs_ω=5.0000e-01  λ_PL=1.00
  KL   : M=1.093e+03  V=3.682e+02  Dw=1.129e+03  g=2.389e+03  sigma=1.371e+02  total=5.117e+03
  subnet MSE  M=1.851e+00  V=1.430e+01  Dw=4.566e-02  g=2.975e-01
[step   4400]
  train: −ELBO=2.6562e+00  NLL=2.7777e+00  NLL_R=1.0839e+00  NLL_ω=1.6937e+00  MSE_R=3.6181e-01  MSE_ω=5.4328e-01
  test : −ELBO=-2.3079e-01  NLL=2.4643e-01  NLL_R=-4.1048e-01  NLL_ω=6.5691e-01  MSE_R=1.3717e-03  MSE_ω=1.6725e-01
  sigma: σ_R=3.4727e-01  σ_ω=4.2587e-01  β=1.0000e+00
  PL   : train=-6.0602e-01  test=-9.6146e-01  σ_φ̄(train)=1.2689e-03  σ_φ̄(test)=3.9410e-04  σ_obs_ω=5.0000e-01  λ_PL=1.00
  KL   : M=1.049e+03  V=3.670e+02  Dw=1.087e+03  g=2.332e+03  sigma=1.268e+02  total=4.962e+03
  subnet MSE  M=1.857e+00  V=1.452e+01  Dw=4.312e-02  g=2.961e-01
[step   4450]
  train: −ELBO=2.6362e+00  NLL=2.7717e+00  NLL_R=1.0838e+00  NLL_ω=1.6879e+00  MSE_R=3.6178e-01  MSE_ω=5.4116e-01
  test : −ELBO=-2.5097e-01  NLL=2.4045e-01  NLL_R=-4.1073e-01  NLL_ω=6.5118e-01  MSE_R=1.3666e-03  MSE_ω=1.6648e-01
  sigma: σ_R=3.4724e-01  σ_ω=4.2513e-01  β=1.0000e+00
  PL   : train=-6.0659e-01  test=-9.6214e-01  σ_φ̄(train)=9.5602e-04  σ_φ̄(test)=2.6122e-04  σ_obs_ω=5.0000e-01  λ_PL=1.00
  KL   : M=1.010e+03  V=3.659e+02  Dw=1.051e+03  g=2.279e+03  sigma=1.183e+02  total=4.824e+03
  subnet MSE  M=1.886e+00  V=1.450e+01  Dw=4.269e-02  g=2.962e-01
[step   4500]
  train: −ELBO=2.6145e+00  NLL=2.7659e+00  NLL_R=1.0837e+00  NLL_ω=1.6822e+00  MSE_R=3.6174e-01  MSE_ω=5.3913e-01
  test : −ELBO=-2.7323e-01  NLL=2.3363e-01  NLL_R=-4.1070e-01  NLL_ω=6.4433e-01  MSE_R=1.3549e-03  MSE_ω=1.6514e-01
  sigma: σ_R=3.4725e-01  σ_ω=4.2449e-01  β=1.0000e+00
  PL   : train=-6.0787e-01  test=-9.6303e-01  σ_φ̄(train)=8.0453e-04  σ_φ̄(test)=1.9925e-04  σ_obs_ω=5.0000e-01  λ_PL=1.00
  KL   : M=9.682e+02  V=3.645e+02  Dw=1.011e+03  g=2.222e+03  sigma=1.092e+02  total=4.675e+03
  subnet MSE  M=1.891e+00  V=1.436e+01  Dw=4.261e-02  g=2.977e-01
[step   4550]
  train: −ELBO=2.5907e+00  NLL=2.7603e+00  NLL_R=1.0835e+00  NLL_ω=1.6769e+00  MSE_R=3.6170e-01  MSE_ω=5.3721e-01
  test : −ELBO=-2.9832e-01  NLL=2.2672e-01  NLL_R=-4.1078e-01  NLL_ω=6.3750e-01  MSE_R=1.3504e-03  MSE_ω=1.6461e-01
  sigma: σ_R=3.4724e-01  σ_ω=4.2340e-01  β=1.0000e+00
  PL   : train=-6.0803e-01  test=-9.6305e-01  σ_φ̄(train)=6.7304e-04  σ_φ̄(test)=1.3056e-04  σ_obs_ω=5.0000e-01  λ_PL=1.00
  KL   : M=9.167e+02  V=3.622e+02  Dw=9.635e+02  g=2.148e+03  sigma=9.811e+01  total=4.489e+03
  subnet MSE  M=1.909e+00  V=1.441e+01  Dw=4.282e-02  g=2.983e-01
[step   4600]
  train: −ELBO=2.5729e+00  NLL=2.7590e+00  NLL_R=1.0833e+00  NLL_ω=1.6757e+00  MSE_R=3.6166e-01  MSE_ω=5.3680e-01
  test : −ELBO=-3.2089e-01  NLL=2.2042e-01  NLL_R=-4.1109e-01  NLL_ω=6.3150e-01  MSE_R=1.3415e-03  MSE_ω=1.6329e-01
  sigma: σ_R=3.4720e-01  σ_ω=4.2291e-01  β=1.0000e+00
  PL   : train=-6.0827e-01  test=-9.6301e-01  σ_φ̄(train)=5.5616e-04  σ_φ̄(test)=8.9099e-05  σ_obs_ω=5.0000e-01  λ_PL=1.00
  KL   : M=8.719e+02  V=3.600e+02  Dw=9.218e+02  g=2.081e+03  sigma=8.874e+01  total=4.323e+03
  subnet MSE  M=1.922e+00  V=1.429e+01  Dw=4.261e-02  g=2.976e-01
[step   4650]
  train: −ELBO=2.5502e+00  NLL=2.7529e+00  NLL_R=1.0834e+00  NLL_ω=1.6695e+00  MSE_R=3.6169e-01  MSE_ω=5.3458e-01
  test : −ELBO=-3.2890e-01  NLL=2.2687e-01  NLL_R=-4.1095e-01  NLL_ω=6.3782e-01  MSE_R=1.3716e-03  MSE_ω=1.6712e-01
  sigma: σ_R=3.4721e-01  σ_ω=4.2201e-01  β=1.0000e+00
  PL   : train=-6.0911e-01  test=-9.6196e-01  σ_φ̄(train)=4.8936e-04  σ_φ̄(test)=6.0738e-05  σ_obs_ω=5.0000e-01  λ_PL=1.00
  KL   : M=8.290e+02  V=3.574e+02  Dw=8.818e+02  g=2.013e+03  sigma=8.013e+01  total=4.161e+03
  subnet MSE  M=1.930e+00  V=1.442e+01  Dw=4.293e-02  g=2.977e-01
[step   4700]
  train: −ELBO=2.5373e+00  NLL=2.7489e+00  NLL_R=1.0836e+00  NLL_ω=1.6653e+00  MSE_R=3.6174e-01  MSE_ω=5.3309e-01
  test : −ELBO=-3.3611e-01  NLL=2.2768e-01  NLL_R=-4.1100e-01  NLL_ω=6.3868e-01  MSE_R=1.3756e-03  MSE_ω=1.6765e-01
  sigma: σ_R=3.4720e-01  σ_ω=4.2189e-01  β=1.0000e+00
  PL   : train=-6.0959e-01  test=-9.6158e-01  σ_φ̄(train)=4.7360e-04  σ_φ̄(test)=4.8257e-05  σ_obs_ω=5.0000e-01  λ_PL=1.00
  KL   : M=8.064e+02  V=3.559e+02  Dw=8.606e+02  g=1.976e+03  sigma=7.563e+01  total=4.075e+03
  subnet MSE  M=1.942e+00  V=1.445e+01  Dw=4.232e-02  g=2.979e-01
[step   4750]
  train: −ELBO=2.5267e+00  NLL=2.7472e+00  NLL_R=1.0833e+00  NLL_ω=1.6639e+00  MSE_R=3.6165e-01  MSE_ω=5.3261e-01
  test : −ELBO=-3.5278e-01  NLL=2.2050e-01  NLL_R=-4.1064e-01  NLL_ω=6.3115e-01  MSE_R=1.3609e-03  MSE_ω=1.6574e-01
  sigma: σ_R=3.4725e-01  σ_ω=4.2145e-01  β=1.0000e+00
  PL   : train=-6.0973e-01  test=-9.6228e-01  σ_φ̄(train)=3.6979e-04  σ_φ̄(test)=3.7892e-05  σ_obs_ω=5.0000e-01  λ_PL=1.00
  KL   : M=7.830e+02  V=3.543e+02  Dw=8.386e+02  g=1.938e+03  sigma=7.104e+01  total=3.985e+03
  subnet MSE  M=1.937e+00  V=1.432e+01  Dw=4.343e-02  g=2.985e-01
[step   4800]
  train: −ELBO=2.5104e+00  NLL=2.7440e+00  NLL_R=1.0834e+00  NLL_ω=1.6606e+00  MSE_R=3.6168e-01  MSE_ω=5.3141e-01
  test : −ELBO=-3.6492e-01  NLL=2.2053e-01  NLL_R=-4.1069e-01  NLL_ω=6.3122e-01  MSE_R=1.3675e-03  MSE_ω=1.6644e-01
  sigma: σ_R=3.4725e-01  σ_ω=4.2104e-01  β=1.0000e+00
  PL   : train=-6.1060e-01  test=-9.6212e-01  σ_φ̄(train)=3.5195e-04  σ_φ̄(test)=2.6997e-05  σ_obs_ω=5.0000e-01  λ_PL=1.00
  KL   : M=7.511e+02  V=3.517e+02  Dw=8.083e+02  g=1.885e+03  sigma=6.489e+01  total=3.861e+03
  subnet MSE  M=1.953e+00  V=1.436e+01  Dw=4.295e-02  g=2.994e-01
[step   4850]
  train: −ELBO=2.4924e+00  NLL=2.7413e+00  NLL_R=1.0831e+00  NLL_ω=1.6582e+00  MSE_R=3.6161e-01  MSE_ω=5.3058e-01
  test : −ELBO=-3.8015e-01  NLL=2.2045e-01  NLL_R=-4.1124e-01  NLL_ω=6.3169e-01  MSE_R=1.3764e-03  MSE_ω=1.6757e-01
  sigma: σ_R=3.4717e-01  σ_ω=4.2050e-01  β=1.0000e+00
  PL   : train=-6.1039e-01  test=-9.6178e-01  σ_φ̄(train)=2.7219e-04  σ_φ̄(test)=1.5721e-05  σ_obs_ω=5.0000e-01  λ_PL=1.00
  KL   : M=7.106e+02  V=3.483e+02  Dw=7.697e+02  g=1.815e+03  sigma=5.770e+01  total=3.701e+03
  subnet MSE  M=1.958e+00  V=1.432e+01  Dw=4.315e-02  g=2.984e-01
[step   4900]
  train: −ELBO=2.4787e+00  NLL=2.7383e+00  NLL_R=1.0832e+00  NLL_ω=1.6551e+00  MSE_R=3.6162e-01  MSE_ω=5.2949e-01
  test : −ELBO=-3.8508e-01  NLL=2.2367e-01  NLL_R=-4.1100e-01  NLL_ω=6.3467e-01  MSE_R=1.3912e-03  MSE_ω=1.6927e-01
  sigma: σ_R=3.4720e-01  σ_ω=4.2013e-01  β=1.0000e+00
  PL   : train=-6.0888e-01  test=-9.5782e-01  σ_φ̄(train)=2.0548e-04  σ_φ̄(test)=1.0071e-05  σ_obs_ω=5.0000e-01  λ_PL=1.00
  KL   : M=6.794e+02  V=3.453e+02  Dw=7.402e+02  g=1.759e+03  sigma=5.256e+01  total=3.577e+03
  subnet MSE  M=1.962e+00  V=1.430e+01  Dw=4.302e-02  g=2.956e-01
[step   4950]
  train: −ELBO=2.4584e+00  NLL=2.7339e+00  NLL_R=1.0830e+00  NLL_ω=1.6509e+00  MSE_R=3.6158e-01  MSE_ω=5.2800e-01
  test : −ELBO=-4.1149e-01  NLL=2.1528e-01  NLL_R=-4.1090e-01  NLL_ω=6.2618e-01  MSE_R=1.3707e-03  MSE_ω=1.6684e-01
  sigma: σ_R=3.4721e-01  σ_ω=4.1982e-01  β=1.0000e+00
  PL   : train=-6.1099e-01  test=-9.6189e-01  σ_φ̄(train)=1.6408e-04  σ_φ̄(test)=6.0993e-06  σ_obs_ω=5.0000e-01  λ_PL=1.00
  KL   : M=6.447e+02  V=3.414e+02  Dw=7.066e+02  g=1.696e+03  sigma=4.698e+01  total=3.436e+03
  subnet MSE  M=1.973e+00  V=1.432e+01  Dw=4.206e-02  g=2.985e-01
[step   5000]
  train: −ELBO=2.4450e+00  NLL=2.7328e+00  NLL_R=1.0832e+00  NLL_ω=1.6496e+00  MSE_R=3.6164e-01  MSE_ω=5.2753e-01
  test : −ELBO=-4.2006e-01  NLL=2.1809e-01  NLL_R=-4.1157e-01  NLL_ω=6.2965e-01  MSE_R=1.3849e-03  MSE_ω=1.6861e-01
  sigma: σ_R=3.4712e-01  σ_ω=4.1948e-01  β=1.0000e+00
  PL   : train=-6.1137e-01  test=-9.6151e-01  σ_φ̄(train)=1.5868e-04  σ_φ̄(test)=4.0096e-06  σ_obs_ω=5.0000e-01  λ_PL=1.00
  KL   : M=6.148e+02  V=3.379e+02  Dw=6.780e+02  g=1.640e+03  sigma=4.240e+01  total=3.313e+03
  subnet MSE  M=1.979e+00  V=1.429e+01  Dw=4.244e-02  g=2.985e-01
[step   5050]
  train: −ELBO=2.4328e+00  NLL=2.7319e+00  NLL_R=1.0830e+00  NLL_ω=1.6489e+00  MSE_R=3.6158e-01  MSE_ω=5.2729e-01
  test : −ELBO=-4.3577e-01  NLL=2.1393e-01  NLL_R=-4.1123e-01  NLL_ω=6.2516e-01  MSE_R=1.3766e-03  MSE_ω=1.6740e-01
  sigma: σ_R=3.4717e-01  σ_ω=4.1926e-01  β=1.0000e+00
  PL   : train=-6.1179e-01  test=-9.6223e-01  σ_φ̄(train)=1.9614e-04  σ_φ̄(test)=2.4873e-06  σ_obs_ω=5.0000e-01  λ_PL=1.00
  KL   : M=5.880e+02  V=3.344e+02  Dw=6.525e+02  g=1.589e+03  sigma=3.861e+01  total=3.202e+03
  subnet MSE  M=1.986e+00  V=1.433e+01  Dw=4.171e-02  g=2.988e-01
[step   5100]
  train: −ELBO=2.4252e+00  NLL=2.7341e+00  NLL_R=1.0837e+00  NLL_ω=1.6503e+00  MSE_R=3.6176e-01  MSE_ω=5.2780e-01
  test : −ELBO=-4.3783e-01  NLL=2.2055e-01  NLL_R=-4.1072e-01  NLL_ω=6.3127e-01  MSE_R=1.3986e-03  MSE_ω=1.7008e-01
  sigma: σ_R=3.4722e-01  σ_ω=4.1893e-01  β=1.0000e+00
  PL   : train=-6.1120e-01  test=-9.6056e-01  σ_φ̄(train)=9.7502e-05  σ_φ̄(test)=1.7449e-06  σ_obs_ω=5.0000e-01  λ_PL=1.00
  KL   : M=5.631e+02  V=3.307e+02  Dw=6.282e+02  g=1.539e+03  sigma=3.509e+01  total=3.096e+03
  subnet MSE  M=1.996e+00  V=1.443e+01  Dw=4.121e-02  g=2.978e-01
[step   5150]
  train: −ELBO=2.4076e+00  NLL=2.7260e+00  NLL_R=1.0829e+00  NLL_ω=1.6431e+00  MSE_R=3.6157e-01  MSE_ω=5.2526e-01
  test : −ELBO=-4.5955e-01  NLL=2.0910e-01  NLL_R=-4.1112e-01  NLL_ω=6.2022e-01  MSE_R=1.3673e-03  MSE_ω=1.6633e-01
  sigma: σ_R=3.4720e-01  σ_ω=4.1888e-01  β=1.0000e+00
  PL   : train=-6.1202e-01  test=-9.6206e-01  σ_φ̄(train)=8.8483e-05  σ_φ̄(test)=1.0469e-06  σ_obs_ω=5.0000e-01  λ_PL=1.00
  KL   : M=5.422e+02  V=3.276e+02  Dw=6.080e+02  g=1.496e+03  sigma=3.281e+01  total=3.007e+03
  subnet MSE  M=2.002e+00  V=1.425e+01  Dw=4.313e-02  g=2.986e-01
[step   5200]
  train: −ELBO=2.4030e+00  NLL=2.7292e+00  NLL_R=1.0830e+00  NLL_ω=1.6462e+00  MSE_R=3.6157e-01  MSE_ω=5.2636e-01
  test : −ELBO=-4.6487e-01  NLL=2.1081e-01  NLL_R=-4.1141e-01  NLL_ω=6.2223e-01  MSE_R=1.3763e-03  MSE_ω=1.6734e-01
  sigma: σ_R=3.4716e-01  σ_ω=4.1868e-01  β=1.0000e+00
  PL   : train=-6.1197e-01  test=-9.6131e-01  σ_φ̄(train)=9.0003e-05  σ_φ̄(test)=7.4630e-07  σ_obs_ω=5.0000e-01  λ_PL=1.00
  KL   : M=5.237e+02  V=3.248e+02  Dw=5.900e+02  g=1.457e+03  sigma=3.068e+01  total=2.927e+03
  subnet MSE  M=2.002e+00  V=1.427e+01  Dw=4.241e-02  g=2.982e-01
[step   5250]
  train: −ELBO=2.3923e+00  NLL=2.7282e+00  NLL_R=1.0827e+00  NLL_ω=1.6455e+00  MSE_R=3.6151e-01  MSE_ω=5.2610e-01
  test : −ELBO=-4.8587e-01  NLL=2.0025e-01  NLL_R=-4.1171e-01  NLL_ω=6.1196e-01  MSE_R=1.3527e-03  MSE_ω=1.6438e-01
  sigma: σ_R=3.4714e-01  σ_ω=4.1830e-01  β=1.0000e+00
  PL   : train=-6.1277e-01  test=-9.6285e-01  σ_φ̄(train)=8.7785e-05  σ_φ̄(test)=6.2477e-07  σ_obs_ω=5.0000e-01  λ_PL=1.00
  KL   : M=5.028e+02  V=3.212e+02  Dw=5.697e+02  g=1.413e+03  sigma=2.809e+01  total=2.835e+03
  subnet MSE  M=2.003e+00  V=1.419e+01  Dw=4.301e-02  g=2.999e-01
[step   5300]
  train: −ELBO=2.3845e+00  NLL=2.7253e+00  NLL_R=1.0829e+00  NLL_ω=1.6423e+00  MSE_R=3.6157e-01  MSE_ω=5.2499e-01
  test : −ELBO=-4.8372e-01  NLL=2.0568e-01  NLL_R=-4.1168e-01  NLL_ω=6.1736e-01  MSE_R=1.3681e-03  MSE_ω=1.6621e-01
  sigma: σ_R=3.4713e-01  σ_ω=4.1835e-01  β=1.0000e+00
  PL   : train=-6.1223e-01  test=-9.6081e-01  σ_φ̄(train)=6.6266e-05  σ_φ̄(test)=5.3099e-07  σ_obs_ω=5.0000e-01  λ_PL=1.00
  KL   : M=4.904e+02  V=3.190e+02  Dw=5.577e+02  g=1.386e+03  sigma=2.700e+01  total=2.780e+03
  subnet MSE  M=2.005e+00  V=1.421e+01  Dw=4.199e-02  g=2.979e-01
[step   5350]
  train: −ELBO=2.3755e+00  NLL=2.7232e+00  NLL_R=1.0829e+00  NLL_ω=1.6402e+00  MSE_R=3.6157e-01  MSE_ω=5.2425e-01
  test : −ELBO=-4.7787e-01  NLL=2.1811e-01  NLL_R=-4.1118e-01  NLL_ω=6.2929e-01  MSE_R=1.3931e-03  MSE_ω=1.7043e-01
  sigma: σ_R=3.4719e-01  σ_ω=4.1832e-01  β=1.0000e+00
  PL   : train=-6.1356e-01  test=-9.6170e-01  σ_φ̄(train)=5.9007e-05  σ_φ̄(test)=4.7750e-07  σ_obs_ω=5.0000e-01  λ_PL=1.00
  KL   : M=4.776e+02  V=3.166e+02  Dw=5.454e+02  g=1.357e+03  sigma=2.564e+01  total=2.723e+03
  subnet MSE  M=2.007e+00  V=1.423e+01  Dw=4.319e-02  g=2.991e-01
[step   5400]
  train: −ELBO=2.3688e+00  NLL=2.7232e+00  NLL_R=1.0829e+00  NLL_ω=1.6403e+00  MSE_R=3.6155e-01  MSE_ω=5.2428e-01
  test : −ELBO=-4.8750e-01  NLL=2.1200e-01  NLL_R=-4.1080e-01  NLL_ω=6.2280e-01  MSE_R=1.3864e-03  MSE_ω=1.6856e-01
  sigma: σ_R=3.4721e-01  σ_ω=4.1810e-01  β=1.0000e+00
  PL   : train=-6.1317e-01  test=-9.5817e-01  σ_φ̄(train)=8.7839e-05  σ_φ̄(test)=4.5382e-07  σ_obs_ω=5.0000e-01  λ_PL=1.00
  KL   : M=4.616e+02  V=3.134e+02  Dw=5.302e+02  g=1.321e+03  sigma=2.383e+01  total=2.650e+03
  subnet MSE  M=2.010e+00  V=1.430e+01  Dw=4.233e-02  g=2.991e-01
[step   5450]
  train: −ELBO=2.3560e+00  NLL=2.7184e+00  NLL_R=1.0830e+00  NLL_ω=1.6353e+00  MSE_R=3.6159e-01  MSE_ω=5.2254e-01
  test : −ELBO=-5.0323e-01  NLL=2.0794e-01  NLL_R=-4.1138e-01  NLL_ω=6.1932e-01  MSE_R=1.3768e-03  MSE_ω=1.6731e-01
  sigma: σ_R=3.4716e-01  σ_ω=4.1812e-01  β=1.0000e+00
  PL   : train=-6.1252e-01  test=-9.6115e-01  σ_φ̄(train)=6.6215e-05  σ_φ̄(test)=3.1161e-07  σ_obs_ω=5.0000e-01  λ_PL=1.00
  KL   : M=4.418e+02  V=3.092e+02  Dw=5.115e+02  g=1.277e+03  sigma=2.209e+01  total=2.561e+03
  subnet MSE  M=2.019e+00  V=1.428e+01  Dw=4.298e-02  g=2.976e-01
[step   5500]
  train: −ELBO=2.3513e+00  NLL=2.7223e+00  NLL_R=1.0827e+00  NLL_ω=1.6396e+00  MSE_R=3.6151e-01  MSE_ω=5.2402e-01
  test : −ELBO=-5.1229e-01  NLL=2.0689e-01  NLL_R=-4.1172e-01  NLL_ω=6.1861e-01  MSE_R=1.3799e-03  MSE_ω=1.6761e-01
  sigma: σ_R=3.4712e-01  σ_ω=4.1779e-01  β=1.0000e+00
  PL   : train=-6.1332e-01  test=-9.6137e-01  σ_φ̄(train)=8.8586e-05  σ_φ̄(test)=2.4121e-07  σ_obs_ω=5.0000e-01  λ_PL=1.00
  KL   : M=4.244e+02  V=3.054e+02  Dw=4.948e+02  g=1.236e+03  sigma=2.047e+01  total=2.481e+03
  subnet MSE  M=2.024e+00  V=1.427e+01  Dw=4.256e-02  g=2.991e-01
[step   5550]
  train: −ELBO=2.3451e+00  NLL=2.7203e+00  NLL_R=1.0828e+00  NLL_ω=1.6375e+00  MSE_R=3.6155e-01  MSE_ω=5.2330e-01
  test : −ELBO=-5.1582e-01  NLL=2.0734e-01  NLL_R=-4.1123e-01  NLL_ω=6.1857e-01  MSE_R=1.3793e-03  MSE_ω=1.6750e-01
  sigma: σ_R=3.4720e-01  σ_ω=4.1785e-01  β=1.0000e+00
  PL   : train=-6.1328e-01  test=-9.6112e-01  σ_φ̄(train)=4.7684e-05  σ_φ̄(test)=1.1675e-07  σ_obs_ω=5.0000e-01  λ_PL=1.00
  KL   : M=4.148e+02  V=3.031e+02  Dw=4.855e+02  g=1.214e+03  sigma=2.024e+01  total=2.438e+03
  subnet MSE  M=2.024e+00  V=1.422e+01  Dw=4.338e-02  g=2.986e-01
[step   5600]
  train: −ELBO=2.3396e+00  NLL=2.7203e+00  NLL_R=1.0831e+00  NLL_ω=1.6372e+00  MSE_R=3.6161e-01  MSE_ω=5.2320e-01
  test : −ELBO=-5.2300e-01  NLL=2.0625e-01  NLL_R=-4.1154e-01  NLL_ω=6.1779e-01  MSE_R=1.3773e-03  MSE_ω=1.6739e-01
  sigma: σ_R=3.4713e-01  σ_ω=4.1777e-01  β=1.0000e+00
  PL   : train=-6.1276e-01  test=-9.6118e-01  σ_φ̄(train)=3.8404e-05  σ_φ̄(test)=9.8511e-08  σ_obs_ω=5.0000e-01  λ_PL=1.00
  KL   : M=4.014e+02  V=3.001e+02  Dw=4.725e+02  g=1.183e+03  sigma=1.939e+01  total=2.376e+03
  subnet MSE  M=2.025e+00  V=1.431e+01  Dw=4.124e-02  g=2.979e-01
[step   5650]
  train: −ELBO=2.3325e+00  NLL=2.7190e+00  NLL_R=1.0828e+00  NLL_ω=1.6362e+00  MSE_R=3.6152e-01  MSE_ω=5.2286e-01
  test : −ELBO=-5.2650e-01  NLL=2.0802e-01  NLL_R=-4.1144e-01  NLL_ω=6.1946e-01  MSE_R=1.3852e-03  MSE_ω=1.6819e-01
  sigma: σ_R=3.4715e-01  σ_ω=4.1764e-01  β=1.0000e+00
  PL   : train=-6.1298e-01  test=-9.6093e-01  σ_φ̄(train)=3.2714e-05  σ_φ̄(test)=8.0779e-08  σ_obs_ω=5.0000e-01  λ_PL=1.00
  KL   : M=3.890e+02  V=2.972e+02  Dw=4.606e+02  g=1.154e+03  sigma=1.858e+01  total=2.320e+03
  subnet MSE  M=2.027e+00  V=1.429e+01  Dw=4.256e-02  g=2.982e-01
[step   5700]
  train: −ELBO=2.3252e+00  NLL=2.7194e+00  NLL_R=1.0827e+00  NLL_ω=1.6367e+00  MSE_R=3.6152e-01  MSE_ω=5.2303e-01
  test : −ELBO=-5.3922e-01  NLL=2.0339e-01  NLL_R=-4.1183e-01  NLL_ω=6.1523e-01  MSE_R=1.3747e-03  MSE_ω=1.6701e-01
  sigma: σ_R=3.4711e-01  σ_ω=4.1746e-01  β=1.0000e+00
  PL   : train=-6.1330e-01  test=-9.6155e-01  σ_φ̄(train)=6.0028e-05  σ_φ̄(test)=6.5462e-08  σ_obs_ω=5.0000e-01  λ_PL=1.00
  KL   : M=3.727e+02  V=2.931e+02  Dw=4.449e+02  g=1.115e+03  sigma=1.748e+01  total=2.243e+03
  subnet MSE  M=2.029e+00  V=1.421e+01  Dw=4.273e-02  g=2.983e-01
[step   5750]
  train: −ELBO=2.3167e+00  NLL=2.7174e+00  NLL_R=1.0824e+00  NLL_ω=1.6349e+00  MSE_R=3.6144e-01  MSE_ω=5.2241e-01
  test : −ELBO=-5.5190e-01  NLL=1.9795e-01  NLL_R=-4.1216e-01  NLL_ω=6.1011e-01  MSE_R=1.3619e-03  MSE_ω=1.6549e-01
  sigma: σ_R=3.4707e-01  σ_ω=4.1729e-01  β=1.0000e+00
  PL   : train=-6.1430e-01  test=-9.6333e-01  σ_φ̄(train)=2.8933e-05  σ_φ̄(test)=5.6708e-08  σ_obs_ω=5.0000e-01  λ_PL=1.00
  KL   : M=3.613e+02  V=2.900e+02  Dw=4.338e+02  g=1.085e+03  sigma=1.665e+01  total=2.187e+03
  subnet MSE  M=2.026e+00  V=1.415e+01  Dw=4.240e-02  g=3.009e-01
[step   5800]
  train: −ELBO=2.3156e+00  NLL=2.7217e+00  NLL_R=1.0829e+00  NLL_ω=1.6388e+00  MSE_R=3.6155e-01  MSE_ω=5.2377e-01
  test : −ELBO=-5.5431e-01  NLL=2.0103e-01  NLL_R=-4.1156e-01  NLL_ω=6.1260e-01  MSE_R=1.3663e-03  MSE_ω=1.6613e-01
  sigma: σ_R=3.4716e-01  σ_ω=4.1743e-01  β=1.0000e+00
  PL   : train=-6.1414e-01  test=-9.6325e-01  σ_φ̄(train)=3.1571e-05  σ_φ̄(test)=4.6999e-08  σ_obs_ω=5.0000e-01  λ_PL=1.00
  KL   : M=3.497e+02  V=2.866e+02  Dw=4.225e+02  g=1.055e+03  sigma=1.596e+01  total=2.130e+03
  subnet MSE  M=2.029e+00  V=1.418e+01  Dw=4.078e-02  g=3.014e-01
[step   5850]
  train: −ELBO=2.3034e+00  NLL=2.7150e+00  NLL_R=1.0827e+00  NLL_ω=1.6323e+00  MSE_R=3.6150e-01  MSE_ω=5.2151e-01
  test : −ELBO=-5.5834e-01  NLL=2.0133e-01  NLL_R=-4.1113e-01  NLL_ω=6.1246e-01  MSE_R=1.3709e-03  MSE_ω=1.6640e-01
  sigma: σ_R=3.4719e-01  σ_ω=4.1725e-01  β=1.0000e+00
  PL   : train=-6.1401e-01  test=-9.6192e-01  σ_φ̄(train)=1.8193e-05  σ_φ̄(test)=2.7939e-08  σ_obs_ω=5.0000e-01  λ_PL=1.00
  KL   : M=3.377e+02  V=2.829e+02  Dw=4.110e+02  g=1.025e+03  sigma=1.590e+01  total=2.072e+03
  subnet MSE  M=2.034e+00  V=1.420e+01  Dw=4.172e-02  g=2.989e-01
[step   5900]
  train: −ELBO=2.3048e+00  NLL=2.7193e+00  NLL_R=1.0827e+00  NLL_ω=1.6366e+00  MSE_R=3.6150e-01  MSE_ω=5.2300e-01
  test : −ELBO=-5.5716e-01  NLL=2.0543e-01  NLL_R=-4.1172e-01  NLL_ω=6.1714e-01  MSE_R=1.3825e-03  MSE_ω=1.6801e-01
  sigma: σ_R=3.4713e-01  σ_ω=4.1724e-01  β=1.0000e+00
  PL   : train=-6.1374e-01  test=-9.6182e-01  σ_φ̄(train)=2.1601e-05  σ_φ̄(test)=2.6387e-08  σ_obs_ω=5.0000e-01  λ_PL=1.00
  KL   : M=3.312e+02  V=2.809e+02  Dw=4.049e+02  g=1.008e+03  sigma=1.564e+01  total=2.041e+03
  subnet MSE  M=2.034e+00  V=1.420e+01  Dw=4.086e-02  g=2.995e-01
[step   5950]
  train: −ELBO=2.2965e+00  NLL=2.7146e+00  NLL_R=1.0827e+00  NLL_ω=1.6319e+00  MSE_R=3.6151e-01  MSE_ω=5.2137e-01
  test : −ELBO=-5.6119e-01  NLL=2.0453e-01  NLL_R=-4.1164e-01  NLL_ω=6.1617e-01  MSE_R=1.3835e-03  MSE_ω=1.6813e-01
  sigma: σ_R=3.4710e-01  σ_ω=4.1698e-01  β=1.0000e+00
  PL   : train=-6.1353e-01  test=-9.6100e-01  σ_φ̄(train)=2.9753e-05  σ_φ̄(test)=2.7214e-08  σ_obs_ω=5.0000e-01  λ_PL=1.00
  KL   : M=3.230e+02  V=2.781e+02  Dw=3.975e+02  g=9.872e+02  sigma=1.504e+01  total=2.001e+03
  subnet MSE  M=2.036e+00  V=1.423e+01  Dw=4.095e-02  g=2.979e-01
[step   6000]
  train: −ELBO=2.2922e+00  NLL=2.7158e+00  NLL_R=1.0828e+00  NLL_ω=1.6330e+00  MSE_R=3.6154e-01  MSE_ω=5.2172e-01
  test : −ELBO=-5.7164e-01  NLL=2.0002e-01  NLL_R=-4.1172e-01  NLL_ω=6.1175e-01  MSE_R=1.3717e-03  MSE_ω=1.6672e-01
  sigma: σ_R=3.4712e-01  σ_ω=4.1693e-01  β=1.0000e+00
  PL   : train=-6.1364e-01  test=-9.6160e-01  σ_φ̄(train)=3.7511e-05  σ_φ̄(test)=2.3250e-08  σ_obs_ω=5.0000e-01  λ_PL=1.00
  KL   : M=3.123e+02  V=2.743e+02  Dw=3.876e+02  g=9.575e+02  sigma=1.464e+01  total=1.946e+03
  subnet MSE  M=2.039e+00  V=1.423e+01  Dw=4.082e-02  g=2.987e-01
[step   6050]
  train: −ELBO=2.2845e+00  NLL=2.7145e+00  NLL_R=1.0832e+00  NLL_ω=1.6312e+00  MSE_R=3.6164e-01  MSE_ω=5.2112e-01
  test : −ELBO=-5.7708e-01  NLL=2.0093e-01  NLL_R=-4.1075e-01  NLL_ω=6.1169e-01  MSE_R=1.3736e-03  MSE_ω=1.6694e-01
  sigma: σ_R=3.4723e-01  σ_ω=4.1677e-01  β=1.0000e+00
  PL   : train=-6.1415e-01  test=-9.6206e-01  σ_φ̄(train)=1.1646e-05  σ_φ̄(test)=1.5560e-08  σ_obs_ω=5.0000e-01  λ_PL=1.00
  KL   : M=3.003e+02  V=2.700e+02  Dw=3.764e+02  g=9.243e+02  sigma=1.463e+01  total=1.886e+03
  subnet MSE  M=2.041e+00  V=1.423e+01  Dw=4.030e-02  g=2.993e-01
[step   6100]
  train: −ELBO=2.2797e+00  NLL=2.7148e+00  NLL_R=1.0830e+00  NLL_ω=1.6319e+00  MSE_R=3.6157e-01  MSE_ω=5.2133e-01
  test : −ELBO=-5.8495e-01  NLL=1.9842e-01  NLL_R=-4.1169e-01  NLL_ω=6.1011e-01  MSE_R=1.3699e-03  MSE_ω=1.6629e-01
  sigma: σ_R=3.4713e-01  σ_ω=4.1682e-01  β=1.0000e+00
  PL   : train=-6.1409e-01  test=-9.6230e-01  σ_φ̄(train)=3.8256e-05  σ_φ̄(test)=1.8604e-08  σ_obs_ω=5.0000e-01  λ_PL=1.00
  KL   : M=2.902e+02  V=2.661e+02  Dw=3.674e+02  g=8.957e+02  sigma=1.388e+01  total=1.833e+03
  subnet MSE  M=2.043e+00  V=1.424e+01  Dw=4.063e-02  g=2.996e-01
[step   6150]
  train: −ELBO=2.2765e+00  NLL=2.7166e+00  NLL_R=1.0825e+00  NLL_ω=1.6342e+00  MSE_R=3.6146e-01  MSE_ω=5.2213e-01
  test : −ELBO=-5.9697e-01  NLL=1.9213e-01  NLL_R=-4.1143e-01  NLL_ω=6.0356e-01  MSE_R=1.3548e-03  MSE_ω=1.6447e-01
  sigma: σ_R=3.4717e-01  σ_ω=4.1656e-01  β=1.0000e+00
  PL   : train=-6.1448e-01  test=-9.6340e-01  σ_φ̄(train)=2.1965e-05  σ_φ̄(test)=1.8966e-08  σ_obs_ω=5.0000e-01  λ_PL=1.00
  KL   : M=2.810e+02  V=2.623e+02  Dw=3.592e+02  g=8.699e+02  sigma=1.330e+01  total=1.786e+03
  subnet MSE  M=2.044e+00  V=1.418e+01  Dw=4.095e-02  g=3.013e-01
[step   6200]
  train: −ELBO=2.2685e+00  NLL=2.7131e+00  NLL_R=1.0832e+00  NLL_ω=1.6299e+00  MSE_R=3.6162e-01  MSE_ω=5.2067e-01
  test : −ELBO=-5.8878e-01  NLL=2.0311e-01  NLL_R=-4.1063e-01  NLL_ω=6.1374e-01  MSE_R=1.3811e-03  MSE_ω=1.6776e-01
  sigma: σ_R=3.4725e-01  σ_ω=4.1672e-01  β=1.0000e+00
  PL   : train=-6.1436e-01  test=-9.6153e-01  σ_φ̄(train)=2.1277e-05  σ_φ̄(test)=1.8920e-08  σ_obs_ω=5.0000e-01  λ_PL=1.00
  KL   : M=2.722e+02  V=2.583e+02  Dw=3.514e+02  g=8.436e+02  sigma=1.279e+01  total=1.738e+03
  subnet MSE  M=2.047e+00  V=1.426e+01  Dw=4.095e-02  g=2.992e-01
[step   6250]
  train: −ELBO=2.2657e+00  NLL=2.7125e+00  NLL_R=1.0827e+00  NLL_ω=1.6298e+00  MSE_R=3.6150e-01  MSE_ω=5.2062e-01
  test : −ELBO=-5.8245e-01  NLL=2.1108e-01  NLL_R=-4.1106e-01  NLL_ω=6.2214e-01  MSE_R=1.4041e-03  MSE_ω=1.7038e-01
  sigma: σ_R=3.4719e-01  σ_ω=4.1689e-01  β=1.0000e+00
  PL   : train=-6.1308e-01  test=-9.5977e-01  σ_φ̄(train)=2.7054e-05  σ_φ̄(test)=2.0103e-08  σ_obs_ω=5.0000e-01  λ_PL=1.00
  KL   : M=2.656e+02  V=2.552e+02  Dw=3.455e+02  g=8.242e+02  sigma=1.233e+01  total=1.703e+03
  subnet MSE  M=2.045e+00  V=1.425e+01  Dw=4.079e-02  g=2.976e-01
[step   6300]
  train: −ELBO=2.2582e+00  NLL=2.7108e+00  NLL_R=1.0827e+00  NLL_ω=1.6281e+00  MSE_R=3.6152e-01  MSE_ω=5.2002e-01
  test : −ELBO=-6.0596e-01  NLL=1.9458e-01  NLL_R=-4.1223e-01  NLL_ω=6.0681e-01  MSE_R=1.3625e-03  MSE_ω=1.6542e-01
  sigma: σ_R=3.4706e-01  σ_ω=4.1667e-01  β=1.0000e+00
  PL   : train=-6.1460e-01  test=-9.6242e-01  σ_φ̄(train)=3.4872e-05  σ_φ̄(test)=1.2174e-08  σ_obs_ω=5.0000e-01  λ_PL=1.00
  KL   : M=2.572e+02  V=2.512e+02  Dw=3.384e+02  g=7.994e+02  sigma=1.228e+01  total=1.658e+03
  subnet MSE  M=2.048e+00  V=1.416e+01  Dw=4.091e-02  g=2.997e-01
[step   6350]
  train: −ELBO=2.2558e+00  NLL=2.7110e+00  NLL_R=1.0825e+00  NLL_ω=1.6285e+00  MSE_R=3.6145e-01  MSE_ω=5.2017e-01
  test : −ELBO=-6.0945e-01  NLL=1.9387e-01  NLL_R=-4.1162e-01  NLL_ω=6.0549e-01  MSE_R=1.3591e-03  MSE_ω=1.6499e-01
  sigma: σ_R=3.4712e-01  σ_ω=4.1665e-01  β=1.0000e+00
  PL   : train=-6.1423e-01  test=-9.6234e-01  σ_φ̄(train)=1.8053e-05  σ_φ̄(test)=8.8600e-09  σ_obs_ω=5.0000e-01  λ_PL=1.00
  KL   : M=2.517e+02  V=2.483e+02  Dw=3.337e+02  g=7.829e+02  sigma=1.226e+01  total=1.629e+03
  subnet MSE  M=2.049e+00  V=1.413e+01  Dw=4.162e-02  g=2.999e-01
[step   6400]
  train: −ELBO=2.2541e+00  NLL=2.7109e+00  NLL_R=1.0833e+00  NLL_ω=1.6276e+00  MSE_R=3.6165e-01  MSE_ω=5.1986e-01
  test : −ELBO=-6.0872e-01  NLL=1.9616e-01  NLL_R=-4.1102e-01  NLL_ω=6.0717e-01  MSE_R=1.3666e-03  MSE_ω=1.6612e-01
  sigma: σ_R=3.4722e-01  σ_ω=4.1635e-01  β=1.0000e+00
  PL   : train=-6.1387e-01  test=-9.6194e-01  σ_φ̄(train)=2.2372e-05  σ_φ̄(test)=8.4397e-09  σ_obs_ω=5.0000e-01  λ_PL=1.00
  KL   : M=2.481e+02  V=2.465e+02  Dw=3.305e+02  g=7.719e+02  sigma=1.208e+01  total=1.609e+03
  subnet MSE  M=2.047e+00  V=1.421e+01  Dw=4.085e-02  g=2.988e-01
[step   6450]
  train: −ELBO=2.2519e+00  NLL=2.7121e+00  NLL_R=1.0827e+00  NLL_ω=1.6294e+00  MSE_R=3.6150e-01  MSE_ω=5.2050e-01
  test : −ELBO=-6.1402e-01  NLL=1.9418e-01  NLL_R=-4.1143e-01  NLL_ω=6.0561e-01  MSE_R=1.3654e-03  MSE_ω=1.6572e-01
  sigma: σ_R=3.4717e-01  σ_ω=4.1623e-01  β=1.0000e+00
  PL   : train=-6.1443e-01  test=-9.6232e-01  σ_φ̄(train)=2.4031e-05  σ_φ̄(test)=7.6516e-09  σ_obs_ω=5.0000e-01  λ_PL=1.00
  KL   : M=2.430e+02  V=2.434e+02  Dw=3.260e+02  g=7.547e+02  sigma=1.181e+01  total=1.579e+03
  subnet MSE  M=2.049e+00  V=1.417e+01  Dw=4.045e-02  g=2.997e-01
[step   6500]
  train: −ELBO=2.2440e+00  NLL=2.7085e+00  NLL_R=1.0828e+00  NLL_ω=1.6257e+00  MSE_R=3.6153e-01  MSE_ω=5.1919e-01
  test : −ELBO=-6.1537e-01  NLL=1.9657e-01  NLL_R=-4.1150e-01  NLL_ω=6.0807e-01  MSE_R=1.3713e-03  MSE_ω=1.6659e-01
  sigma: σ_R=3.4719e-01  σ_ω=4.1628e-01  β=1.0000e+00
  PL   : train=-6.1454e-01  test=-9.6194e-01  σ_φ̄(train)=6.8284e-05  σ_φ̄(test)=7.0179e-09  σ_obs_ω=5.0000e-01  λ_PL=1.00
  KL   : M=2.356e+02  V=2.393e+02  Dw=3.197e+02  g=7.313e+02  sigma=1.131e+01  total=1.537e+03
  subnet MSE  M=2.050e+00  V=1.417e+01  Dw=4.051e-02  g=2.993e-01
[step   6550]
  train: −ELBO=2.2438e+00  NLL=2.7100e+00  NLL_R=1.0830e+00  NLL_ω=1.6269e+00  MSE_R=3.6159e-01  MSE_ω=5.1962e-01
  test : −ELBO=-6.1057e-01  NLL=2.0263e-01  NLL_R=-4.1137e-01  NLL_ω=6.1400e-01  MSE_R=1.3878e-03  MSE_ω=1.6862e-01
  sigma: σ_R=3.4713e-01  σ_ω=4.1623e-01  β=1.0000e+00
  PL   : train=-6.1347e-01  test=-9.6047e-01  σ_φ̄(train)=2.1017e-05  σ_φ̄(test)=5.8058e-09  σ_obs_ω=5.0000e-01  λ_PL=1.00
  KL   : M=2.307e+02  V=2.363e+02  Dw=3.156e+02  g=7.149e+02  sigma=1.117e+01  total=1.509e+03
  subnet MSE  M=2.050e+00  V=1.419e+01  Dw=4.051e-02  g=2.984e-01
[step   6600]
  train: −ELBO=2.2403e+00  NLL=2.7099e+00  NLL_R=1.0827e+00  NLL_ω=1.6272e+00  MSE_R=3.6151e-01  MSE_ω=5.1972e-01
  test : −ELBO=-6.1962e-01  NLL=1.9800e-01  NLL_R=-4.1154e-01  NLL_ω=6.0954e-01  MSE_R=1.3755e-03  MSE_ω=1.6714e-01
  sigma: σ_R=3.4715e-01  σ_ω=4.1620e-01  β=1.0000e+00
  PL   : train=-6.1414e-01  test=-9.6210e-01  σ_φ̄(train)=8.6301e-05  σ_φ̄(test)=5.0094e-09  σ_obs_ω=5.0000e-01  λ_PL=1.00
  KL   : M=2.258e+02  V=2.330e+02  Dw=3.111e+02  g=6.991e+02  sigma=1.088e+01  total=1.480e+03
  subnet MSE  M=2.053e+00  V=1.418e+01  Dw=4.033e-02  g=3.003e-01
[step   6650]
  train: −ELBO=2.2369e+00  NLL=2.7103e+00  NLL_R=1.0831e+00  NLL_ω=1.6273e+00  MSE_R=3.6159e-01  MSE_ω=5.1975e-01
  test : −ELBO=-6.2724e-01  NLL=1.9459e-01  NLL_R=-4.1145e-01  NLL_ω=6.0604e-01  MSE_R=1.3662e-03  MSE_ω=1.6606e-01
  sigma: σ_R=3.4715e-01  σ_ω=4.1611e-01  β=1.0000e+00
  PL   : train=-6.1496e-01  test=-9.6327e-01  σ_φ̄(train)=7.5722e-05  σ_φ̄(test)=4.1107e-09  σ_obs_ω=5.0000e-01  λ_PL=1.00
  KL   : M=2.206e+02  V=2.295e+02  Dw=3.065e+02  g=6.816e+02  sigma=1.064e+01  total=1.449e+03
  subnet MSE  M=2.051e+00  V=1.429e+01  Dw=3.891e-02  g=3.009e-01
[step   6700]
  train: −ELBO=2.2290e+00  NLL=2.7039e+00  NLL_R=1.0827e+00  NLL_ω=1.6212e+00  MSE_R=3.6152e-01  MSE_ω=5.1765e-01
  test : −ELBO=-6.2530e-01  NLL=1.9699e-01  NLL_R=-4.1202e-01  NLL_ω=6.0901e-01  MSE_R=1.3776e-03  MSE_ω=1.6742e-01
  sigma: σ_R=3.4707e-01  σ_ω=4.1594e-01  β=1.0000e+00
  PL   : train=-6.1407e-01  test=-9.6137e-01  σ_φ̄(train)=1.8821e-05  σ_φ̄(test)=2.3490e-09  σ_obs_ω=5.0000e-01  λ_PL=1.00
  KL   : M=2.164e+02  V=2.265e+02  Dw=3.030e+02  g=6.677e+02  sigma=1.128e+01  total=1.425e+03
  subnet MSE  M=2.055e+00  V=1.413e+01  Dw=4.045e-02  g=2.986e-01
[step   6750]
  train: −ELBO=2.2286e+00  NLL=2.7069e+00  NLL_R=1.0829e+00  NLL_ω=1.6240e+00  MSE_R=3.6155e-01  MSE_ω=5.1861e-01
  test : −ELBO=-6.2307e-01  NLL=2.0220e-01  NLL_R=-4.1110e-01  NLL_ω=6.1330e-01  MSE_R=1.3874e-03  MSE_ω=1.6892e-01
  sigma: σ_R=3.4718e-01  σ_ω=4.1592e-01  β=1.0000e+00
  PL   : train=-6.1461e-01  test=-9.6156e-01  σ_φ̄(train)=1.6357e-05  σ_φ̄(test)=2.5647e-09  σ_obs_ω=5.0000e-01  λ_PL=1.00
  KL   : M=2.118e+02  V=2.228e+02  Dw=2.992e+02  g=6.514e+02  sigma=1.095e+01  total=1.396e+03
  subnet MSE  M=2.054e+00  V=1.417e+01  Dw=4.040e-02  g=2.997e-01
[step   6800]
  train: −ELBO=2.2268e+00  NLL=2.7081e+00  NLL_R=1.0824e+00  NLL_ω=1.6257e+00  MSE_R=3.6145e-01  MSE_ω=5.1920e-01
  test : −ELBO=-6.3779e-01  NLL=1.9134e-01  NLL_R=-4.1163e-01  NLL_ω=6.0297e-01  MSE_R=1.3621e-03  MSE_ω=1.6543e-01
  sigma: σ_R=3.4713e-01  σ_ω=4.1589e-01  β=1.0000e+00
  PL   : train=-6.1530e-01  test=-9.6305e-01  σ_φ̄(train)=2.8447e-05  σ_φ̄(test)=3.1018e-09  σ_obs_ω=5.0000e-01  λ_PL=1.00
  KL   : M=2.078e+02  V=2.196e+02  Dw=2.961e+02  g=6.377e+02  sigma=1.048e+01  total=1.372e+03
  subnet MSE  M=2.055e+00  V=1.414e+01  Dw=4.134e-02  g=3.019e-01
[step   6850]
  train: −ELBO=2.2241e+00  NLL=2.7080e+00  NLL_R=1.0825e+00  NLL_ω=1.6255e+00  MSE_R=3.6145e-01  MSE_ω=5.1914e-01
  test : −ELBO=-6.4137e-01  NLL=1.9007e-01  NLL_R=-4.1182e-01  NLL_ω=6.0190e-01  MSE_R=1.3620e-03  MSE_ω=1.6538e-01
  sigma: σ_R=3.4712e-01  σ_ω=4.1570e-01  β=1.0000e+00
  PL   : train=-6.1504e-01  test=-9.6259e-01  σ_φ̄(train)=1.8515e-05  σ_φ̄(test)=2.7738e-09  σ_obs_ω=5.0000e-01  λ_PL=1.00
  KL   : M=2.032e+02  V=2.159e+02  Dw=2.925e+02  g=6.216e+02  sigma=1.023e+01  total=1.343e+03
  subnet MSE  M=2.057e+00  V=1.410e+01  Dw=4.161e-02  g=3.005e-01
[step   6900]
  train: −ELBO=2.2196e+00  NLL=2.7053e+00  NLL_R=1.0828e+00  NLL_ω=1.6225e+00  MSE_R=3.6153e-01  MSE_ω=5.1810e-01
  test : −ELBO=-6.3478e-01  NLL=1.9812e-01  NLL_R=-4.1178e-01  NLL_ω=6.0991e-01  MSE_R=1.3825e-03  MSE_ω=1.6802e-01
  sigma: σ_R=3.4709e-01  σ_ω=4.1579e-01  β=1.0000e+00
  PL   : train=-6.1498e-01  test=-9.6211e-01  σ_φ̄(train)=2.6836e-05  σ_φ̄(test)=2.7615e-09  σ_obs_ω=5.0000e-01  λ_PL=1.00
  KL   : M=1.999e+02  V=2.132e+02  Dw=2.901e+02  g=6.106e+02  sigma=9.966e+00  total=1.324e+03
  subnet MSE  M=2.057e+00  V=1.410e+01  Dw=4.080e-02  g=3.003e-01
[step   6950]
  train: −ELBO=2.2152e+00  NLL=2.7028e+00  NLL_R=1.0822e+00  NLL_ω=1.6206e+00  MSE_R=3.6140e-01  MSE_ω=5.1744e-01
  test : −ELBO=-6.3588e-01  NLL=1.9838e-01  NLL_R=-4.1165e-01  NLL_ω=6.1003e-01  MSE_R=1.3859e-03  MSE_ω=1.6839e-01
  sigma: σ_R=3.4711e-01  σ_ω=4.1563e-01  β=1.0000e+00
  PL   : train=-6.1471e-01  test=-9.6128e-01  σ_φ̄(train)=1.7299e-05  σ_φ̄(test)=2.5608e-09  σ_obs_ω=5.0000e-01  λ_PL=1.00
  KL   : M=1.963e+02  V=2.096e+02  Dw=2.872e+02  g=5.983e+02  sigma=9.707e+00  total=1.301e+03
  subnet MSE  M=2.057e+00  V=1.418e+01  Dw=4.034e-02  g=2.996e-01
[step   7000]
  train: −ELBO=2.2151e+00  NLL=2.7041e+00  NLL_R=1.0824e+00  NLL_ω=1.6216e+00  MSE_R=3.6145e-01  MSE_ω=5.1780e-01
  test : −ELBO=-6.4310e-01  NLL=1.9291e-01  NLL_R=-4.1205e-01  NLL_ω=6.0496e-01  MSE_R=1.3717e-03  MSE_ω=1.6671e-01
  sigma: σ_R=3.4709e-01  σ_ω=4.1552e-01  β=1.0000e+00
  PL   : train=-6.1434e-01  test=-9.6140e-01  σ_φ̄(train)=2.4992e-05  σ_φ̄(test)=1.8491e-09  σ_obs_ω=5.0000e-01  λ_PL=1.00
  KL   : M=1.934e+02  V=2.070e+02  Dw=2.849e+02  g=5.889e+02  sigma=9.903e+00  total=1.284e+03
  subnet MSE  M=2.057e+00  V=1.416e+01  Dw=4.070e-02  g=2.988e-01
[step   7050]
  train: −ELBO=2.2117e+00  NLL=2.7031e+00  NLL_R=1.0823e+00  NLL_ω=1.6208e+00  MSE_R=3.6141e-01  MSE_ω=5.1750e-01
  test : −ELBO=-6.4875e-01  NLL=1.9018e-01  NLL_R=-4.1222e-01  NLL_ω=6.0240e-01  MSE_R=1.3660e-03  MSE_ω=1.6602e-01
  sigma: σ_R=3.4705e-01  σ_ω=4.1541e-01  β=1.0000e+00
  PL   : train=-6.1542e-01  test=-9.6296e-01  σ_φ̄(train)=1.3887e-05  σ_φ̄(test)=1.7350e-09  σ_obs_ω=5.0000e-01  λ_PL=1.00
  KL   : M=1.911e+02  V=2.048e+02  Dw=2.832e+02  g=5.814e+02  sigma=9.803e+00  total=1.270e+03
  subnet MSE  M=2.060e+00  V=1.409e+01  Dw=4.076e-02  g=3.009e-01
[step   7100]
  train: −ELBO=2.2117e+00  NLL=2.7039e+00  NLL_R=1.0826e+00  NLL_ω=1.6213e+00  MSE_R=3.6150e-01  MSE_ω=5.1768e-01
  test : −ELBO=-6.3750e-01  NLL=2.0140e-01  NLL_R=-4.1151e-01  NLL_ω=6.1291e-01  MSE_R=1.3937e-03  MSE_ω=1.6956e-01
  sigma: σ_R=3.4712e-01  σ_ω=4.1546e-01  β=1.0000e+00
  PL   : train=-6.1461e-01  test=-9.6125e-01  σ_φ̄(train)=2.5291e-05  σ_φ̄(test)=1.5306e-09  σ_obs_ω=5.0000e-01  λ_PL=1.00
  KL   : M=1.884e+02  V=2.020e+02  Dw=2.809e+02  g=5.723e+02  sigma=9.653e+00  total=1.253e+03
  subnet MSE  M=2.061e+00  V=1.421e+01  Dw=4.005e-02  g=2.995e-01
[step   7150]
  train: −ELBO=2.2078e+00  NLL=2.7025e+00  NLL_R=1.0825e+00  NLL_ω=1.6200e+00  MSE_R=3.6145e-01  MSE_ω=5.1724e-01
  test : −ELBO=-6.4590e-01  NLL=1.9488e-01  NLL_R=-4.1157e-01  NLL_ω=6.0645e-01  MSE_R=1.3814e-03  MSE_ω=1.6776e-01
  sigma: σ_R=3.4713e-01  σ_ω=4.1518e-01  β=1.0000e+00
  PL   : train=-6.1552e-01  test=-9.6162e-01  σ_φ̄(train)=1.2810e-05  σ_φ̄(test)=1.3765e-09  σ_obs_ω=5.0000e-01  λ_PL=1.00
  KL   : M=1.858e+02  V=1.994e+02  Dw=2.790e+02  g=5.637e+02  sigma=9.508e+00  total=1.237e+03
  subnet MSE  M=2.061e+00  V=1.411e+01  Dw=4.174e-02  g=3.002e-01
[step   7200]
  train: −ELBO=2.2093e+00  NLL=2.7049e+00  NLL_R=1.0828e+00  NLL_ω=1.6222e+00  MSE_R=3.6153e-01  MSE_ω=5.1798e-01
  test : −ELBO=-6.4799e-01  NLL=1.9464e-01  NLL_R=-4.1188e-01  NLL_ω=6.0652e-01  MSE_R=1.3762e-03  MSE_ω=1.6728e-01
  sigma: σ_R=3.4712e-01  σ_ω=4.1551e-01  β=1.0000e+00
  PL   : train=-6.1549e-01  test=-9.6246e-01  σ_φ̄(train)=1.8550e-05  σ_φ̄(test)=1.0198e-09  σ_obs_ω=5.0000e-01  λ_PL=1.00
  KL   : M=1.843e+02  V=1.975e+02  Dw=2.776e+02  g=5.582e+02  sigma=9.736e+00  total=1.227e+03
  subnet MSE  M=2.060e+00  V=1.418e+01  Dw=3.976e-02  g=3.004e-01
[step   7250]
  train: −ELBO=2.2105e+00  NLL=2.7065e+00  NLL_R=1.0831e+00  NLL_ω=1.6234e+00  MSE_R=3.6161e-01  MSE_ω=5.1839e-01
  test : −ELBO=-6.4425e-01  NLL=1.9842e-01  NLL_R=-4.1086e-01  NLL_ω=6.0928e-01  MSE_R=1.3887e-03  MSE_ω=1.6888e-01
  sigma: σ_R=3.4722e-01  σ_ω=4.1509e-01  β=1.0000e+00
  PL   : train=-6.1466e-01  test=-9.6131e-01  σ_φ̄(train)=1.3960e-05  σ_φ̄(test)=9.5246e-10  σ_obs_ω=5.0000e-01  λ_PL=1.00
  KL   : M=1.824e+02  V=1.954e+02  Dw=2.760e+02  g=5.516e+02  sigma=9.597e+00  total=1.215e+03
  subnet MSE  M=2.062e+00  V=1.415e+01  Dw=4.030e-02  g=2.995e-01
[step   7300]
  train: −ELBO=2.2068e+00  NLL=2.7048e+00  NLL_R=1.0829e+00  NLL_ω=1.6220e+00  MSE_R=3.6155e-01  MSE_ω=5.1791e-01
  test : −ELBO=-6.4549e-01  NLL=1.9947e-01  NLL_R=-4.1122e-01  NLL_ω=6.1069e-01  MSE_R=1.3870e-03  MSE_ω=1.6872e-01
  sigma: σ_R=3.4717e-01  σ_ω=4.1553e-01  β=1.0000e+00
  PL   : train=-6.1562e-01  test=-9.6257e-01  σ_φ̄(train)=1.4855e-05  σ_φ̄(test)=7.4555e-10  σ_obs_ω=5.0000e-01  λ_PL=1.00
  KL   : M=1.806e+02  V=1.934e+02  Dw=2.748e+02  g=5.458e+02  sigma=9.983e+00  total=1.205e+03
  subnet MSE  M=2.063e+00  V=1.415e+01  Dw=4.063e-02  g=3.008e-01
[step   7350]
  train: −ELBO=2.2021e+00  NLL=2.7011e+00  NLL_R=1.0829e+00  NLL_ω=1.6183e+00  MSE_R=3.6155e-01  MSE_ω=5.1663e-01
  test : −ELBO=-6.4420e-01  NLL=2.0091e-01  NLL_R=-4.1228e-01  NLL_ω=6.1318e-01  MSE_R=1.4017e-03  MSE_ω=1.7032e-01
  sigma: σ_R=3.4705e-01  σ_ω=4.1509e-01  β=1.0000e+00
  PL   : train=-6.1554e-01  test=-9.6163e-01  σ_φ̄(train)=1.1388e-05  σ_φ̄(test)=9.6868e-10  σ_obs_ω=5.0000e-01  λ_PL=1.00
  KL   : M=1.787e+02  V=1.914e+02  Dw=2.735e+02  g=5.402e+02  sigma=9.648e+00  total=1.193e+03
  subnet MSE  M=2.065e+00  V=1.412e+01  Dw=4.023e-02  g=3.002e-01
[step   7400]
  train: −ELBO=2.2021e+00  NLL=2.7019e+00  NLL_R=1.0826e+00  NLL_ω=1.6192e+00  MSE_R=3.6149e-01  MSE_ω=5.1697e-01
  test : −ELBO=-6.4844e-01  NLL=1.9826e-01  NLL_R=-4.1175e-01  NLL_ω=6.1001e-01  MSE_R=1.3900e-03  MSE_ω=1.6898e-01
  sigma: σ_R=3.4715e-01  σ_ω=4.1524e-01  β=1.0000e+00
  PL   : train=-6.1537e-01  test=-9.6233e-01  σ_φ̄(train)=9.5979e-06  σ_φ̄(test)=1.0078e-09  σ_obs_ω=5.0000e-01  λ_PL=1.00
  KL   : M=1.772e+02  V=1.895e+02  Dw=2.724e+02  g=5.356e+02  sigma=9.468e+00  total=1.184e+03
  subnet MSE  M=2.064e+00  V=1.417e+01  Dw=3.982e-02  g=3.009e-01
[step   7450]
  train: −ELBO=2.2009e+00  NLL=2.7009e+00  NLL_R=1.0827e+00  NLL_ω=1.6182e+00  MSE_R=3.6150e-01  MSE_ω=5.1661e-01
  test : −ELBO=-6.4647e-01  NLL=2.0005e-01  NLL_R=-4.1145e-01  NLL_ω=6.1150e-01  MSE_R=1.3909e-03  MSE_ω=1.6896e-01
  sigma: σ_R=3.4713e-01  σ_ω=4.1554e-01  β=1.0000e+00
  PL   : train=-6.1486e-01  test=-9.6139e-01  σ_φ̄(train)=1.3804e-05  σ_φ̄(test)=1.0573e-09  σ_obs_ω=5.0000e-01  λ_PL=1.00
  KL   : M=1.756e+02  V=1.880e+02  Dw=2.713e+02  g=5.320e+02  sigma=9.365e+00  total=1.176e+03
  subnet MSE  M=2.066e+00  V=1.415e+01  Dw=3.885e-02  g=2.994e-01
[step   7500]
  train: −ELBO=2.2007e+00  NLL=2.7016e+00  NLL_R=1.0826e+00  NLL_ω=1.6190e+00  MSE_R=3.6149e-01  MSE_ω=5.1687e-01
  test : −ELBO=-6.4289e-01  NLL=2.0232e-01  NLL_R=-4.1157e-01  NLL_ω=6.1388e-01  MSE_R=1.4004e-03  MSE_ω=1.6989e-01
  sigma: σ_R=3.4712e-01  σ_ω=4.1546e-01  β=1.0000e+00
  PL   : train=-6.1464e-01  test=-9.5899e-01  σ_φ̄(train)=1.8432e-05  σ_φ̄(test)=1.1638e-09  σ_obs_ω=5.0000e-01  λ_PL=1.00
  KL   : M=1.739e+02  V=1.859e+02  Dw=2.701e+02  g=5.261e+02  sigma=9.328e+00  total=1.165e+03
  subnet MSE  M=2.065e+00  V=1.416e+01  Dw=4.053e-02  g=2.984e-01
[step   7550]
  train: −ELBO=2.2011e+00  NLL=2.7037e+00  NLL_R=1.0826e+00  NLL_ω=1.6211e+00  MSE_R=3.6147e-01  MSE_ω=5.1762e-01
  test : −ELBO=-6.4043e-01  NLL=1.9797e-01  NLL_R=-4.1157e-01  NLL_ω=6.0954e-01  MSE_R=1.3953e-03  MSE_ω=1.6939e-01
  sigma: σ_R=3.4712e-01  σ_ω=4.1484e-01  β=1.0000e+00
  PL   : train=-6.1541e-01  test=-9.5119e-01  σ_φ̄(train)=1.1536e-05  σ_φ̄(test)=1.9266e-09  σ_obs_ω=5.0000e-01  λ_PL=1.00
  KL   : M=1.721e+02  V=1.840e+02  Dw=2.690e+02  g=5.210e+02  sigma=9.112e+00  total=1.155e+03
  subnet MSE  M=2.066e+00  V=1.421e+01  Dw=4.123e-02  g=3.008e-01
[step   7600]
  train: −ELBO=2.1971e+00  NLL=2.7006e+00  NLL_R=1.0822e+00  NLL_ω=1.6184e+00  MSE_R=3.6140e-01  MSE_ω=5.1668e-01
  test : −ELBO=-6.5249e-01  NLL=1.9681e-01  NLL_R=-4.1175e-01  NLL_ω=6.0856e-01  MSE_R=1.3870e-03  MSE_ω=1.6841e-01
  sigma: σ_R=3.4711e-01  σ_ω=4.1525e-01  β=1.0000e+00
  PL   : train=-6.1530e-01  test=-9.6104e-01  σ_φ̄(train)=9.2826e-06  σ_φ̄(test)=3.1891e-09  σ_obs_ω=5.0000e-01  λ_PL=1.00
  KL   : M=1.702e+02  V=1.820e+02  Dw=2.675e+02  g=5.156e+02  sigma=9.078e+00  total=1.144e+03
  subnet MSE  M=2.066e+00  V=1.411e+01  Dw=4.105e-02  g=2.992e-01
[step   7650]
  train: −ELBO=2.1968e+00  NLL=2.7013e+00  NLL_R=1.0828e+00  NLL_ω=1.6186e+00  MSE_R=3.6153e-01  MSE_ω=5.1674e-01
  test : −ELBO=-6.4731e-01  NLL=2.0289e-01  NLL_R=-4.1160e-01  NLL_ω=6.1449e-01  MSE_R=1.4059e-03  MSE_ω=1.7081e-01
  sigma: σ_R=3.4711e-01  σ_ω=4.1505e-01  β=1.0000e+00
  PL   : train=-6.1545e-01  test=-9.6114e-01  σ_φ̄(train)=3.1673e-05  σ_φ̄(test)=2.9084e-09  σ_obs_ω=5.0000e-01  λ_PL=1.00
  KL   : M=1.686e+02  V=1.804e+02  Dw=2.665e+02  g=5.116e+02  sigma=9.087e+00  total=1.136e+03
  subnet MSE  M=2.068e+00  V=1.419e+01  Dw=4.117e-02  g=3.000e-01
[step   7700]
  train: −ELBO=2.1962e+00  NLL=2.7017e+00  NLL_R=1.0827e+00  NLL_ω=1.6190e+00  MSE_R=3.6152e-01  MSE_ω=5.1689e-01
  test : −ELBO=-6.4913e-01  NLL=2.0248e-01  NLL_R=-4.1139e-01  NLL_ω=6.1387e-01  MSE_R=1.3988e-03  MSE_ω=1.7007e-01
  sigma: σ_R=3.4718e-01  σ_ω=4.1536e-01  β=1.0000e+00
  PL   : train=-6.1571e-01  test=-9.6178e-01  σ_φ̄(train)=1.4100e-05  σ_φ̄(test)=1.9995e-09  σ_obs_ω=5.0000e-01  λ_PL=1.00
  KL   : M=1.671e+02  V=1.787e+02  Dw=2.654e+02  g=5.078e+02  sigma=9.348e+00  total=1.128e+03
  subnet MSE  M=2.068e+00  V=1.420e+01  Dw=3.996e-02  g=3.006e-01
[step   7750]
  train: −ELBO=2.1959e+00  NLL=2.7030e+00  NLL_R=1.0829e+00  NLL_ω=1.6201e+00  MSE_R=3.6156e-01  MSE_ω=5.1727e-01
  test : −ELBO=-6.5719e-01  NLL=1.9649e-01  NLL_R=-4.1198e-01  NLL_ω=6.0847e-01  MSE_R=1.3887e-03  MSE_ω=1.6878e-01
  sigma: σ_R=3.4707e-01  σ_ω=4.1499e-01  β=1.0000e+00
  PL   : train=-6.1647e-01  test=-9.6303e-01  σ_φ̄(train)=1.1516e-05  σ_φ̄(test)=1.6423e-09  σ_obs_ω=5.0000e-01  λ_PL=1.00
  KL   : M=1.653e+02  V=1.769e+02  Dw=2.641e+02  g=5.043e+02  sigma=9.331e+00  total=1.120e+03
  subnet MSE  M=2.068e+00  V=1.418e+01  Dw=4.085e-02  g=3.021e-01
[step   7800]
  train: −ELBO=2.1945e+00  NLL=2.7013e+00  NLL_R=1.0826e+00  NLL_ω=1.6188e+00  MSE_R=3.6148e-01  MSE_ω=5.1681e-01
  test : −ELBO=-6.5721e-01  NLL=1.9622e-01  NLL_R=-4.1182e-01  NLL_ω=6.0804e-01  MSE_R=1.3888e-03  MSE_ω=1.6831e-01
  sigma: σ_R=3.4710e-01  σ_ω=4.1517e-01  β=1.0000e+00
  PL   : train=-6.1521e-01  test=-9.6183e-01  σ_φ̄(train)=8.7614e-06  σ_φ̄(test)=1.7003e-09  σ_obs_ω=5.0000e-01  λ_PL=1.00
  KL   : M=1.634e+02  V=1.749e+02  Dw=2.630e+02  g=4.999e+02  sigma=9.105e+00  total=1.110e+03
  subnet MSE  M=2.067e+00  V=1.418e+01  Dw=4.087e-02  g=3.000e-01
[step   7850]
  train: −ELBO=2.1932e+00  NLL=2.7008e+00  NLL_R=1.0826e+00  NLL_ω=1.6183e+00  MSE_R=3.6148e-01  MSE_ω=5.1663e-01
  test : −ELBO=-6.6051e-01  NLL=1.9328e-01  NLL_R=-4.1577e-01  NLL_ω=6.0905e-01  MSE_R=1.3912e-03  MSE_ω=1.6904e-01
  sigma: σ_R=3.4667e-01  σ_ω=4.1502e-01  β=1.0000e+00
  PL   : train=-6.1529e-01  test=-9.6138e-01  σ_φ̄(train)=3.7624e-05  σ_φ̄(test)=1.3684e-09  σ_obs_ω=5.0000e-01  λ_PL=1.00
  KL   : M=1.617e+02  V=1.731e+02  Dw=2.616e+02  g=4.963e+02  sigma=9.202e+00  total=1.102e+03
  subnet MSE  M=2.071e+00  V=1.412e+01  Dw=4.069e-02  g=2.999e-01
[step   7900]
  train: −ELBO=2.1909e+00  NLL=2.6997e+00  NLL_R=1.0823e+00  NLL_ω=1.6173e+00  MSE_R=3.6142e-01  MSE_ω=5.1630e-01
  test : −ELBO=-6.6233e-01  NLL=1.9239e-01  NLL_R=-4.1221e-01  NLL_ω=6.0461e-01  MSE_R=1.3805e-03  MSE_ω=1.6759e-01
  sigma: σ_R=3.4711e-01  σ_ω=4.1487e-01  β=1.0000e+00
  PL   : train=-6.1553e-01  test=-9.6152e-01  σ_φ̄(train)=1.8374e-05  σ_φ̄(test)=1.4280e-09  σ_obs_ω=5.0000e-01  λ_PL=1.00
  KL   : M=1.603e+02  V=1.713e+02  Dw=2.604e+02  g=4.928e+02  sigma=9.027e+00  total=1.094e+03
  subnet MSE  M=2.069e+00  V=1.412e+01  Dw=4.108e-02  g=2.999e-01
[step   7950]
  train: −ELBO=2.1878e+00  NLL=2.6978e+00  NLL_R=1.0828e+00  NLL_ω=1.6150e+00  MSE_R=3.6154e-01  MSE_ω=5.1549e-01
  test : −ELBO=-6.4976e-01  NLL=2.0518e-01  NLL_R=-4.0971e-01  NLL_ω=6.1489e-01  MSE_R=1.4131e-03  MSE_ω=1.7172e-01
  sigma: σ_R=3.4734e-01  σ_ω=4.1461e-01  β=1.0000e+00
  PL   : train=-6.1600e-01  test=-9.6095e-01  σ_φ̄(train)=1.8800e-05  σ_φ̄(test)=1.3576e-09  σ_obs_ω=5.0000e-01  λ_PL=1.00
  KL   : M=1.588e+02  V=1.695e+02  Dw=2.589e+02  g=4.896e+02  sigma=8.902e+00  total=1.086e+03
  subnet MSE  M=2.069e+00  V=1.420e+01  Dw=4.077e-02  g=3.002e-01
[step   8000]
  train: −ELBO=2.1887e+00  NLL=2.6989e+00  NLL_R=1.0831e+00  NLL_ω=1.6158e+00  MSE_R=3.6161e-01  MSE_ω=5.1578e-01
  test : −ELBO=-6.5192e-01  NLL=2.0341e-01  NLL_R=-4.1139e-01  NLL_ω=6.1480e-01  MSE_R=1.4145e-03  MSE_ω=1.7187e-01
  sigma: σ_R=3.4714e-01  σ_ω=4.1451e-01  β=1.0000e+00
  PL   : train=-6.1574e-01  test=-9.6088e-01  σ_φ̄(train)=4.2988e-05  σ_φ̄(test)=1.1734e-09  σ_obs_ω=5.0000e-01  λ_PL=1.00
  KL   : M=1.579e+02  V=1.683e+02  Dw=2.582e+02  g=4.876e+02  sigma=8.940e+00  total=1.081e+03
  subnet MSE  M=2.071e+00  V=1.414e+01  Dw=4.097e-02  g=3.007e-01
[step   8050]
  train: −ELBO=2.1878e+00  NLL=2.6990e+00  NLL_R=1.0828e+00  NLL_ω=1.6162e+00  MSE_R=3.6154e-01  MSE_ω=5.1591e-01
  test : −ELBO=-6.4680e-01  NLL=2.0893e-01  NLL_R=-4.1154e-01  NLL_ω=6.2047e-01  MSE_R=1.4297e-03  MSE_ω=1.7367e-01
  sigma: σ_R=3.4712e-01  σ_ω=4.1456e-01  β=1.0000e+00
  PL   : train=-6.1637e-01  test=-9.6087e-01  σ_φ̄(train)=1.9276e-05  σ_φ̄(test)=1.1483e-09  σ_obs_ω=5.0000e-01  λ_PL=1.00
  KL   : M=1.572e+02  V=1.673e+02  Dw=2.575e+02  g=4.859e+02  sigma=8.915e+00  total=1.077e+03
  subnet MSE  M=2.067e+00  V=1.421e+01  Dw=4.082e-02  g=3.008e-01
[step   8100]
  train: −ELBO=2.1885e+00  NLL=2.6993e+00  NLL_R=1.0827e+00  NLL_ω=1.6165e+00  MSE_R=3.6152e-01  MSE_ω=5.1603e-01
  test : −ELBO=-6.5018e-01  NLL=2.0507e-01  NLL_R=-4.1148e-01  NLL_ω=6.1656e-01  MSE_R=1.4169e-03  MSE_ω=1.7214e-01
  sigma: σ_R=3.4713e-01  σ_ω=4.1469e-01  β=1.0000e+00
  PL   : train=-6.1549e-01  test=-9.5993e-01  σ_φ̄(train)=3.0215e-05  σ_φ̄(test)=1.0069e-09  σ_obs_ω=5.0000e-01  λ_PL=1.00
  KL   : M=1.563e+02  V=1.661e+02  Dw=2.567e+02  g=4.840e+02  sigma=8.941e+00  total=1.072e+03
  subnet MSE  M=2.069e+00  V=1.418e+01  Dw=4.076e-02  g=2.990e-01
[step   8150]
  train: −ELBO=2.1849e+00  NLL=2.6969e+00  NLL_R=1.0825e+00  NLL_ω=1.6144e+00  MSE_R=3.6146e-01  MSE_ω=5.1531e-01
  test : −ELBO=-6.5531e-01  NLL=2.0156e-01  NLL_R=-4.1112e-01  NLL_ω=6.1269e-01  MSE_R=1.4110e-03  MSE_ω=1.7138e-01
  sigma: σ_R=3.4715e-01  σ_ω=4.1431e-01  β=1.0000e+00
  PL   : train=-6.1625e-01  test=-9.6106e-01  σ_φ̄(train)=6.0849e-06  σ_φ̄(test)=8.1960e-10  σ_obs_ω=5.0000e-01  λ_PL=1.00
  KL   : M=1.550e+02  V=1.647e+02  Dw=2.558e+02  g=4.823e+02  sigma=9.195e+00  total=1.067e+03
  subnet MSE  M=2.070e+00  V=1.419e+01  Dw=4.165e-02  g=3.005e-01
[step   8200]
  train: −ELBO=2.1825e+00  NLL=2.6960e+00  NLL_R=1.0825e+00  NLL_ω=1.6135e+00  MSE_R=3.6146e-01  MSE_ω=5.1500e-01
  test : −ELBO=-6.6408e-01  NLL=1.9442e-01  NLL_R=-4.1228e-01  NLL_ω=6.0670e-01  MSE_R=1.3907e-03  MSE_ω=1.6886e-01
  sigma: σ_R=3.4704e-01  σ_ω=4.1460e-01  β=1.0000e+00
  PL   : train=-6.1712e-01  test=-9.6215e-01  σ_φ̄(train)=7.7550e-06  σ_φ̄(test)=8.7090e-10  σ_obs_ω=5.0000e-01  λ_PL=1.00
  KL   : M=1.537e+02  V=1.633e+02  Dw=2.548e+02  g=4.806e+02  sigma=9.086e+00  total=1.062e+03
  subnet MSE  M=2.069e+00  V=1.415e+01  Dw=4.089e-02  g=3.022e-01
[step   8250]
  train: −ELBO=2.1858e+00  NLL=2.6992e+00  NLL_R=1.0829e+00  NLL_ω=1.6163e+00  MSE_R=3.6156e-01  MSE_ω=5.1595e-01
  test : −ELBO=-6.4321e-01  NLL=2.1299e-01  NLL_R=-4.1092e-01  NLL_ω=6.2391e-01  MSE_R=1.4370e-03  MSE_ω=1.7453e-01
  sigma: σ_R=3.4720e-01  σ_ω=4.1478e-01  β=1.0000e+00
  PL   : train=-6.1662e-01  test=-9.5942e-01  σ_φ̄(train)=1.3013e-05  σ_φ̄(test)=8.8796e-10  σ_obs_ω=5.0000e-01  λ_PL=1.00
  KL   : M=1.530e+02  V=1.621e+02  Dw=2.540e+02  g=4.789e+02  sigma=9.086e+00  total=1.057e+03
  subnet MSE  M=2.071e+00  V=1.419e+01  Dw=4.146e-02  g=3.005e-01
[step   8300]
  train: −ELBO=2.1845e+00  NLL=2.6981e+00  NLL_R=1.0824e+00  NLL_ω=1.6156e+00  MSE_R=3.6145e-01  MSE_ω=5.1572e-01
  test : −ELBO=-6.6497e-01  NLL=1.9405e-01  NLL_R=-4.1239e-01  NLL_ω=6.0644e-01  MSE_R=1.3971e-03  MSE_ω=1.6971e-01
  sigma: σ_R=3.4704e-01  σ_ω=4.1409e-01  β=1.0000e+00
  PL   : train=-6.1619e-01  test=-9.6161e-01  σ_φ̄(train)=1.0165e-05  σ_φ̄(test)=1.0465e-09  σ_obs_ω=5.0000e-01  λ_PL=1.00
  KL   : M=1.519e+02  V=1.604e+02  Dw=2.529e+02  g=4.765e+02  sigma=8.904e+00  total=1.051e+03
  subnet MSE  M=2.070e+00  V=1.415e+01  Dw=4.141e-02  g=3.012e-01
[step   8350]
  train: −ELBO=2.1824e+00  NLL=2.6961e+00  NLL_R=1.0827e+00  NLL_ω=1.6134e+00  MSE_R=3.6150e-01  MSE_ω=5.1497e-01
  test : −ELBO=-6.4779e-01  NLL=2.0822e-01  NLL_R=-4.1136e-01  NLL_ω=6.1958e-01  MSE_R=1.4385e-03  MSE_ω=1.7451e-01
  sigma: σ_R=3.4718e-01  σ_ω=4.1388e-01  β=1.0000e+00
  PL   : train=-6.1588e-01  test=-9.5815e-01  σ_φ̄(train)=2.4032e-05  σ_φ̄(test)=9.6730e-10  σ_obs_ω=5.0000e-01  λ_PL=1.00
  KL   : M=1.511e+02  V=1.591e+02  Dw=2.519e+02  g=4.749e+02  sigma=8.956e+00  total=1.046e+03
  subnet MSE  M=2.073e+00  V=1.414e+01  Dw=4.226e-02  g=2.995e-01
[step   8400]
  train: −ELBO=2.1788e+00  NLL=2.6944e+00  NLL_R=1.0827e+00  NLL_ω=1.6117e+00  MSE_R=3.6151e-01  MSE_ω=5.1437e-01
  test : −ELBO=-6.5191e-01  NLL=2.0790e-01  NLL_R=-4.1129e-01  NLL_ω=6.1919e-01  MSE_R=1.4421e-03  MSE_ω=1.7434e-01
  sigma: σ_R=3.4720e-01  σ_ω=4.1387e-01  β=1.0000e+00
  PL   : train=-6.1727e-01  test=-9.6148e-01  σ_φ̄(train)=3.7256e-05  σ_φ̄(test)=8.8849e-10  σ_obs_ω=5.0000e-01  λ_PL=1.00
  KL   : M=1.502e+02  V=1.578e+02  Dw=2.507e+02  g=4.735e+02  sigma=8.943e+00  total=1.041e+03
  subnet MSE  M=2.072e+00  V=1.417e+01  Dw=4.110e-02  g=3.015e-01
[step   8450]
  train: −ELBO=2.1799e+00  NLL=2.6953e+00  NLL_R=1.0825e+00  NLL_ω=1.6128e+00  MSE_R=3.6147e-01  MSE_ω=5.1474e-01
  test : −ELBO=-6.5497e-01  NLL=2.0463e-01  NLL_R=-4.1067e-01  NLL_ω=6.1530e-01  MSE_R=1.4235e-03  MSE_ω=1.7285e-01
  sigma: σ_R=3.4724e-01  σ_ω=4.1394e-01  β=1.0000e+00
  PL   : train=-6.1672e-01  test=-9.6089e-01  σ_φ̄(train)=7.6540e-06  σ_φ̄(test)=8.6537e-10  σ_obs_ω=5.0000e-01  λ_PL=1.00
  KL   : M=1.494e+02  V=1.567e+02  Dw=2.497e+02  g=4.724e+02  sigma=9.026e+00  total=1.037e+03
  subnet MSE  M=2.074e+00  V=1.418e+01  Dw=4.212e-02  g=3.009e-01
[step   8500]
  train: −ELBO=2.1773e+00  NLL=2.6933e+00  NLL_R=1.0827e+00  NLL_ω=1.6106e+00  MSE_R=3.6150e-01  MSE_ω=5.1399e-01
  test : −ELBO=-6.5366e-01  NLL=2.0528e-01  NLL_R=-4.1373e-01  NLL_ω=6.1901e-01  MSE_R=1.4353e-03  MSE_ω=1.7422e-01
  sigma: σ_R=3.4686e-01  σ_ω=4.1387e-01  β=1.0000e+00
  PL   : train=-6.1694e-01  test=-9.5986e-01  σ_φ̄(train)=1.1435e-05  σ_φ̄(test)=9.4824e-10  σ_obs_ω=5.0000e-01  λ_PL=1.00
  KL   : M=1.486e+02  V=1.557e+02  Dw=2.488e+02  g=4.715e+02  sigma=8.912e+00  total=1.034e+03
  subnet MSE  M=2.073e+00  V=1.415e+01  Dw=4.211e-02  g=3.002e-01
[step   8550]
  train: −ELBO=2.1806e+00  NLL=2.6962e+00  NLL_R=1.0824e+00  NLL_ω=1.6138e+00  MSE_R=3.6145e-01  MSE_ω=5.1508e-01
  test : −ELBO=-6.5039e-01  NLL=2.0733e-01  NLL_R=-4.1144e-01  NLL_ω=6.1877e-01  MSE_R=1.4332e-03  MSE_ω=1.7412e-01
  sigma: σ_R=3.4716e-01  σ_ω=4.1388e-01  β=1.0000e+00
  PL   : train=-6.1624e-01  test=-9.5839e-01  σ_φ̄(train)=7.2402e-06  σ_φ̄(test)=1.4154e-09  σ_obs_ω=5.0000e-01  λ_PL=1.00
  KL   : M=1.479e+02  V=1.548e+02  Dw=2.481e+02  g=4.709e+02  sigma=9.172e+00  total=1.031e+03
  subnet MSE  M=2.071e+00  V=1.418e+01  Dw=4.284e-02  g=2.993e-01
[step   8600]
  train: −ELBO=2.1757e+00  NLL=2.6927e+00  NLL_R=1.0824e+00  NLL_ω=1.6102e+00  MSE_R=3.6145e-01  MSE_ω=5.1388e-01
  test : −ELBO=-6.5690e-01  NLL=2.0359e-01  NLL_R=-4.1122e-01  NLL_ω=6.1481e-01  MSE_R=1.4170e-03  MSE_ω=1.7263e-01
  sigma: σ_R=3.4716e-01  σ_ω=4.1401e-01  β=1.0000e+00
  PL   : train=-6.1736e-01  test=-9.6088e-01  σ_φ̄(train)=3.4862e-05  σ_φ̄(test)=1.7508e-09  σ_obs_ω=5.0000e-01  λ_PL=1.00
  KL   : M=1.473e+02  V=1.541e+02  Dw=2.477e+02  g=4.700e+02  sigma=8.958e+00  total=1.028e+03
  subnet MSE  M=2.071e+00  V=1.415e+01  Dw=4.185e-02  g=3.007e-01
[step   8650]
  train: −ELBO=2.1765e+00  NLL=2.6942e+00  NLL_R=1.0829e+00  NLL_ω=1.6113e+00  MSE_R=3.6156e-01  MSE_ω=5.1423e-01
  test : −ELBO=-6.5651e-01  NLL=2.0512e-01  NLL_R=-4.1115e-01  NLL_ω=6.1626e-01  MSE_R=1.4297e-03  MSE_ω=1.7390e-01
  sigma: σ_R=3.4718e-01  σ_ω=4.1343e-01  β=1.0000e+00
  PL   : train=-6.1778e-01  test=-9.6173e-01  σ_φ̄(train)=7.6956e-06  σ_φ̄(test)=1.8031e-09  σ_obs_ω=5.0000e-01  λ_PL=1.00
  KL   : M=1.470e+02  V=1.533e+02  Dw=2.470e+02  g=4.690e+02  sigma=8.859e+00  total=1.025e+03
  subnet MSE  M=2.072e+00  V=1.422e+01  Dw=4.183e-02  g=3.020e-01
[step   8700]
  train: −ELBO=2.1737e+00  NLL=2.6909e+00  NLL_R=1.0824e+00  NLL_ω=1.6085e+00  MSE_R=3.6144e-01  MSE_ω=5.1327e-01
  test : −ELBO=-6.5738e-01  NLL=2.0337e-01  NLL_R=-4.1178e-01  NLL_ω=6.1515e-01  MSE_R=1.4248e-03  MSE_ω=1.7304e-01
  sigma: σ_R=3.4709e-01  σ_ω=4.1385e-01  β=1.0000e+00
  PL   : train=-6.1698e-01  test=-9.6057e-01  σ_φ̄(train)=2.9315e-05  σ_φ̄(test)=1.9561e-09  σ_obs_ω=5.0000e-01  λ_PL=1.00
  KL   : M=1.465e+02  V=1.525e+02  Dw=2.463e+02  g=4.681e+02  sigma=8.723e+00  total=1.022e+03
  subnet MSE  M=2.071e+00  V=1.411e+01  Dw=4.190e-02  g=3.008e-01
[step   8750]
  train: −ELBO=2.1769e+00  NLL=2.6953e+00  NLL_R=1.0830e+00  NLL_ω=1.6123e+00  MSE_R=3.6158e-01  MSE_ω=5.1457e-01
  test : −ELBO=-6.4824e-01  NLL=2.1241e-01  NLL_R=-4.1030e-01  NLL_ω=6.2271e-01  MSE_R=1.4459e-03  MSE_ω=1.7581e-01
  sigma: σ_R=3.4728e-01  σ_ω=4.1368e-01  β=1.0000e+00
  PL   : train=-6.1791e-01  test=-9.6019e-01  σ_φ̄(train)=1.4051e-05  σ_φ̄(test)=2.0683e-09  σ_obs_ω=5.0000e-01  λ_PL=1.00
  KL   : M=1.460e+02  V=1.516e+02  Dw=2.456e+02  g=4.676e+02  sigma=8.686e+00  total=1.019e+03
  subnet MSE  M=2.071e+00  V=1.422e+01  Dw=4.205e-02  g=3.011e-01
[step   8800]
  train: −ELBO=2.1713e+00  NLL=2.6892e+00  NLL_R=1.0833e+00  NLL_ω=1.6059e+00  MSE_R=3.6167e-01  MSE_ω=5.1239e-01
  test : −ELBO=-6.3988e-01  NLL=2.1916e-01  NLL_R=-4.1015e-01  NLL_ω=6.2931e-01  MSE_R=1.4682e-03  MSE_ω=1.7841e-01
  sigma: σ_R=3.4725e-01  σ_ω=4.1353e-01  β=1.0000e+00
  PL   : train=-6.1718e-01  test=-9.5829e-01  σ_φ̄(train)=2.2749e-05  σ_φ̄(test)=2.1160e-09  σ_obs_ω=5.0000e-01  λ_PL=1.00
  KL   : M=1.452e+02  V=1.505e+02  Dw=2.450e+02  g=4.671e+02  sigma=8.515e+00  total=1.016e+03
  subnet MSE  M=2.074e+00  V=1.420e+01  Dw=4.343e-02  g=2.997e-01
[step   8850]
  train: −ELBO=2.1710e+00  NLL=2.6892e+00  NLL_R=1.0831e+00  NLL_ω=1.6061e+00  MSE_R=3.6160e-01  MSE_ω=5.1248e-01
  test : −ELBO=-6.5182e-01  NLL=2.0876e-01  NLL_R=-4.1106e-01  NLL_ω=6.1982e-01  MSE_R=1.4452e-03  MSE_ω=1.7561e-01
  sigma: σ_R=3.4717e-01  σ_ω=4.1320e-01  β=1.0000e+00
  PL   : train=-6.1722e-01  test=-9.5956e-01  σ_φ̄(train)=8.7105e-06  σ_φ̄(test)=1.1680e-09  σ_obs_ω=5.0000e-01  λ_PL=1.00
  KL   : M=1.444e+02  V=1.492e+02  Dw=2.441e+02  g=4.666e+02  sigma=9.290e+00  total=1.014e+03
  subnet MSE  M=2.075e+00  V=1.425e+01  Dw=4.103e-02  g=2.998e-01
[step   8900]
  train: −ELBO=2.1687e+00  NLL=2.6868e+00  NLL_R=1.0829e+00  NLL_ω=1.6039e+00  MSE_R=3.6156e-01  MSE_ω=5.1171e-01
  test : −ELBO=-6.5008e-01  NLL=2.1050e-01  NLL_R=-4.1098e-01  NLL_ω=6.2148e-01  MSE_R=1.4503e-03  MSE_ω=1.7594e-01
  sigma: σ_R=3.4715e-01  σ_ω=4.1343e-01  β=1.0000e+00
  PL   : train=-6.1683e-01  test=-9.5932e-01  σ_φ̄(train)=1.5787e-05  σ_φ̄(test)=1.2815e-09  σ_obs_ω=5.0000e-01  λ_PL=1.00
  KL   : M=1.440e+02  V=1.481e+02  Dw=2.435e+02  g=4.664e+02  sigma=9.161e+00  total=1.011e+03
  subnet MSE  M=2.076e+00  V=1.410e+01  Dw=4.163e-02  g=3.003e-01
[step   8950]
  train: −ELBO=2.1685e+00  NLL=2.6875e+00  NLL_R=1.0828e+00  NLL_ω=1.6047e+00  MSE_R=3.6154e-01  MSE_ω=5.1197e-01
  test : −ELBO=-6.5698e-01  NLL=2.0409e-01  NLL_R=-4.1152e-01  NLL_ω=6.1562e-01  MSE_R=1.4398e-03  MSE_ω=1.7481e-01
  sigma: σ_R=3.4709e-01  σ_ω=4.1289e-01  β=1.0000e+00
  PL   : train=-6.1752e-01  test=-9.5961e-01  σ_φ̄(train)=1.9063e-05  σ_φ̄(test)=1.5136e-09  σ_obs_ω=5.0000e-01  λ_PL=1.00
  KL   : M=1.433e+02  V=1.471e+02  Dw=2.430e+02  g=4.665e+02  sigma=9.110e+00  total=1.009e+03
  subnet MSE  M=2.076e+00  V=1.412e+01  Dw=4.250e-02  g=3.004e-01
[step   9000]
  train: −ELBO=2.1663e+00  NLL=2.6854e+00  NLL_R=1.0829e+00  NLL_ω=1.6026e+00  MSE_R=3.6155e-01  MSE_ω=5.1125e-01
  test : −ELBO=-6.5464e-01  NLL=2.0688e-01  NLL_R=-4.1120e-01  NLL_ω=6.1809e-01  MSE_R=1.4453e-03  MSE_ω=1.7562e-01
  sigma: σ_R=3.4718e-01  σ_ω=4.1283e-01  β=1.0000e+00
  PL   : train=-6.1745e-01  test=-9.5983e-01  σ_φ̄(train)=1.4649e-05  σ_φ̄(test)=1.8512e-09  σ_obs_ω=5.0000e-01  λ_PL=1.00
  KL   : M=1.427e+02  V=1.461e+02  Dw=2.425e+02  g=4.666e+02  sigma=8.830e+00  total=1.007e+03
  subnet MSE  M=2.080e+00  V=1.414e+01  Dw=4.215e-02  g=3.011e-01
[step   9050]
  train: −ELBO=2.1640e+00  NLL=2.6839e+00  NLL_R=1.0824e+00  NLL_ω=1.6015e+00  MSE_R=3.6144e-01  MSE_ω=5.1088e-01
  test : −ELBO=-6.5395e-01  NLL=2.0756e-01  NLL_R=-4.0791e-01  NLL_ω=6.1547e-01  MSE_R=1.4386e-03  MSE_ω=1.7463e-01
  sigma: σ_R=3.4688e-01  σ_ω=4.1305e-01  β=1.0000e+00
  PL   : train=-6.1802e-01  test=-9.5964e-01  σ_φ̄(train)=1.5415e-05  σ_φ̄(test)=2.0213e-09  σ_obs_ω=5.0000e-01  λ_PL=1.00
  KL   : M=1.423e+02  V=1.452e+02  Dw=2.419e+02  g=4.668e+02  sigma=8.598e+00  total=1.005e+03
  subnet MSE  M=2.077e+00  V=1.413e+01  Dw=4.246e-02  g=3.005e-01
[step   9100]
  train: −ELBO=2.1643e+00  NLL=2.6845e+00  NLL_R=1.0827e+00  NLL_ω=1.6018e+00  MSE_R=3.6151e-01  MSE_ω=5.1098e-01
  test : −ELBO=-6.5972e-01  NLL=2.0137e-01  NLL_R=-4.1515e-01  NLL_ω=6.1652e-01  MSE_R=1.4440e-03  MSE_ω=1.7529e-01
  sigma: σ_R=3.4688e-01  σ_ω=4.1264e-01  β=1.0000e+00
  PL   : train=-6.1819e-01  test=-9.5907e-01  σ_φ̄(train)=1.7955e-05  σ_φ̄(test)=2.0855e-09  σ_obs_ω=5.0000e-01  λ_PL=1.00
  KL   : M=1.419e+02  V=1.442e+02  Dw=2.414e+02  g=4.674e+02  sigma=8.459e+00  total=1.003e+03
  subnet MSE  M=2.078e+00  V=1.414e+01  Dw=4.283e-02  g=3.009e-01
[step   9150]
  train: −ELBO=2.1637e+00  NLL=2.6842e+00  NLL_R=1.0826e+00  NLL_ω=1.6016e+00  MSE_R=3.6149e-01  MSE_ω=5.1091e-01
  test : −ELBO=-6.5184e-01  NLL=2.0948e-01  NLL_R=-4.1081e-01  NLL_ω=6.2029e-01  MSE_R=1.4528e-03  MSE_ω=1.7654e-01
  sigma: σ_R=3.4718e-01  σ_ω=4.1279e-01  β=1.0000e+00
  PL   : train=-6.1834e-01  test=-9.5922e-01  σ_φ̄(train)=6.2987e-06  σ_φ̄(test)=1.5761e-09  σ_obs_ω=5.0000e-01  λ_PL=1.00
  KL   : M=1.415e+02  V=1.433e+02  Dw=2.412e+02  g=4.677e+02  sigma=8.775e+00  total=1.002e+03
  subnet MSE  M=2.080e+00  V=1.420e+01  Dw=4.290e-02  g=3.007e-01
[step   9200]
  train: −ELBO=2.1625e+00  NLL=2.6830e+00  NLL_R=1.0829e+00  NLL_ω=1.6001e+00  MSE_R=3.6156e-01  MSE_ω=5.1041e-01
  test : −ELBO=-6.5553e-01  NLL=2.0620e-01  NLL_R=-4.1106e-01  NLL_ω=6.1727e-01  MSE_R=1.4516e-03  MSE_ω=1.7626e-01
  sigma: σ_R=3.4716e-01  σ_ω=4.1229e-01  β=1.0000e+00
  PL   : train=-6.1832e-01  test=-9.5955e-01  σ_φ̄(train)=1.8317e-05  σ_φ̄(test)=1.5947e-09  σ_obs_ω=5.0000e-01  λ_PL=1.00
  KL   : M=1.414e+02  V=1.424e+02  Dw=2.407e+02  g=4.686e+02  sigma=8.633e+00  total=1.002e+03
  subnet MSE  M=2.082e+00  V=1.420e+01  Dw=4.237e-02  g=3.008e-01
[step   9250]
  train: −ELBO=2.1611e+00  NLL=2.6817e+00  NLL_R=1.0824e+00  NLL_ω=1.5993e+00  MSE_R=3.6144e-01  MSE_ω=5.1015e-01
  test : −ELBO=-6.5444e-01  NLL=2.0723e-01  NLL_R=-4.1190e-01  NLL_ω=6.1913e-01  MSE_R=1.4520e-03  MSE_ω=1.7639e-01
  sigma: σ_R=3.4708e-01  σ_ω=4.1258e-01  β=1.0000e+00
  PL   : train=-6.1834e-01  test=-9.5936e-01  σ_φ̄(train)=1.3846e-05  σ_φ̄(test)=1.6850e-09  σ_obs_ω=5.0000e-01  λ_PL=1.00
  KL   : M=1.412e+02  V=1.416e+02  Dw=2.404e+02  g=4.688e+02  sigma=8.393e+00  total=1.000e+03
  subnet MSE  M=2.080e+00  V=1.413e+01  Dw=4.256e-02  g=3.006e-01
[step   9300]
  train: −ELBO=2.1604e+00  NLL=2.6812e+00  NLL_R=1.0830e+00  NLL_ω=1.5982e+00  MSE_R=3.6158e-01  MSE_ω=5.0978e-01
  test : −ELBO=-6.4620e-01  NLL=2.1466e-01  NLL_R=-4.1099e-01  NLL_ω=6.2565e-01  MSE_R=1.4743e-03  MSE_ω=1.7909e-01
  sigma: σ_R=3.4716e-01  σ_ω=4.1232e-01  β=1.0000e+00
  PL   : train=-6.1855e-01  test=-9.5855e-01  σ_φ̄(train)=4.1253e-05  σ_φ̄(test)=1.5992e-09  σ_obs_ω=5.0000e-01  λ_PL=1.00
  KL   : M=1.411e+02  V=1.410e+02  Dw=2.403e+02  g=4.695e+02  sigma=8.418e+00  total=1.000e+03
  subnet MSE  M=2.085e+00  V=1.414e+01  Dw=4.291e-02  g=3.006e-01
[step   9350]
  train: −ELBO=2.1628e+00  NLL=2.6835e+00  NLL_R=1.0829e+00  NLL_ω=1.6005e+00  MSE_R=3.6157e-01  MSE_ω=5.1056e-01
  test : −ELBO=-6.4329e-01  NLL=2.1641e-01  NLL_R=-4.1107e-01  NLL_ω=6.2747e-01  MSE_R=1.4838e-03  MSE_ω=1.8014e-01
  sigma: σ_R=3.4713e-01  σ_ω=4.1217e-01  β=1.0000e+00
  PL   : train=-6.1835e-01  test=-9.5738e-01  σ_φ̄(train)=1.0382e-05  σ_φ̄(test)=1.4560e-09  σ_obs_ω=5.0000e-01  λ_PL=1.00
  KL   : M=1.410e+02  V=1.405e+02  Dw=2.401e+02  g=4.700e+02  sigma=8.697e+00  total=1.000e+03
  subnet MSE  M=2.084e+00  V=1.416e+01  Dw=4.334e-02  g=2.997e-01
[step   9400]
  train: −ELBO=2.1597e+00  NLL=2.6808e+00  NLL_R=1.0829e+00  NLL_ω=1.5979e+00  MSE_R=3.6156e-01  MSE_ω=5.0967e-01
  test : −ELBO=-6.5258e-01  NLL=2.0865e-01  NLL_R=-4.1089e-01  NLL_ω=6.1954e-01  MSE_R=1.4631e-03  MSE_ω=1.7768e-01
  sigma: σ_R=3.4718e-01  σ_ω=4.1194e-01  β=1.0000e+00
  PL   : train=-6.1875e-01  test=-9.5889e-01  σ_φ̄(train)=2.0525e-05  σ_φ̄(test)=1.5825e-09  σ_obs_ω=5.0000e-01  λ_PL=1.00
  KL   : M=1.409e+02  V=1.397e+02  Dw=2.399e+02  g=4.711e+02  sigma=8.541e+00  total=1.000e+03
  subnet MSE  M=2.082e+00  V=1.412e+01  Dw=4.327e-02  g=3.007e-01
[step   9450]
  train: −ELBO=2.1568e+00  NLL=2.6782e+00  NLL_R=1.0828e+00  NLL_ω=1.5954e+00  MSE_R=3.6153e-01  MSE_ω=5.0882e-01
  test : −ELBO=-6.5061e-01  NLL=2.1002e-01  NLL_R=-4.1125e-01  NLL_ω=6.2127e-01  MSE_R=1.4654e-03  MSE_ω=1.7790e-01
  sigma: σ_R=3.4714e-01  σ_ω=4.1210e-01  β=1.0000e+00
  PL   : train=-6.1910e-01  test=-9.5832e-01  σ_φ̄(train)=2.1334e-05  σ_φ̄(test)=1.4784e-09  σ_obs_ω=5.0000e-01  λ_PL=1.00
  KL   : M=1.408e+02  V=1.392e+02  Dw=2.398e+02  g=4.719e+02  sigma=8.535e+00  total=1.000e+03
  subnet MSE  M=2.084e+00  V=1.409e+01  Dw=4.306e-02  g=3.009e-01
[step   9500]
  train: −ELBO=2.1549e+00  NLL=2.6765e+00  NLL_R=1.0826e+00  NLL_ω=1.5939e+00  MSE_R=3.6148e-01  MSE_ω=5.0831e-01
  test : −ELBO=-6.5576e-01  NLL=2.0520e-01  NLL_R=-4.1147e-01  NLL_ω=6.1667e-01  MSE_R=1.4635e-03  MSE_ω=1.7768e-01
  sigma: σ_R=3.4710e-01  σ_ω=4.1127e-01  β=1.0000e+00
  PL   : train=-6.1932e-01  test=-9.5872e-01  σ_φ̄(train)=9.0172e-06  σ_φ̄(test)=1.1556e-09  σ_obs_ω=5.0000e-01  λ_PL=1.00
  KL   : M=1.407e+02  V=1.384e+02  Dw=2.399e+02  g=4.732e+02  sigma=8.875e+00  total=1.001e+03
  subnet MSE  M=2.084e+00  V=1.410e+01  Dw=4.375e-02  g=3.007e-01
[step   9550]
  train: −ELBO=2.1558e+00  NLL=2.6774e+00  NLL_R=1.0829e+00  NLL_ω=1.5945e+00  MSE_R=3.6157e-01  MSE_ω=5.0850e-01
  test : −ELBO=-6.5094e-01  NLL=2.0870e-01  NLL_R=-4.1018e-01  NLL_ω=6.1889e-01  MSE_R=1.4668e-03  MSE_ω=1.7818e-01
  sigma: σ_R=3.4725e-01  σ_ω=4.1144e-01  β=1.0000e+00
  PL   : train=-6.1942e-01  test=-9.5742e-01  σ_φ̄(train)=3.0602e-05  σ_φ̄(test)=1.4003e-09  σ_obs_ω=5.0000e-01  λ_PL=1.00
  KL   : M=1.404e+02  V=1.377e+02  Dw=2.398e+02  g=4.743e+02  sigma=9.049e+00  total=1.001e+03
  subnet MSE  M=2.084e+00  V=1.412e+01  Dw=4.193e-02  g=3.015e-01
[step   9600]
  train: −ELBO=2.1532e+00  NLL=2.6752e+00  NLL_R=1.0832e+00  NLL_ω=1.5920e+00  MSE_R=3.6163e-01  MSE_ω=5.0765e-01
  test : −ELBO=-6.4056e-01  NLL=2.1938e-01  NLL_R=-4.1053e-01  NLL_ω=6.2991e-01  MSE_R=1.4921e-03  MSE_ω=1.8136e-01
  sigma: σ_R=3.4720e-01  σ_ω=4.1188e-01  β=1.0000e+00
  PL   : train=-6.1976e-01  test=-9.5778e-01  σ_φ̄(train)=1.2553e-05  σ_φ̄(test)=2.0908e-09  σ_obs_ω=5.0000e-01  λ_PL=1.00
  KL   : M=1.405e+02  V=1.371e+02  Dw=2.399e+02  g=4.755e+02  sigma=8.802e+00  total=1.002e+03
  subnet MSE  M=2.085e+00  V=1.410e+01  Dw=4.314e-02  g=3.006e-01
[step   9650]
  train: −ELBO=2.1547e+00  NLL=2.6765e+00  NLL_R=1.0832e+00  NLL_ω=1.5933e+00  MSE_R=3.6162e-01  MSE_ω=5.0811e-01
  test : −ELBO=-6.3719e-01  NLL=2.2240e-01  NLL_R=-4.1012e-01  NLL_ω=6.3252e-01  MSE_R=1.5059e-03  MSE_ω=1.8292e-01
  sigma: σ_R=3.4723e-01  σ_ω=4.1145e-01  β=1.0000e+00
  PL   : train=-6.1969e-01  test=-9.5751e-01  σ_φ̄(train)=9.8743e-05  σ_φ̄(test)=2.4313e-09  σ_obs_ω=5.0000e-01  λ_PL=1.00
  KL   : M=1.406e+02  V=1.363e+02  Dw=2.400e+02  g=4.771e+02  sigma=8.650e+00  total=1.003e+03
  subnet MSE  M=2.084e+00  V=1.418e+01  Dw=4.337e-02  g=3.002e-01
[step   9700]
  train: −ELBO=2.1509e+00  NLL=2.6726e+00  NLL_R=1.0832e+00  NLL_ω=1.5894e+00  MSE_R=3.6163e-01  MSE_ω=5.0677e-01
  test : −ELBO=-6.3681e-01  NLL=2.2256e-01  NLL_R=-4.1055e-01  NLL_ω=6.3311e-01  MSE_R=1.5069e-03  MSE_ω=1.8306e-01
  sigma: σ_R=3.4718e-01  σ_ω=4.1147e-01  β=1.0000e+00
  PL   : train=-6.1971e-01  test=-9.5739e-01  σ_φ̄(train)=1.2645e-05  σ_φ̄(test)=2.4017e-09  σ_obs_ω=5.0000e-01  λ_PL=1.00
  KL   : M=1.405e+02  V=1.356e+02  Dw=2.402e+02  g=4.786e+02  sigma=8.760e+00  total=1.004e+03
  subnet MSE  M=2.086e+00  V=1.420e+01  Dw=4.296e-02  g=3.002e-01
[step   9750]
  train: −ELBO=2.1511e+00  NLL=2.6730e+00  NLL_R=1.0832e+00  NLL_ω=1.5898e+00  MSE_R=3.6164e-01  MSE_ω=5.0692e-01
  test : −ELBO=-6.2799e-01  NLL=2.1965e-01  NLL_R=-4.1022e-01  NLL_ω=6.2988e-01  MSE_R=1.5011e-03  MSE_ω=1.8214e-01
  sigma: σ_R=3.4722e-01  σ_ω=4.1128e-01  β=1.0000e+00
  PL   : train=-6.2010e-01  test=-9.4584e-01  σ_φ̄(train)=5.2584e-06  σ_φ̄(test)=2.7741e-09  σ_obs_ω=5.0000e-01  λ_PL=1.00
  KL   : M=1.406e+02  V=1.352e+02  Dw=2.405e+02  g=4.798e+02  sigma=9.405e+00  total=1.006e+03
  subnet MSE  M=2.087e+00  V=1.412e+01  Dw=4.400e-02  g=3.007e-01
[step   9800]
  train: −ELBO=2.1538e+00  NLL=2.6751e+00  NLL_R=1.0830e+00  NLL_ω=1.5922e+00  MSE_R=3.6158e-01  MSE_ω=5.0772e-01
  test : −ELBO=-6.4280e-01  NLL=2.1665e-01  NLL_R=-4.1085e-01  NLL_ω=6.2749e-01  MSE_R=1.4969e-03  MSE_ω=1.8179e-01
  sigma: σ_R=3.4716e-01  σ_ω=4.1092e-01  β=1.0000e+00
  PL   : train=-6.1962e-01  test=-9.5779e-01  σ_φ̄(train)=6.3583e-06  σ_φ̄(test)=3.2786e-09  σ_obs_ω=5.0000e-01  λ_PL=1.00
  KL   : M=1.408e+02  V=1.347e+02  Dw=2.407e+02  g=4.815e+02  sigma=9.227e+00  total=1.007e+03
  subnet MSE  M=2.085e+00  V=1.423e+01  Dw=4.366e-02  g=3.007e-01
[step   9850]
  train: −ELBO=2.1485e+00  NLL=2.6702e+00  NLL_R=1.0829e+00  NLL_ω=1.5873e+00  MSE_R=3.6156e-01  MSE_ω=5.0607e-01
  test : −ELBO=-6.4425e-01  NLL=2.1504e-01  NLL_R=-4.1069e-01  NLL_ω=6.2573e-01  MSE_R=1.4935e-03  MSE_ω=1.8143e-01
  sigma: σ_R=3.4717e-01  σ_ω=4.1089e-01  β=1.0000e+00
  PL   : train=-6.2015e-01  test=-9.5775e-01  σ_φ̄(train)=3.1515e-05  σ_φ̄(test)=4.0022e-09  σ_obs_ω=5.0000e-01  λ_PL=1.00
  KL   : M=1.410e+02  V=1.342e+02  Dw=2.409e+02  g=4.832e+02  sigma=8.904e+00  total=1.008e+03
  subnet MSE  M=2.090e+00  V=1.421e+01  Dw=4.402e-02  g=3.004e-01
[step   9900]
  train: −ELBO=2.1492e+00  NLL=2.6708e+00  NLL_R=1.0829e+00  NLL_ω=1.5879e+00  MSE_R=3.6156e-01  MSE_ω=5.0630e-01
  test : −ELBO=-6.4054e-01  NLL=2.1814e-01  NLL_R=-4.1118e-01  NLL_ω=6.2932e-01  MSE_R=1.5024e-03  MSE_ω=1.8250e-01
  sigma: σ_R=3.4711e-01  σ_ω=4.1103e-01  β=1.0000e+00
  PL   : train=-6.2015e-01  test=-9.5723e-01  σ_φ̄(train)=1.2886e-05  σ_φ̄(test)=4.3640e-09  σ_obs_ω=5.0000e-01  λ_PL=1.00
  KL   : M=1.413e+02  V=1.338e+02  Dw=2.411e+02  g=4.843e+02  sigma=8.696e+00  total=1.009e+03
  subnet MSE  M=2.089e+00  V=1.417e+01  Dw=4.357e-02  g=3.002e-01
[step   9950]
  train: −ELBO=2.1471e+00  NLL=2.6690e+00  NLL_R=1.0829e+00  NLL_ω=1.5861e+00  MSE_R=3.6156e-01  MSE_ω=5.0567e-01
  test : −ELBO=-6.3641e-01  NLL=2.2135e-01  NLL_R=-4.1131e-01  NLL_ω=6.3266e-01  MSE_R=1.5152e-03  MSE_ω=1.8405e-01
  sigma: σ_R=3.4712e-01  σ_ω=4.1071e-01  β=1.0000e+00
  PL   : train=-6.2066e-01  test=-9.5651e-01  σ_φ̄(train)=1.1667e-05  σ_φ̄(test)=4.5020e-09  σ_obs_ω=5.0000e-01  λ_PL=1.00
  KL   : M=1.414e+02  V=1.332e+02  Dw=2.416e+02  g=4.861e+02  sigma=8.792e+00  total=1.011e+03
  subnet MSE  M=2.089e+00  V=1.415e+01  Dw=4.415e-02  g=3.003e-01
[step  10000]
  train: −ELBO=2.1452e+00  NLL=2.6671e+00  NLL_R=1.0829e+00  NLL_ω=1.5842e+00  MSE_R=3.6155e-01  MSE_ω=5.0504e-01
  test : −ELBO=-6.3315e-01  NLL=2.2350e-01  NLL_R=-4.1074e-01  NLL_ω=6.3424e-01  MSE_R=1.5225e-03  MSE_ω=1.8473e-01
  sigma: σ_R=3.4718e-01  σ_ω=4.1077e-01  β=1.0000e+00
  PL   : train=-6.2084e-01  test=-9.5558e-01  σ_φ̄(train)=1.2158e-05  σ_φ̄(test)=4.1259e-09  σ_obs_ω=5.0000e-01  λ_PL=1.00
  KL   : M=1.416e+02  V=1.327e+02  Dw=2.418e+02  g=4.880e+02  sigma=8.889e+00  total=1.013e+03
  subnet MSE  M=2.092e+00  V=1.408e+01  Dw=4.434e-02  g=2.997e-01

Final per-trajectory eval ...
Final trajectory train loss 1.3182e+02 +/- 7.5914e+01
Final trajectory test loss  1.0501e+02 +/- 6.8764e+01
Final trajectory train l2 loss 1.2365e+02 +/- 7.3617e+01
Final trajectory test l2 loss  1.0360e+02 +/- 6.8462e+01
Final trajectory train geo loss 8.1771e+00 +/- 5.4970e+00
Final trajectory test geo loss  1.4074e+00 +/- 1.2340e+00
Saved final stats:  /mnt/data/thribhuvan/Projects/stochastic_port_hamiltonian/Final/SPHNP v2/src/models/3D_SO3_Windy_Pendulum/ph_gp_sde/data/run_wp3d_jax/obs0p25_fric0p5_wind0p5_ext0-sine_lr0p001_s10000_np5_smp64_T20_seed0_randu7_G0p5-0p7-0p1_260612-005004/wp3d-so3hamGPSDE-5p-stats.pkl
