Run dir : /mnt/data/thribhuvan/Projects/stochastic_port_hamiltonian/Final/SPHNP v2/src/models/3D_SO3_Windy_Pendulum/ph_gp_sde/data/run_wp3d_jax/obs0p05_fric0p5_wind0p5_ext0-sine_lr0p001_s10000_np5_smp64_T20_seed0_randu7_G0p5-0p7-0p1_260611-205402
model contains 11582 parameters
Loaded data from /mnt/data/thribhuvan/Projects/stochastic_port_hamiltonian/Final/SPHNP v2/datasets/data/windy_pendulum_3d/wp3d_dataset_extforce-sine-std0p0_fric0p5_var_fricFalse_obs_noise0p05_wind_force0p5_random_uTrue_uScale7p0_G_0p5_0p7_0p1_steps20.pkl
  dt = 0.0500  h = 0.0050  n_outer (per window) = 4  n_substeps = 10
  train batch B = 2560, test batch B = 2560, T_obs = 5, N (= B·(T−1)) = 10240

Pretraining M_net for 200 steps (lr=0.001, target = 1.000·I₃)
  using 12800 q samples drawn from training data
  pretrain step    0: loss=2.049e+00
  pretrain step   20: loss=1.923e+00
  pretrain step   40: loss=1.788e+00
  pretrain step   60: loss=1.648e+00
  pretrain step   80: loss=1.508e+00
  pretrain step  100: loss=1.375e+00
  pretrain step  120: loss=1.249e+00
  pretrain step  140: loss=1.132e+00
  pretrain step  160: loss=1.024e+00
  pretrain step  180: loss=9.257e-01
  pretrain step  199: loss=8.411e-01
  pretrain done. initial loss=2.049e+00  final loss=8.411e-01  max|M(q₀) − target|=2.006e+00
[step      0]
  train: −ELBO=9.5618e+01  NLL=9.6274e+01  NLL_R=-2.5828e+00  NLL_ω=9.8857e+01  MSE_R=3.1362e-02  MSE_ω=2.0602e+00
  test : −ELBO=8.1992e+01  NLL=8.2011e+01  NLL_R=-3.4195e+00  NLL_ω=8.5431e+01  MSE_R=1.4598e-02  MSE_ω=1.7952e+00
  sigma: σ_R=1.0000e-01  σ_ω=1.0000e-01  β=0.0000e+00
  PL   : train=-6.5635e-01  test=-7.6586e-01  σ_φ̄(train)=6.9966e-01  σ_φ̄(test)=6.9182e-01  σ_obs_ω=5.0000e-01  λ_PL=1.00
  KL   : M=2.003e+03  V=3.320e+02  Dw=1.992e+03  g=2.988e+03  sigma=3.320e+02  total=7.647e+03
  subnet MSE  M=8.708e-01  V=2.709e+01  Dw=6.554e-03  g=3.300e-01
[step     50]
  train: −ELBO=5.8538e+01  NLL=5.9243e+01  NLL_R=-2.8537e+00  NLL_ω=6.2097e+01  MSE_R=2.6104e-02  MSE_ω=1.4440e+00
  test : −ELBO=5.0232e+01  NLL=5.0292e+01  NLL_R=-3.6949e+00  NLL_ω=5.3987e+01  MSE_R=1.0131e-02  MSE_ω=1.2696e+00
  sigma: σ_R=9.7584e-02  σ_ω=1.0450e-01  β=5.0000e-02
  PL   : train=-7.4265e-01  test=-8.0916e-01  σ_φ̄(train)=5.4937e-01  σ_φ̄(test)=5.3945e-01  σ_obs_ω=5.0000e-01  λ_PL=1.00
  KL   : M=2.011e+03  V=3.341e+02  Dw=1.996e+03  g=3.000e+03  sigma=3.335e+02  total=7.674e+03
  subnet MSE  M=4.685e-01  V=2.684e+01  Dw=1.048e-02  g=2.970e-01
[step    100]
  train: −ELBO=3.6843e+01  NLL=3.7572e+01  NLL_R=-3.0467e+00  NLL_ω=4.0618e+01  MSE_R=2.2931e-02  MSE_ω=1.0656e+00
  test : −ELBO=3.1617e+01  NLL=3.1717e+01  NLL_R=-3.9646e+00  NLL_ω=3.5682e+01  MSE_R=7.4586e-03  MSE_ω=9.4855e-01
  sigma: σ_R=9.1909e-02  σ_ω=1.0942e-01  β=1.0000e-01
  PL   : train=-8.0433e-01  test=-8.5262e-01  σ_φ̄(train)=3.3965e-01  σ_φ̄(test)=3.3264e-01  σ_obs_ω=5.0000e-01  λ_PL=1.00
  KL   : M=2.022e+03  V=3.358e+02  Dw=1.999e+03  g=3.009e+03  sigma=3.355e+02  total=7.702e+03
  subnet MSE  M=3.324e-01  V=2.636e+01  Dw=2.253e-02  g=2.765e-01
[step    150]
  train: −ELBO=2.7207e+01  NLL=2.7931e+01  NLL_R=-3.1442e+00  NLL_ω=3.1075e+01  MSE_R=2.1537e-02  MSE_ω=8.9112e-01
  test : −ELBO=2.3913e+01  NLL=2.4032e+01  NLL_R=-4.1272e+00  NLL_ω=2.8159e+01  MSE_R=6.3733e-03  MSE_ω=8.1742e-01
  sigma: σ_R=8.7891e-02  σ_ω=1.1306e-01  β=1.5000e-01
  PL   : train=-8.3631e-01  test=-8.7345e-01  σ_φ̄(train)=2.0841e-01  σ_φ̄(test)=2.0304e-01  σ_obs_ω=5.0000e-01  λ_PL=1.00
  KL   : M=2.028e+03  V=3.375e+02  Dw=2.002e+03  g=3.014e+03  sigma=3.370e+02  total=7.719e+03
  subnet MSE  M=4.189e-01  V=2.560e+01  Dw=3.649e-02  g=2.801e-01
[step    200]
  train: −ELBO=2.0826e+01  NLL=2.1534e+01  NLL_R=-3.2191e+00  NLL_ω=2.4753e+01  MSE_R=2.0516e-02  MSE_ω=7.7170e-01
  test : −ELBO=1.8489e+01  NLL=1.8622e+01  NLL_R=-4.2572e+00  NLL_ω=2.2879e+01  MSE_R=5.6141e-03  MSE_ω=7.2170e-01
  sigma: σ_R=8.4779e-02  σ_ω=1.1647e-01  β=2.0000e-01
  PL   : train=-8.5876e-01  test=-8.8874e-01  σ_φ̄(train)=1.3815e-01  σ_φ̄(test)=1.3331e-01  σ_obs_ω=5.0000e-01  λ_PL=1.00
  KL   : M=2.032e+03  V=3.393e+02  Dw=2.006e+03  g=3.018e+03  sigma=3.379e+02  total=7.733e+03
  subnet MSE  M=5.531e-01  V=2.454e+01  Dw=4.663e-02  g=2.819e-01
[step    250]
  train: −ELBO=1.6480e+01  NLL=1.7165e+01  NLL_R=-3.2723e+00  NLL_ω=2.0438e+01  MSE_R=1.9813e-02  MSE_ω=6.8488e-01
  test : −ELBO=1.4200e+01  NLL=1.4345e+01  NLL_R=-4.3585e+00  NLL_ω=1.8704e+01  MSE_R=4.9485e-03  MSE_ω=6.3623e-01
  sigma: σ_R=8.2764e-02  σ_ω=1.1930e-01  β=2.5000e-01
  PL   : train=-8.7425e-01  test=-9.0173e-01  σ_φ̄(train)=1.0085e-01  σ_φ̄(test)=9.6318e-02  σ_obs_ω=5.0000e-01  λ_PL=1.00
  KL   : M=2.035e+03  V=3.408e+02  Dw=2.008e+03  g=3.020e+03  sigma=3.386e+02  total=7.742e+03
  subnet MSE  M=7.166e-01  V=2.336e+01  Dw=4.874e-02  g=2.901e-01
[step    300]
  train: −ELBO=1.3445e+01  NLL=1.4101e+01  NLL_R=-3.3108e+00  NLL_ω=1.7412e+01  MSE_R=1.9317e-02  MSE_ω=6.2168e-01
  test : −ELBO=1.1081e+01  NLL=1.1235e+01  NLL_R=-4.4370e+00  NLL_ω=1.5672e+01  MSE_R=4.4471e-03  MSE_ω=5.7049e-01
  sigma: σ_R=8.1275e-02  σ_ω=1.2174e-01  β=3.0000e-01
  PL   : train=-8.8291e-01  test=-9.1059e-01  σ_φ̄(train)=7.3839e-02  σ_φ̄(test)=6.9409e-02  σ_obs_ω=5.0000e-01  λ_PL=1.00
  KL   : M=2.036e+03  V=3.425e+02  Dw=2.010e+03  g=3.021e+03  sigma=3.390e+02  total=7.748e+03
  subnet MSE  M=8.070e-01  V=2.224e+01  Dw=5.232e-02  g=2.924e-01
[step    350]
  train: −ELBO=1.1295e+01  NLL=1.1920e+01  NLL_R=-3.3372e+00  NLL_ω=1.5258e+01  MSE_R=1.8983e-02  MSE_ω=5.7751e-01
  test : −ELBO=8.7863e+00  NLL=8.9467e+00  NLL_R=-4.4974e+00  NLL_ω=1.3444e+01  MSE_R=4.0793e-03  MSE_ω=5.2203e-01
  sigma: σ_R=8.0163e-02  σ_ω=1.2406e-01  β=3.5000e-01
  PL   : train=-8.9095e-01  test=-9.1745e-01  σ_φ̄(train)=6.3718e-02  σ_φ̄(test)=6.0116e-02  σ_obs_ω=5.0000e-01  λ_PL=1.00
  KL   : M=2.037e+03  V=3.438e+02  Dw=2.011e+03  g=3.022e+03  sigma=3.393e+02  total=7.753e+03
  subnet MSE  M=8.999e-01  V=2.123e+01  Dw=4.676e-02  g=2.966e-01
[step    400]
  train: −ELBO=9.6912e+00  NLL=1.0280e+01  NLL_R=-3.3608e+00  NLL_ω=1.3641e+01  MSE_R=1.8688e-02  MSE_ω=5.4641e-01
  test : −ELBO=6.8446e+00  NLL=7.0075e+00  NLL_R=-4.5466e+00  NLL_ω=1.1554e+01  MSE_R=3.7687e-03  MSE_ω=4.8005e-01
  sigma: σ_R=7.9330e-02  σ_ω=1.2644e-01  β=4.0000e-01
  PL   : train=-8.9196e-01  test=-9.2031e-01  σ_φ̄(train)=5.7649e-02  σ_φ̄(test)=5.4495e-02  σ_obs_ω=5.0000e-01  λ_PL=1.00
  KL   : M=2.037e+03  V=3.448e+02  Dw=2.012e+03  g=3.023e+03  sigma=3.395e+02  total=7.756e+03
  subnet MSE  M=1.014e+00  V=2.008e+01  Dw=4.449e-02  g=2.903e-01
[step    450]
  train: −ELBO=8.4253e+00  NLL=8.9788e+00  NLL_R=-3.3784e+00  NLL_ω=1.2357e+01  MSE_R=1.8471e-02  MSE_ω=5.2013e-01
  test : −ELBO=6.0473e+00  NLL=6.2095e+00  NLL_R=-4.5700e+00  NLL_ω=1.0779e+01  MSE_R=3.6757e-03  MSE_ω=4.6830e-01
  sigma: σ_R=7.8803e-02  σ_ω=1.2847e-01  β=4.5000e-01
  PL   : train=-8.9450e-01  test=-9.2006e-01  σ_φ̄(train)=4.9888e-02  σ_φ̄(test)=4.6835e-02  σ_obs_ω=5.0000e-01  λ_PL=1.00
  KL   : M=2.038e+03  V=3.458e+02  Dw=2.012e+03  g=3.024e+03  sigma=3.396e+02  total=7.760e+03
  subnet MSE  M=1.015e+00  V=1.970e+01  Dw=4.562e-02  g=2.857e-01
[step    500]
  train: −ELBO=7.3949e+00  NLL=7.9097e+00  NLL_R=-3.3888e+00  NLL_ω=1.1298e+01  MSE_R=1.8344e-02  MSE_ω=5.0187e-01
  test : −ELBO=5.1465e+00  NLL=5.3059e+00  NLL_R=-4.5945e+00  NLL_ω=9.9005e+00  MSE_R=3.5774e-03  MSE_ω=4.5423e-01
  sigma: σ_R=7.8257e-02  σ_ω=1.3092e-01  β=5.0000e-01
  PL   : train=-8.9386e-01  test=-9.1762e-01  σ_φ̄(train)=4.4617e-02  σ_φ̄(test)=4.1473e-02  σ_obs_ω=5.0000e-01  λ_PL=1.00
  KL   : M=2.038e+03  V=3.466e+02  Dw=2.014e+03  g=3.025e+03  sigma=3.399e+02  total=7.763e+03
  subnet MSE  M=1.066e+00  V=1.918e+01  Dw=4.367e-02  g=2.793e-01
[step    550]
  train: −ELBO=6.2858e+00  NLL=6.7648e+00  NLL_R=-3.4046e+00  NLL_ω=1.0169e+01  MSE_R=1.8152e-02  MSE_ω=4.8064e-01
  test : −ELBO=3.9345e+00  NLL=4.0973e+00  NLL_R=-4.6203e+00  NLL_ω=8.7176e+00  MSE_R=3.3897e-03  MSE_ω=4.2899e-01
  sigma: σ_R=7.7924e-02  σ_ω=1.3367e-01  β=5.5000e-01
  PL   : train=-8.9618e-01  test=-9.2126e-01  σ_φ̄(train)=3.8932e-02  σ_φ̄(test)=3.5937e-02  σ_obs_ω=5.0000e-01  λ_PL=1.00
  KL   : M=2.039e+03  V=3.473e+02  Dw=2.015e+03  g=3.025e+03  sigma=3.400e+02  total=7.767e+03
  subnet MSE  M=1.072e+00  V=1.855e+01  Dw=4.240e-02  g=2.800e-01
[step    600]
  train: −ELBO=5.7678e+00  NLL=6.2145e+00  NLL_R=-3.4095e+00  NLL_ω=9.6240e+00  MSE_R=1.8093e-02  MSE_ω=4.7324e-01
  test : −ELBO=3.3891e+00  NLL=3.5570e+00  NLL_R=-4.6298e+00  NLL_ω=8.1868e+00  MSE_R=3.3227e-03  MSE_ω=4.2067e-01
  sigma: σ_R=7.7798e-02  σ_ω=1.3564e-01  β=6.0000e-01
  PL   : train=-9.0188e-01  test=-9.2651e-01  σ_φ̄(train)=3.5366e-02  σ_φ̄(test)=3.2684e-02  σ_obs_ω=5.0000e-01  λ_PL=1.00
  KL   : M=2.040e+03  V=3.476e+02  Dw=2.015e+03  g=3.026e+03  sigma=3.401e+02  total=7.768e+03
  subnet MSE  M=1.093e+00  V=1.844e+01  Dw=4.066e-02  g=2.883e-01
[step    650]
  train: −ELBO=5.1595e+00  NLL=5.5705e+00  NLL_R=-3.4151e+00  NLL_ω=8.9856e+00  MSE_R=1.8025e-02  MSE_ω=4.6459e-01
  test : −ELBO=2.7999e+00  NLL=2.9691e+00  NLL_R=-4.6416e+00  NLL_ω=7.6108e+00  MSE_R=3.2587e-03  MSE_ω=4.1235e-01
  sigma: σ_R=7.7588e-02  σ_ω=1.3818e-01  β=6.5000e-01
  PL   : train=-9.0421e-01  test=-9.2806e-01  σ_φ̄(train)=3.0509e-02  σ_φ̄(test)=2.8165e-02  σ_obs_ω=5.0000e-01  λ_PL=1.00
  KL   : M=2.040e+03  V=3.485e+02  Dw=2.016e+03  g=3.026e+03  sigma=3.402e+02  total=7.771e+03
  subnet MSE  M=1.047e+00  V=1.825e+01  Dw=4.271e-02  g=2.925e-01
[step    700]
  train: −ELBO=4.5851e+00  NLL=4.9604e+00  NLL_R=-3.4216e+00  NLL_ω=8.3820e+00  MSE_R=1.7947e-02  MSE_ω=4.5810e-01
  test : −ELBO=2.1340e+00  NLL=2.3056e+00  NLL_R=-4.6532e+00  NLL_ω=6.9588e+00  MSE_R=3.1837e-03  MSE_ω=4.0183e-01
  sigma: σ_R=7.7421e-02  σ_ω=1.4113e-01  β=7.0000e-01
  PL   : train=-9.0668e-01  test=-9.3075e-01  σ_φ̄(train)=2.7854e-02  σ_φ̄(test)=2.5755e-02  σ_obs_ω=5.0000e-01  λ_PL=1.00
  KL   : M=2.040e+03  V=3.494e+02  Dw=2.016e+03  g=3.027e+03  sigma=3.404e+02  total=7.773e+03
  subnet MSE  M=1.067e+00  V=1.794e+01  Dw=4.204e-02  g=2.950e-01
[step    750]
  train: −ELBO=3.6086e+00  NLL=3.9504e+00  NLL_R=-3.4352e+00  NLL_ω=7.3857e+00  MSE_R=1.7785e-02  MSE_ω=4.3504e-01
  test : −ELBO=1.2648e+00  NLL=1.4397e+00  NLL_R=-4.6777e+00  NLL_ω=6.1173e+00  MSE_R=3.0289e-03  MSE_ω=3.8245e-01
  sigma: σ_R=7.7069e-02  σ_ω=1.4438e-01  β=7.5000e-01
  PL   : train=-9.1131e-01  test=-9.3416e-01  σ_φ̄(train)=2.5690e-02  σ_φ̄(test)=2.3779e-02  σ_obs_ω=5.0000e-01  λ_PL=1.00
  KL   : M=2.041e+03  V=3.502e+02  Dw=2.017e+03  g=3.027e+03  sigma=3.405e+02  total=7.775e+03
  subnet MSE  M=1.052e+00  V=1.783e+01  Dw=4.320e-02  g=2.960e-01
[step    800]
  train: −ELBO=2.8841e+00  NLL=3.1903e+00  NLL_R=-3.4485e+00  NLL_ω=6.6389e+00  MSE_R=1.7627e-02  MSE_ω=4.1779e-01
  test : −ELBO=5.7384e-01  NLL=7.4999e-01  NLL_R=-4.6981e+00  NLL_ω=5.4481e+00  MSE_R=2.9053e-03  MSE_ω=3.6639e-01
  sigma: σ_R=7.6759e-02  σ_ω=1.4730e-01  β=8.0000e-01
  PL   : train=-9.1376e-01  test=-9.3558e-01  σ_φ̄(train)=2.1588e-02  σ_φ̄(test)=1.9869e-02  σ_obs_ω=5.0000e-01  λ_PL=1.00
  KL   : M=2.041e+03  V=3.509e+02  Dw=2.017e+03  g=3.027e+03  sigma=3.406e+02  total=7.777e+03
  subnet MSE  M=1.062e+00  V=1.752e+01  Dw=4.736e-02  g=2.939e-01
[step    850]
  train: −ELBO=2.2998e+00  NLL=2.5692e+00  NLL_R=-3.4563e+00  NLL_ω=6.0255e+00  MSE_R=1.7536e-02  MSE_ω=4.0549e-01
  test : −ELBO=-1.8015e-02  NLL=1.5937e-01  NLL_R=-4.7128e+00  NLL_ω=4.8722e+00  MSE_R=2.8031e-03  MSE_ω=3.5344e-01
  sigma: σ_R=7.6574e-02  σ_ω=1.5051e-01  β=8.5000e-01
  PL   : train=-9.1492e-01  test=-9.3691e-01  σ_φ̄(train)=2.1486e-02  σ_φ̄(test)=1.9780e-02  σ_obs_ω=5.0000e-01  λ_PL=1.00
  KL   : M=2.041e+03  V=3.513e+02  Dw=2.017e+03  g=3.028e+03  sigma=3.406e+02  total=7.778e+03
  subnet MSE  M=1.036e+00  V=1.729e+01  Dw=5.221e-02  g=2.934e-01
[step    900]
  train: −ELBO=1.7657e+00  NLL=2.0008e+00  NLL_R=-3.4648e+00  NLL_ω=5.4657e+00  MSE_R=1.7437e-02  MSE_ω=3.9508e-01
  test : −ELBO=-5.0677e-01  NLL=-3.2577e-01  NLL_R=-4.7282e+00  NLL_ω=4.4025e+00  MSE_R=2.7363e-03  MSE_ω=3.4485e-01
  sigma: σ_R=7.6279e-02  σ_ω=1.5409e-01  β=9.0000e-01
  PL   : train=-9.1867e-01  test=-9.4049e-01  σ_φ̄(train)=1.9604e-02  σ_φ̄(test)=1.8078e-02  σ_obs_ω=5.0000e-01  λ_PL=1.00
  KL   : M=2.041e+03  V=3.518e+02  Dw=2.016e+03  g=3.027e+03  sigma=3.405e+02  total=7.777e+03
  subnet MSE  M=9.780e-01  V=1.719e+01  Dw=5.134e-02  g=2.972e-01
[step    950]
  train: −ELBO=1.3731e+00  NLL=1.5710e+00  NLL_R=-3.4704e+00  NLL_ω=5.0415e+00  MSE_R=1.7372e-02  MSE_ω=3.8542e-01
  test : −ELBO=-9.9607e-01  NLL=-8.1397e-01  NLL_R=-4.7424e+00  NLL_ω=3.9284e+00  MSE_R=2.6326e-03  MSE_ω=3.3100e-01
  sigma: σ_R=7.6125e-02  σ_ω=1.5674e-01  β=9.5000e-01
  PL   : train=-9.1947e-01  test=-9.4159e-01  σ_φ̄(train)=1.8313e-02  σ_φ̄(test)=1.6658e-02  σ_obs_ω=5.0000e-01  λ_PL=1.00
  KL   : M=2.041e+03  V=3.523e+02  Dw=2.016e+03  g=3.027e+03  sigma=3.405e+02  total=7.777e+03
  subnet MSE  M=1.013e+00  V=1.667e+01  Dw=5.262e-02  g=2.989e-01
[step   1000]
  train: −ELBO=9.7409e-01  NLL=1.1320e+00  NLL_R=-3.4771e+00  NLL_ω=4.6091e+00  MSE_R=1.7295e-02  MSE_ω=3.7690e-01
  test : −ELBO=-1.3668e+00  NLL=-1.1858e+00  NLL_R=-4.7515e+00  NLL_ω=3.5657e+00  MSE_R=2.5817e-03  MSE_ω=3.2355e-01
  sigma: σ_R=7.5978e-02  σ_ω=1.6016e-01  β=1.0000e+00
  PL   : train=-9.1734e-01  test=-9.4036e-01  σ_φ̄(train)=1.5914e-02  σ_φ̄(test)=1.4533e-02  σ_obs_ω=5.0000e-01  λ_PL=1.00
  KL   : M=2.041e+03  V=3.530e+02  Dw=2.015e+03  g=3.027e+03  sigma=3.405e+02  total=7.776e+03
  subnet MSE  M=1.089e+00  V=1.639e+01  Dw=5.521e-02  g=2.967e-01
[step   1050]
  train: −ELBO=4.0491e-01  NLL=5.6646e-01  NLL_R=-3.4870e+00  NLL_ω=4.0535e+00  MSE_R=1.7181e-02  MSE_ω=3.6136e-01
  test : −ELBO=-1.8767e+00  NLL=-1.6927e+00  NLL_R=-4.7716e+00  NLL_ω=3.0789e+00  MSE_R=2.4664e-03  MSE_ω=3.0919e-01
  sigma: σ_R=7.5688e-02  σ_ω=1.6396e-01  β=1.0000e+00
  PL   : train=-9.2087e-01  test=-9.4330e-01  σ_φ̄(train)=1.5812e-02  σ_φ̄(test)=1.4376e-02  σ_obs_ω=5.0000e-01  λ_PL=1.00
  KL   : M=2.041e+03  V=3.536e+02  Dw=2.013e+03  g=3.027e+03  sigma=3.404e+02  total=7.775e+03
  subnet MSE  M=1.070e+00  V=1.628e+01  Dw=4.993e-02  g=2.960e-01
[step   1100]
  train: −ELBO=1.9383e-01  NLL=3.5220e-01  NLL_R=-3.4870e+00  NLL_ω=3.8393e+00  MSE_R=1.7181e-02  MSE_ω=3.6066e-01
  test : −ELBO=-2.1802e+00  NLL=-2.0013e+00  NLL_R=-4.7774e+00  NLL_ω=2.7761e+00  MSE_R=2.4138e-03  MSE_ω=3.0137e-01
  sigma: σ_R=7.5643e-02  σ_ω=1.6724e-01  β=1.0000e+00
  PL   : train=-9.1756e-01  test=-9.3803e-01  σ_φ̄(train)=1.7061e-02  σ_φ̄(test)=1.5481e-02  σ_obs_ω=5.0000e-01  λ_PL=1.00
  KL   : M=2.040e+03  V=3.541e+02  Dw=2.012e+03  g=3.027e+03  sigma=3.402e+02  total=7.774e+03
  subnet MSE  M=1.098e+00  V=1.610e+01  Dw=4.987e-02  g=2.881e-01
[step   1150]
  train: −ELBO=-1.0536e-01  NLL=5.2234e-02  NLL_R=-3.4911e+00  NLL_ω=3.5434e+00  MSE_R=1.7134e-02  MSE_ω=3.5609e-01
  test : −ELBO=-2.3259e+00  NLL=-2.1456e+00  NLL_R=-4.7756e+00  NLL_ω=2.6299e+00  MSE_R=2.4257e-03  MSE_ω=3.0280e-01
  sigma: σ_R=7.5670e-02  σ_ω=1.7107e-01  β=1.0000e+00
  PL   : train=-9.1671e-01  test=-9.3943e-01  σ_φ̄(train)=1.3890e-02  σ_φ̄(test)=1.2388e-02  σ_obs_ω=5.0000e-01  λ_PL=1.00
  KL   : M=2.040e+03  V=3.546e+02  Dw=2.011e+03  g=3.027e+03  sigma=3.403e+02  total=7.773e+03
  subnet MSE  M=1.074e+00  V=1.635e+01  Dw=5.249e-02  g=2.852e-01
[step   1200]
  train: −ELBO=-4.5448e-01  NLL=-2.9540e-01  NLL_R=-3.4945e+00  NLL_ω=3.1991e+00  MSE_R=1.7096e-02  MSE_ω=3.4612e-01
  test : −ELBO=-2.6009e+00  NLL=-2.4176e+00  NLL_R=-4.7866e+00  NLL_ω=2.3691e+00  MSE_R=2.3702e-03  MSE_ω=2.9570e-01
  sigma: σ_R=7.5492e-02  σ_ω=1.7457e-01  β=1.0000e+00
  PL   : train=-9.1810e-01  test=-9.4239e-01  σ_φ̄(train)=1.2148e-02  σ_φ̄(test)=1.0796e-02  σ_obs_ω=5.0000e-01  λ_PL=1.00
  KL   : M=2.040e+03  V=3.552e+02  Dw=2.010e+03  g=3.028e+03  sigma=3.403e+02  total=7.772e+03
  subnet MSE  M=1.094e+00  V=1.608e+01  Dw=5.168e-02  g=2.889e-01
[step   1250]
  train: −ELBO=-7.3634e-01  NLL=-5.7184e-01  NLL_R=-3.5006e+00  NLL_ω=2.9288e+00  MSE_R=1.7026e-02  MSE_ω=3.3855e-01
  test : −ELBO=-2.8383e+00  NLL=-2.6525e+00  NLL_R=-4.7987e+00  NLL_ω=2.1461e+00  MSE_R=2.3180e-03  MSE_ω=2.8914e-01
  sigma: σ_R=7.5269e-02  σ_ω=1.7783e-01  β=1.0000e+00
  PL   : train=-9.2338e-01  test=-9.4461e-01  σ_φ̄(train)=1.1077e-02  σ_φ̄(test)=9.9596e-03  σ_obs_ω=5.0000e-01  λ_PL=1.00
  KL   : M=2.039e+03  V=3.557e+02  Dw=2.009e+03  g=3.028e+03  sigma=3.402e+02  total=7.771e+03
  subnet MSE  M=1.094e+00  V=1.595e+01  Dw=5.401e-02  g=2.934e-01
[step   1300]
  train: −ELBO=-9.9761e-01  NLL=-8.3305e-01  NLL_R=-3.5092e+00  NLL_ω=2.6762e+00  MSE_R=1.6928e-02  MSE_ω=3.3162e-01
  test : −ELBO=-3.0458e+00  NLL=-2.8595e+00  NLL_R=-4.8065e+00  NLL_ω=1.9470e+00  MSE_R=2.2747e-03  MSE_ω=2.8378e-01
  sigma: σ_R=7.5155e-02  σ_ω=1.8136e-01  β=1.0000e+00
  PL   : train=-9.2322e-01  test=-9.4496e-01  σ_φ̄(train)=1.1269e-02  σ_φ̄(test)=1.0172e-02  σ_obs_ω=5.0000e-01  λ_PL=1.00
  KL   : M=2.038e+03  V=3.564e+02  Dw=2.007e+03  g=3.027e+03  sigma=3.399e+02  total=7.769e+03
  subnet MSE  M=1.113e+00  V=1.534e+01  Dw=5.293e-02  g=2.922e-01
[step   1350]
  train: −ELBO=-1.1128e+00  NLL=-9.4798e-01  NLL_R=-3.5070e+00  NLL_ω=2.5590e+00  MSE_R=1.6954e-02  MSE_ω=3.3212e-01
  test : −ELBO=-3.1725e+00  NLL=-2.9865e+00  NLL_R=-4.8013e+00  NLL_ω=1.8148e+00  MSE_R=2.2606e-03  MSE_ω=2.8146e-01
  sigma: σ_R=7.5351e-02  σ_ω=1.8466e-01  β=1.0000e+00
  PL   : train=-9.2332e-01  test=-9.4454e-01  σ_φ̄(train)=1.1291e-02  σ_φ̄(test)=1.0227e-02  σ_obs_ω=5.0000e-01  λ_PL=1.00
  KL   : M=2.037e+03  V=3.572e+02  Dw=2.006e+03  g=3.027e+03  sigma=3.399e+02  total=7.767e+03
  subnet MSE  M=1.127e+00  V=1.531e+01  Dw=5.592e-02  g=2.925e-01
[step   1400]
  train: −ELBO=-1.4319e+00  NLL=-1.2637e+00  NLL_R=-3.5165e+00  NLL_ω=2.2528e+00  MSE_R=1.6846e-02  MSE_ω=3.1876e-01
  test : −ELBO=-3.5015e+00  NLL=-3.3116e+00  NLL_R=-4.8247e+00  NLL_ω=1.5132e+00  MSE_R=2.1466e-03  MSE_ω=2.6662e-01
  sigma: σ_R=7.4961e-02  σ_ω=1.8798e-01  β=1.0000e+00
  PL   : train=-9.2642e-01  test=-9.4824e-01  σ_φ̄(train)=1.1191e-02  σ_φ̄(test)=9.9795e-03  σ_obs_ω=5.0000e-01  λ_PL=1.00
  KL   : M=2.037e+03  V=3.577e+02  Dw=2.004e+03  g=3.027e+03  sigma=3.397e+02  total=7.765e+03
  subnet MSE  M=1.135e+00  V=1.545e+01  Dw=5.157e-02  g=2.934e-01
[step   1450]
  train: −ELBO=-1.8587e+00  NLL=-1.6873e+00  NLL_R=-3.5303e+00  NLL_ω=1.8430e+00  MSE_R=1.6693e-02  MSE_ω=2.9882e-01
  test : −ELBO=-3.7865e+00  NLL=-3.5945e+00  NLL_R=-4.8469e+00  NLL_ω=1.2524e+00  MSE_R=2.0489e-03  MSE_ω=2.5509e-01
  sigma: σ_R=7.4577e-02  σ_ω=1.9261e-01  β=1.0000e+00
  PL   : train=-9.2933e-01  test=-9.4991e-01  σ_φ̄(train)=1.0530e-02  σ_φ̄(test)=9.5657e-03  σ_obs_ω=5.0000e-01  λ_PL=1.00
  KL   : M=2.036e+03  V=3.585e+02  Dw=2.001e+03  g=3.026e+03  sigma=3.395e+02  total=7.761e+03
  subnet MSE  M=1.140e+00  V=1.585e+01  Dw=5.005e-02  g=2.902e-01
[step   1500]
  train: −ELBO=-2.1178e+00  NLL=-1.9429e+00  NLL_R=-3.5365e+00  NLL_ω=1.5936e+00  MSE_R=1.6624e-02  MSE_ω=2.8913e-01
  test : −ELBO=-3.9856e+00  NLL=-3.7913e+00  NLL_R=-4.8562e+00  NLL_ω=1.0649e+00  MSE_R=1.9944e-03  MSE_ω=2.4803e-01
  sigma: σ_R=7.4470e-02  σ_ω=1.9765e-01  β=1.0000e+00
  PL   : train=-9.3235e-01  test=-9.5174e-01  σ_φ̄(train)=1.0910e-02  σ_φ̄(test)=9.8153e-03  σ_obs_ω=5.0000e-01  λ_PL=1.00
  KL   : M=2.035e+03  V=3.594e+02  Dw=1.997e+03  g=3.025e+03  sigma=3.393e+02  total=7.756e+03
  subnet MSE  M=1.184e+00  V=1.581e+01  Dw=5.206e-02  g=2.945e-01
[step   1550]
  train: −ELBO=-2.4452e+00  NLL=-2.2679e+00  NLL_R=-3.5496e+00  NLL_ω=1.2817e+00  MSE_R=1.6479e-02  MSE_ω=2.7480e-01
  test : −ELBO=-4.2674e+00  NLL=-4.0704e+00  NLL_R=-4.8758e+00  NLL_ω=8.0540e-01  MSE_R=1.8927e-03  MSE_ω=2.3509e-01
  sigma: σ_R=7.4164e-02  σ_ω=2.0444e-01  β=1.0000e+00
  PL   : train=-9.3400e-01  test=-9.5370e-01  σ_φ̄(train)=9.7863e-03  σ_φ̄(test)=8.7248e-03  σ_obs_ω=5.0000e-01  λ_PL=1.00
  KL   : M=2.033e+03  V=3.609e+02  Dw=1.992e+03  g=3.024e+03  sigma=3.389e+02  total=7.748e+03
  subnet MSE  M=1.175e+00  V=1.537e+01  Dw=5.083e-02  g=2.921e-01
[step   1600]
  train: −ELBO=-2.7117e+00  NLL=-2.5301e+00  NLL_R=-3.5624e+00  NLL_ω=1.0323e+00  MSE_R=1.6339e-02  MSE_ω=2.6071e-01
  test : −ELBO=-4.4691e+00  NLL=-4.2689e+00  NLL_R=-4.8942e+00  NLL_ω=6.2530e-01  MSE_R=1.8136e-03  MSE_ω=2.2497e-01
  sigma: σ_R=7.3842e-02  σ_ω=2.0989e-01  β=1.0000e+00
  PL   : train=-9.3743e-01  test=-9.5606e-01  σ_φ̄(train)=9.2345e-03  σ_φ̄(test)=8.2492e-03  σ_obs_ω=5.0000e-01  λ_PL=1.00
  KL   : M=2.031e+03  V=3.619e+02  Dw=1.986e+03  g=3.022e+03  sigma=3.384e+02  total=7.740e+03
  subnet MSE  M=1.169e+00  V=1.530e+01  Dw=4.685e-02  g=2.931e-01
[step   1650]
  train: −ELBO=-2.9581e+00  NLL=-2.7736e+00  NLL_R=-3.5715e+00  NLL_ω=7.9783e-01  MSE_R=1.6241e-02  MSE_ω=2.4657e-01
  test : −ELBO=-4.6679e+00  NLL=-4.4647e+00  NLL_R=-4.9118e+00  NLL_ω=4.4710e-01  MSE_R=1.7252e-03  MSE_ω=2.1383e-01
  sigma: σ_R=7.3598e-02  σ_ω=2.1638e-01  β=1.0000e+00
  PL   : train=-9.3913e-01  test=-9.5784e-01  σ_φ̄(train)=8.3803e-03  σ_φ̄(test)=7.4462e-03  σ_obs_ω=5.0000e-01  λ_PL=1.00
  KL   : M=2.028e+03  V=3.634e+02  Dw=1.979e+03  g=3.019e+03  sigma=3.377e+02  total=7.727e+03
  subnet MSE  M=1.187e+00  V=1.521e+01  Dw=4.264e-02  g=2.925e-01
[step   1700]
  train: −ELBO=-3.1937e+00  NLL=-3.0024e+00  NLL_R=-3.5853e+00  NLL_ω=5.8299e-01  MSE_R=1.6091e-02  MSE_ω=2.3161e-01
  test : −ELBO=-4.9158e+00  NLL=-4.7060e+00  NLL_R=-4.9329e+00  NLL_ω=2.2689e-01  MSE_R=1.5882e-03  MSE_ω=1.9621e-01
  sigma: σ_R=7.3354e-02  σ_ω=2.2311e-01  β=1.0000e+00
  PL   : train=-9.4423e-01  test=-9.6266e-01  σ_φ̄(train)=7.8364e-03  σ_φ̄(test)=7.0356e-03  σ_obs_ω=5.0000e-01  λ_PL=1.00
  KL   : M=2.024e+03  V=3.652e+02  Dw=1.968e+03  g=3.015e+03  sigma=3.369e+02  total=7.710e+03
  subnet MSE  M=1.225e+00  V=1.470e+01  Dw=4.117e-02  g=2.991e-01
[step   1750]
  train: −ELBO=-3.3893e+00  NLL=-3.1946e+00  NLL_R=-3.5978e+00  NLL_ω=4.0320e-01  MSE_R=1.5958e-02  MSE_ω=2.1675e-01
  test : −ELBO=-5.1059e+00  NLL=-4.8937e+00  NLL_R=-4.9580e+00  NLL_ω=6.4310e-02  MSE_R=1.4713e-03  MSE_ω=1.8134e-01
  sigma: σ_R=7.2977e-02  σ_ω=2.2862e-01  β=1.0000e+00
  PL   : train=-9.4562e-01  test=-9.6300e-01  σ_φ̄(train)=7.3812e-03  σ_φ̄(test)=6.6534e-03  σ_obs_ω=5.0000e-01  λ_PL=1.00
  KL   : M=2.019e+03  V=3.670e+02  Dw=1.957e+03  g=3.010e+03  sigma=3.359e+02  total=7.689e+03
  subnet MSE  M=1.281e+00  V=1.439e+01  Dw=3.677e-02  g=2.971e-01
[step   1800]
  train: −ELBO=-3.5044e+00  NLL=-3.3090e+00  NLL_R=-3.6037e+00  NLL_ω=2.9465e-01  MSE_R=1.5895e-02  MSE_ω=2.0705e-01
  test : −ELBO=-5.1781e+00  NLL=-4.9629e+00  NLL_R=-4.9642e+00  NLL_ω=1.2772e-03  MSE_R=1.4252e-03  MSE_ω=1.7529e-01
  sigma: σ_R=7.2962e-02  σ_ω=2.3270e-01  β=1.0000e+00
  PL   : train=-9.4408e-01  test=-9.6378e-01  σ_φ̄(train)=6.5373e-03  σ_φ̄(test)=5.7551e-03  σ_obs_ω=5.0000e-01  λ_PL=1.00
  KL   : M=2.013e+03  V=3.688e+02  Dw=1.945e+03  g=3.005e+03  sigma=3.349e+02  total=7.666e+03
  subnet MSE  M=1.286e+00  V=1.419e+01  Dw=3.912e-02  g=2.952e-01
[step   1850]
  train: −ELBO=-3.6189e+00  NLL=-3.4168e+00  NLL_R=-3.6091e+00  NLL_ω=1.9224e-01  MSE_R=1.5839e-02  MSE_ω=1.9682e-01
  test : −ELBO=-5.2752e+00  NLL=-5.0558e+00  NLL_R=-4.9790e+00  NLL_ω=-7.6788e-02  MSE_R=1.3581e-03  MSE_ω=1.6688e-01
  sigma: σ_R=7.2687e-02  σ_ω=2.3589e-01  β=1.0000e+00
  PL   : train=-9.4839e-01  test=-9.6574e-01  σ_φ̄(train)=5.8330e-03  σ_φ̄(test)=5.1472e-03  σ_obs_ω=5.0000e-01  λ_PL=1.00
  KL   : M=2.007e+03  V=3.704e+02  Dw=1.932e+03  g=2.999e+03  sigma=3.338e+02  total=7.642e+03
  subnet MSE  M=1.332e+00  V=1.411e+01  Dw=3.626e-02  g=2.955e-01
[step   1900]
  train: −ELBO=-3.7338e+00  NLL=-3.5271e+00  NLL_R=-3.6198e+00  NLL_ω=9.2643e-02  MSE_R=1.5726e-02  MSE_ω=1.8613e-01
  test : −ELBO=-5.3827e+00  NLL=-5.1589e+00  NLL_R=-4.9980e+00  NLL_ω=-1.6088e-01  MSE_R=1.2831e-03  MSE_ω=1.5726e-01
  sigma: σ_R=7.2351e-02  σ_ω=2.3861e-01  β=1.0000e+00
  PL   : train=-9.5001e-01  test=-9.6713e-01  σ_φ̄(train)=5.5199e-03  σ_φ̄(test)=4.8019e-03  σ_obs_ω=5.0000e-01  λ_PL=1.00
  KL   : M=1.999e+03  V=3.725e+02  Dw=1.917e+03  g=2.991e+03  sigma=3.323e+02  total=7.612e+03
  subnet MSE  M=1.341e+00  V=1.401e+01  Dw=3.702e-02  g=2.956e-01
[step   1950]
  train: −ELBO=-3.8082e+00  NLL=-3.5989e+00  NLL_R=-3.6252e+00  NLL_ω=2.6305e-02  MSE_R=1.5669e-02  MSE_ω=1.7865e-01
  test : −ELBO=-5.4514e+00  NLL=-5.2250e+00  NLL_R=-5.0038e+00  NLL_ω=-2.2125e-01  MSE_R=1.2293e-03  MSE_ω=1.5015e-01
  sigma: σ_R=7.2361e-02  σ_ω=2.3994e-01  β=1.0000e+00
  PL   : train=-9.4987e-01  test=-9.6688e-01  σ_φ̄(train)=4.6555e-03  σ_φ̄(test)=4.0776e-03  σ_obs_ω=5.0000e-01  λ_PL=1.00
  KL   : M=1.991e+03  V=3.741e+02  Dw=1.903e+03  g=2.984e+03  sigma=3.309e+02  total=7.583e+03
  subnet MSE  M=1.395e+00  V=1.393e+01  Dw=3.264e-02  g=2.914e-01
[step   2000]
  train: −ELBO=-3.9163e+00  NLL=-3.7004e+00  NLL_R=-3.6339e+00  NLL_ω=-6.6595e-02  MSE_R=1.5579e-02  MSE_ω=1.6794e-01
  test : −ELBO=-5.5557e+00  NLL=-5.3232e+00  NLL_R=-5.0240e+00  NLL_ω=-2.9925e-01  MSE_R=1.1567e-03  MSE_ω=1.4109e-01
  sigma: σ_R=7.2032e-02  σ_ω=2.4024e-01  β=1.0000e+00
  PL   : train=-9.5217e-01  test=-9.6873e-01  σ_φ̄(train)=4.1463e-03  σ_φ̄(test)=3.5735e-03  σ_obs_ω=5.0000e-01  λ_PL=1.00
  KL   : M=1.980e+03  V=3.763e+02  Dw=1.882e+03  g=2.973e+03  sigma=3.287e+02  total=7.540e+03
  subnet MSE  M=1.391e+00  V=1.363e+01  Dw=3.226e-02  g=2.927e-01
[step   2050]
  train: −ELBO=-3.9876e+00  NLL=-3.7681e+00  NLL_R=-3.6395e+00  NLL_ω=-1.2859e-01  MSE_R=1.5521e-02  MSE_ω=1.6087e-01
  test : −ELBO=-5.6113e+00  NLL=-5.3750e+00  NLL_R=-5.0316e+00  NLL_ω=-3.4345e-01  MSE_R=1.1195e-03  MSE_ω=1.3626e-01
  sigma: σ_R=7.1907e-02  σ_ω=2.3938e-01  β=1.0000e+00
  PL   : train=-9.5228e-01  test=-9.6888e-01  σ_φ̄(train)=3.9715e-03  σ_φ̄(test)=3.3975e-03  σ_obs_ω=5.0000e-01  λ_PL=1.00
  KL   : M=1.970e+03  V=3.779e+02  Dw=1.865e+03  g=2.963e+03  sigma=3.268e+02  total=7.503e+03
  subnet MSE  M=1.427e+00  V=1.347e+01  Dw=3.129e-02  g=2.912e-01
[step   2100]
  train: −ELBO=-4.0703e+00  NLL=-3.8420e+00  NLL_R=-3.6438e+00  NLL_ω=-1.9821e-01  MSE_R=1.5476e-02  MSE_ω=1.5328e-01
  test : −ELBO=-5.6863e+00  NLL=-5.4419e+00  NLL_R=-5.0417e+00  NLL_ω=-4.0017e-01  MSE_R=1.0736e-03  MSE_ω=1.3068e-01
  sigma: σ_R=7.1721e-02  σ_ω=2.3664e-01  β=1.0000e+00
  PL   : train=-9.5508e-01  test=-9.7111e-01  σ_φ̄(train)=3.4085e-03  σ_φ̄(test)=2.8821e-03  σ_obs_ω=5.0000e-01  λ_PL=1.00
  KL   : M=1.953e+03  V=3.802e+02  Dw=1.838e+03  g=2.947e+03  sigma=3.238e+02  total=7.443e+03
  subnet MSE  M=1.441e+00  V=1.350e+01  Dw=3.055e-02  g=2.931e-01
[step   2150]
  train: −ELBO=-4.1670e+00  NLL=-3.9296e+00  NLL_R=-3.6512e+00  NLL_ω=-2.7841e-01  MSE_R=1.5400e-02  MSE_ω=1.4515e-01
  test : −ELBO=-5.7804e+00  NLL=-5.5270e+00  NLL_R=-5.0528e+00  NLL_ω=-4.7418e-01  MSE_R=1.0238e-03  MSE_ω=1.2418e-01
  sigma: σ_R=7.1619e-02  σ_ω=2.3159e-01  β=1.0000e+00
  PL   : train=-9.5584e-01  test=-9.7172e-01  σ_φ̄(train)=3.0259e-03  σ_φ̄(test)=2.5714e-03  σ_obs_ω=5.0000e-01  λ_PL=1.00
  KL   : M=1.930e+03  V=3.833e+02  Dw=1.801e+03  g=2.924e+03  sigma=3.192e+02  total=7.357e+03
  subnet MSE  M=1.496e+00  V=1.334e+01  Dw=3.111e-02  g=2.931e-01
[step   2200]
  train: −ELBO=-4.2598e+00  NLL=-4.0116e+00  NLL_R=-3.6567e+00  NLL_ω=-3.5492e-01  MSE_R=1.5344e-02  MSE_ω=1.3802e-01
  test : −ELBO=-5.8488e+00  NLL=-5.5853e+00  NLL_R=-5.0594e+00  NLL_ω=-5.2589e-01  MSE_R=9.9752e-04  MSE_ω=1.2075e-01
  sigma: σ_R=7.1548e-02  σ_ω=2.2503e-01  β=1.0000e+00
  PL   : train=-9.5642e-01  test=-9.7148e-01  σ_φ̄(train)=2.6955e-03  σ_φ̄(test)=2.2768e-03  σ_obs_ω=5.0000e-01  λ_PL=1.00
  KL   : M=1.901e+03  V=3.862e+02  Dw=1.758e+03  g=2.894e+03  sigma=3.135e+02  total=7.252e+03
  subnet MSE  M=1.543e+00  V=1.329e+01  Dw=3.008e-02  g=2.902e-01
[step   2250]
  train: −ELBO=-4.3615e+00  NLL=-4.0983e+00  NLL_R=-3.6617e+00  NLL_ω=-4.3654e-01  MSE_R=1.5292e-02  MSE_ω=1.3095e-01
  test : −ELBO=-5.9487e+00  NLL=-5.6708e+00  NLL_R=-5.0670e+00  NLL_ω=-6.0374e-01  MSE_R=9.5582e-04  MSE_ω=1.1528e-01
  sigma: σ_R=7.1399e-02  σ_ω=2.1674e-01  β=1.0000e+00
  PL   : train=-9.5743e-01  test=-9.7187e-01  σ_φ̄(train)=2.2631e-03  σ_φ̄(test)=1.8702e-03  σ_obs_ω=5.0000e-01  λ_PL=1.00
  KL   : M=1.862e+03  V=3.895e+02  Dw=1.701e+03  g=2.851e+03  sigma=3.052e+02  total=7.109e+03
  subnet MSE  M=1.585e+00  V=1.314e+01  Dw=3.165e-02  g=2.904e-01
[step   2300]
  train: −ELBO=-4.4193e+00  NLL=-4.1444e+00  NLL_R=-3.6642e+00  NLL_ω=-4.8023e-01  MSE_R=1.5267e-02  MSE_ω=1.2735e-01
  test : −ELBO=-5.9879e+00  NLL=-5.6983e+00  NLL_R=-5.0709e+00  NLL_ω=-6.2731e-01  MSE_R=9.4755e-04  MSE_ω=1.1421e-01
  sigma: σ_R=7.1354e-02  σ_ω=2.1154e-01  β=1.0000e+00
  PL   : train=-9.5750e-01  test=-9.7211e-01  σ_φ̄(train)=1.9278e-03  σ_φ̄(test)=1.5805e-03  σ_obs_ω=5.0000e-01  λ_PL=1.00
  KL   : M=1.828e+03  V=3.916e+02  Dw=1.657e+03  g=2.815e+03  sigma=2.983e+02  total=6.991e+03
  subnet MSE  M=1.624e+00  V=1.309e+01  Dw=3.191e-02  g=2.897e-01
[step   2350]
  train: −ELBO=-4.4728e+00  NLL=-4.1845e+00  NLL_R=-3.6673e+00  NLL_ω=-5.1720e-01  MSE_R=1.5235e-02  MSE_ω=1.2434e-01
  test : −ELBO=-6.0277e+00  NLL=-5.7254e+00  NLL_R=-5.0731e+00  NLL_ω=-6.5233e-01  MSE_R=9.3593e-04  MSE_ω=1.1273e-01
  sigma: σ_R=7.1328e-02  σ_ω=2.0738e-01  β=1.0000e+00
  PL   : train=-9.5840e-01  test=-9.7216e-01  σ_φ̄(train)=1.6279e-03  σ_φ̄(test)=1.3087e-03  σ_obs_ω=5.0000e-01  λ_PL=1.00
  KL   : M=1.792e+03  V=3.934e+02  Dw=1.612e+03  g=2.775e+03  sigma=2.905e+02  total=6.862e+03
  subnet MSE  M=1.651e+00  V=1.301e+01  Dw=3.244e-02  g=2.901e-01
[step   2400]
  train: −ELBO=-4.5289e+00  NLL=-4.2220e+00  NLL_R=-3.6688e+00  NLL_ω=-5.5323e-01  MSE_R=1.5220e-02  MSE_ω=1.2145e-01
  test : −ELBO=-6.0670e+00  NLL=-5.7465e+00  NLL_R=-5.0790e+00  NLL_ω=-6.6745e-01  MSE_R=9.3063e-04  MSE_ω=1.1202e-01
  sigma: σ_R=7.1176e-02  σ_ω=2.0320e-01  β=1.0000e+00
  PL   : train=-9.5848e-01  test=-9.7166e-01  σ_φ̄(train)=1.3221e-03  σ_φ̄(test)=1.0299e-03  σ_obs_ω=5.0000e-01  λ_PL=1.00
  KL   : M=1.737e+03  V=3.952e+02  Dw=1.548e+03  g=2.712e+03  sigma=2.788e+02  total=6.672e+03
  subnet MSE  M=1.682e+00  V=1.298e+01  Dw=3.380e-02  g=2.899e-01
[step   2450]
  train: −ELBO=-4.5806e+00  NLL=-4.2568e+00  NLL_R=-3.6722e+00  NLL_ω=-5.8461e-01  MSE_R=1.5186e-02  MSE_ω=1.1894e-01
  test : −ELBO=-6.0805e+00  NLL=-5.7438e+00  NLL_R=-5.0781e+00  NLL_ω=-6.6567e-01  MSE_R=9.3432e-04  MSE_ω=1.1242e-01
  sigma: σ_R=7.1212e-02  σ_ω=2.0069e-01  β=1.0000e+00
  PL   : train=-9.5911e-01  test=-9.7165e-01  σ_φ̄(train)=1.1884e-03  σ_φ̄(test)=8.9484e-04  σ_obs_ω=5.0000e-01  λ_PL=1.00
  KL   : M=1.689e+03  V=3.963e+02  Dw=1.496e+03  g=2.656e+03  sigma=2.682e+02  total=6.505e+03
  subnet MSE  M=1.706e+00  V=1.301e+01  Dw=3.374e-02  g=2.895e-01
[step   2500]
  train: −ELBO=-4.6179e+00  NLL=-4.2762e+00  NLL_R=-3.6729e+00  NLL_ω=-6.0328e-01  MSE_R=1.5178e-02  MSE_ω=1.1748e-01
  test : −ELBO=-6.1106e+00  NLL=-5.7562e+00  NLL_R=-5.0874e+00  NLL_ω=-6.6885e-01  MSE_R=9.3364e-04  MSE_ω=1.1230e-01
  sigma: σ_R=7.1030e-02  σ_ω=1.9877e-01  β=1.0000e+00
  PL   : train=-9.5959e-01  test=-9.7188e-01  σ_φ̄(train)=1.0666e-03  σ_φ̄(test)=7.8420e-04  σ_obs_ω=5.0000e-01  λ_PL=1.00
  KL   : M=1.638e+03  V=3.969e+02  Dw=1.442e+03  g=2.593e+03  sigma=2.567e+02  total=6.327e+03
  subnet MSE  M=1.727e+00  V=1.300e+01  Dw=3.402e-02  g=2.902e-01
[step   2550]
  train: −ELBO=-4.6520e+00  NLL=-4.2968e+00  NLL_R=-3.6751e+00  NLL_ω=-6.2164e-01  MSE_R=1.5156e-02  MSE_ω=1.1605e-01
  test : −ELBO=-6.1176e+00  NLL=-5.7506e+00  NLL_R=-5.0828e+00  NLL_ω=-6.6775e-01  MSE_R=9.3497e-04  MSE_ω=1.1245e-01
  sigma: σ_R=7.1110e-02  σ_ω=1.9758e-01  β=1.0000e+00
  PL   : train=-9.5993e-01  test=-9.7145e-01  σ_φ̄(train)=9.9020e-04  σ_φ̄(test)=7.0344e-04  σ_obs_ω=5.0000e-01  λ_PL=1.00
  KL   : M=1.599e+03  V=3.970e+02  Dw=1.402e+03  g=2.545e+03  sigma=2.479e+02  total=6.192e+03
  subnet MSE  M=1.744e+00  V=1.292e+01  Dw=3.483e-02  g=2.901e-01
[step   2600]
  train: −ELBO=-4.6663e+00  NLL=-4.3004e+00  NLL_R=-3.6742e+00  NLL_ω=-6.2618e-01  MSE_R=1.5166e-02  MSE_ω=1.1570e-01
  test : −ELBO=-6.1310e+00  NLL=-5.7533e+00  NLL_R=-5.0825e+00  NLL_ω=-6.7079e-01  MSE_R=9.3342e-04  MSE_ω=1.1225e-01
  sigma: σ_R=7.1081e-02  σ_ω=1.9683e-01  β=1.0000e+00
  PL   : train=-9.6044e-01  test=-9.7209e-01  σ_φ̄(train)=9.4729e-04  σ_φ̄(test)=6.5937e-04  σ_obs_ω=5.0000e-01  λ_PL=1.00
  KL   : M=1.569e+03  V=3.969e+02  Dw=1.373e+03  g=2.508e+03  sigma=2.411e+02  total=6.088e+03
  subnet MSE  M=1.745e+00  V=1.290e+01  Dw=3.517e-02  g=2.918e-01
[step   2650]
  train: −ELBO=-4.6929e+00  NLL=-4.3177e+00  NLL_R=-3.6758e+00  NLL_ω=-6.4191e-01  MSE_R=1.5149e-02  MSE_ω=1.1449e-01
  test : −ELBO=-6.1312e+00  NLL=-5.7439e+00  NLL_R=-5.0828e+00  NLL_ω=-6.6111e-01  MSE_R=9.3934e-04  MSE_ω=1.1302e-01
  sigma: σ_R=7.1054e-02  σ_ω=1.9612e-01  β=1.0000e+00
  PL   : train=-9.5997e-01  test=-9.7187e-01  σ_φ̄(train)=8.8346e-04  σ_φ̄(test)=5.9882e-04  σ_obs_ω=5.0000e-01  λ_PL=1.00
  KL   : M=1.539e+03  V=3.967e+02  Dw=1.346e+03  g=2.472e+03  sigma=2.345e+02  total=5.988e+03
  subnet MSE  M=1.752e+00  V=1.294e+01  Dw=3.485e-02  g=2.911e-01
[step   2700]
  train: −ELBO=-4.7057e+00  NLL=-4.3223e+00  NLL_R=-3.6758e+00  NLL_ω=-6.4648e-01  MSE_R=1.5149e-02  MSE_ω=1.1415e-01
  test : −ELBO=-6.1330e+00  NLL=-5.7383e+00  NLL_R=-5.0827e+00  NLL_ω=-6.5562e-01  MSE_R=9.4309e-04  MSE_ω=1.1345e-01
  sigma: σ_R=7.1041e-02  σ_ω=1.9563e-01  β=1.0000e+00
  PL   : train=-9.6025e-01  test=-9.7140e-01  σ_φ̄(train)=8.7976e-04  σ_φ̄(test)=5.8806e-04  σ_obs_ω=5.0000e-01  λ_PL=1.00
  KL   : M=1.516e+03  V=3.965e+02  Dw=1.324e+03  g=2.443e+03  sigma=2.290e+02  total=5.907e+03
  subnet MSE  M=1.739e+00  V=1.297e+01  Dw=3.458e-02  g=2.903e-01
[step   2750]
  train: −ELBO=-4.7212e+00  NLL=-4.3295e+00  NLL_R=-3.6772e+00  NLL_ω=-6.5226e-01  MSE_R=1.5135e-02  MSE_ω=1.1371e-01
  test : −ELBO=-6.1386e+00  NLL=-5.7356e+00  NLL_R=-5.0847e+00  NLL_ω=-6.5092e-01  MSE_R=9.4688e-04  MSE_ω=1.1381e-01
  sigma: σ_R=7.1005e-02  σ_ω=1.9520e-01  β=1.0000e+00
  PL   : train=-9.6044e-01  test=-9.7148e-01  σ_φ̄(train)=8.2546e-04  σ_φ̄(test)=5.2892e-04  σ_obs_ω=5.0000e-01  λ_PL=1.00
  KL   : M=1.491e+03  V=3.961e+02  Dw=1.301e+03  g=2.412e+03  sigma=2.233e+02  total=5.823e+03
  subnet MSE  M=1.756e+00  V=1.290e+01  Dw=3.535e-02  g=2.908e-01
[step   2800]
  train: −ELBO=-4.7409e+00  NLL=-4.3387e+00  NLL_R=-3.6776e+00  NLL_ω=-6.6106e-01  MSE_R=1.5131e-02  MSE_ω=1.1304e-01
  test : −ELBO=-6.1577e+00  NLL=-5.7440e+00  NLL_R=-5.0839e+00  NLL_ω=-6.6013e-01  MSE_R=9.4044e-04  MSE_ω=1.1311e-01
  sigma: σ_R=7.1036e-02  σ_ω=1.9463e-01  β=1.0000e+00
  PL   : train=-9.6139e-01  test=-9.7273e-01  σ_φ̄(train)=7.5579e-04  σ_φ̄(test)=4.7159e-04  σ_obs_ω=5.0000e-01  λ_PL=1.00
  KL   : M=1.462e+03  V=3.957e+02  Dw=1.275e+03  g=2.377e+03  sigma=2.167e+02  total=5.726e+03
  subnet MSE  M=1.775e+00  V=1.288e+01  Dw=3.538e-02  g=2.933e-01
[step   2850]
  train: −ELBO=-4.7520e+00  NLL=-4.3412e+00  NLL_R=-3.6776e+00  NLL_ω=-6.6360e-01  MSE_R=1.5132e-02  MSE_ω=1.1285e-01
  test : −ELBO=-6.1509e+00  NLL=-5.7291e+00  NLL_R=-5.0836e+00  NLL_ω=-6.4548e-01  MSE_R=9.4920e-04  MSE_ω=1.1422e-01
  sigma: σ_R=7.1011e-02  σ_ω=1.9416e-01  β=1.0000e+00
  PL   : train=-9.6116e-01  test=-9.7189e-01  σ_φ̄(train)=6.7786e-04  σ_φ̄(test)=4.0272e-04  σ_obs_ω=5.0000e-01  λ_PL=1.00
  KL   : M=1.434e+03  V=3.951e+02  Dw=1.252e+03  g=2.343e+03  sigma=2.105e+02  total=5.635e+03
  subnet MSE  M=1.770e+00  V=1.294e+01  Dw=3.557e-02  g=2.919e-01
[step   2900]
  train: −ELBO=-4.7718e+00  NLL=-4.3518e+00  NLL_R=-3.6785e+00  NLL_ω=-6.7331e-01  MSE_R=1.5122e-02  MSE_ω=1.1212e-01
  test : −ELBO=-6.1697e+00  NLL=-5.7384e+00  NLL_R=-5.0857e+00  NLL_ω=-6.5269e-01  MSE_R=9.4559e-04  MSE_ω=1.1367e-01
  sigma: σ_R=7.0985e-02  σ_ω=1.9361e-01  β=1.0000e+00
  PL   : train=-9.6036e-01  test=-9.7145e-01  σ_φ̄(train)=6.4460e-04  σ_φ̄(test)=3.7030e-04  σ_obs_ω=5.0000e-01  λ_PL=1.00
  KL   : M=1.403e+03  V=3.945e+02  Dw=1.226e+03  g=2.306e+03  sigma=2.034e+02  total=5.533e+03
  subnet MSE  M=1.771e+00  V=1.288e+01  Dw=3.576e-02  g=2.913e-01
[step   2950]
  train: −ELBO=-4.7919e+00  NLL=-4.3597e+00  NLL_R=-3.6789e+00  NLL_ω=-6.8077e-01  MSE_R=1.5118e-02  MSE_ω=1.1157e-01
  test : −ELBO=-6.1679e+00  NLL=-5.7265e+00  NLL_R=-5.0846e+00  NLL_ω=-6.4181e-01  MSE_R=9.5172e-04  MSE_ω=1.1448e-01
  sigma: σ_R=7.0998e-02  σ_ω=1.9314e-01  β=1.0000e+00
  PL   : train=-9.6110e-01  test=-9.7007e-01  σ_φ̄(train)=6.3613e-04  σ_φ̄(test)=3.3943e-04  σ_obs_ω=5.0000e-01  λ_PL=1.00
  KL   : M=1.368e+03  V=3.937e+02  Dw=1.197e+03  g=2.262e+03  sigma=1.952e+02  total=5.416e+03
  subnet MSE  M=1.792e+00  V=1.294e+01  Dw=3.533e-02  g=2.906e-01
[step   3000]
  train: −ELBO=-4.8166e+00  NLL=-4.3702e+00  NLL_R=-3.6796e+00  NLL_ω=-6.9064e-01  MSE_R=1.5111e-02  MSE_ω=1.1084e-01
  test : −ELBO=-6.1863e+00  NLL=-5.7295e+00  NLL_R=-5.0862e+00  NLL_ω=-6.4332e-01  MSE_R=9.5049e-04  MSE_ω=1.1434e-01
  sigma: σ_R=7.0944e-02  σ_ω=1.9243e-01  β=1.0000e+00
  PL   : train=-9.6144e-01  test=-9.7167e-01  σ_φ̄(train)=5.7052e-04  σ_φ̄(test)=2.9234e-04  σ_obs_ω=5.0000e-01  λ_PL=1.00
  KL   : M=1.325e+03  V=3.925e+02  Dw=1.163e+03  g=2.210e+03  sigma=1.850e+02  total=5.274e+03
  subnet MSE  M=1.783e+00  V=1.295e+01  Dw=3.475e-02  g=2.917e-01
[step   3050]
  train: −ELBO=-4.8365e+00  NLL=-4.3785e+00  NLL_R=-3.6805e+00  NLL_ω=-6.9801e-01  MSE_R=1.5102e-02  MSE_ω=1.1029e-01
  test : −ELBO=-6.1880e+00  NLL=-5.7198e+00  NLL_R=-5.0857e+00  NLL_ω=-6.3404e-01  MSE_R=9.5587e-04  MSE_ω=1.1500e-01
  sigma: σ_R=7.0984e-02  σ_ω=1.9186e-01  β=1.0000e+00
  PL   : train=-9.6124e-01  test=-9.7106e-01  σ_φ̄(train)=5.2732e-04  σ_φ̄(test)=2.5099e-04  σ_obs_ω=5.0000e-01  λ_PL=1.00
  KL   : M=1.288e+03  V=3.913e+02  Dw=1.134e+03  g=2.164e+03  sigma=1.764e+02  total=5.154e+03
  subnet MSE  M=1.790e+00  V=1.294e+01  Dw=3.537e-02  g=2.915e-01
[step   3100]
  train: −ELBO=-4.8680e+00  NLL=-4.3924e+00  NLL_R=-3.6811e+00  NLL_ω=-7.1125e-01  MSE_R=1.5096e-02  MSE_ω=1.0932e-01
  test : −ELBO=-6.1958e+00  NLL=-5.7105e+00  NLL_R=-5.0869e+00  NLL_ω=-6.2360e-01  MSE_R=9.6183e-04  MSE_ω=1.1572e-01
  sigma: σ_R=7.0929e-02  σ_ω=1.9108e-01  β=1.0000e+00
  PL   : train=-9.6174e-01  test=-9.7102e-01  σ_φ̄(train)=5.0833e-04  σ_φ̄(test)=2.1276e-04  σ_obs_ω=5.0000e-01  λ_PL=1.00
  KL   : M=1.234e+03  V=3.892e+02  Dw=1.094e+03  g=2.097e+03  sigma=1.637e+02  total=4.978e+03
  subnet MSE  M=1.799e+00  V=1.289e+01  Dw=3.638e-02  g=2.923e-01
[step   3150]
  train: −ELBO=-4.8957e+00  NLL=-4.4050e+00  NLL_R=-3.6822e+00  NLL_ω=-7.2275e-01  MSE_R=1.5084e-02  MSE_ω=1.0849e-01
  test : −ELBO=-6.2059e+00  NLL=-5.7059e+00  NLL_R=-5.0866e+00  NLL_ω=-6.1925e-01  MSE_R=9.6409e-04  MSE_ω=1.1599e-01
  sigma: σ_R=7.0934e-02  σ_ω=1.9044e-01  β=1.0000e+00
  PL   : train=-9.6207e-01  test=-9.7108e-01  σ_φ̄(train)=4.7271e-04  σ_φ̄(test)=1.7560e-04  σ_obs_ω=5.0000e-01  λ_PL=1.00
  KL   : M=1.187e+03  V=3.871e+02  Dw=1.062e+03  g=2.037e+03  sigma=1.531e+02  total=4.827e+03
  subnet MSE  M=1.809e+00  V=1.292e+01  Dw=3.616e-02  g=2.928e-01
[step   3200]
  train: −ELBO=-4.9152e+00  NLL=-4.4105e+00  NLL_R=-3.6822e+00  NLL_ω=-7.2836e-01  MSE_R=1.5085e-02  MSE_ω=1.0809e-01
  test : −ELBO=-6.2077e+00  NLL=-5.6939e+00  NLL_R=-5.0848e+00  NLL_ω=-6.0909e-01  MSE_R=9.6951e-04  MSE_ω=1.1669e-01
  sigma: σ_R=7.0952e-02  σ_ω=1.8989e-01  β=1.0000e+00
  PL   : train=-9.6187e-01  test=-9.7081e-01  σ_φ̄(train)=4.2565e-04  σ_φ̄(test)=1.4448e-04  σ_obs_ω=5.0000e-01  λ_PL=1.00
  KL   : M=1.142e+03  V=3.849e+02  Dw=1.032e+03  g=1.980e+03  sigma=1.429e+02  total=4.682e+03
  subnet MSE  M=1.817e+00  V=1.292e+01  Dw=3.590e-02  g=2.923e-01
[step   3250]
  train: −ELBO=-4.9220e+00  NLL=-4.4102e+00  NLL_R=-3.6815e+00  NLL_ω=-7.2876e-01  MSE_R=1.5092e-02  MSE_ω=1.0806e-01
  test : −ELBO=-6.2099e+00  NLL=-5.6895e+00  NLL_R=-5.0842e+00  NLL_ω=-6.0534e-01  MSE_R=9.7203e-04  MSE_ω=1.1694e-01
  sigma: σ_R=7.0949e-02  σ_ω=1.8969e-01  β=1.0000e+00
  PL   : train=-9.6118e-01  test=-9.6960e-01  σ_φ̄(train)=4.0954e-04  σ_φ̄(test)=1.2593e-04  σ_obs_ω=5.0000e-01  λ_PL=1.00
  KL   : M=1.117e+03  V=3.835e+02  Dw=1.016e+03  g=1.948e+03  sigma=1.374e+02  total=4.602e+03
  subnet MSE  M=1.828e+00  V=1.291e+01  Dw=3.641e-02  g=2.909e-01
[step   3300]
  train: −ELBO=-4.9377e+00  NLL=-4.4171e+00  NLL_R=-3.6826e+00  NLL_ω=-7.3458e-01  MSE_R=1.5081e-02  MSE_ω=1.0764e-01
  test : −ELBO=-6.2205e+00  NLL=-5.6911e+00  NLL_R=-5.0850e+00  NLL_ω=-6.0605e-01  MSE_R=9.7054e-04  MSE_ω=1.1686e-01
  sigma: σ_R=7.0922e-02  σ_ω=1.8943e-01  β=1.0000e+00
  PL   : train=-9.6225e-01  test=-9.7095e-01  σ_φ̄(train)=3.8305e-04  σ_φ̄(test)=1.0868e-04  σ_obs_ω=5.0000e-01  λ_PL=1.00
  KL   : M=1.092e+03  V=3.821e+02  Dw=1.000e+03  g=1.916e+03  sigma=1.318e+02  total=4.523e+03
  subnet MSE  M=1.834e+00  V=1.293e+01  Dw=3.578e-02  g=2.927e-01
[step   3350]
  train: −ELBO=-4.9487e+00  NLL=-4.4208e+00  NLL_R=-3.6831e+00  NLL_ω=-7.3769e-01  MSE_R=1.5075e-02  MSE_ω=1.0741e-01
  test : −ELBO=-6.2234e+00  NLL=-5.6868e+00  NLL_R=-5.0868e+00  NLL_ω=-5.9998e-01  MSE_R=9.7366e-04  MSE_ω=1.1727e-01
  sigma: σ_R=7.0878e-02  σ_ω=1.8914e-01  β=1.0000e+00
  PL   : train=-9.6192e-01  test=-9.7054e-01  σ_φ̄(train)=3.6566e-04  σ_φ̄(test)=9.3315e-05  σ_obs_ω=5.0000e-01  λ_PL=1.00
  KL   : M=1.068e+03  V=3.806e+02  Dw=9.851e+02  g=1.885e+03  sigma=1.265e+02  total=4.445e+03
  subnet MSE  M=1.839e+00  V=1.294e+01  Dw=3.623e-02  g=2.923e-01
[step   3400]
  train: −ELBO=-4.9613e+00  NLL=-4.4265e+00  NLL_R=-3.6830e+00  NLL_ω=-7.4344e-01  MSE_R=1.5076e-02  MSE_ω=1.0700e-01
  test : −ELBO=-6.2214e+00  NLL=-5.6781e+00  NLL_R=-5.0847e+00  NLL_ω=-5.9339e-01  MSE_R=9.7764e-04  MSE_ω=1.1772e-01
  sigma: σ_R=7.0923e-02  σ_ω=1.8898e-01  β=1.0000e+00
  PL   : train=-9.6242e-01  test=-9.7073e-01  σ_φ̄(train)=3.2475e-04  σ_φ̄(test)=8.0188e-05  σ_obs_ω=5.0000e-01  λ_PL=1.00
  KL   : M=1.047e+03  V=3.793e+02  Dw=9.728e+02  g=1.858e+03  sigma=1.219e+02  total=4.379e+03
  subnet MSE  M=1.835e+00  V=1.293e+01  Dw=3.645e-02  g=2.932e-01
[step   3450]
  train: −ELBO=-4.9734e+00  NLL=-4.4296e+00  NLL_R=-3.6829e+00  NLL_ω=-7.4673e-01  MSE_R=1.5078e-02  MSE_ω=1.0677e-01
  test : −ELBO=-6.2289e+00  NLL=-5.6771e+00  NLL_R=-5.0859e+00  NLL_ω=-5.9113e-01  MSE_R=9.7907e-04  MSE_ω=1.1785e-01
  sigma: σ_R=7.0883e-02  σ_ω=1.8868e-01  β=1.0000e+00
  PL   : train=-9.6212e-01  test=-9.6995e-01  σ_φ̄(train)=2.9600e-04  σ_φ̄(test)=6.5221e-05  σ_obs_ω=5.0000e-01  λ_PL=1.00
  KL   : M=1.017e+03  V=3.772e+02  Dw=9.548e+02  g=1.819e+03  sigma=1.153e+02  total=4.283e+03
  subnet MSE  M=1.838e+00  V=1.289e+01  Dw=3.635e-02  g=2.918e-01
[step   3500]
  train: −ELBO=-4.9861e+00  NLL=-4.4356e+00  NLL_R=-3.6837e+00  NLL_ω=-7.5193e-01  MSE_R=1.5070e-02  MSE_ω=1.0640e-01
  test : −ELBO=-6.2282e+00  NLL=-5.6698e+00  NLL_R=-5.0857e+00  NLL_ω=-5.8417e-01  MSE_R=9.8270e-04  MSE_ω=1.1832e-01
  sigma: σ_R=7.0874e-02  σ_ω=1.8847e-01  β=1.0000e+00
  PL   : train=-9.6248e-01  test=-9.7031e-01  σ_φ̄(train)=2.5885e-04  σ_φ̄(test)=5.3781e-05  σ_obs_ω=5.0000e-01  λ_PL=1.00
  KL   : M=9.973e+02  V=3.758e+02  Dw=9.426e+02  g=1.793e+03  sigma=1.110e+02  total=4.219e+03
  subnet MSE  M=1.850e+00  V=1.298e+01  Dw=3.650e-02  g=2.927e-01
[step   3550]
  train: −ELBO=-4.9931e+00  NLL=-4.4376e+00  NLL_R=-3.6838e+00  NLL_ω=-7.5384e-01  MSE_R=1.5069e-02  MSE_ω=1.0626e-01
  test : −ELBO=-6.2387e+00  NLL=-5.6753e+00  NLL_R=-5.0862e+00  NLL_ω=-5.8910e-01  MSE_R=9.7961e-04  MSE_ω=1.1795e-01
  sigma: σ_R=7.0879e-02  σ_ω=1.8834e-01  β=1.0000e+00
  PL   : train=-9.6221e-01  test=-9.6997e-01  σ_φ̄(train)=2.3287e-04  σ_φ̄(test)=4.4122e-05  σ_obs_ω=5.0000e-01  λ_PL=1.00
  KL   : M=9.801e+02  V=3.744e+02  Dw=9.326e+02  g=1.770e+03  sigma=1.075e+02  total=4.165e+03
  subnet MSE  M=1.851e+00  V=1.290e+01  Dw=3.641e-02  g=2.923e-01
[step   3600]
  train: −ELBO=-5.0074e+00  NLL=-4.4420e+00  NLL_R=-3.6836e+00  NLL_ω=-7.5835e-01  MSE_R=1.5070e-02  MSE_ω=1.0595e-01
  test : −ELBO=-6.2344e+00  NLL=-5.6611e+00  NLL_R=-5.0863e+00  NLL_ω=-5.7482e-01  MSE_R=9.8663e-04  MSE_ω=1.1892e-01
  sigma: σ_R=7.0852e-02  σ_ω=1.8803e-01  β=1.0000e+00
  PL   : train=-9.6235e-01  test=-9.7009e-01  σ_φ̄(train)=2.2187e-04  σ_φ̄(test)=3.6010e-05  σ_obs_ω=5.0000e-01  λ_PL=1.00
  KL   : M=9.486e+02  V=3.720e+02  Dw=9.148e+02  g=1.729e+03  sigma=1.006e+02  total=4.065e+03
  subnet MSE  M=1.845e+00  V=1.293e+01  Dw=3.604e-02  g=2.924e-01
[step   3650]
  train: −ELBO=-5.0184e+00  NLL=-4.4468e+00  NLL_R=-3.6844e+00  NLL_ω=-7.6246e-01  MSE_R=1.5063e-02  MSE_ω=1.0566e-01
  test : −ELBO=-6.2588e+00  NLL=-5.6792e+00  NLL_R=-5.0873e+00  NLL_ω=-5.9189e-01  MSE_R=9.7733e-04  MSE_ω=1.1770e-01
  sigma: σ_R=7.0856e-02  σ_ω=1.8787e-01  β=1.0000e+00
  PL   : train=-9.6302e-01  test=-9.7090e-01  σ_φ̄(train)=2.1795e-04  σ_φ̄(test)=3.2239e-05  σ_obs_ω=5.0000e-01  λ_PL=1.00
  KL   : M=9.311e+02  V=3.706e+02  Dw=9.051e+02  g=1.705e+03  sigma=9.680e+01  total=4.009e+03
  subnet MSE  M=1.859e+00  V=1.294e+01  Dw=3.675e-02  g=2.939e-01
[step   3700]
  train: −ELBO=-5.0260e+00  NLL=-4.4497e+00  NLL_R=-3.6850e+00  NLL_ω=-7.6472e-01  MSE_R=1.5057e-02  MSE_ω=1.0550e-01
  test : −ELBO=-6.2472e+00  NLL=-5.6628e+00  NLL_R=-5.0862e+00  NLL_ω=-5.7660e-01  MSE_R=9.8590e-04  MSE_ω=1.1875e-01
  sigma: σ_R=7.0847e-02  σ_ω=1.8768e-01  β=1.0000e+00
  PL   : train=-9.6248e-01  test=-9.7038e-01  σ_φ̄(train)=2.0294e-04  σ_φ̄(test)=2.7866e-05  σ_obs_ω=5.0000e-01  λ_PL=1.00
  KL   : M=9.141e+02  V=3.690e+02  Dw=8.959e+02  g=1.682e+03  sigma=9.320e+01  total=3.954e+03
  subnet MSE  M=1.859e+00  V=1.292e+01  Dw=3.662e-02  g=2.934e-01
[step   3750]
  train: −ELBO=-5.0352e+00  NLL=-4.4535e+00  NLL_R=-3.6853e+00  NLL_ω=-7.6819e-01  MSE_R=1.5053e-02  MSE_ω=1.0525e-01
  test : −ELBO=-6.2454e+00  NLL=-5.6563e+00  NLL_R=-5.0887e+00  NLL_ω=-5.6758e-01  MSE_R=9.9020e-04  MSE_ω=1.1936e-01
  sigma: σ_R=7.0782e-02  σ_ω=1.8752e-01  β=1.0000e+00
  PL   : train=-9.6239e-01  test=-9.6976e-01  σ_φ̄(train)=1.8403e-04  σ_φ̄(test)=2.3044e-05  σ_obs_ω=5.0000e-01  λ_PL=1.00
  KL   : M=8.964e+02  V=3.675e+02  Dw=8.869e+02  g=1.658e+03  sigma=8.953e+01  total=3.899e+03
  subnet MSE  M=1.857e+00  V=1.293e+01  Dw=3.641e-02  g=2.923e-01
[step   3800]
  train: −ELBO=-5.0397e+00  NLL=-4.4517e+00  NLL_R=-3.6848e+00  NLL_ω=-7.6683e-01  MSE_R=1.5058e-02  MSE_ω=1.0535e-01
  test : −ELBO=-6.2308e+00  NLL=-5.6355e+00  NLL_R=-5.0849e+00  NLL_ω=-5.5058e-01  MSE_R=9.9973e-04  MSE_ω=1.2053e-01
  sigma: σ_R=7.0858e-02  σ_ω=1.8733e-01  β=1.0000e+00
  PL   : train=-9.6094e-01  test=-9.6803e-01  σ_φ̄(train)=1.6275e-04  σ_φ̄(test)=1.7202e-05  σ_obs_ω=5.0000e-01  λ_PL=1.00
  KL   : M=8.709e+02  V=3.651e+02  Dw=8.742e+02  g=1.624e+03  sigma=8.429e+01  total=3.818e+03
  subnet MSE  M=1.865e+00  V=1.297e+01  Dw=3.644e-02  g=2.899e-01
[step   3850]
  train: −ELBO=-5.0528e+00  NLL=-4.4572e+00  NLL_R=-3.6851e+00  NLL_ω=-7.7212e-01  MSE_R=1.5056e-02  MSE_ω=1.0498e-01
  test : −ELBO=-6.2510e+00  NLL=-5.6481e+00  NLL_R=-5.0858e+00  NLL_ω=-5.6229e-01  MSE_R=9.9233e-04  MSE_ω=1.1968e-01
  sigma: σ_R=7.0860e-02  σ_ω=1.8719e-01  β=1.0000e+00
  PL   : train=-9.6304e-01  test=-9.7035e-01  σ_φ̄(train)=1.4947e-04  σ_φ̄(test)=1.4199e-05  σ_obs_ω=5.0000e-01  λ_PL=1.00
  KL   : M=8.535e+02  V=3.634e+02  Dw=8.656e+02  g=1.600e+03  sigma=8.082e+01  total=3.763e+03
  subnet MSE  M=1.867e+00  V=1.293e+01  Dw=3.698e-02  g=2.939e-01
[step   3900]
  train: −ELBO=-5.0573e+00  NLL=-4.4571e+00  NLL_R=-3.6844e+00  NLL_ω=-7.7273e-01  MSE_R=1.5063e-02  MSE_ω=1.0493e-01
  test : −ELBO=-6.2465e+00  NLL=-5.6390e+00  NLL_R=-5.0865e+00  NLL_ω=-5.5253e-01  MSE_R=9.9896e-04  MSE_ω=1.2032e-01
  sigma: σ_R=7.0820e-02  σ_ω=1.8691e-01  β=1.0000e+00
  PL   : train=-9.6157e-01  test=-9.6858e-01  σ_φ̄(train)=1.2387e-04  σ_φ̄(test)=1.0865e-05  σ_obs_ω=5.0000e-01  λ_PL=1.00
  KL   : M=8.333e+02  V=3.614e+02  Dw=8.559e+02  g=1.572e+03  sigma=7.688e+01  total=3.700e+03
  subnet MSE  M=1.876e+00  V=1.292e+01  Dw=3.661e-02  g=2.910e-01
[step   3950]
  train: −ELBO=-5.0678e+00  NLL=-4.4614e+00  NLL_R=-3.6857e+00  NLL_ω=-7.7569e-01  MSE_R=1.5049e-02  MSE_ω=1.0473e-01
  test : −ELBO=-6.2551e+00  NLL=-5.6418e+00  NLL_R=-5.0857e+00  NLL_ω=-5.5607e-01  MSE_R=9.9656e-04  MSE_ω=1.2007e-01
  sigma: σ_R=7.0850e-02  σ_ω=1.8687e-01  β=1.0000e+00
  PL   : train=-9.6253e-01  test=-9.6940e-01  σ_φ̄(train)=1.2419e-04  σ_φ̄(test)=9.3686e-06  σ_obs_ω=5.0000e-01  λ_PL=1.00
  KL   : M=8.163e+02  V=3.597e+02  Dw=8.480e+02  g=1.550e+03  sigma=7.346e+01  total=3.647e+03
  subnet MSE  M=1.886e+00  V=1.292e+01  Dw=3.657e-02  g=2.925e-01
[step   4000]
  train: −ELBO=-5.0756e+00  NLL=-4.4650e+00  NLL_R=-3.6853e+00  NLL_ω=-7.7965e-01  MSE_R=1.5053e-02  MSE_ω=1.0445e-01
  test : −ELBO=-6.2618e+00  NLL=-5.6442e+00  NLL_R=-5.0862e+00  NLL_ω=-5.5802e-01  MSE_R=9.9629e-04  MSE_ω=1.1990e-01
  sigma: σ_R=7.0833e-02  σ_ω=1.8670e-01  β=1.0000e+00
  PL   : train=-9.6219e-01  test=-9.6908e-01  σ_φ̄(train)=1.0891e-04  σ_φ̄(test)=7.3959e-06  σ_obs_ω=5.0000e-01  λ_PL=1.00
  KL   : M=8.012e+02  V=3.582e+02  Dw=8.406e+02  g=1.529e+03  sigma=7.067e+01  total=3.600e+03
  subnet MSE  M=1.891e+00  V=1.290e+01  Dw=3.753e-02  g=2.924e-01
[step   4050]
  train: −ELBO=-5.0843e+00  NLL=-4.4673e+00  NLL_R=-3.6853e+00  NLL_ω=-7.8195e-01  MSE_R=1.5054e-02  MSE_ω=1.0429e-01
  test : −ELBO=-6.2552e+00  NLL=-5.6318e+00  NLL_R=-5.0859e+00  NLL_ω=-5.4593e-01  MSE_R=1.0014e-03  MSE_ω=1.2071e-01
  sigma: σ_R=7.0820e-02  σ_ω=1.8651e-01  β=1.0000e+00
  PL   : train=-9.6276e-01  test=-9.6902e-01  σ_φ̄(train)=9.5396e-05  σ_φ̄(test)=6.2316e-06  σ_obs_ω=5.0000e-01  λ_PL=1.00
  KL   : M=7.822e+02  V=3.562e+02  Dw=8.317e+02  g=1.503e+03  sigma=6.690e+01  total=3.540e+03
  subnet MSE  M=1.874e+00  V=1.297e+01  Dw=3.658e-02  g=2.929e-01
[step   4100]
  train: −ELBO=-5.0883e+00  NLL=-4.4673e+00  NLL_R=-3.6852e+00  NLL_ω=-7.8213e-01  MSE_R=1.5055e-02  MSE_ω=1.0428e-01
  test : −ELBO=-6.2642e+00  NLL=-5.6365e+00  NLL_R=-5.0854e+00  NLL_ω=-5.5112e-01  MSE_R=9.9858e-04  MSE_ω=1.2036e-01
  sigma: σ_R=7.0847e-02  σ_ω=1.8657e-01  β=1.0000e+00
  PL   : train=-9.6307e-01  test=-9.6972e-01  σ_φ̄(train)=1.0199e-04  σ_φ̄(test)=5.3372e-06  σ_obs_ω=5.0000e-01  λ_PL=1.00
  KL   : M=7.706e+02  V=3.549e+02  Dw=8.262e+02  g=1.487e+03  sigma=6.468e+01  total=3.503e+03
  subnet MSE  M=1.893e+00  V=1.295e+01  Dw=3.684e-02  g=2.935e-01
[step   4150]
  train: −ELBO=-5.0961e+00  NLL=-4.4716e+00  NLL_R=-3.6855e+00  NLL_ω=-7.8608e-01  MSE_R=1.5052e-02  MSE_ω=1.0400e-01
  test : −ELBO=-6.2625e+00  NLL=-5.6308e+00  NLL_R=-5.0855e+00  NLL_ω=-5.4530e-01  MSE_R=1.0013e-03  MSE_ω=1.2072e-01
  sigma: σ_R=7.0819e-02  σ_ω=1.8633e-01  β=1.0000e+00
  PL   : train=-9.6251e-01  test=-9.6956e-01  σ_φ̄(train)=7.9057e-05  σ_φ̄(test)=4.3731e-06  σ_obs_ω=5.0000e-01  λ_PL=1.00
  KL   : M=7.571e+02  V=3.534e+02  Dw=8.203e+02  g=1.468e+03  sigma=6.221e+01  total=3.461e+03
  subnet MSE  M=1.891e+00  V=1.299e+01  Dw=3.725e-02  g=2.934e-01
[step   4200]
  train: −ELBO=-5.1001e+00  NLL=-4.4714e+00  NLL_R=-3.6863e+00  NLL_ω=-7.8505e-01  MSE_R=1.5043e-02  MSE_ω=1.0408e-01
  test : −ELBO=-6.2703e+00  NLL=-5.6347e+00  NLL_R=-5.0903e+00  NLL_ω=-5.4444e-01  MSE_R=1.0019e-03  MSE_ω=1.2078e-01
  sigma: σ_R=7.0722e-02  σ_ω=1.8633e-01  β=1.0000e+00
  PL   : train=-9.6261e-01  test=-9.6933e-01  σ_φ̄(train)=9.9624e-05  σ_φ̄(test)=4.0118e-06  σ_obs_ω=5.0000e-01  λ_PL=1.00
  KL   : M=7.434e+02  V=3.518e+02  Dw=8.143e+02  g=1.449e+03  sigma=5.955e+01  total=3.418e+03
  subnet MSE  M=1.892e+00  V=1.294e+01  Dw=3.716e-02  g=2.928e-01
[step   4250]
  train: −ELBO=-5.1085e+00  NLL=-4.4738e+00  NLL_R=-3.6868e+00  NLL_ω=-7.8704e-01  MSE_R=1.5039e-02  MSE_ω=1.0394e-01
  test : −ELBO=-6.2782e+00  NLL=-5.6367e+00  NLL_R=-5.0841e+00  NLL_ω=-5.5259e-01  MSE_R=9.9690e-04  MSE_ω=1.2017e-01
  sigma: σ_R=7.0892e-02  σ_ω=1.8608e-01  β=1.0000e+00
  PL   : train=-9.6344e-01  test=-9.7013e-01  σ_φ̄(train)=8.3024e-05  σ_φ̄(test)=3.2619e-06  σ_obs_ω=5.0000e-01  λ_PL=1.00
  KL   : M=7.268e+02  V=3.497e+02  Dw=8.068e+02  g=1.426e+03  sigma=5.654e+01  total=3.366e+03
  subnet MSE  M=1.897e+00  V=1.298e+01  Dw=3.709e-02  g=2.944e-01
[step   4300]
  train: −ELBO=-5.1153e+00  NLL=-4.4767e+00  NLL_R=-3.6866e+00  NLL_ω=-7.9012e-01  MSE_R=1.5041e-02  MSE_ω=1.0372e-01
  test : −ELBO=-6.2743e+00  NLL=-5.6293e+00  NLL_R=-5.0859e+00  NLL_ω=-5.4339e-01  MSE_R=1.0021e-03  MSE_ω=1.2078e-01
  sigma: σ_R=7.0819e-02  σ_ω=1.8593e-01  β=1.0000e+00
  PL   : train=-9.6253e-01  test=-9.6886e-01  σ_φ̄(train)=7.4368e-05  σ_φ̄(test)=2.6862e-06  σ_obs_ω=5.0000e-01  λ_PL=1.00
  KL   : M=7.114e+02  V=3.477e+02  Dw=8.005e+02  g=1.404e+03  sigma=5.378e+01  total=3.317e+03
  subnet MSE  M=1.899e+00  V=1.296e+01  Dw=3.778e-02  g=2.927e-01
[step   4350]
  train: −ELBO=-5.1203e+00  NLL=-4.4771e+00  NLL_R=-3.6866e+00  NLL_ω=-7.9054e-01  MSE_R=1.5041e-02  MSE_ω=1.0370e-01
  test : −ELBO=-6.2853e+00  NLL=-5.6357e+00  NLL_R=-5.0886e+00  NLL_ω=-5.4710e-01  MSE_R=1.0004e-03  MSE_ω=1.2052e-01
  sigma: σ_R=7.0775e-02  σ_ω=1.8591e-01  β=1.0000e+00
  PL   : train=-9.6371e-01  test=-9.7008e-01  σ_φ̄(train)=5.9555e-05  σ_φ̄(test)=2.2898e-06  σ_obs_ω=5.0000e-01  λ_PL=1.00
  KL   : M=7.001e+02  V=3.463e+02  Dw=7.955e+02  g=1.389e+03  sigma=5.185e+01  total=3.283e+03
  subnet MSE  M=1.907e+00  V=1.296e+01  Dw=3.737e-02  g=2.952e-01
[step   4400]
  train: −ELBO=-5.1267e+00  NLL=-4.4793e+00  NLL_R=-3.6871e+00  NLL_ω=-7.9227e-01  MSE_R=1.5036e-02  MSE_ω=1.0358e-01
  test : −ELBO=-6.2775e+00  NLL=-5.6239e+00  NLL_R=-5.0867e+00  NLL_ω=-5.3722e-01  MSE_R=1.0048e-03  MSE_ω=1.2119e-01
  sigma: σ_R=7.0801e-02  σ_ω=1.8581e-01  β=1.0000e+00
  PL   : train=-9.6344e-01  test=-9.6968e-01  σ_φ̄(train)=8.6251e-05  σ_φ̄(test)=1.7692e-06  σ_obs_ω=5.0000e-01  λ_PL=1.00
  KL   : M=6.856e+02  V=3.443e+02  Dw=7.892e+02  g=1.368e+03  sigma=4.943e+01  total=3.237e+03
  subnet MSE  M=1.912e+00  V=1.290e+01  Dw=3.720e-02  g=2.942e-01
[step   4450]
  train: −ELBO=-5.1378e+00  NLL=-4.4840e+00  NLL_R=-3.6874e+00  NLL_ω=-7.9666e-01  MSE_R=1.5033e-02  MSE_ω=1.0327e-01
  test : −ELBO=-6.2791e+00  NLL=-5.6191e+00  NLL_R=-5.0871e+00  NLL_ω=-5.3199e-01  MSE_R=1.0070e-03  MSE_ω=1.2151e-01
  sigma: σ_R=7.0790e-02  σ_ω=1.8561e-01  β=1.0000e+00
  PL   : train=-9.6378e-01  test=-9.7000e-01  σ_φ̄(train)=4.8266e-05  σ_φ̄(test)=1.1006e-06  σ_obs_ω=5.0000e-01  λ_PL=1.00
  KL   : M=6.660e+02  V=3.414e+02  Dw=7.808e+02  g=1.340e+03  sigma=4.650e+01  total=3.175e+03
  subnet MSE  M=1.906e+00  V=1.292e+01  Dw=3.682e-02  g=2.947e-01
[step   4500]
  train: −ELBO=-5.1456e+00  NLL=-4.4868e+00  NLL_R=-3.6874e+00  NLL_ω=-7.9940e-01  MSE_R=1.5033e-02  MSE_ω=1.0309e-01
  test : −ELBO=-6.2851e+00  NLL=-5.6201e+00  NLL_R=-5.0870e+00  NLL_ω=-5.3305e-01  MSE_R=1.0059e-03  MSE_ω=1.2138e-01
  sigma: σ_R=7.0785e-02  σ_ω=1.8533e-01  β=1.0000e+00
  PL   : train=-9.6367e-01  test=-9.6981e-01  σ_φ̄(train)=9.3771e-05  σ_φ̄(test)=8.4950e-07  σ_obs_ω=5.0000e-01  λ_PL=1.00
  KL   : M=6.494e+02  V=3.388e+02  Dw=7.738e+02  g=1.316e+03  sigma=4.385e+01  total=3.121e+03
  subnet MSE  M=1.908e+00  V=1.289e+01  Dw=3.741e-02  g=2.945e-01
[step   4550]
  train: −ELBO=-5.1494e+00  NLL=-4.4867e+00  NLL_R=-3.6872e+00  NLL_ω=-7.9948e-01  MSE_R=1.5034e-02  MSE_ω=1.0308e-01
  test : −ELBO=-6.2758e+00  NLL=-5.6069e+00  NLL_R=-5.0865e+00  NLL_ω=-5.2036e-01  MSE_R=1.0130e-03  MSE_ω=1.2224e-01
  sigma: σ_R=7.0783e-02  σ_ω=1.8525e-01  β=1.0000e+00
  PL   : train=-9.6344e-01  test=-9.6961e-01  σ_φ̄(train)=4.0219e-05  σ_φ̄(test)=7.1242e-07  σ_obs_ω=5.0000e-01  λ_PL=1.00
  KL   : M=6.362e+02  V=3.366e+02  Dw=7.687e+02  g=1.296e+03  sigma=4.182e+01  total=3.080e+03
  subnet MSE  M=1.904e+00  V=1.291e+01  Dw=3.679e-02  g=2.942e-01
[step   4600]
  train: −ELBO=-5.1547e+00  NLL=-4.4879e+00  NLL_R=-3.6874e+00  NLL_ω=-8.0043e-01  MSE_R=1.5032e-02  MSE_ω=1.0301e-01
  test : −ELBO=-6.2826e+00  NLL=-5.6097e+00  NLL_R=-5.0872e+00  NLL_ω=-5.2251e-01  MSE_R=1.0120e-03  MSE_ω=1.2209e-01
  sigma: σ_R=7.0764e-02  σ_ω=1.8524e-01  β=1.0000e+00
  PL   : train=-9.6373e-01  test=-9.6967e-01  σ_φ̄(train)=4.2715e-05  σ_φ̄(test)=6.5335e-07  σ_obs_ω=5.0000e-01  λ_PL=1.00
  KL   : M=6.242e+02  V=3.346e+02  Dw=7.637e+02  g=1.278e+03  sigma=3.968e+01  total=3.040e+03
  subnet MSE  M=1.918e+00  V=1.292e+01  Dw=3.702e-02  g=2.946e-01
[step   4650]
  train: −ELBO=-5.1607e+00  NLL=-4.4894e+00  NLL_R=-3.6881e+00  NLL_ω=-8.0124e-01  MSE_R=1.5025e-02  MSE_ω=1.0296e-01
  test : −ELBO=-6.2830e+00  NLL=-5.6055e+00  NLL_R=-5.0856e+00  NLL_ω=-5.1994e-01  MSE_R=1.0129e-03  MSE_ω=1.2223e-01
  sigma: σ_R=7.0800e-02  σ_ω=1.8507e-01  β=1.0000e+00
  PL   : train=-9.6363e-01  test=-9.6968e-01  σ_φ̄(train)=6.1909e-05  σ_φ̄(test)=5.1797e-07  σ_obs_ω=5.0000e-01  λ_PL=1.00
  KL   : M=6.097e+02  V=3.321e+02  Dw=7.578e+02  g=1.256e+03  sigma=3.736e+01  total=2.993e+03
  subnet MSE  M=1.927e+00  V=1.294e+01  Dw=3.734e-02  g=2.945e-01
[step   4700]
  train: −ELBO=-5.1688e+00  NLL=-4.4940e+00  NLL_R=-3.6878e+00  NLL_ω=-8.0623e-01  MSE_R=1.5029e-02  MSE_ω=1.0262e-01
  test : −ELBO=-6.2730e+00  NLL=-5.5926e+00  NLL_R=-5.0841e+00  NLL_ω=-5.0850e-01  MSE_R=1.0194e-03  MSE_ω=1.2296e-01
  sigma: σ_R=7.0833e-02  σ_ω=1.8485e-01  β=1.0000e+00
  PL   : train=-9.6276e-01  test=-9.6843e-01  σ_φ̄(train)=9.3844e-05  σ_φ̄(test)=4.1350e-07  σ_obs_ω=5.0000e-01  λ_PL=1.00
  KL   : M=5.960e+02  V=3.297e+02  Dw=7.525e+02  g=1.236e+03  sigma=3.527e+01  total=2.949e+03
  subnet MSE  M=1.926e+00  V=1.289e+01  Dw=3.776e-02  g=2.927e-01
[step   4750]
  train: −ELBO=-5.1787e+00  NLL=-4.4988e+00  NLL_R=-3.6882e+00  NLL_ω=-8.1064e-01  MSE_R=1.5025e-02  MSE_ω=1.0232e-01
  test : −ELBO=-6.2729e+00  NLL=-5.5874e+00  NLL_R=-5.0858e+00  NLL_ω=-5.0162e-01  MSE_R=1.0224e-03  MSE_ω=1.2342e-01
  sigma: σ_R=7.0778e-02  σ_ω=1.8481e-01  β=1.0000e+00
  PL   : train=-9.6364e-01  test=-9.6915e-01  σ_φ̄(train)=3.6557e-05  σ_φ̄(test)=3.4644e-07  σ_obs_ω=5.0000e-01  λ_PL=1.00
  KL   : M=5.823e+02  V=3.271e+02  Dw=7.470e+02  g=1.216e+03  sigma=3.324e+01  total=2.905e+03
  subnet MSE  M=1.930e+00  V=1.291e+01  Dw=3.811e-02  g=2.942e-01
[step   4800]
  train: −ELBO=-5.1847e+00  NLL=-4.5002e+00  NLL_R=-3.6880e+00  NLL_ω=-8.1221e-01  MSE_R=1.5027e-02  MSE_ω=1.0221e-01
  test : −ELBO=-6.2751e+00  NLL=-5.5851e+00  NLL_R=-5.0854e+00  NLL_ω=-4.9971e-01  MSE_R=1.0232e-03  MSE_ω=1.2351e-01
  sigma: σ_R=7.0784e-02  σ_ω=1.8462e-01  β=1.0000e+00
  PL   : train=-9.6365e-01  test=-9.6901e-01  σ_φ̄(train)=3.9996e-05  σ_φ̄(test)=2.2568e-07  σ_obs_ω=5.0000e-01  λ_PL=1.00
  KL   : M=5.678e+02  V=3.242e+02  Dw=7.414e+02  g=1.193e+03  sigma=3.143e+01  total=2.858e+03
  subnet MSE  M=1.931e+00  V=1.296e+01  Dw=3.763e-02  g=2.941e-01
[step   4850]
  train: −ELBO=-5.1896e+00  NLL=-4.5011e+00  NLL_R=-3.6885e+00  NLL_ω=-8.1255e-01  MSE_R=1.5021e-02  MSE_ω=1.0219e-01
  test : −ELBO=-6.2792e+00  NLL=-5.5853e+00  NLL_R=-5.0869e+00  NLL_ω=-4.9848e-01  MSE_R=1.0242e-03  MSE_ω=1.2358e-01
  sigma: σ_R=7.0741e-02  σ_ω=1.8455e-01  β=1.0000e+00
  PL   : train=-9.6401e-01  test=-9.6930e-01  σ_φ̄(train)=2.5670e-05  σ_φ̄(test)=1.6199e-07  σ_obs_ω=5.0000e-01  λ_PL=1.00
  KL   : M=5.567e+02  V=3.219e+02  Dw=7.370e+02  g=1.176e+03  sigma=3.020e+01  total=2.821e+03
  subnet MSE  M=1.935e+00  V=1.291e+01  Dw=3.767e-02  g=2.950e-01
[step   4900]
  train: −ELBO=-5.2026e+00  NLL=-4.5091e+00  NLL_R=-3.6885e+00  NLL_ω=-8.2059e-01  MSE_R=1.5021e-02  MSE_ω=1.0164e-01
  test : −ELBO=-6.2817e+00  NLL=-5.5827e+00  NLL_R=-5.0852e+00  NLL_ω=-4.9747e-01  MSE_R=1.0242e-03  MSE_ω=1.2360e-01
  sigma: σ_R=7.0814e-02  σ_ω=1.8433e-01  β=1.0000e+00
  PL   : train=-9.6358e-01  test=-9.6906e-01  σ_φ̄(train)=2.6678e-05  σ_φ̄(test)=1.2771e-07  σ_obs_ω=5.0000e-01  λ_PL=1.00
  KL   : M=5.399e+02  V=3.182e+02  Dw=7.307e+02  g=1.149e+03  sigma=2.797e+01  total=2.766e+03
  subnet MSE  M=1.940e+00  V=1.292e+01  Dw=3.745e-02  g=2.944e-01
[step   4950]
  train: −ELBO=-5.2087e+00  NLL=-4.5110e+00  NLL_R=-3.6893e+00  NLL_ω=-8.2167e-01  MSE_R=1.5014e-02  MSE_ω=1.0157e-01
  test : −ELBO=-6.2759e+00  NLL=-5.5728e+00  NLL_R=-5.0855e+00  NLL_ω=-4.8729e-01  MSE_R=1.0285e-03  MSE_ω=1.2424e-01
  sigma: σ_R=7.0742e-02  σ_ω=1.8412e-01  β=1.0000e+00
  PL   : train=-9.6366e-01  test=-9.6887e-01  σ_φ̄(train)=1.6782e-05  σ_φ̄(test)=9.0947e-08  σ_obs_ω=5.0000e-01  λ_PL=1.00
  KL   : M=5.266e+02  V=3.152e+02  Dw=7.258e+02  g=1.128e+03  sigma=2.654e+01  total=2.723e+03
  subnet MSE  M=1.945e+00  V=1.294e+01  Dw=3.741e-02  g=2.942e-01
[step   5000]
  train: −ELBO=-5.2112e+00  NLL=-4.5091e+00  NLL_R=-3.6886e+00  NLL_ω=-8.2055e-01  MSE_R=1.5021e-02  MSE_ω=1.0164e-01
  test : −ELBO=-6.2767e+00  NLL=-5.5694e+00  NLL_R=-5.0857e+00  NLL_ω=-4.8377e-01  MSE_R=1.0299e-03  MSE_ω=1.2446e-01
  sigma: σ_R=7.0756e-02  σ_ω=1.8406e-01  β=1.0000e+00
  PL   : train=-9.6392e-01  test=-9.6901e-01  σ_φ̄(train)=3.5457e-05  σ_φ̄(test)=8.5787e-08  σ_obs_ω=5.0000e-01  λ_PL=1.00
  KL   : M=5.139e+02  V=3.122e+02  Dw=7.217e+02  g=1.109e+03  sigma=2.477e+01  total=2.681e+03
  subnet MSE  M=1.945e+00  V=1.293e+01  Dw=3.794e-02  g=2.946e-01
[step   5050]
  train: −ELBO=-5.2187e+00  NLL=-4.5129e+00  NLL_R=-3.6895e+00  NLL_ω=-8.2342e-01  MSE_R=1.5011e-02  MSE_ω=1.0145e-01
  test : −ELBO=-6.2821e+00  NLL=-5.5710e+00  NLL_R=-5.0868e+00  NLL_ω=-4.8424e-01  MSE_R=1.0296e-03  MSE_ω=1.2441e-01
  sigma: σ_R=7.0740e-02  σ_ω=1.8399e-01  β=1.0000e+00
  PL   : train=-9.6391e-01  test=-9.6920e-01  σ_φ̄(train)=4.9974e-05  σ_φ̄(test)=4.4927e-08  σ_obs_ω=5.0000e-01  λ_PL=1.00
  KL   : M=5.023e+02  V=3.093e+02  Dw=7.175e+02  g=1.090e+03  sigma=2.409e+01  total=2.643e+03
  subnet MSE  M=1.947e+00  V=1.296e+01  Dw=3.745e-02  g=2.947e-01
[step   5100]
  train: −ELBO=-5.2213e+00  NLL=-4.5121e+00  NLL_R=-3.6897e+00  NLL_ω=-8.2233e-01  MSE_R=1.5009e-02  MSE_ω=1.0152e-01
  test : −ELBO=-6.2851e+00  NLL=-5.5708e+00  NLL_R=-5.0894e+00  NLL_ω=-4.8140e-01  MSE_R=1.0307e-03  MSE_ω=1.2455e-01
  sigma: σ_R=7.0636e-02  σ_ω=1.8376e-01  β=1.0000e+00
  PL   : train=-9.6424e-01  test=-9.6922e-01  σ_φ̄(train)=9.3935e-06  σ_φ̄(test)=3.5572e-08  σ_obs_ω=5.0000e-01  λ_PL=1.00
  KL   : M=4.926e+02  V=3.067e+02  Dw=7.141e+02  g=1.075e+03  sigma=2.327e+01  total=2.612e+03
  subnet MSE  M=1.943e+00  V=1.280e+01  Dw=3.723e-02  g=2.950e-01
[step   5150]
  train: −ELBO=-5.2238e+00  NLL=-4.5132e+00  NLL_R=-3.6891e+00  NLL_ω=-8.2409e-01  MSE_R=1.5016e-02  MSE_ω=1.0140e-01
  test : −ELBO=-6.2910e+00  NLL=-5.5752e+00  NLL_R=-5.0865e+00  NLL_ω=-4.8873e-01  MSE_R=1.0277e-03  MSE_ω=1.2409e-01
  sigma: σ_R=7.0751e-02  σ_ω=1.8393e-01  β=1.0000e+00
  PL   : train=-9.6295e-01  test=-9.6812e-01  σ_φ̄(train)=1.0223e-05  σ_φ̄(test)=2.6140e-08  σ_obs_ω=5.0000e-01  λ_PL=1.00
  KL   : M=4.844e+02  V=3.044e+02  Dw=7.112e+02  g=1.061e+03  sigma=2.292e+01  total=2.584e+03
  subnet MSE  M=1.954e+00  V=1.287e+01  Dw=3.782e-02  g=2.929e-01
[step   5200]
  train: −ELBO=-5.2322e+00  NLL=-4.5179e+00  NLL_R=-3.6897e+00  NLL_ω=-8.2813e-01  MSE_R=1.5009e-02  MSE_ω=1.0113e-01
  test : −ELBO=-6.2724e+00  NLL=-5.5537e+00  NLL_R=-5.0857e+00  NLL_ω=-4.6800e-01  MSE_R=1.0384e-03  MSE_ω=1.2545e-01
  sigma: σ_R=7.0751e-02  σ_ω=1.8376e-01  β=1.0000e+00
  PL   : train=-9.6359e-01  test=-9.6796e-01  σ_φ̄(train)=1.3125e-05  σ_φ̄(test)=2.1476e-08  σ_obs_ω=5.0000e-01  λ_PL=1.00
  KL   : M=4.746e+02  V=3.018e+02  Dw=7.079e+02  g=1.046e+03  sigma=2.213e+01  total=2.553e+03
  subnet MSE  M=1.956e+00  V=1.292e+01  Dw=3.766e-02  g=2.936e-01
[step   5250]
  train: −ELBO=-5.2411e+00  NLL=-4.5223e+00  NLL_R=-3.6898e+00  NLL_ω=-8.3251e-01  MSE_R=1.5008e-02  MSE_ω=1.0084e-01
  test : −ELBO=-6.2723e+00  NLL=-5.5491e+00  NLL_R=-5.0869e+00  NLL_ω=-4.6221e-01  MSE_R=1.0409e-03  MSE_ω=1.2575e-01
  sigma: σ_R=7.0681e-02  σ_ω=1.8342e-01  β=1.0000e+00
  PL   : train=-9.6373e-01  test=-9.6807e-01  σ_φ̄(train)=1.0160e-05  σ_φ̄(test)=2.0513e-08  σ_obs_ω=5.0000e-01  λ_PL=1.00
  KL   : M=4.612e+02  V=2.979e+02  Dw=7.035e+02  g=1.025e+03  sigma=2.073e+01  total=2.509e+03
  subnet MSE  M=1.960e+00  V=1.286e+01  Dw=3.756e-02  g=2.939e-01
[step   5300]
  train: −ELBO=-5.2457e+00  NLL=-4.5236e+00  NLL_R=-3.6889e+00  NLL_ω=-8.3467e-01  MSE_R=1.5017e-02  MSE_ω=1.0069e-01
  test : −ELBO=-6.2669e+00  NLL=-5.5406e+00  NLL_R=-5.0847e+00  NLL_ω=-4.5596e-01  MSE_R=1.0436e-03  MSE_ω=1.2612e-01
  sigma: σ_R=7.0751e-02  σ_ω=1.8323e-01  β=1.0000e+00
  PL   : train=-9.6354e-01  test=-9.6771e-01  σ_φ̄(train)=6.3408e-06  σ_φ̄(test)=1.1909e-08  σ_obs_ω=5.0000e-01  λ_PL=1.00
  KL   : M=4.499e+02  V=2.946e+02  Dw=7.003e+02  g=1.007e+03  sigma=2.023e+01  total=2.472e+03
  subnet MSE  M=1.959e+00  V=1.291e+01  Dw=3.773e-02  g=2.932e-01
[step   5350]
  train: −ELBO=-5.2507e+00  NLL=-4.5257e+00  NLL_R=-3.6900e+00  NLL_ω=-8.3562e-01  MSE_R=1.5006e-02  MSE_ω=1.0063e-01
  test : −ELBO=-6.2857e+00  NLL=-5.5560e+00  NLL_R=-5.0867e+00  NLL_ω=-4.6926e-01  MSE_R=1.0357e-03  MSE_ω=1.2522e-01
  sigma: σ_R=7.0715e-02  σ_ω=1.8321e-01  β=1.0000e+00
  PL   : train=-9.6462e-01  test=-9.6922e-01  σ_φ̄(train)=5.0420e-06  σ_φ̄(test)=1.0381e-08  σ_obs_ω=5.0000e-01  λ_PL=1.00
  KL   : M=4.441e+02  V=2.927e+02  Dw=6.987e+02  g=9.976e+02  sigma=1.993e+01  total=2.453e+03
  subnet MSE  M=1.960e+00  V=1.292e+01  Dw=3.756e-02  g=2.955e-01
[step   5400]
  train: −ELBO=-5.2524e+00  NLL=-4.5261e+00  NLL_R=-3.6905e+00  NLL_ω=-8.3563e-01  MSE_R=1.5002e-02  MSE_ω=1.0063e-01
  test : −ELBO=-6.2666e+00  NLL=-5.5361e+00  NLL_R=-5.0846e+00  NLL_ω=-4.5143e-01  MSE_R=1.0452e-03  MSE_ω=1.2639e-01
  sigma: σ_R=7.0744e-02  σ_ω=1.8311e-01  β=1.0000e+00
  PL   : train=-9.6376e-01  test=-9.6798e-01  σ_φ̄(train)=7.3407e-06  σ_φ̄(test)=1.0990e-08  σ_obs_ω=5.0000e-01  λ_PL=1.00
  KL   : M=4.378e+02  V=2.906e+02  Dw=6.962e+02  g=9.873e+02  sigma=1.925e+01  total=2.431e+03
  subnet MSE  M=1.962e+00  V=1.292e+01  Dw=3.770e-02  g=2.935e-01
[step   5450]
  train: −ELBO=-5.2597e+00  NLL=-4.5309e+00  NLL_R=-3.6898e+00  NLL_ω=-8.4109e-01  MSE_R=1.5008e-02  MSE_ω=1.0026e-01
  test : −ELBO=-6.2694e+00  NLL=-5.5361e+00  NLL_R=-5.0849e+00  NLL_ω=-4.5117e-01  MSE_R=1.0463e-03  MSE_ω=1.2639e-01
  sigma: σ_R=7.0751e-02  σ_ω=1.8307e-01  β=1.0000e+00
  PL   : train=-9.6414e-01  test=-9.6857e-01  σ_φ̄(train)=7.9058e-06  σ_φ̄(test)=1.0022e-08  σ_obs_ω=5.0000e-01  λ_PL=1.00
  KL   : M=4.318e+02  V=2.884e+02  Dw=6.942e+02  g=9.769e+02  sigma=1.874e+01  total=2.410e+03
  subnet MSE  M=1.963e+00  V=1.293e+01  Dw=3.801e-02  g=2.945e-01
[step   5500]
  train: −ELBO=-5.2600e+00  NLL=-4.5282e+00  NLL_R=-3.6896e+00  NLL_ω=-8.3861e-01  MSE_R=1.5011e-02  MSE_ω=1.0043e-01
  test : −ELBO=-6.2733e+00  NLL=-5.5372e+00  NLL_R=-5.0854e+00  NLL_ω=-4.5179e-01  MSE_R=1.0451e-03  MSE_ω=1.2635e-01
  sigma: σ_R=7.0731e-02  σ_ω=1.8308e-01  β=1.0000e+00
  PL   : train=-9.6464e-01  test=-9.6890e-01  σ_φ̄(train)=1.0191e-05  σ_φ̄(test)=1.0528e-08  σ_obs_ω=5.0000e-01  λ_PL=1.00
  KL   : M=4.248e+02  V=2.857e+02  Dw=6.917e+02  g=9.639e+02  sigma=1.795e+01  total=2.384e+03
  subnet MSE  M=1.964e+00  V=1.293e+01  Dw=3.758e-02  g=2.953e-01
[step   5550]
  train: −ELBO=-5.2639e+00  NLL=-4.5296e+00  NLL_R=-3.6900e+00  NLL_ω=-8.3960e-01  MSE_R=1.5006e-02  MSE_ω=1.0036e-01
  test : −ELBO=-6.2730e+00  NLL=-5.5344e+00  NLL_R=-5.0869e+00  NLL_ω=-4.4747e-01  MSE_R=1.0468e-03  MSE_ω=1.2660e-01
  sigma: σ_R=7.0717e-02  σ_ω=1.8291e-01  β=1.0000e+00
  PL   : train=-9.6427e-01  test=-9.6850e-01  σ_φ̄(train)=1.5504e-05  σ_φ̄(test)=8.9118e-09  σ_obs_ω=5.0000e-01  λ_PL=1.00
  KL   : M=4.163e+02  V=2.826e+02  Dw=6.891e+02  g=9.502e+02  sigma=1.727e+01  total=2.355e+03
  subnet MSE  M=1.969e+00  V=1.290e+01  Dw=3.750e-02  g=2.945e-01
[step   5600]
  train: −ELBO=-5.2692e+00  NLL=-4.5321e+00  NLL_R=-3.6895e+00  NLL_ω=-8.4255e-01  MSE_R=1.5012e-02  MSE_ω=1.0016e-01
  test : −ELBO=-6.2731e+00  NLL=-5.5318e+00  NLL_R=-5.0853e+00  NLL_ω=-4.4643e-01  MSE_R=1.0469e-03  MSE_ω=1.2662e-01
  sigma: σ_R=7.0713e-02  σ_ω=1.8273e-01  β=1.0000e+00
  PL   : train=-9.6480e-01  test=-9.6890e-01  σ_φ̄(train)=5.3823e-06  σ_φ̄(test)=5.0087e-09  σ_obs_ω=5.0000e-01  λ_PL=1.00
  KL   : M=4.088e+02  V=2.798e+02  Dw=6.871e+02  g=9.377e+02  sigma=1.741e+01  total=2.331e+03
  subnet MSE  M=1.972e+00  V=1.290e+01  Dw=3.773e-02  g=2.954e-01
[step   5650]
  train: −ELBO=-5.2753e+00  NLL=-4.5361e+00  NLL_R=-3.6909e+00  NLL_ω=-8.4516e-01  MSE_R=1.4997e-02  MSE_ω=9.9988e-02
  test : −ELBO=-6.2655e+00  NLL=-5.5229e+00  NLL_R=-5.0856e+00  NLL_ω=-4.3738e-01  MSE_R=1.0516e-03  MSE_ω=1.2714e-01
  sigma: σ_R=7.0720e-02  σ_ω=1.8247e-01  β=1.0000e+00
  PL   : train=-9.6413e-01  test=-9.6750e-01  σ_φ̄(train)=3.7937e-06  σ_φ̄(test)=4.1005e-09  σ_obs_ω=5.0000e-01  λ_PL=1.00
  KL   : M=4.005e+02  V=2.764e+02  Dw=6.850e+02  g=9.246e+02  sigma=1.701e+01  total=2.304e+03
  subnet MSE  M=1.975e+00  V=1.290e+01  Dw=3.716e-02  g=2.942e-01
[step   5700]
  train: −ELBO=-5.2783e+00  NLL=-4.5375e+00  NLL_R=-3.6908e+00  NLL_ω=-8.4662e-01  MSE_R=1.4998e-02  MSE_ω=9.9891e-02
  test : −ELBO=-6.2422e+00  NLL=-5.4977e+00  NLL_R=-5.0854e+00  NLL_ω=-4.1228e-01  MSE_R=1.0660e-03  MSE_ω=1.2880e-01
  sigma: σ_R=7.0670e-02  σ_ω=1.8245e-01  β=1.0000e+00
  PL   : train=-9.6364e-01  test=-9.6725e-01  σ_φ̄(train)=2.2737e-05  σ_φ̄(test)=3.9846e-09  σ_obs_ω=5.0000e-01  λ_PL=1.00
  KL   : M=3.940e+02  V=2.737e+02  Dw=6.833e+02  g=9.140e+02  sigma=1.650e+01  total=2.281e+03
  subnet MSE  M=1.975e+00  V=1.302e+01  Dw=3.751e-02  g=2.932e-01
[step   5750]
  train: −ELBO=-5.2835e+00  NLL=-4.5399e+00  NLL_R=-3.6910e+00  NLL_ω=-8.4885e-01  MSE_R=1.4996e-02  MSE_ω=9.9742e-02
  test : −ELBO=-6.2548e+00  NLL=-5.5072e+00  NLL_R=-5.0844e+00  NLL_ω=-4.2274e-01  MSE_R=1.0598e-03  MSE_ω=1.2810e-01
  sigma: σ_R=7.0715e-02  σ_ω=1.8245e-01  β=1.0000e+00
  PL   : train=-9.6434e-01  test=-9.6820e-01  σ_φ̄(train)=3.6091e-06  σ_φ̄(test)=3.7555e-09  σ_obs_ω=5.0000e-01  λ_PL=1.00
  KL   : M=3.876e+02  V=2.709e+02  Dw=6.817e+02  g=9.036e+02  sigma=1.596e+01  total=2.260e+03
  subnet MSE  M=1.972e+00  V=1.288e+01  Dw=3.787e-02  g=2.946e-01
[step   5800]
  train: −ELBO=-5.2900e+00  NLL=-4.5440e+00  NLL_R=-3.6907e+00  NLL_ω=-8.5325e-01  MSE_R=1.4999e-02  MSE_ω=9.9450e-02
  test : −ELBO=-6.2582e+00  NLL=-5.5092e+00  NLL_R=-5.0859e+00  NLL_ω=-4.2333e-01  MSE_R=1.0585e-03  MSE_ω=1.2801e-01
  sigma: σ_R=7.0699e-02  σ_ω=1.8226e-01  β=1.0000e+00
  PL   : train=-9.6475e-01  test=-9.6770e-01  σ_φ̄(train)=5.8096e-06  σ_φ̄(test)=3.5505e-09  σ_obs_ω=5.0000e-01  λ_PL=1.00
  KL   : M=3.818e+02  V=2.681e+02  Dw=6.801e+02  g=8.939e+02  sigma=1.548e+01  total=2.239e+03
  subnet MSE  M=1.975e+00  V=1.294e+01  Dw=3.780e-02  g=2.954e-01
[step   5850]
  train: −ELBO=-5.2899e+00  NLL=-4.5423e+00  NLL_R=-3.6907e+00  NLL_ω=-8.5160e-01  MSE_R=1.5000e-02  MSE_ω=9.9559e-02
  test : −ELBO=-6.2585e+00  NLL=-5.5087e+00  NLL_R=-5.0848e+00  NLL_ω=-4.2396e-01  MSE_R=1.0584e-03  MSE_ω=1.2798e-01
  sigma: σ_R=7.0708e-02  σ_ω=1.8229e-01  β=1.0000e+00
  PL   : train=-9.6476e-01  test=-9.6695e-01  σ_φ̄(train)=2.0291e-06  σ_φ̄(test)=1.4210e-09  σ_obs_ω=5.0000e-01  λ_PL=1.00
  KL   : M=3.771e+02  V=2.656e+02  Dw=6.790e+02  g=8.858e+02  sigma=1.638e+01  total=2.224e+03
  subnet MSE  M=1.980e+00  V=1.292e+01  Dw=3.796e-02  g=2.954e-01
[step   5900]
  train: −ELBO=-5.2926e+00  NLL=-4.5438e+00  NLL_R=-3.6901e+00  NLL_ω=-8.5369e-01  MSE_R=1.5006e-02  MSE_ω=9.9421e-02
  test : −ELBO=-6.2539e+00  NLL=-5.5017e+00  NLL_R=-5.0853e+00  NLL_ω=-4.1645e-01  MSE_R=1.0618e-03  MSE_ω=1.2843e-01
  sigma: σ_R=7.0686e-02  σ_ω=1.8212e-01  β=1.0000e+00
  PL   : train=-9.6477e-01  test=-9.6802e-01  σ_φ̄(train)=1.3685e-06  σ_φ̄(test)=1.1732e-09  σ_obs_ω=5.0000e-01  λ_PL=1.00
  KL   : M=3.733e+02  V=2.636e+02  Dw=6.781e+02  g=8.797e+02  sigma=1.646e+01  total=2.211e+03
  subnet MSE  M=1.979e+00  V=1.294e+01  Dw=3.761e-02  g=2.952e-01
[step   5950]
  train: −ELBO=-5.2989e+00  NLL=-4.5487e+00  NLL_R=-3.6916e+00  NLL_ω=-8.5710e-01  MSE_R=1.4991e-02  MSE_ω=9.9195e-02
  test : −ELBO=-6.2548e+00  NLL=-5.5013e+00  NLL_R=-5.0857e+00  NLL_ω=-4.1559e-01  MSE_R=1.0622e-03  MSE_ω=1.2842e-01
  sigma: σ_R=7.0680e-02  σ_ω=1.8192e-01  β=1.0000e+00
  PL   : train=-9.6453e-01  test=-9.6779e-01  σ_φ̄(train)=2.7640e-06  σ_φ̄(test)=1.3561e-09  σ_obs_ω=5.0000e-01  λ_PL=1.00
  KL   : M=3.685e+02  V=2.611e+02  Dw=6.770e+02  g=8.719e+02  sigma=1.597e+01  total=2.194e+03
  subnet MSE  M=1.981e+00  V=1.290e+01  Dw=3.791e-02  g=2.949e-01
[step   6000]
  train: −ELBO=-5.3020e+00  NLL=-4.5502e+00  NLL_R=-3.6916e+00  NLL_ω=-8.5865e-01  MSE_R=1.4991e-02  MSE_ω=9.9093e-02
  test : −ELBO=-6.2435e+00  NLL=-5.4889e+00  NLL_R=-5.0838e+00  NLL_ω=-4.0508e-01  MSE_R=1.0671e-03  MSE_ω=1.2908e-01
  sigma: σ_R=7.0715e-02  σ_ω=1.8184e-01  β=1.0000e+00
  PL   : train=-9.6446e-01  test=-9.6729e-01  σ_φ̄(train)=4.0783e-06  σ_φ̄(test)=1.4867e-09  σ_obs_ω=5.0000e-01  λ_PL=1.00
  KL   : M=3.636e+02  V=2.584e+02  Dw=6.761e+02  g=8.640e+02  sigma=1.554e+01  total=2.178e+03
  subnet MSE  M=1.981e+00  V=1.295e+01  Dw=3.769e-02  g=2.944e-01
[step   6050]
  train: −ELBO=-5.3025e+00  NLL=-4.5493e+00  NLL_R=-3.6910e+00  NLL_ω=-8.5823e-01  MSE_R=1.4996e-02  MSE_ω=9.9121e-02
  test : −ELBO=-6.2430e+00  NLL=-5.4864e+00  NLL_R=-5.0831e+00  NLL_ω=-4.0327e-01  MSE_R=1.0679e-03  MSE_ω=1.2923e-01
  sigma: σ_R=7.0731e-02  σ_ω=1.8192e-01  β=1.0000e+00
  PL   : train=-9.6442e-01  test=-9.6782e-01  σ_φ̄(train)=1.3544e-06  σ_φ̄(test)=9.3014e-10  σ_obs_ω=5.0000e-01  λ_PL=1.00
  KL   : M=3.593e+02  V=2.559e+02  Dw=6.750e+02  g=8.569e+02  sigma=1.575e+01  total=2.163e+03
  subnet MSE  M=1.981e+00  V=1.297e+01  Dw=3.834e-02  g=2.951e-01
[step   6100]
  train: −ELBO=-5.3047e+00  NLL=-4.5497e+00  NLL_R=-3.6913e+00  NLL_ω=-8.5840e-01  MSE_R=1.4994e-02  MSE_ω=9.9109e-02
  test : −ELBO=-6.2426e+00  NLL=-5.4847e+00  NLL_R=-5.0844e+00  NLL_ω=-4.0038e-01  MSE_R=1.0693e-03  MSE_ω=1.2935e-01
  sigma: σ_R=7.0696e-02  σ_ω=1.8170e-01  β=1.0000e+00
  PL   : train=-9.6458e-01  test=-9.6734e-01  σ_φ̄(train)=8.1173e-06  σ_φ̄(test)=1.0578e-09  σ_obs_ω=5.0000e-01  λ_PL=1.00
  KL   : M=3.543e+02  V=2.531e+02  Dw=6.740e+02  g=8.490e+02  sigma=1.529e+01  total=2.146e+03
  subnet MSE  M=1.990e+00  V=1.292e+01  Dw=3.806e-02  g=2.947e-01
[step   6150]
  train: −ELBO=-5.3105e+00  NLL=-4.5543e+00  NLL_R=-3.6915e+00  NLL_ω=-8.6286e-01  MSE_R=1.4992e-02  MSE_ω=9.8815e-02
  test : −ELBO=-6.2440e+00  NLL=-5.4846e+00  NLL_R=-5.0839e+00  NLL_ω=-4.0065e-01  MSE_R=1.0682e-03  MSE_ω=1.2928e-01
  sigma: σ_R=7.0702e-02  σ_ω=1.8157e-01  β=1.0000e+00
  PL   : train=-9.6474e-01  test=-9.6799e-01  σ_φ̄(train)=2.6675e-06  σ_φ̄(test)=1.1480e-09  σ_obs_ω=5.0000e-01  λ_PL=1.00
  KL   : M=3.516e+02  V=2.514e+02  Dw=6.733e+02  g=8.443e+02  sigma=1.500e+01  total=2.136e+03
  subnet MSE  M=1.986e+00  V=1.297e+01  Dw=3.794e-02  g=2.956e-01
[step   6200]
  train: −ELBO=-5.3118e+00  NLL=-4.5549e+00  NLL_R=-3.6921e+00  NLL_ω=-8.6280e-01  MSE_R=1.4986e-02  MSE_ω=9.8819e-02
  test : −ELBO=-6.2364e+00  NLL=-5.4765e+00  NLL_R=-5.0841e+00  NLL_ω=-3.9246e-01  MSE_R=1.0728e-03  MSE_ω=1.2983e-01
  sigma: σ_R=7.0705e-02  σ_ω=1.8156e-01  β=1.0000e+00
  PL   : train=-9.6426e-01  test=-9.6721e-01  σ_φ̄(train)=1.9838e-06  σ_φ̄(test)=1.2945e-09  σ_obs_ω=5.0000e-01  λ_PL=1.00
  KL   : M=3.481e+02  V=2.492e+02  Dw=6.725e+02  g=8.390e+02  sigma=1.463e+01  total=2.123e+03
  subnet MSE  M=1.990e+00  V=1.289e+01  Dw=3.790e-02  g=2.946e-01
[step   6250]
  train: −ELBO=-5.3125e+00  NLL=-4.5541e+00  NLL_R=-3.6916e+00  NLL_ω=-8.6248e-01  MSE_R=1.4990e-02  MSE_ω=9.8840e-02
  test : −ELBO=-6.2250e+00  NLL=-5.4638e+00  NLL_R=-5.0835e+00  NLL_ω=-3.8022e-01  MSE_R=1.0790e-03  MSE_ω=1.3063e-01
  sigma: σ_R=7.0671e-02  σ_ω=1.8153e-01  β=1.0000e+00
  PL   : train=-9.6448e-01  test=-9.6737e-01  σ_φ̄(train)=3.5828e-06  σ_φ̄(test)=1.4935e-09  σ_obs_ω=5.0000e-01  λ_PL=1.00
  KL   : M=3.441e+02  V=2.470e+02  Dw=6.719e+02  g=8.334e+02  sigma=1.422e+01  total=2.111e+03
  subnet MSE  M=1.990e+00  V=1.292e+01  Dw=3.776e-02  g=2.951e-01
[step   6300]
  train: −ELBO=-5.3168e+00  NLL=-4.5570e+00  NLL_R=-3.6912e+00  NLL_ω=-8.6574e-01  MSE_R=1.4994e-02  MSE_ω=9.8626e-02
  test : −ELBO=-6.2309e+00  NLL=-5.4684e+00  NLL_R=-5.0848e+00  NLL_ω=-3.8352e-01  MSE_R=1.0776e-03  MSE_ω=1.3037e-01
  sigma: σ_R=7.0659e-02  σ_ω=1.8142e-01  β=1.0000e+00
  PL   : train=-9.6497e-01  test=-9.6769e-01  σ_φ̄(train)=6.5757e-06  σ_φ̄(test)=1.5296e-09  σ_obs_ω=5.0000e-01  λ_PL=1.00
  KL   : M=3.413e+02  V=2.452e+02  Dw=6.715e+02  g=8.290e+02  sigma=1.395e+01  total=2.101e+03
  subnet MSE  M=1.991e+00  V=1.295e+01  Dw=3.763e-02  g=2.953e-01
[step   6350]
  train: −ELBO=-5.3193e+00  NLL=-4.5591e+00  NLL_R=-3.6917e+00  NLL_ω=-8.6733e-01  MSE_R=1.4989e-02  MSE_ω=9.8521e-02
  test : −ELBO=-6.2272e+00  NLL=-5.4639e+00  NLL_R=-5.0851e+00  NLL_ω=-3.7884e-01  MSE_R=1.0800e-03  MSE_ω=1.3069e-01
  sigma: σ_R=7.0648e-02  σ_ω=1.8147e-01  β=1.0000e+00
  PL   : train=-9.6433e-01  test=-9.6729e-01  σ_φ̄(train)=3.7550e-06  σ_φ̄(test)=1.2869e-09  σ_obs_ω=5.0000e-01  λ_PL=1.00
  KL   : M=3.380e+02  V=2.431e+02  Dw=6.706e+02  g=8.242e+02  sigma=1.388e+01  total=2.090e+03
  subnet MSE  M=1.990e+00  V=1.291e+01  Dw=3.815e-02  g=2.948e-01
[step   6400]
  train: −ELBO=-5.3215e+00  NLL=-4.5592e+00  NLL_R=-3.6914e+00  NLL_ω=-8.6777e-01  MSE_R=1.4993e-02  MSE_ω=9.8492e-02
  test : −ELBO=-6.2381e+00  NLL=-5.4730e+00  NLL_R=-5.0836e+00  NLL_ω=-3.8939e-01  MSE_R=1.0732e-03  MSE_ω=1.2988e-01
  sigma: σ_R=7.0699e-02  σ_ω=1.8114e-01  β=1.0000e+00
  PL   : train=-9.6539e-01  test=-9.6811e-01  σ_φ̄(train)=5.2705e-06  σ_φ̄(test)=1.1230e-09  σ_obs_ω=5.0000e-01  λ_PL=1.00
  KL   : M=3.348e+02  V=2.409e+02  Dw=6.701e+02  g=8.193e+02  sigma=1.373e+01  total=2.079e+03
  subnet MSE  M=1.995e+00  V=1.295e+01  Dw=3.815e-02  g=2.966e-01
[step   6450]
  train: −ELBO=-5.3238e+00  NLL=-4.5607e+00  NLL_R=-3.6918e+00  NLL_ω=-8.6889e-01  MSE_R=1.4988e-02  MSE_ω=9.8419e-02
  test : −ELBO=-6.2271e+00  NLL=-5.4612e+00  NLL_R=-5.0845e+00  NLL_ω=-3.7673e-01  MSE_R=1.0797e-03  MSE_ω=1.3068e-01
  sigma: σ_R=7.0679e-02  σ_ω=1.8107e-01  β=1.0000e+00
  PL   : train=-9.6505e-01  test=-9.6782e-01  σ_φ̄(train)=6.0661e-06  σ_φ̄(test)=1.1537e-09  σ_obs_ω=5.0000e-01  λ_PL=1.00
  KL   : M=3.317e+02  V=2.387e+02  Dw=6.695e+02  g=8.147e+02  sigma=1.341e+01  total=2.068e+03
  subnet MSE  M=1.997e+00  V=1.292e+01  Dw=3.828e-02  g=2.958e-01
[step   6500]
  train: −ELBO=-5.3291e+00  NLL=-4.5656e+00  NLL_R=-3.6928e+00  NLL_ω=-8.7283e-01  MSE_R=1.4979e-02  MSE_ω=9.8161e-02
  test : −ELBO=-6.2115e+00  NLL=-5.4459e+00  NLL_R=-5.0847e+00  NLL_ω=-3.6116e-01  MSE_R=1.0880e-03  MSE_ω=1.3171e-01
  sigma: σ_R=7.0662e-02  σ_ω=1.8105e-01  β=1.0000e+00
  PL   : train=-9.6452e-01  test=-9.6661e-01  σ_φ̄(train)=8.8231e-06  σ_φ̄(test)=1.2641e-09  σ_obs_ω=5.0000e-01  λ_PL=1.00
  KL   : M=3.290e+02  V=2.367e+02  Dw=6.690e+02  g=8.107e+02  sigma=1.308e+01  total=2.059e+03
  subnet MSE  M=1.995e+00  V=1.292e+01  Dw=3.823e-02  g=2.942e-01
[step   6550]
  train: −ELBO=-5.3266e+00  NLL=-4.5617e+00  NLL_R=-3.6916e+00  NLL_ω=-8.7014e-01  MSE_R=1.4991e-02  MSE_ω=9.8336e-02
  test : −ELBO=-6.2301e+00  NLL=-5.4627e+00  NLL_R=-5.0842e+00  NLL_ω=-3.7850e-01  MSE_R=1.0783e-03  MSE_ω=1.3050e-01
  sigma: σ_R=7.0668e-02  σ_ω=1.8083e-01  β=1.0000e+00
  PL   : train=-9.6514e-01  test=-9.6758e-01  σ_φ̄(train)=5.4035e-06  σ_φ̄(test)=9.7648e-10  σ_obs_ω=5.0000e-01  λ_PL=1.00
  KL   : M=3.267e+02  V=2.349e+02  Dw=6.686e+02  g=8.072e+02  sigma=1.308e+01  total=2.050e+03
  subnet MSE  M=1.997e+00  V=1.292e+01  Dw=3.840e-02  g=2.956e-01
[step   6600]
  train: −ELBO=-5.3339e+00  NLL=-4.5685e+00  NLL_R=-3.6927e+00  NLL_ω=-8.7580e-01  MSE_R=1.4980e-02  MSE_ω=9.7966e-02
  test : −ELBO=-6.2221e+00  NLL=-5.4551e+00  NLL_R=-5.0846e+00  NLL_ω=-3.7056e-01  MSE_R=1.0827e-03  MSE_ω=1.3101e-01
  sigma: σ_R=7.0654e-02  σ_ω=1.8084e-01  β=1.0000e+00
  PL   : train=-9.6482e-01  test=-9.6636e-01  σ_φ̄(train)=1.7267e-05  σ_φ̄(test)=8.9077e-10  σ_obs_ω=5.0000e-01  λ_PL=1.00
  KL   : M=3.241e+02  V=2.330e+02  Dw=6.681e+02  g=8.036e+02  sigma=1.287e+01  total=2.042e+03
  subnet MSE  M=1.998e+00  V=1.293e+01  Dw=3.837e-02  g=2.949e-01
[step   6650]
  train: −ELBO=-5.3356e+00  NLL=-4.5688e+00  NLL_R=-3.6926e+00  NLL_ω=-8.7620e-01  MSE_R=1.4981e-02  MSE_ω=9.7940e-02
  test : −ELBO=-6.2070e+00  NLL=-5.4382e+00  NLL_R=-5.0832e+00  NLL_ω=-3.5501e-01  MSE_R=1.0901e-03  MSE_ω=1.3201e-01
  sigma: σ_R=7.0697e-02  σ_ω=1.8077e-01  β=1.0000e+00
  PL   : train=-9.6521e-01  test=-9.6724e-01  σ_φ̄(train)=2.8421e-05  σ_φ̄(test)=7.4678e-10  σ_obs_ω=5.0000e-01  λ_PL=1.00
  KL   : M=3.214e+02  V=2.309e+02  Dw=6.673e+02  g=7.997e+02  sigma=1.276e+01  total=2.032e+03
  subnet MSE  M=1.999e+00  V=1.296e+01  Dw=3.824e-02  g=2.957e-01
[step   6700]
  train: −ELBO=-5.3346e+00  NLL=-4.5672e+00  NLL_R=-3.6923e+00  NLL_ω=-8.7483e-01  MSE_R=1.4983e-02  MSE_ω=9.8030e-02
  test : −ELBO=-6.2142e+00  NLL=-5.4447e+00  NLL_R=-5.0838e+00  NLL_ω=-3.6087e-01  MSE_R=1.0876e-03  MSE_ω=1.3163e-01
  sigma: σ_R=7.0656e-02  σ_ω=1.8080e-01  β=1.0000e+00
  PL   : train=-9.6521e-01  test=-9.6733e-01  σ_φ̄(train)=1.1542e-05  σ_φ̄(test)=5.5943e-10  σ_obs_ω=5.0000e-01  λ_PL=1.00
  KL   : M=3.189e+02  V=2.290e+02  Dw=6.674e+02  g=7.969e+02  sigma=1.282e+01  total=2.025e+03
  subnet MSE  M=2.000e+00  V=1.291e+01  Dw=3.839e-02  g=2.954e-01
[step   6750]
  train: −ELBO=-5.3377e+00  NLL=-4.5694e+00  NLL_R=-3.6918e+00  NLL_ω=-8.7759e-01  MSE_R=1.4989e-02  MSE_ω=9.7850e-02
  test : −ELBO=-6.2031e+00  NLL=-5.4325e+00  NLL_R=-5.0848e+00  NLL_ω=-3.4775e-01  MSE_R=1.0929e-03  MSE_ω=1.3238e-01
  sigma: σ_R=7.0619e-02  σ_ω=1.8052e-01  β=1.0000e+00
  PL   : train=-9.6514e-01  test=-9.6736e-01  σ_φ̄(train)=9.1204e-06  σ_φ̄(test)=4.9814e-10  σ_obs_ω=5.0000e-01  λ_PL=1.00
  KL   : M=3.157e+02  V=2.264e+02  Dw=6.666e+02  g=7.936e+02  sigma=1.262e+01  total=2.015e+03
  subnet MSE  M=1.999e+00  V=1.294e+01  Dw=3.851e-02  g=2.960e-01
[step   6800]
  train: −ELBO=-5.3427e+00  NLL=-4.5734e+00  NLL_R=-3.6930e+00  NLL_ω=-8.8037e-01  MSE_R=1.4976e-02  MSE_ω=9.7668e-02
  test : −ELBO=-6.2009e+00  NLL=-5.4301e+00  NLL_R=-5.0845e+00  NLL_ω=-3.4559e-01  MSE_R=1.0951e-03  MSE_ω=1.3245e-01
  sigma: σ_R=7.0641e-02  σ_ω=1.8032e-01  β=1.0000e+00
  PL   : train=-9.6518e-01  test=-9.6664e-01  σ_φ̄(train)=1.0073e-05  σ_φ̄(test)=5.4464e-10  σ_obs_ω=5.0000e-01  λ_PL=1.00
  KL   : M=3.128e+02  V=2.239e+02  Dw=6.660e+02  g=7.906e+02  sigma=1.224e+01  total=2.006e+03
  subnet MSE  M=2.001e+00  V=1.291e+01  Dw=3.825e-02  g=2.957e-01
[step   6850]
  train: −ELBO=-5.3463e+00  NLL=-4.5761e+00  NLL_R=-3.6928e+00  NLL_ω=-8.8326e-01  MSE_R=1.4978e-02  MSE_ω=9.7480e-02
  test : −ELBO=-6.2048e+00  NLL=-5.4326e+00  NLL_R=-5.0829e+00  NLL_ω=-3.4976e-01  MSE_R=1.0921e-03  MSE_ω=1.3219e-01
  sigma: σ_R=7.0666e-02  σ_ω=1.8037e-01  β=1.0000e+00
  PL   : train=-9.6531e-01  test=-9.6719e-01  σ_φ̄(train)=7.1325e-06  σ_φ̄(test)=5.0651e-10  σ_obs_ω=5.0000e-01  λ_PL=1.00
  KL   : M=3.101e+02  V=2.217e+02  Dw=6.654e+02  g=7.882e+02  sigma=1.204e+01  total=1.997e+03
  subnet MSE  M=2.002e+00  V=1.293e+01  Dw=3.842e-02  g=2.957e-01
[step   6900]
  train: −ELBO=-5.3459e+00  NLL=-4.5744e+00  NLL_R=-3.6932e+00  NLL_ω=-8.8123e-01  MSE_R=1.4975e-02  MSE_ω=9.7612e-02
  test : −ELBO=-6.2040e+00  NLL=-5.4307e+00  NLL_R=-5.0833e+00  NLL_ω=-3.4743e-01  MSE_R=1.0926e-03  MSE_ω=1.3230e-01
  sigma: σ_R=7.0659e-02  σ_ω=1.8024e-01  β=1.0000e+00
  PL   : train=-9.6598e-01  test=-9.6781e-01  σ_φ̄(train)=1.5889e-05  σ_φ̄(test)=5.4347e-10  σ_obs_ω=5.0000e-01  λ_PL=1.00
  KL   : M=3.082e+02  V=2.201e+02  Dw=6.649e+02  g=7.866e+02  sigma=1.176e+01  total=1.992e+03
  subnet MSE  M=2.002e+00  V=1.293e+01  Dw=3.826e-02  g=2.968e-01
[step   6950]
  train: −ELBO=-5.3508e+00  NLL=-4.5802e+00  NLL_R=-3.6937e+00  NLL_ω=-8.8651e-01  MSE_R=1.4969e-02  MSE_ω=9.7269e-02
  test : −ELBO=-6.1924e+00  NLL=-5.4200e+00  NLL_R=-5.0832e+00  NLL_ω=-3.3673e-01  MSE_R=1.0991e-03  MSE_ω=1.3302e-01
  sigma: σ_R=7.0643e-02  σ_ω=1.8033e-01  β=1.0000e+00
  PL   : train=-9.6461e-01  test=-9.6641e-01  σ_φ̄(train)=4.8065e-06  σ_φ̄(test)=4.1624e-10  σ_obs_ω=5.0000e-01  λ_PL=1.00
  KL   : M=3.065e+02  V=2.186e+02  Dw=6.645e+02  g=7.851e+02  sigma=1.169e+01  total=1.986e+03
  subnet MSE  M=2.001e+00  V=1.292e+01  Dw=3.874e-02  g=2.948e-01
[step   7000]
  train: −ELBO=-5.3540e+00  NLL=-4.5825e+00  NLL_R=-3.6935e+00  NLL_ω=-8.8895e-01  MSE_R=1.4971e-02  MSE_ω=9.7111e-02
  test : −ELBO=-6.1770e+00  NLL=-5.4043e+00  NLL_R=-5.0823e+00  NLL_ω=-3.2202e-01  MSE_R=1.1069e-03  MSE_ω=1.3383e-01
  sigma: σ_R=7.0663e-02  σ_ω=1.7991e-01  β=1.0000e+00
  PL   : train=-9.6488e-01  test=-9.6604e-01  σ_φ̄(train)=2.2620e-06  σ_φ̄(test)=1.8051e-10  σ_obs_ω=5.0000e-01  λ_PL=1.00
  KL   : M=3.041e+02  V=2.164e+02  Dw=6.637e+02  g=7.833e+02  sigma=1.222e+01  total=1.980e+03
  subnet MSE  M=2.003e+00  V=1.294e+01  Dw=3.848e-02  g=2.947e-01
[step   7050]
  train: −ELBO=-5.3572e+00  NLL=-4.5847e+00  NLL_R=-3.6934e+00  NLL_ω=-8.9127e-01  MSE_R=1.4972e-02  MSE_ω=9.6961e-02
  test : −ELBO=-6.1755e+00  NLL=-5.4021e+00  NLL_R=-5.0833e+00  NLL_ω=-3.1884e-01  MSE_R=1.1086e-03  MSE_ω=1.3400e-01
  sigma: σ_R=7.0625e-02  σ_ω=1.7987e-01  β=1.0000e+00
  PL   : train=-9.6525e-01  test=-9.6607e-01  σ_φ̄(train)=2.4861e-06  σ_φ̄(test)=1.9126e-10  σ_obs_ω=5.0000e-01  λ_PL=1.00
  KL   : M=3.019e+02  V=2.145e+02  Dw=6.632e+02  g=7.818e+02  sigma=1.190e+01  total=1.973e+03
  subnet MSE  M=2.004e+00  V=1.297e+01  Dw=3.856e-02  g=2.954e-01
[step   7100]
  train: −ELBO=-5.3559e+00  NLL=-4.5837e+00  NLL_R=-3.6933e+00  NLL_ω=-8.9040e-01  MSE_R=1.4974e-02  MSE_ω=9.7017e-02
  test : −ELBO=-6.1681e+00  NLL=-5.3953e+00  NLL_R=-5.0817e+00  NLL_ω=-3.1361e-01  MSE_R=1.1110e-03  MSE_ω=1.3443e-01
  sigma: σ_R=7.0651e-02  σ_ω=1.8008e-01  β=1.0000e+00
  PL   : train=-9.6449e-01  test=-9.6516e-01  σ_φ̄(train)=4.3978e-06  σ_φ̄(test)=1.8062e-10  σ_obs_ω=5.0000e-01  λ_PL=1.00
  KL   : M=3.005e+02  V=2.133e+02  Dw=6.630e+02  g=7.809e+02  sigma=1.176e+01  total=1.969e+03
  subnet MSE  M=2.001e+00  V=1.293e+01  Dw=3.803e-02  g=2.942e-01
[step   7150]
  train: −ELBO=-5.3556e+00  NLL=-4.5828e+00  NLL_R=-3.6936e+00  NLL_ω=-8.8918e-01  MSE_R=1.4970e-02  MSE_ω=9.7096e-02
  test : −ELBO=-6.1767e+00  NLL=-5.4028e+00  NLL_R=-5.0821e+00  NLL_ω=-3.2070e-01  MSE_R=1.1058e-03  MSE_ω=1.3390e-01
  sigma: σ_R=7.0659e-02  σ_ω=1.7990e-01  β=1.0000e+00
  PL   : train=-9.6479e-01  test=-9.6590e-01  σ_φ̄(train)=2.2783e-06  σ_φ̄(test)=1.8363e-10  σ_obs_ω=5.0000e-01  λ_PL=1.00
  KL   : M=2.993e+02  V=2.121e+02  Dw=6.628e+02  g=7.803e+02  sigma=1.159e+01  total=1.966e+03
  subnet MSE  M=2.004e+00  V=1.294e+01  Dw=3.865e-02  g=2.946e-01
[step   7200]
  train: −ELBO=-5.3615e+00  NLL=-4.5880e+00  NLL_R=-3.6939e+00  NLL_ω=-8.9410e-01  MSE_R=1.4967e-02  MSE_ω=9.6779e-02
  test : −ELBO=-6.1622e+00  NLL=-5.3940e+00  NLL_R=-5.0834e+00  NLL_ω=-3.1057e-01  MSE_R=1.1107e-03  MSE_ω=1.3444e-01
  sigma: σ_R=7.0610e-02  σ_ω=1.7966e-01  β=1.0000e+00
  PL   : train=-9.6509e-01  test=-9.5977e-01  σ_φ̄(train)=2.7664e-06  σ_φ̄(test)=1.0273e-10  σ_obs_ω=5.0000e-01  λ_PL=1.00
  KL   : M=2.974e+02  V=2.106e+02  Dw=6.624e+02  g=7.794e+02  sigma=1.206e+01  total=1.962e+03
  subnet MSE  M=2.004e+00  V=1.292e+01  Dw=3.830e-02  g=2.950e-01
[step   7250]
  train: −ELBO=-5.3622e+00  NLL=-4.5876e+00  NLL_R=-3.6928e+00  NLL_ω=-8.9483e-01  MSE_R=1.4978e-02  MSE_ω=9.6731e-02
  test : −ELBO=-6.1736e+00  NLL=-5.3978e+00  NLL_R=-5.0829e+00  NLL_ω=-3.1491e-01  MSE_R=1.1084e-03  MSE_ω=1.3420e-01
  sigma: σ_R=7.0630e-02  σ_ω=1.7974e-01  β=1.0000e+00
  PL   : train=-9.6584e-01  test=-9.6710e-01  σ_φ̄(train)=1.5158e-06  σ_φ̄(test)=9.4149e-11  σ_obs_ω=5.0000e-01  λ_PL=1.00
  KL   : M=2.960e+02  V=2.095e+02  Dw=6.621e+02  g=7.794e+02  sigma=1.195e+01  total=1.959e+03
  subnet MSE  M=2.006e+00  V=1.294e+01  Dw=3.809e-02  g=2.966e-01
[step   7300]
  train: −ELBO=-5.3629e+00  NLL=-4.5892e+00  NLL_R=-3.6938e+00  NLL_ω=-8.9537e-01  MSE_R=1.4969e-02  MSE_ω=9.6696e-02
  test : −ELBO=-6.1603e+00  NLL=-5.3858e+00  NLL_R=-5.0813e+00  NLL_ω=-3.0445e-01  MSE_R=1.1136e-03  MSE_ω=1.3479e-01
  sigma: σ_R=7.0681e-02  σ_ω=1.7955e-01  β=1.0000e+00
  PL   : train=-9.6473e-01  test=-9.6555e-01  σ_φ̄(train)=3.9799e-06  σ_φ̄(test)=6.4427e-11  σ_obs_ω=5.0000e-01  λ_PL=1.00
  KL   : M=2.948e+02  V=2.082e+02  Dw=6.618e+02  g=7.788e+02  sigma=1.227e+01  total=1.956e+03
  subnet MSE  M=2.006e+00  V=1.291e+01  Dw=3.831e-02  g=2.944e-01
[step   7350]
  train: −ELBO=-5.3672e+00  NLL=-4.5923e+00  NLL_R=-3.6940e+00  NLL_ω=-8.9829e-01  MSE_R=1.4967e-02  MSE_ω=9.6509e-02
  test : −ELBO=-6.1562e+00  NLL=-5.3809e+00  NLL_R=-5.0815e+00  NLL_ω=-2.9938e-01  MSE_R=1.1161e-03  MSE_ω=1.3505e-01
  sigma: σ_R=7.0648e-02  σ_ω=1.7938e-01  β=1.0000e+00
  PL   : train=-9.6548e-01  test=-9.6598e-01  σ_φ̄(train)=1.4468e-06  σ_φ̄(test)=7.9136e-11  σ_obs_ω=5.0000e-01  λ_PL=1.00
  KL   : M=2.933e+02  V=2.068e+02  Dw=6.615e+02  g=7.783e+02  sigma=1.196e+01  total=1.952e+03
  subnet MSE  M=2.008e+00  V=1.295e+01  Dw=3.860e-02  g=2.956e-01
[step   7400]
  train: −ELBO=-5.3639e+00  NLL=-4.5890e+00  NLL_R=-3.6936e+00  NLL_ω=-8.9544e-01  MSE_R=1.4971e-02  MSE_ω=9.6692e-02
  test : −ELBO=-6.1673e+00  NLL=-5.3915e+00  NLL_R=-5.0822e+00  NLL_ω=-3.0930e-01  MSE_R=1.1107e-03  MSE_ω=1.3446e-01
  sigma: σ_R=7.0645e-02  σ_ω=1.7948e-01  β=1.0000e+00
  PL   : train=-9.6518e-01  test=-9.6620e-01  σ_φ̄(train)=1.1454e-06  σ_φ̄(test)=8.2794e-11  σ_obs_ω=5.0000e-01  λ_PL=1.00
  KL   : M=2.924e+02  V=2.058e+02  Dw=6.613e+02  g=7.781e+02  sigma=1.176e+01  total=1.949e+03
  subnet MSE  M=2.009e+00  V=1.294e+01  Dw=3.828e-02  g=2.954e-01
[step   7450]
  train: −ELBO=-5.3670e+00  NLL=-4.5910e+00  NLL_R=-3.6935e+00  NLL_ω=-8.9751e-01  MSE_R=1.4972e-02  MSE_ω=9.6559e-02
  test : −ELBO=-6.1533e+00  NLL=-5.3769e+00  NLL_R=-5.0808e+00  NLL_ω=-2.9601e-01  MSE_R=1.1177e-03  MSE_ω=1.3532e-01
  sigma: σ_R=7.0716e-02  σ_ω=1.7950e-01  β=1.0000e+00
  PL   : train=-9.6604e-01  test=-9.6655e-01  σ_φ̄(train)=2.6574e-06  σ_φ̄(test)=9.7029e-11  σ_obs_ω=5.0000e-01  λ_PL=1.00
  KL   : M=2.908e+02  V=2.048e+02  Dw=6.611e+02  g=7.781e+02  sigma=1.149e+01  total=1.946e+03
  subnet MSE  M=2.007e+00  V=1.295e+01  Dw=3.806e-02  g=2.962e-01
[step   7500]
  train: −ELBO=-5.3678e+00  NLL=-4.5927e+00  NLL_R=-3.6935e+00  NLL_ω=-8.9921e-01  MSE_R=1.4972e-02  MSE_ω=9.6449e-02
  test : −ELBO=-6.1525e+00  NLL=-5.3772e+00  NLL_R=-5.0809e+00  NLL_ω=-2.9631e-01  MSE_R=1.1175e-03  MSE_ω=1.3524e-01
  sigma: σ_R=7.0652e-02  σ_ω=1.7937e-01  β=1.0000e+00
  PL   : train=-9.6498e-01  test=-9.6522e-01  σ_φ̄(train)=1.8574e-06  σ_φ̄(test)=9.6208e-11  σ_obs_ω=5.0000e-01  λ_PL=1.00
  KL   : M=2.898e+02  V=2.041e+02  Dw=6.610e+02  g=7.782e+02  sigma=1.151e+01  total=1.945e+03
  subnet MSE  M=2.006e+00  V=1.294e+01  Dw=3.833e-02  g=2.947e-01
[step   7550]
  train: −ELBO=-5.3701e+00  NLL=-4.5939e+00  NLL_R=-3.6936e+00  NLL_ω=-9.0034e-01  MSE_R=1.4971e-02  MSE_ω=9.6377e-02
  test : −ELBO=-6.1469e+00  NLL=-5.3698e+00  NLL_R=-5.0804e+00  NLL_ω=-2.8942e-01  MSE_R=1.1197e-03  MSE_ω=1.3564e-01
  sigma: σ_R=7.0672e-02  σ_ω=1.7925e-01  β=1.0000e+00
  PL   : train=-9.6588e-01  test=-9.6672e-01  σ_φ̄(train)=9.9619e-07  σ_φ̄(test)=9.7991e-11  σ_obs_ω=5.0000e-01  λ_PL=1.00
  KL   : M=2.887e+02  V=2.033e+02  Dw=6.607e+02  g=7.786e+02  sigma=1.136e+01  total=1.943e+03
  subnet MSE  M=2.009e+00  V=1.290e+01  Dw=3.810e-02  g=2.966e-01
[step   7600]
  train: −ELBO=-5.3718e+00  NLL=-4.5958e+00  NLL_R=-3.6944e+00  NLL_ω=-9.0139e-01  MSE_R=1.4962e-02  MSE_ω=9.6309e-02
  test : −ELBO=-6.1478e+00  NLL=-5.3712e+00  NLL_R=-5.0822e+00  NLL_ω=-2.8894e-01  MSE_R=1.1198e-03  MSE_ω=1.3556e-01
  sigma: σ_R=7.0617e-02  σ_ω=1.7901e-01  β=1.0000e+00
  PL   : train=-9.6542e-01  test=-9.6605e-01  σ_φ̄(train)=1.1714e-06  σ_φ̄(test)=1.1254e-10  σ_obs_ω=5.0000e-01  λ_PL=1.00
  KL   : M=2.875e+02  V=2.022e+02  Dw=6.605e+02  g=7.789e+02  sigma=1.105e+01  total=1.940e+03
  subnet MSE  M=2.009e+00  V=1.291e+01  Dw=3.903e-02  g=2.961e-01
[step   7650]
  train: −ELBO=-5.3726e+00  NLL=-4.5963e+00  NLL_R=-3.6942e+00  NLL_ω=-9.0218e-01  MSE_R=1.4965e-02  MSE_ω=9.6258e-02
  test : −ELBO=-6.1293e+00  NLL=-5.3528e+00  NLL_R=-5.0810e+00  NLL_ω=-2.7176e-01  MSE_R=1.1289e-03  MSE_ω=1.3671e-01
  sigma: σ_R=7.0628e-02  σ_ω=1.7912e-01  β=1.0000e+00
  PL   : train=-9.6544e-01  test=-9.6570e-01  σ_φ̄(train)=3.6829e-06  σ_φ̄(test)=1.1252e-10  σ_obs_ω=5.0000e-01  λ_PL=1.00
  KL   : M=2.860e+02  V=2.012e+02  Dw=6.604e+02  g=7.789e+02  sigma=1.083e+01  total=1.937e+03
  subnet MSE  M=2.010e+00  V=1.293e+01  Dw=3.851e-02  g=2.956e-01
[step   7700]
  train: −ELBO=-5.3796e+00  NLL=-4.6033e+00  NLL_R=-3.6948e+00  NLL_ω=-9.0851e-01  MSE_R=1.4959e-02  MSE_ω=9.5853e-02
  test : −ELBO=-6.1286e+00  NLL=-5.3519e+00  NLL_R=-5.0810e+00  NLL_ω=-2.7087e-01  MSE_R=1.1276e-03  MSE_ω=1.3661e-01
  sigma: σ_R=7.0631e-02  σ_ω=1.7884e-01  β=1.0000e+00
  PL   : train=-9.6530e-01  test=-9.6563e-01  σ_φ̄(train)=2.7147e-06  σ_φ̄(test)=1.0398e-10  σ_obs_ω=5.0000e-01  λ_PL=1.00
  KL   : M=2.846e+02  V=2.001e+02  Dw=6.602e+02  g=7.796e+02  sigma=1.069e+01  total=1.935e+03
  subnet MSE  M=2.007e+00  V=1.288e+01  Dw=3.876e-02  g=2.956e-01
[step   7750]
  train: −ELBO=-5.3765e+00  NLL=-4.5990e+00  NLL_R=-3.6951e+00  NLL_ω=-9.0392e-01  MSE_R=1.4956e-02  MSE_ω=9.6146e-02
  test : −ELBO=-6.1391e+00  NLL=-5.3611e+00  NLL_R=-5.0818e+00  NLL_ω=-2.7931e-01  MSE_R=1.1226e-03  MSE_ω=1.3598e-01
  sigma: σ_R=7.0624e-02  σ_ω=1.7861e-01  β=1.0000e+00
  PL   : train=-9.6626e-01  test=-9.6676e-01  σ_φ̄(train)=3.3329e-06  σ_φ̄(test)=9.8800e-11  σ_obs_ω=5.0000e-01  λ_PL=1.00
  KL   : M=2.833e+02  V=1.988e+02  Dw=6.601e+02  g=7.803e+02  sigma=1.045e+01  total=1.933e+03
  subnet MSE  M=2.007e+00  V=1.281e+01  Dw=3.870e-02  g=2.973e-01
[step   7800]
  train: −ELBO=-5.3758e+00  NLL=-4.5987e+00  NLL_R=-3.6946e+00  NLL_ω=-9.0415e-01  MSE_R=1.4961e-02  MSE_ω=9.6132e-02
  test : −ELBO=-6.1087e+00  NLL=-5.3317e+00  NLL_R=-5.0805e+00  NLL_ω=-2.5121e-01  MSE_R=1.1386e-03  MSE_ω=1.3796e-01
  sigma: σ_R=7.0611e-02  σ_ω=1.7898e-01  β=1.0000e+00
  PL   : train=-9.6579e-01  test=-9.6567e-01  σ_φ̄(train)=1.6047e-06  σ_φ̄(test)=5.9137e-11  σ_obs_ω=5.0000e-01  λ_PL=1.00
  KL   : M=2.821e+02  V=1.978e+02  Dw=6.605e+02  g=7.812e+02  sigma=1.052e+01  total=1.932e+03
  subnet MSE  M=2.004e+00  V=1.293e+01  Dw=3.820e-02  g=2.961e-01
[step   7850]
  train: −ELBO=-5.3833e+00  NLL=-4.6064e+00  NLL_R=-3.6947e+00  NLL_ω=-9.1175e-01  MSE_R=1.4960e-02  MSE_ω=9.5646e-02
  test : −ELBO=-6.1136e+00  NLL=-5.3368e+00  NLL_R=-5.0807e+00  NLL_ω=-2.5612e-01  MSE_R=1.1349e-03  MSE_ω=1.3746e-01
  sigma: σ_R=7.0624e-02  σ_ω=1.7858e-01  β=1.0000e+00
  PL   : train=-9.6555e-01  test=-9.6551e-01  σ_φ̄(train)=1.3262e-05  σ_φ̄(test)=5.9216e-11  σ_obs_ω=5.0000e-01  λ_PL=1.00
  KL   : M=2.818e+02  V=1.969e+02  Dw=6.608e+02  g=7.825e+02  sigma=1.036e+01  total=1.932e+03
  subnet MSE  M=2.008e+00  V=1.292e+01  Dw=3.877e-02  g=2.957e-01
[step   7900]
  train: −ELBO=-5.3799e+00  NLL=-4.6028e+00  NLL_R=-3.6944e+00  NLL_ω=-9.0844e-01  MSE_R=1.4963e-02  MSE_ω=9.5857e-02
  test : −ELBO=-6.1038e+00  NLL=-5.3273e+00  NLL_R=-5.0807e+00  NLL_ω=-2.4658e-01  MSE_R=1.1392e-03  MSE_ω=1.3797e-01
  sigma: σ_R=7.0626e-02  σ_ω=1.7838e-01  β=1.0000e+00
  PL   : train=-9.6576e-01  test=-9.6525e-01  σ_φ̄(train)=2.5766e-06  σ_φ̄(test)=3.9374e-11  σ_obs_ω=5.0000e-01  λ_PL=1.00
  KL   : M=2.812e+02  V=1.961e+02  Dw=6.609e+02  g=7.838e+02  sigma=1.051e+01  total=1.933e+03
  subnet MSE  M=2.008e+00  V=1.292e+01  Dw=3.899e-02  g=2.959e-01
[step   7950]
  train: −ELBO=-5.3877e+00  NLL=-4.6106e+00  NLL_R=-3.6952e+00  NLL_ω=-9.1541e-01  MSE_R=1.4955e-02  MSE_ω=9.5413e-02
  test : −ELBO=-6.0955e+00  NLL=-5.3188e+00  NLL_R=-5.0761e+00  NLL_ω=-2.4273e-01  MSE_R=1.1414e-03  MSE_ω=1.3825e-01
  sigma: σ_R=7.0691e-02  σ_ω=1.7845e-01  β=1.0000e+00
  PL   : train=-9.6583e-01  test=-9.6542e-01  σ_φ̄(train)=2.2809e-06  σ_φ̄(test)=2.8568e-11  σ_obs_ω=5.0000e-01  λ_PL=1.00
  KL   : M=2.803e+02  V=1.950e+02  Dw=6.614e+02  g=7.853e+02  sigma=1.052e+01  total=1.933e+03
  subnet MSE  M=2.009e+00  V=1.294e+01  Dw=3.861e-02  g=2.961e-01
[step   8000]
  train: −ELBO=-5.3833e+00  NLL=-4.6064e+00  NLL_R=-3.6947e+00  NLL_ω=-9.1171e-01  MSE_R=1.4960e-02  MSE_ω=9.5649e-02
  test : −ELBO=-6.0899e+00  NLL=-5.3142e+00  NLL_R=-5.0805e+00  NLL_ω=-2.3376e-01  MSE_R=1.1463e-03  MSE_ω=1.3890e-01
  sigma: σ_R=7.0596e-02  σ_ω=1.7860e-01  β=1.0000e+00
  PL   : train=-9.6570e-01  test=-9.6451e-01  σ_φ̄(train)=3.5016e-06  σ_φ̄(test)=2.4605e-11  σ_obs_ω=5.0000e-01  λ_PL=1.00
  KL   : M=2.802e+02  V=1.940e+02  Dw=6.618e+02  g=7.865e+02  sigma=1.089e+01  total=1.933e+03
  subnet MSE  M=2.013e+00  V=1.294e+01  Dw=3.869e-02  g=2.956e-01
[step   8050]
  train: −ELBO=-5.3836e+00  NLL=-4.6067e+00  NLL_R=-3.6951e+00  NLL_ω=-9.1160e-01  MSE_R=1.4956e-02  MSE_ω=9.5656e-02
  test : −ELBO=-6.0919e+00  NLL=-5.3155e+00  NLL_R=-5.0799e+00  NLL_ω=-2.3551e-01  MSE_R=1.1447e-03  MSE_ω=1.3869e-01
  sigma: σ_R=7.0621e-02  σ_ω=1.7837e-01  β=1.0000e+00
  PL   : train=-9.6567e-01  test=-9.6524e-01  σ_φ̄(train)=2.3670e-06  σ_φ̄(test)=3.1024e-11  σ_obs_ω=5.0000e-01  λ_PL=1.00
  KL   : M=2.798e+02  V=1.932e+02  Dw=6.621e+02  g=7.877e+02  sigma=1.055e+01  total=1.933e+03
  subnet MSE  M=2.011e+00  V=1.292e+01  Dw=3.852e-02  g=2.956e-01
[step   8100]
  train: −ELBO=-5.3869e+00  NLL=-4.6100e+00  NLL_R=-3.6952e+00  NLL_ω=-9.1489e-01  MSE_R=1.4955e-02  MSE_ω=9.5446e-02
  test : −ELBO=-6.0918e+00  NLL=-5.3153e+00  NLL_R=-5.0806e+00  NLL_ω=-2.3479e-01  MSE_R=1.1451e-03  MSE_ω=1.3878e-01
  sigma: σ_R=7.0600e-02  σ_ω=1.7850e-01  β=1.0000e+00
  PL   : train=-9.6557e-01  test=-9.6522e-01  σ_φ̄(train)=5.3716e-06  σ_φ̄(test)=2.9208e-11  σ_obs_ω=5.0000e-01  λ_PL=1.00
  KL   : M=2.794e+02  V=1.925e+02  Dw=6.623e+02  g=7.881e+02  sigma=1.047e+01  total=1.933e+03
  subnet MSE  M=2.011e+00  V=1.289e+01  Dw=3.876e-02  g=2.958e-01
[step   8150]
  train: −ELBO=-5.3887e+00  NLL=-4.6116e+00  NLL_R=-3.6956e+00  NLL_ω=-9.1602e-01  MSE_R=1.4951e-02  MSE_ω=9.5374e-02
  test : −ELBO=-6.0869e+00  NLL=-5.3104e+00  NLL_R=-5.0810e+00  NLL_ω=-2.2938e-01  MSE_R=1.1462e-03  MSE_ω=1.3892e-01
  sigma: σ_R=7.0593e-02  σ_ω=1.7803e-01  β=1.0000e+00
  PL   : train=-9.6599e-01  test=-9.6533e-01  σ_φ̄(train)=1.1014e-06  σ_φ̄(test)=2.8522e-11  σ_obs_ω=5.0000e-01  λ_PL=1.00
  KL   : M=2.793e+02  V=1.918e+02  Dw=6.629e+02  g=7.894e+02  sigma=1.032e+01  total=1.934e+03
  subnet MSE  M=2.009e+00  V=1.291e+01  Dw=3.879e-02  g=2.962e-01
[step   8200]
  train: −ELBO=-5.3853e+00  NLL=-4.6082e+00  NLL_R=-3.6954e+00  NLL_ω=-9.1278e-01  MSE_R=1.4953e-02  MSE_ω=9.5580e-02
  test : −ELBO=-6.0829e+00  NLL=-5.3065e+00  NLL_R=-5.0804e+00  NLL_ω=-2.2610e-01  MSE_R=1.1491e-03  MSE_ω=1.3916e-01
  sigma: σ_R=7.0594e-02  σ_ω=1.7812e-01  β=1.0000e+00
  PL   : train=-9.6602e-01  test=-9.6535e-01  σ_φ̄(train)=1.3247e-06  σ_φ̄(test)=2.6877e-11  σ_obs_ω=5.0000e-01  λ_PL=1.00
  KL   : M=2.789e+02  V=1.912e+02  Dw=6.634e+02  g=7.909e+02  sigma=1.021e+01  total=1.934e+03
  subnet MSE  M=2.008e+00  V=1.294e+01  Dw=3.896e-02  g=2.967e-01
[step   8250]
  train: −ELBO=-5.3911e+00  NLL=-4.6143e+00  NLL_R=-3.6956e+00  NLL_ω=-9.1877e-01  MSE_R=1.4951e-02  MSE_ω=9.5199e-02
  test : −ELBO=-6.0803e+00  NLL=-5.3045e+00  NLL_R=-5.0817e+00  NLL_ω=-2.2273e-01  MSE_R=1.1500e-03  MSE_ω=1.3923e-01
  sigma: σ_R=7.0564e-02  σ_ω=1.7785e-01  β=1.0000e+00
  PL   : train=-9.6572e-01  test=-9.6480e-01  σ_φ̄(train)=1.1932e-06  σ_φ̄(test)=2.1914e-11  σ_obs_ω=5.0000e-01  λ_PL=1.00
  KL   : M=2.785e+02  V=1.903e+02  Dw=6.637e+02  g=7.923e+02  sigma=1.047e+01  total=1.935e+03
  subnet MSE  M=2.010e+00  V=1.294e+01  Dw=3.881e-02  g=2.954e-01
[step   8300]
  train: −ELBO=-5.3915e+00  NLL=-4.6147e+00  NLL_R=-3.6953e+00  NLL_ω=-9.1944e-01  MSE_R=1.4953e-02  MSE_ω=9.5157e-02
  test : −ELBO=-6.0645e+00  NLL=-5.2887e+00  NLL_R=-5.0749e+00  NLL_ω=-2.1381e-01  MSE_R=1.1548e-03  MSE_ω=1.3990e-01
  sigma: σ_R=7.0772e-02  σ_ω=1.7804e-01  β=1.0000e+00
  PL   : train=-9.6592e-01  test=-9.6495e-01  σ_φ̄(train)=5.7016e-07  σ_φ̄(test)=1.4980e-11  σ_obs_ω=5.0000e-01  λ_PL=1.00
  KL   : M=2.782e+02  V=1.893e+02  Dw=6.644e+02  g=7.946e+02  sigma=1.078e+01  total=1.937e+03
  subnet MSE  M=2.010e+00  V=1.296e+01  Dw=3.880e-02  g=2.958e-01
[step   8350]
  train: −ELBO=-5.3950e+00  NLL=-4.6185e+00  NLL_R=-3.6955e+00  NLL_ω=-9.2296e-01  MSE_R=1.4951e-02  MSE_ω=9.4934e-02
  test : −ELBO=-6.0674e+00  NLL=-5.2921e+00  NLL_R=-5.0804e+00  NLL_ω=-2.1172e-01  MSE_R=1.1561e-03  MSE_ω=1.3991e-01
  sigma: σ_R=7.0582e-02  σ_ω=1.7778e-01  β=1.0000e+00
  PL   : train=-9.6584e-01  test=-9.6464e-01  σ_φ̄(train)=2.7983e-06  σ_φ̄(test)=1.4272e-11  σ_obs_ω=5.0000e-01  λ_PL=1.00
  KL   : M=2.779e+02  V=1.886e+02  Dw=6.650e+02  g=7.964e+02  sigma=1.087e+01  total=1.939e+03
  subnet MSE  M=2.011e+00  V=1.294e+01  Dw=3.896e-02  g=2.955e-01
[step   8400]
  train: −ELBO=-5.3979e+00  NLL=-4.6216e+00  NLL_R=-3.6960e+00  NLL_ω=-9.2559e-01  MSE_R=1.4947e-02  MSE_ω=9.4768e-02
  test : −ELBO=-6.0531e+00  NLL=-5.2782e+00  NLL_R=-5.0789e+00  NLL_ω=-1.9925e-01  MSE_R=1.1617e-03  MSE_ω=1.4075e-01
  sigma: σ_R=7.0600e-02  σ_ω=1.7790e-01  β=1.0000e+00
  PL   : train=-9.6579e-01  test=-9.6442e-01  σ_φ̄(train)=3.9617e-06  σ_φ̄(test)=1.7968e-11  σ_obs_ω=5.0000e-01  λ_PL=1.00
  KL   : M=2.773e+02  V=1.877e+02  Dw=6.660e+02  g=7.985e+02  sigma=1.054e+01  total=1.940e+03
  subnet MSE  M=2.012e+00  V=1.292e+01  Dw=3.929e-02  g=2.960e-01
[step   8450]
  train: −ELBO=-5.3945e+00  NLL=-4.6185e+00  NLL_R=-3.6959e+00  NLL_ω=-9.2257e-01  MSE_R=1.4948e-02  MSE_ω=9.4959e-02
  test : −ELBO=-6.0518e+00  NLL=-5.2771e+00  NLL_R=-5.0788e+00  NLL_ω=-1.9821e-01  MSE_R=1.1632e-03  MSE_ω=1.4075e-01
  sigma: σ_R=7.0600e-02  σ_ω=1.7778e-01  β=1.0000e+00
  PL   : train=-9.6563e-01  test=-9.6436e-01  σ_φ̄(train)=1.1456e-06  σ_φ̄(test)=2.0863e-11  σ_obs_ω=5.0000e-01  λ_PL=1.00
  KL   : M=2.770e+02  V=1.869e+02  Dw=6.670e+02  g=8.003e+02  sigma=1.032e+01  total=1.942e+03
  subnet MSE  M=2.011e+00  V=1.293e+01  Dw=3.902e-02  g=2.955e-01
[step   8500]
  train: −ELBO=-5.3969e+00  NLL=-4.6205e+00  NLL_R=-3.6957e+00  NLL_ω=-9.2482e-01  MSE_R=1.4950e-02  MSE_ω=9.4816e-02
  test : −ELBO=-6.0607e+00  NLL=-5.2855e+00  NLL_R=-5.0796e+00  NLL_ω=-2.0594e-01  MSE_R=1.1589e-03  MSE_ω=1.4028e-01
  sigma: σ_R=7.0587e-02  σ_ω=1.7796e-01  β=1.0000e+00
  PL   : train=-9.6617e-01  test=-9.6501e-01  σ_φ̄(train)=3.3257e-06  σ_φ̄(test)=2.6279e-11  σ_obs_ω=5.0000e-01  λ_PL=1.00
  KL   : M=2.767e+02  V=1.858e+02  Dw=6.682e+02  g=8.029e+02  sigma=9.984e+00  total=1.944e+03
  subnet MSE  M=2.009e+00  V=1.292e+01  Dw=3.878e-02  g=2.963e-01
[step   8550]
  train: −ELBO=-5.3953e+00  NLL=-4.6181e+00  NLL_R=-3.6959e+00  NLL_ω=-9.2218e-01  MSE_R=1.4948e-02  MSE_ω=9.4982e-02
  test : −ELBO=-6.0565e+00  NLL=-5.2808e+00  NLL_R=-5.0793e+00  NLL_ω=-2.0149e-01  MSE_R=1.1587e-03  MSE_ω=1.4032e-01
  sigma: σ_R=7.0593e-02  σ_ω=1.7732e-01  β=1.0000e+00
  PL   : train=-9.6729e-01  test=-9.6577e-01  σ_φ̄(train)=1.1872e-06  σ_φ̄(test)=3.9430e-11  σ_obs_ω=5.0000e-01  λ_PL=1.00
  KL   : M=2.767e+02  V=1.849e+02  Dw=6.690e+02  g=8.050e+02  sigma=1.010e+01  total=1.946e+03
  subnet MSE  M=2.009e+00  V=1.301e+01  Dw=3.867e-02  g=2.980e-01
[step   8600]
  train: −ELBO=-5.3996e+00  NLL=-4.6238e+00  NLL_R=-3.6960e+00  NLL_ω=-9.2785e-01  MSE_R=1.4947e-02  MSE_ω=9.4625e-02
  test : −ELBO=-6.0402e+00  NLL=-5.2659e+00  NLL_R=-5.0788e+00  NLL_ω=-1.8715e-01  MSE_R=1.1670e-03  MSE_ω=1.4136e-01
  sigma: σ_R=7.0590e-02  σ_ω=1.7763e-01  β=1.0000e+00
  PL   : train=-9.6598e-01  test=-9.6456e-01  σ_φ̄(train)=5.7199e-06  σ_φ̄(test)=5.5204e-11  σ_obs_ω=5.0000e-01  λ_PL=1.00
  KL   : M=2.770e+02  V=1.843e+02  Dw=6.697e+02  g=8.070e+02  sigma=1.012e+01  total=1.948e+03
  subnet MSE  M=2.009e+00  V=1.294e+01  Dw=3.906e-02  g=2.964e-01
[step   8650]
  train: −ELBO=-5.3999e+00  NLL=-4.6242e+00  NLL_R=-3.6958e+00  NLL_ω=-9.2840e-01  MSE_R=1.4949e-02  MSE_ω=9.4591e-02
  test : −ELBO=-6.0290e+00  NLL=-5.2551e+00  NLL_R=-5.0784e+00  NLL_ω=-1.7672e-01  MSE_R=1.1720e-03  MSE_ω=1.4199e-01
  sigma: σ_R=7.0585e-02  σ_ω=1.7760e-01  β=1.0000e+00
  PL   : train=-9.6624e-01  test=-9.6444e-01  σ_φ̄(train)=7.5369e-07  σ_φ̄(test)=5.7946e-11  σ_obs_ω=5.0000e-01  λ_PL=1.00
  KL   : M=2.772e+02  V=1.837e+02  Dw=6.706e+02  g=8.090e+02  sigma=1.079e+01  total=1.951e+03
  subnet MSE  M=2.008e+00  V=1.296e+01  Dw=3.932e-02  g=2.966e-01
[step   8700]
  train: −ELBO=-5.4042e+00  NLL=-4.6287e+00  NLL_R=-3.6966e+00  NLL_ω=-9.3207e-01  MSE_R=1.4940e-02  MSE_ω=9.4359e-02
  test : −ELBO=-6.0268e+00  NLL=-5.2530e+00  NLL_R=-5.0785e+00  NLL_ω=-1.7444e-01  MSE_R=1.1738e-03  MSE_ω=1.4200e-01
  sigma: σ_R=7.0575e-02  σ_ω=1.7732e-01  β=1.0000e+00
  PL   : train=-9.6618e-01  test=-9.6458e-01  σ_φ̄(train)=2.3127e-06  σ_φ̄(test)=7.2148e-11  σ_obs_ω=5.0000e-01  λ_PL=1.00
  KL   : M=2.771e+02  V=1.831e+02  Dw=6.715e+02  g=8.107e+02  sigma=1.056e+01  total=1.953e+03
  subnet MSE  M=2.007e+00  V=1.296e+01  Dw=3.910e-02  g=2.965e-01
[step   8750]
  train: −ELBO=-5.4005e+00  NLL=-4.6245e+00  NLL_R=-3.6958e+00  NLL_ω=-9.2869e-01  MSE_R=1.4949e-02  MSE_ω=9.4572e-02
  test : −ELBO=-6.0339e+00  NLL=-5.2600e+00  NLL_R=-5.0788e+00  NLL_ω=-1.8113e-01  MSE_R=1.1699e-03  MSE_ω=1.4172e-01
  sigma: σ_R=7.0576e-02  σ_ω=1.7757e-01  β=1.0000e+00
  PL   : train=-9.6686e-01  test=-9.6474e-01  σ_φ̄(train)=1.3134e-06  σ_φ̄(test)=8.2834e-11  σ_obs_ω=5.0000e-01  λ_PL=1.00
  KL   : M=2.770e+02  V=1.826e+02  Dw=6.725e+02  g=8.117e+02  sigma=1.041e+01  total=1.954e+03
  subnet MSE  M=2.008e+00  V=1.293e+01  Dw=3.887e-02  g=2.970e-01
[step   8800]
  train: −ELBO=-5.3997e+00  NLL=-4.6248e+00  NLL_R=-3.6959e+00  NLL_ω=-9.2883e-01  MSE_R=1.4947e-02  MSE_ω=9.4563e-02
  test : −ELBO=-6.0201e+00  NLL=-5.2474e+00  NLL_R=-5.0786e+00  NLL_ω=-1.6878e-01  MSE_R=1.1761e-03  MSE_ω=1.4246e-01
  sigma: σ_R=7.0572e-02  σ_ω=1.7752e-01  β=1.0000e+00
  PL   : train=-9.6593e-01  test=-9.6367e-01  σ_φ̄(train)=1.8177e-06  σ_φ̄(test)=9.1969e-11  σ_obs_ω=5.0000e-01  λ_PL=1.00
  KL   : M=2.774e+02  V=1.821e+02  Dw=6.731e+02  g=8.127e+02  sigma=1.023e+01  total=1.956e+03
  subnet MSE  M=2.008e+00  V=1.291e+01  Dw=3.912e-02  g=2.959e-01
[step   8850]
  train: −ELBO=-5.4052e+00  NLL=-4.6302e+00  NLL_R=-3.6965e+00  NLL_ω=-9.3369e-01  MSE_R=1.4942e-02  MSE_ω=9.4257e-02
  test : −ELBO=-6.0116e+00  NLL=-5.2386e+00  NLL_R=-5.0772e+00  NLL_ω=-1.6135e-01  MSE_R=1.1793e-03  MSE_ω=1.4273e-01
  sigma: σ_R=7.0593e-02  σ_ω=1.7721e-01  β=1.0000e+00
  PL   : train=-9.6633e-01  test=-9.6424e-01  σ_φ̄(train)=2.9651e-06  σ_φ̄(test)=8.7731e-11  σ_obs_ω=5.0000e-01  λ_PL=1.00
  KL   : M=2.777e+02  V=1.813e+02  Dw=6.744e+02  g=8.147e+02  sigma=1.031e+01  total=1.958e+03
  subnet MSE  M=2.008e+00  V=1.297e+01  Dw=3.919e-02  g=2.967e-01
[step   8900]
  train: −ELBO=-5.4051e+00  NLL=-4.6306e+00  NLL_R=-3.6970e+00  NLL_ω=-9.3357e-01  MSE_R=1.4937e-02  MSE_ω=9.4265e-02
  test : −ELBO=-6.0043e+00  NLL=-5.2320e+00  NLL_R=-5.0780e+00  NLL_ω=-1.5397e-01  MSE_R=1.1842e-03  MSE_ω=1.4326e-01
  sigma: σ_R=7.0570e-02  σ_ω=1.7724e-01  β=1.0000e+00
  PL   : train=-9.6600e-01  test=-9.6381e-01  σ_φ̄(train)=3.5053e-06  σ_φ̄(test)=9.7255e-11  σ_obs_ω=5.0000e-01  λ_PL=1.00
  KL   : M=2.779e+02  V=1.805e+02  Dw=6.757e+02  g=8.167e+02  sigma=1.010e+01  total=1.961e+03
  subnet MSE  M=2.008e+00  V=1.299e+01  Dw=3.928e-02  g=2.967e-01
[step   8950]
  train: −ELBO=-5.4093e+00  NLL=-4.6342e+00  NLL_R=-3.6965e+00  NLL_ω=-9.3778e-01  MSE_R=1.4942e-02  MSE_ω=9.4001e-02
  test : −ELBO=-6.0027e+00  NLL=-5.2313e+00  NLL_R=-5.0774e+00  NLL_ω=-1.5383e-01  MSE_R=1.1836e-03  MSE_ω=1.4317e-01
  sigma: σ_R=7.0581e-02  σ_ω=1.7707e-01  β=1.0000e+00
  PL   : train=-9.6682e-01  test=-9.6311e-01  σ_φ̄(train)=9.5821e-06  σ_φ̄(test)=9.7956e-11  σ_obs_ω=5.0000e-01  λ_PL=1.00
  KL   : M=2.782e+02  V=1.798e+02  Dw=6.770e+02  g=8.181e+02  sigma=9.964e+00  total=1.963e+03
  subnet MSE  M=2.007e+00  V=1.294e+01  Dw=3.931e-02  g=2.971e-01
[step   9000]
  train: −ELBO=-5.4054e+00  NLL=-4.6312e+00  NLL_R=-3.6962e+00  NLL_ω=-9.3497e-01  MSE_R=1.4945e-02  MSE_ω=9.4177e-02
  test : −ELBO=-5.9849e+00  NLL=-5.2244e+00  NLL_R=-5.0765e+00  NLL_ω=-1.4791e-01  MSE_R=1.1886e-03  MSE_ω=1.4371e-01
  sigma: σ_R=7.0591e-02  σ_ω=1.7740e-01  β=1.0000e+00
  PL   : train=-9.6616e-01  test=-9.5239e-01  σ_φ̄(train)=3.4783e-06  σ_φ̄(test)=9.3406e-11  σ_obs_ω=5.0000e-01  λ_PL=1.00
  KL   : M=2.787e+02  V=1.796e+02  Dw=6.778e+02  g=8.192e+02  sigma=9.931e+00  total=1.965e+03
  subnet MSE  M=2.009e+00  V=1.296e+01  Dw=3.928e-02  g=2.961e-01
[step   9050]
  train: −ELBO=-5.4076e+00  NLL=-4.6334e+00  NLL_R=-3.6966e+00  NLL_ω=-9.3677e-01  MSE_R=1.4941e-02  MSE_ω=9.4064e-02
  test : −ELBO=-5.9870e+00  NLL=-5.2151e+00  NLL_R=-5.0769e+00  NLL_ω=-1.3827e-01  MSE_R=1.1918e-03  MSE_ω=1.4425e-01
  sigma: σ_R=7.0574e-02  σ_ω=1.7730e-01  β=1.0000e+00
  PL   : train=-9.6628e-01  test=-9.6387e-01  σ_φ̄(train)=2.3560e-06  σ_φ̄(test)=9.0323e-11  σ_obs_ω=5.0000e-01  λ_PL=1.00
  KL   : M=2.786e+02  V=1.793e+02  Dw=6.783e+02  g=8.201e+02  sigma=9.893e+00  total=1.966e+03
  subnet MSE  M=2.006e+00  V=1.296e+01  Dw=3.941e-02  g=2.965e-01
[step   9100]
  train: −ELBO=-5.4051e+00  NLL=-4.6305e+00  NLL_R=-3.6957e+00  NLL_ω=-9.3482e-01  MSE_R=1.4950e-02  MSE_ω=9.4187e-02
  test : −ELBO=-5.9996e+00  NLL=-5.2275e+00  NLL_R=-5.0762e+00  NLL_ω=-1.5133e-01  MSE_R=1.1847e-03  MSE_ω=1.4334e-01
  sigma: σ_R=7.0605e-02  σ_ω=1.7709e-01  β=1.0000e+00
  PL   : train=-9.6669e-01  test=-9.6413e-01  σ_φ̄(train)=4.2152e-06  σ_φ̄(test)=9.6496e-11  σ_obs_ω=5.0000e-01  λ_PL=1.00
  KL   : M=2.788e+02  V=1.788e+02  Dw=6.790e+02  g=8.209e+02  sigma=9.771e+00  total=1.967e+03
  subnet MSE  M=2.008e+00  V=1.300e+01  Dw=3.945e-02  g=2.971e-01
[step   9150]
  train: −ELBO=-5.4090e+00  NLL=-4.6349e+00  NLL_R=-3.6970e+00  NLL_ω=-9.3794e-01  MSE_R=1.4937e-02  MSE_ω=9.3991e-02
  test : −ELBO=-5.9914e+00  NLL=-5.2200e+00  NLL_R=-5.0766e+00  NLL_ω=-1.4346e-01  MSE_R=1.1885e-03  MSE_ω=1.4384e-01
  sigma: σ_R=7.0589e-02  σ_ω=1.7715e-01  β=1.0000e+00
  PL   : train=-9.6637e-01  test=-9.6371e-01  σ_φ̄(train)=1.3914e-06  σ_φ̄(test)=7.9281e-11  σ_obs_ω=5.0000e-01  λ_PL=1.00
  KL   : M=2.791e+02  V=1.785e+02  Dw=6.802e+02  g=8.219e+02  sigma=9.824e+00  total=1.970e+03
  subnet MSE  M=2.004e+00  V=1.293e+01  Dw=3.959e-02  g=2.965e-01
[step   9200]
  train: −ELBO=-5.4083e+00  NLL=-4.6342e+00  NLL_R=-3.6960e+00  NLL_ω=-9.3818e-01  MSE_R=1.4946e-02  MSE_ω=9.3976e-02
  test : −ELBO=-5.9875e+00  NLL=-5.2161e+00  NLL_R=-5.0766e+00  NLL_ω=-1.3953e-01  MSE_R=1.1915e-03  MSE_ω=1.4416e-01
  sigma: σ_R=7.0582e-02  σ_ω=1.7725e-01  β=1.0000e+00
  PL   : train=-9.6654e-01  test=-9.6379e-01  σ_φ̄(train)=4.9039e-06  σ_φ̄(test)=7.3955e-11  σ_obs_ω=5.0000e-01  λ_PL=1.00
  KL   : M=2.790e+02  V=1.782e+02  Dw=6.809e+02  g=8.231e+02  sigma=9.748e+00  total=1.971e+03
  subnet MSE  M=2.008e+00  V=1.302e+01  Dw=3.960e-02  g=2.964e-01
[step   9250]
  train: −ELBO=-5.4086e+00  NLL=-4.6353e+00  NLL_R=-3.6962e+00  NLL_ω=-9.3908e-01  MSE_R=1.4945e-02  MSE_ω=9.3919e-02
  test : −ELBO=-5.9781e+00  NLL=-5.2075e+00  NLL_R=-5.0765e+00  NLL_ω=-1.3098e-01  MSE_R=1.1941e-03  MSE_ω=1.4449e-01
  sigma: σ_R=7.0578e-02  σ_ω=1.7689e-01  β=1.0000e+00
  PL   : train=-9.6592e-01  test=-9.6330e-01  σ_φ̄(train)=2.5434e-06  σ_φ̄(test)=8.1513e-11  σ_obs_ω=5.0000e-01  λ_PL=1.00
  KL   : M=2.790e+02  V=1.779e+02  Dw=6.817e+02  g=8.244e+02  sigma=9.570e+00  total=1.973e+03
  subnet MSE  M=2.006e+00  V=1.294e+01  Dw=3.936e-02  g=2.958e-01
[step   9300]
  train: −ELBO=-5.4065e+00  NLL=-4.6334e+00  NLL_R=-3.6968e+00  NLL_ω=-9.3655e-01  MSE_R=1.4939e-02  MSE_ω=9.4078e-02
  test : −ELBO=-5.9688e+00  NLL=-5.1990e+00  NLL_R=-5.0777e+00  NLL_ω=-1.2129e-01  MSE_R=1.1992e-03  MSE_ω=1.4508e-01
  sigma: σ_R=7.0533e-02  σ_ω=1.7687e-01  β=1.0000e+00
  PL   : train=-9.6590e-01  test=-9.6266e-01  σ_φ̄(train)=9.2976e-06  σ_φ̄(test)=6.0678e-11  σ_obs_ω=5.0000e-01  λ_PL=1.00
  KL   : M=2.791e+02  V=1.777e+02  Dw=6.826e+02  g=8.251e+02  sigma=9.762e+00  total=1.974e+03
  subnet MSE  M=2.006e+00  V=1.294e+01  Dw=3.937e-02  g=2.954e-01
[step   9350]
  train: −ELBO=-5.4092e+00  NLL=-4.6361e+00  NLL_R=-3.6960e+00  NLL_ω=-9.4009e-01  MSE_R=1.4946e-02  MSE_ω=9.3856e-02
  test : −ELBO=-5.9584e+00  NLL=-5.1883e+00  NLL_R=-5.0755e+00  NLL_ω=-1.1282e-01  MSE_R=1.2043e-03  MSE_ω=1.4563e-01
  sigma: σ_R=7.0575e-02  σ_ω=1.7690e-01  β=1.0000e+00
  PL   : train=-9.6601e-01  test=-9.6307e-01  σ_φ̄(train)=2.1080e-06  σ_φ̄(test)=5.0658e-11  σ_obs_ω=5.0000e-01  λ_PL=1.00
  KL   : M=2.792e+02  V=1.775e+02  Dw=6.833e+02  g=8.259e+02  sigma=9.885e+00  total=1.976e+03
  subnet MSE  M=2.003e+00  V=1.299e+01  Dw=3.911e-02  g=2.959e-01
[step   9400]
  train: −ELBO=-5.4106e+00  NLL=-4.6375e+00  NLL_R=-3.6967e+00  NLL_ω=-9.4076e-01  MSE_R=1.4940e-02  MSE_ω=9.3814e-02
  test : −ELBO=-5.9805e+00  NLL=-5.2127e+00  NLL_R=-5.0769e+00  NLL_ω=-1.3577e-01  MSE_R=1.1918e-03  MSE_ω=1.4425e-01
  sigma: σ_R=7.0569e-02  σ_ω=1.7702e-01  β=1.0000e+00
  PL   : train=-9.6634e-01  test=-9.6099e-01  σ_φ̄(train)=1.5572e-06  σ_φ̄(test)=3.5254e-11  σ_obs_ω=5.0000e-01  λ_PL=1.00
  KL   : M=2.794e+02  V=1.773e+02  Dw=6.841e+02  g=8.269e+02  sigma=1.014e+01  total=1.978e+03
  subnet MSE  M=2.004e+00  V=1.297e+01  Dw=3.921e-02  g=2.960e-01
[step   9450]
  train: −ELBO=-5.4092e+00  NLL=-4.6362e+00  NLL_R=-3.6968e+00  NLL_ω=-9.3933e-01  MSE_R=1.4939e-02  MSE_ω=9.3903e-02
  test : −ELBO=-5.9689e+00  NLL=-5.1987e+00  NLL_R=-5.0762e+00  NLL_ω=-1.2244e-01  MSE_R=1.1999e-03  MSE_ω=1.4514e-01
  sigma: σ_R=7.0581e-02  σ_ω=1.7707e-01  β=1.0000e+00
  PL   : train=-9.6641e-01  test=-9.6356e-01  σ_φ̄(train)=1.3136e-06  σ_φ̄(test)=2.5785e-11  σ_obs_ω=5.0000e-01  λ_PL=1.00
  KL   : M=2.792e+02  V=1.771e+02  Dw=6.851e+02  g=8.280e+02  sigma=1.036e+01  total=1.980e+03
  subnet MSE  M=2.004e+00  V=1.295e+01  Dw=3.944e-02  g=2.963e-01
[step   9500]
  train: −ELBO=-5.4078e+00  NLL=-4.6346e+00  NLL_R=-3.6969e+00  NLL_ω=-9.3762e-01  MSE_R=1.4937e-02  MSE_ω=9.4011e-02
  test : −ELBO=-5.9825e+00  NLL=-5.2119e+00  NLL_R=-5.0775e+00  NLL_ω=-1.3435e-01  MSE_R=1.1921e-03  MSE_ω=1.4427e-01
  sigma: σ_R=7.0550e-02  σ_ω=1.7682e-01  β=1.0000e+00
  PL   : train=-9.6671e-01  test=-9.6409e-01  σ_φ̄(train)=7.8237e-07  σ_φ̄(test)=2.5342e-11  σ_obs_ω=5.0000e-01  λ_PL=1.00
  KL   : M=2.793e+02  V=1.768e+02  Dw=6.858e+02  g=8.288e+02  sigma=1.032e+01  total=1.981e+03
  subnet MSE  M=2.006e+00  V=1.298e+01  Dw=3.923e-02  g=2.971e-01
[step   9550]
  train: −ELBO=-5.4102e+00  NLL=-4.6377e+00  NLL_R=-3.6972e+00  NLL_ω=-9.4050e-01  MSE_R=1.4934e-02  MSE_ω=9.3831e-02
  test : −ELBO=-5.9751e+00  NLL=-5.2053e+00  NLL_R=-5.0764e+00  NLL_ω=-1.2888e-01  MSE_R=1.1959e-03  MSE_ω=1.4458e-01
  sigma: σ_R=7.0579e-02  σ_ω=1.7684e-01  β=1.0000e+00
  PL   : train=-9.6608e-01  test=-9.6338e-01  σ_φ̄(train)=1.6809e-05  σ_φ̄(test)=2.0834e-11  σ_obs_ω=5.0000e-01  λ_PL=1.00
  KL   : M=2.794e+02  V=1.767e+02  Dw=6.865e+02  g=8.293e+02  sigma=1.034e+01  total=1.982e+03
  subnet MSE  M=2.007e+00  V=1.293e+01  Dw=3.941e-02  g=2.960e-01
[step   9600]
  train: −ELBO=-5.4091e+00  NLL=-4.6365e+00  NLL_R=-3.6971e+00  NLL_ω=-9.3944e-01  MSE_R=1.4936e-02  MSE_ω=9.3897e-02
  test : −ELBO=-5.9648e+00  NLL=-5.1961e+00  NLL_R=-5.0765e+00  NLL_ω=-1.1963e-01  MSE_R=1.1998e-03  MSE_ω=1.4513e-01
  sigma: σ_R=7.0561e-02  σ_ω=1.7677e-01  β=1.0000e+00
  PL   : train=-9.6634e-01  test=-9.6239e-01  σ_φ̄(train)=8.6556e-07  σ_φ̄(test)=2.5498e-11  σ_obs_ω=5.0000e-01  λ_PL=1.00
  KL   : M=2.795e+02  V=1.765e+02  Dw=6.872e+02  g=8.300e+02  sigma=1.078e+01  total=1.984e+03
  subnet MSE  M=2.003e+00  V=1.296e+01  Dw=3.951e-02  g=2.965e-01
[step   9650]
  train: −ELBO=-5.4102e+00  NLL=-4.6378e+00  NLL_R=-3.6967e+00  NLL_ω=-9.4113e-01  MSE_R=1.4940e-02  MSE_ω=9.3791e-02
  test : −ELBO=-5.9594e+00  NLL=-5.1898e+00  NLL_R=-5.0759e+00  NLL_ω=-1.1396e-01  MSE_R=1.2012e-03  MSE_ω=1.4540e-01
  sigma: σ_R=7.0578e-02  σ_ω=1.7662e-01  β=1.0000e+00
  PL   : train=-9.6638e-01  test=-9.6350e-01  σ_φ̄(train)=2.8929e-05  σ_φ̄(test)=3.1918e-11  σ_obs_ω=5.0000e-01  λ_PL=1.00
  KL   : M=2.799e+02  V=1.764e+02  Dw=6.881e+02  g=8.311e+02  sigma=1.060e+01  total=1.986e+03
  subnet MSE  M=2.004e+00  V=1.296e+01  Dw=3.931e-02  g=2.967e-01
[step   9700]
  train: −ELBO=-5.4145e+00  NLL=-4.6420e+00  NLL_R=-3.6961e+00  NLL_ω=-9.4590e-01  MSE_R=1.4946e-02  MSE_ω=9.3494e-02
  test : −ELBO=-5.9771e+00  NLL=-5.2072e+00  NLL_R=-5.0771e+00  NLL_ω=-1.3010e-01  MSE_R=1.1927e-03  MSE_ω=1.4435e-01
  sigma: σ_R=7.0565e-02  σ_ω=1.7656e-01  β=1.0000e+00
  PL   : train=-9.6670e-01  test=-9.6408e-01  σ_φ̄(train)=1.0615e-06  σ_φ̄(test)=3.6334e-11  σ_obs_ω=5.0000e-01  λ_PL=1.00
  KL   : M=2.802e+02  V=1.763e+02  Dw=6.889e+02  g=8.323e+02  sigma=1.044e+01  total=1.988e+03
  subnet MSE  M=2.003e+00  V=1.293e+01  Dw=3.945e-02  g=2.970e-01
[step   9750]
  train: −ELBO=-5.4093e+00  NLL=-4.6373e+00  NLL_R=-3.6957e+00  NLL_ω=-9.4153e-01  MSE_R=1.4949e-02  MSE_ω=9.3766e-02
  test : −ELBO=-5.9511e+00  NLL=-5.1824e+00  NLL_R=-5.0754e+00  NLL_ω=-1.0701e-01  MSE_R=1.2077e-03  MSE_ω=1.4600e-01
  sigma: σ_R=7.0568e-02  σ_ω=1.7690e-01  β=1.0000e+00
  PL   : train=-9.6635e-01  test=-9.6304e-01  σ_φ̄(train)=6.2596e-07  σ_φ̄(test)=3.3007e-11  σ_obs_ω=5.0000e-01  λ_PL=1.00
  KL   : M=2.804e+02  V=1.762e+02  Dw=6.896e+02  g=8.329e+02  sigma=1.046e+01  total=1.990e+03
  subnet MSE  M=2.002e+00  V=1.293e+01  Dw=3.950e-02  g=2.963e-01
[step   9800]
  train: −ELBO=-5.4128e+00  NLL=-4.6407e+00  NLL_R=-3.6968e+00  NLL_ω=-9.4392e-01  MSE_R=1.4939e-02  MSE_ω=9.3617e-02
  test : −ELBO=-5.9531e+00  NLL=-5.1843e+00  NLL_R=-5.0759e+00  NLL_ω=-1.0840e-01  MSE_R=1.2041e-03  MSE_ω=1.4585e-01
  sigma: σ_R=7.0569e-02  σ_ω=1.7678e-01  β=1.0000e+00
  PL   : train=-9.6654e-01  test=-9.6327e-01  σ_φ̄(train)=7.9861e-07  σ_φ̄(test)=3.0937e-11  σ_obs_ω=5.0000e-01  λ_PL=1.00
  KL   : M=2.805e+02  V=1.762e+02  Dw=6.901e+02  g=8.337e+02  sigma=1.046e+01  total=1.991e+03
  subnet MSE  M=2.002e+00  V=1.294e+01  Dw=3.933e-02  g=2.965e-01
[step   9850]
  train: −ELBO=-5.4109e+00  NLL=-4.6385e+00  NLL_R=-3.6965e+00  NLL_ω=-9.4204e-01  MSE_R=1.4942e-02  MSE_ω=9.3734e-02
  test : −ELBO=-5.9554e+00  NLL=-5.1860e+00  NLL_R=-5.0771e+00  NLL_ω=-1.0893e-01  MSE_R=1.2040e-03  MSE_ω=1.4559e-01
  sigma: σ_R=7.0532e-02  σ_ω=1.7644e-01  β=1.0000e+00
  PL   : train=-9.6691e-01  test=-9.6396e-01  σ_φ̄(train)=4.4338e-06  σ_φ̄(test)=3.5983e-11  σ_obs_ω=5.0000e-01  λ_PL=1.00
  KL   : M=2.807e+02  V=1.761e+02  Dw=6.909e+02  g=8.348e+02  sigma=1.029e+01  total=1.993e+03
  subnet MSE  M=2.003e+00  V=1.297e+01  Dw=3.936e-02  g=2.974e-01
[step   9900]
  train: −ELBO=-5.4123e+00  NLL=-4.6404e+00  NLL_R=-3.6970e+00  NLL_ω=-9.4337e-01  MSE_R=1.4936e-02  MSE_ω=9.3651e-02
  test : −ELBO=-5.9480e+00  NLL=-5.1795e+00  NLL_R=-5.0748e+00  NLL_ω=-1.0471e-01  MSE_R=1.2075e-03  MSE_ω=1.4608e-01
  sigma: σ_R=7.0589e-02  σ_ω=1.7676e-01  β=1.0000e+00
  PL   : train=-9.6673e-01  test=-9.6337e-01  σ_φ̄(train)=9.2428e-07  σ_φ̄(test)=4.2633e-11  σ_obs_ω=5.0000e-01  λ_PL=1.00
  KL   : M=2.812e+02  V=1.761e+02  Dw=6.919e+02  g=8.357e+02  sigma=1.010e+01  total=1.995e+03
  subnet MSE  M=2.001e+00  V=1.293e+01  Dw=3.951e-02  g=2.968e-01
[step   9950]
  train: −ELBO=-5.4110e+00  NLL=-4.6399e+00  NLL_R=-3.6975e+00  NLL_ω=-9.4240e-01  MSE_R=1.4932e-02  MSE_ω=9.3712e-02
  test : −ELBO=-5.9513e+00  NLL=-5.1832e+00  NLL_R=-5.0763e+00  NLL_ω=-1.0693e-01  MSE_R=1.2062e-03  MSE_ω=1.4596e-01
  sigma: σ_R=7.0552e-02  σ_ω=1.7685e-01  β=1.0000e+00
  PL   : train=-9.6618e-01  test=-9.6317e-01  σ_φ̄(train)=7.9844e-07  σ_φ̄(test)=3.7376e-11  σ_obs_ω=5.0000e-01  λ_PL=1.00
  KL   : M=2.816e+02  V=1.759e+02  Dw=6.931e+02  g=8.365e+02  sigma=1.019e+01  total=1.997e+03
  subnet MSE  M=2.001e+00  V=1.293e+01  Dw=3.936e-02  g=2.963e-01
[step  10000]
  train: −ELBO=-5.4132e+00  NLL=-4.6423e+00  NLL_R=-3.6973e+00  NLL_ω=-9.4500e-01  MSE_R=1.4934e-02  MSE_ω=9.3549e-02
  test : −ELBO=-5.9426e+00  NLL=-5.1749e+00  NLL_R=-5.0756e+00  NLL_ω=-9.9257e-02  MSE_R=1.2085e-03  MSE_ω=1.4630e-01
  sigma: σ_R=7.0563e-02  σ_ω=1.7659e-01  β=1.0000e+00
  PL   : train=-9.6607e-01  test=-9.6296e-01  σ_φ̄(train)=1.5205e-06  σ_φ̄(test)=3.9427e-11  σ_obs_ω=5.0000e-01  λ_PL=1.00
  KL   : M=2.817e+02  V=1.758e+02  Dw=6.939e+02  g=8.374e+02  sigma=1.009e+01  total=1.999e+03
  subnet MSE  M=2.002e+00  V=1.288e+01  Dw=3.970e-02  g=2.961e-01

Final per-trajectory eval ...
Final trajectory train loss 1.0017e+02 +/- 6.6419e+01
Final trajectory test loss  1.0068e+02 +/- 6.8403e+01
Final trajectory train l2 loss 9.9656e+01 +/- 6.6466e+01
Final trajectory test l2 loss  9.9669e+01 +/- 6.8140e+01
Final trajectory train geo loss 5.1851e-01 +/- 4.1956e-01
Final trajectory test geo loss  1.0070e+00 +/- 1.4672e+00
Saved final stats:  /mnt/data/thribhuvan/Projects/stochastic_port_hamiltonian/Final/SPHNP v2/src/models/3D_SO3_Windy_Pendulum/ph_gp_sde/data/run_wp3d_jax/obs0p05_fric0p5_wind0p5_ext0-sine_lr0p001_s10000_np5_smp64_T20_seed0_randu7_G0p5-0p7-0p1_260611-205402/wp3d-so3hamGPSDE-5p-stats.pkl
