Run dir : /mnt/data/thribhuvan/Projects/stochastic_port_hamiltonian/Final/SPHNP v2/src/models/3D_SO3_Windy_Pendulum/ph_gp_sde/data/run_wp3d_jax/obs0p01_fric0p5_wind0p5_ext0-sine_lr0p001_s10000_np5_smp64_T20_seed0_randu7_G0p5-0p7-0p1_260611-165710
model contains 11582 parameters
Loaded data from /mnt/data/thribhuvan/Projects/stochastic_port_hamiltonian/Final/SPHNP v2/datasets/data/windy_pendulum_3d/wp3d_dataset_extforce-sine-std0p0_fric0p5_var_fricFalse_obs_noise0p01_wind_force0p5_random_uTrue_uScale7p0_G_0p5_0p7_0p1_steps20.pkl
  dt = 0.0500  h = 0.0050  n_outer (per window) = 4  n_substeps = 10
  train batch B = 2560, test batch B = 2560, T_obs = 5, N (= B·(T−1)) = 10240

Pretraining M_net for 200 steps (lr=0.001, target = 1.000·I₃)
  using 12800 q samples drawn from training data
  pretrain step    0: loss=2.049e+00
  pretrain step   20: loss=1.923e+00
  pretrain step   40: loss=1.788e+00
  pretrain step   60: loss=1.648e+00
  pretrain step   80: loss=1.508e+00
  pretrain step  100: loss=1.375e+00
  pretrain step  120: loss=1.249e+00
  pretrain step  140: loss=1.132e+00
  pretrain step  160: loss=1.024e+00
  pretrain step  180: loss=9.256e-01
  pretrain step  199: loss=8.409e-01
  pretrain done. initial loss=2.049e+00  final loss=8.409e-01  max|M(q₀) − target|=1.946e+00
[step      0]
  train: −ELBO=9.4106e+01  NLL=9.4777e+01  NLL_R=-3.2900e+00  NLL_ω=9.8067e+01  MSE_R=1.7220e-02  MSE_ω=2.0444e+00
  test : −ELBO=8.1885e+01  NLL=8.1904e+01  NLL_R=-3.4234e+00  NLL_ω=8.5327e+01  MSE_R=1.4581e-02  MSE_ω=1.7931e+00
  sigma: σ_R=1.0000e-01  σ_ω=1.0000e-01  β=0.0000e+00
  PL   : train=-6.7053e-01  test=-7.6633e-01  σ_φ̄(train)=6.9971e-01  σ_φ̄(test)=6.9178e-01  σ_obs_ω=5.0000e-01  λ_PL=1.00
  KL   : M=2.003e+03  V=3.320e+02  Dw=1.992e+03  g=2.988e+03  sigma=3.320e+02  total=7.647e+03
  subnet MSE  M=8.707e-01  V=2.709e+01  Dw=6.557e-03  g=3.281e-01
[step     50]
  train: −ELBO=6.2874e+01  NLL=6.3575e+01  NLL_R=-3.5735e+00  NLL_ω=6.7149e+01  MSE_R=1.2831e-02  MSE_ω=1.5285e+00
  test : −ELBO=5.5464e+01  NLL=5.5511e+01  NLL_R=-3.6802e+00  NLL_ω=5.9192e+01  MSE_R=1.0881e-02  MSE_ω=1.3594e+00
  sigma: σ_R=9.6227e-02  σ_ω=1.0361e-01  β=5.0000e-02
  PL   : train=-7.3837e-01  test=-7.9671e-01  σ_φ̄(train)=5.7414e-01  σ_φ̄(test)=5.6655e-01  σ_obs_ω=5.0000e-01  λ_PL=1.00
  KL   : M=2.010e+03  V=3.332e+02  Dw=1.995e+03  g=3.001e+03  sigma=3.338e+02  total=7.673e+03
  subnet MSE  M=5.330e-01  V=2.694e+01  Dw=9.959e-03  g=2.901e-01
[step    100]
  train: −ELBO=4.8472e+01  NLL=4.9160e+01  NLL_R=-3.7525e+00  NLL_ω=5.2913e+01  MSE_R=1.0968e-02  MSE_ω=1.3091e+00
  test : −ELBO=4.0349e+01  NLL=4.0424e+01  NLL_R=-3.8815e+00  NLL_ω=4.4305e+01  MSE_R=8.8119e-03  MSE_ω=1.1124e+00
  sigma: σ_R=9.2036e-02  σ_ω=1.0730e-01  β=1.0000e-01
  PL   : train=-7.6346e-01  test=-8.2543e-01  σ_φ̄(train)=4.0839e-01  σ_φ̄(test)=4.0002e-01  σ_obs_ω=5.0000e-01  λ_PL=1.00
  KL   : M=2.013e+03  V=3.336e+02  Dw=1.997e+03  g=3.005e+03  sigma=3.348e+02  total=7.683e+03
  subnet MSE  M=3.962e-01  V=2.681e+01  Dw=1.398e-02  g=2.908e-01
[step    150]
  train: −ELBO=3.2286e+01  NLL=3.2999e+01  NLL_R=-3.9971e+00  NLL_ω=3.6996e+01  MSE_R=8.5773e-03  MSE_ω=1.0148e+00
  test : −ELBO=2.8579e+01  NLL=2.8686e+01  NLL_R=-4.0942e+00  NLL_ω=3.2781e+01  MSE_R=7.1348e-03  MSE_ω=9.1133e-01
  sigma: σ_R=8.7236e-02  σ_ω=1.1149e-01  β=1.5000e-01
  PL   : train=-8.2539e-01  test=-8.5884e-01  σ_φ̄(train)=2.4034e-01  σ_φ̄(test)=2.3201e-01  σ_obs_ω=5.0000e-01  λ_PL=1.00
  KL   : M=2.016e+03  V=3.343e+02  Dw=1.998e+03  g=3.009e+03  sigma=3.361e+02  total=7.694e+03
  subnet MSE  M=4.292e-01  V=2.631e+01  Dw=2.160e-02  g=2.865e-01
[step    200]
  train: −ELBO=2.3590e+01  NLL=2.4294e+01  NLL_R=-4.1963e+00  NLL_ω=2.8490e+01  MSE_R=7.3296e-03  MSE_ω=8.6393e-01
  test : −ELBO=2.1521e+01  NLL=2.1646e+01  NLL_R=-4.2828e+00  NLL_ω=2.5929e+01  MSE_R=6.1894e-03  MSE_ω=7.9618e-01
  sigma: σ_R=8.2214e-02  σ_ω=1.1582e-01  β=2.0000e-01
  PL   : train=-8.5450e-01  test=-8.7810e-01  σ_φ̄(train)=1.4215e-01  σ_φ̄(test)=1.3509e-01  σ_obs_ω=5.0000e-01  λ_PL=1.00
  KL   : M=2.019e+03  V=3.356e+02  Dw=2.001e+03  g=3.013e+03  sigma=3.373e+02  total=7.706e+03
  subnet MSE  M=5.165e-01  V=2.564e+01  Dw=3.339e-02  g=2.860e-01
[step    250]
  train: −ELBO=1.7202e+01  NLL=1.7889e+01  NLL_R=-4.3858e+00  NLL_ω=2.2274e+01  MSE_R=6.4211e-03  MSE_ω=7.4969e-01
  test : −ELBO=1.5968e+01  NLL=1.6107e+01  NLL_R=-4.4705e+00  NLL_ω=2.0577e+01  MSE_R=5.4377e-03  MSE_ω=7.0144e-01
  sigma: σ_R=7.7310e-02  σ_ω=1.2037e-01  β=2.5000e-01
  PL   : train=-8.7542e-01  test=-8.9241e-01  σ_φ̄(train)=8.9874e-02  σ_φ̄(test)=8.4200e-02  σ_obs_ω=5.0000e-01  λ_PL=1.00
  KL   : M=2.022e+03  V=3.372e+02  Dw=2.004e+03  g=3.016e+03  sigma=3.381e+02  total=7.717e+03
  subnet MSE  M=6.340e-01  V=2.449e+01  Dw=4.256e-02  g=2.901e-01
[step    300]
  train: −ELBO=1.2635e+01  NLL=1.3299e+01  NLL_R=-4.5484e+00  NLL_ω=1.7847e+01  MSE_R=5.7216e-03  MSE_ω=6.5927e-01
  test : −ELBO=1.1473e+01  NLL=1.1625e+01  NLL_R=-4.6414e+00  NLL_ω=1.6266e+01  MSE_R=4.7445e-03  MSE_ω=6.1114e-01
  sigma: σ_R=7.3371e-02  σ_ω=1.2427e-01  β=3.0000e-01
  PL   : train=-8.9022e-01  test=-9.0588e-01  σ_φ̄(train)=6.7467e-02  σ_φ̄(test)=6.2624e-02  σ_obs_ω=5.0000e-01  λ_PL=1.00
  KL   : M=2.023e+03  V=3.388e+02  Dw=2.005e+03  g=3.018e+03  sigma=3.385e+02  total=7.724e+03
  subnet MSE  M=7.470e-01  V=2.307e+01  Dw=5.098e-02  g=2.958e-01
[step    350]
  train: −ELBO=9.3718e+00  NLL=1.0010e+01  NLL_R=-4.6869e+00  NLL_ω=1.4697e+01  MSE_R=5.1765e-03  MSE_ω=5.8765e-01
  test : −ELBO=8.4130e+00  NLL=8.5727e+00  NLL_R=-4.7838e+00  NLL_ω=1.3357e+01  MSE_R=4.2373e-03  MSE_ω=5.4457e-01
  sigma: σ_R=7.0211e-02  σ_ω=1.2733e-01  β=3.5000e-01
  PL   : train=-9.0258e-01  test=-9.1457e-01  σ_φ̄(train)=5.2637e-02  σ_φ̄(test)=4.9304e-02  σ_obs_ω=5.0000e-01  λ_PL=1.00
  KL   : M=2.024e+03  V=3.402e+02  Dw=2.007e+03  g=3.020e+03  sigma=3.386e+02  total=7.730e+03
  subnet MSE  M=8.599e-01  V=2.178e+01  Dw=4.974e-02  g=2.969e-01
[step    400]
  train: −ELBO=7.3544e+00  NLL=7.9599e+00  NLL_R=-4.7953e+00  NLL_ω=1.2755e+01  MSE_R=4.8421e-03  MSE_ω=5.4313e-01
  test : −ELBO=6.2227e+00  NLL=6.3877e+00  NLL_R=-4.9035e+00  NLL_ω=1.1291e+01  MSE_R=3.8657e-03  MSE_ω=4.9412e-01
  sigma: σ_R=6.7619e-02  σ_ω=1.2978e-01  β=4.0000e-01
  PL   : train=-9.0751e-01  test=-9.2022e-01  σ_φ̄(train)=4.6498e-02  σ_φ̄(test)=4.3344e-02  σ_obs_ω=5.0000e-01  λ_PL=1.00
  KL   : M=2.025e+03  V=3.413e+02  Dw=2.008e+03  g=3.021e+03  sigma=3.386e+02  total=7.733e+03
  subnet MSE  M=9.712e-01  V=2.045e+01  Dw=4.784e-02  g=2.962e-01
[step    450]
  train: −ELBO=6.0703e+00  NLL=6.6410e+00  NLL_R=-4.8790e+00  NLL_ω=1.1520e+01  MSE_R=4.6260e-03  MSE_ω=5.1487e-01
  test : −ELBO=4.7933e+00  NLL=4.9617e+00  NLL_R=-4.9976e+00  NLL_ω=9.9593e+00  MSE_R=3.6144e-03  MSE_ω=4.6091e-01
  sigma: σ_R=6.5572e-02  σ_ω=1.3169e-01  β=4.5000e-01
  PL   : train=-9.1061e-01  test=-9.2389e-01  σ_φ̄(train)=4.0397e-02  σ_φ̄(test)=3.7211e-02  σ_obs_ω=5.0000e-01  λ_PL=1.00
  KL   : M=2.025e+03  V=3.423e+02  Dw=2.009e+03  g=3.021e+03  sigma=3.387e+02  total=7.736e+03
  subnet MSE  M=1.004e+00  V=1.967e+01  Dw=5.140e-02  g=2.946e-01
[step    500]
  train: −ELBO=5.1685e+00  NLL=5.7039e+00  NLL_R=-4.9609e+00  NLL_ω=1.0665e+01  MSE_R=4.5384e-03  MSE_ω=5.0083e-01
  test : −ELBO=3.8392e+00  NLL=4.0088e+00  NLL_R=-5.0924e+00  NLL_ω=9.1012e+00  MSE_R=3.5043e-03  MSE_ω=4.4497e-01
  sigma: σ_R=6.3148e-02  σ_ω=1.3404e-01  β=5.0000e-01
  PL   : train=-9.1321e-01  test=-9.2539e-01  σ_φ̄(train)=3.7572e-02  σ_φ̄(test)=3.3993e-02  σ_obs_ω=5.0000e-01  λ_PL=1.00
  KL   : M=2.026e+03  V=3.430e+02  Dw=2.009e+03  g=3.022e+03  sigma=3.386e+02  total=7.739e+03
  subnet MSE  M=1.078e+00  V=1.908e+01  Dw=5.752e-02  g=2.978e-01
[step    550]
  train: −ELBO=4.3648e+00  NLL=4.8647e+00  NLL_R=-5.0336e+00  NLL_ω=9.8983e+00  MSE_R=4.4288e-03  MSE_ω=4.8645e-01
  test : −ELBO=3.2866e+00  NLL=3.4576e+00  NLL_R=-5.1631e+00  NLL_ω=8.6207e+00  MSE_R=3.4692e-03  MSE_ω=4.3932e-01
  sigma: σ_R=6.1171e-02  σ_ω=1.3614e-01  β=5.5000e-01
  PL   : train=-9.1569e-01  test=-9.2696e-01  σ_φ̄(train)=3.4417e-02  σ_φ̄(test)=3.1018e-02  σ_obs_ω=5.0000e-01  λ_PL=1.00
  KL   : M=2.026e+03  V=3.439e+02  Dw=2.010e+03  g=3.022e+03  sigma=3.387e+02  total=7.741e+03
  subnet MSE  M=1.106e+00  V=1.872e+01  Dw=5.741e-02  g=3.007e-01
[step    600]
  train: −ELBO=4.0524e+00  NLL=4.5151e+00  NLL_R=-5.0804e+00  NLL_ω=9.5955e+00  MSE_R=4.4239e-03  MSE_ω=4.8591e-01
  test : −ELBO=2.8041e+00  NLL=2.9757e+00  NLL_R=-5.2228e+00  NLL_ω=8.1985e+00  MSE_R=3.4215e-03  MSE_ω=4.3306e-01
  sigma: σ_R=5.9612e-02  σ_ω=1.3786e-01  β=6.0000e-01
  PL   : train=-9.1639e-01  test=-9.2774e-01  σ_φ̄(train)=3.1195e-02  σ_φ̄(test)=2.8217e-02  σ_obs_ω=5.0000e-01  λ_PL=1.00
  KL   : M=2.027e+03  V=3.445e+02  Dw=2.010e+03  g=3.023e+03  sigma=3.387e+02  total=7.743e+03
  subnet MSE  M=1.085e+00  V=1.872e+01  Dw=5.443e-02  g=2.999e-01
[step    650]
  train: −ELBO=3.5591e+00  NLL=3.9820e+00  NLL_R=-5.1353e+00  NLL_ω=9.1173e+00  MSE_R=4.3732e-03  MSE_ω=4.7891e-01
  test : −ELBO=2.1610e+00  NLL=2.3319e+00  NLL_R=-5.2914e+00  NLL_ω=7.6233e+00  MSE_R=3.3279e-03  MSE_ω=4.2071e-01
  sigma: σ_R=5.7994e-02  σ_ω=1.3973e-01  β=6.5000e-01
  PL   : train=-9.1445e-01  test=-9.2721e-01  σ_φ̄(train)=3.0974e-02  σ_φ̄(test)=2.8209e-02  σ_obs_ω=5.0000e-01  λ_PL=1.00
  KL   : M=2.027e+03  V=3.451e+02  Dw=2.011e+03  g=3.023e+03  sigma=3.388e+02  total=7.745e+03
  subnet MSE  M=1.105e+00  V=1.849e+01  Dw=6.061e-02  g=2.967e-01
[step    700]
  train: −ELBO=3.2025e+00  NLL=3.5818e+00  NLL_R=-5.1884e+00  NLL_ω=8.7702e+00  MSE_R=4.3870e-03  MSE_ω=4.7947e-01
  test : −ELBO=1.5941e+00  NLL=1.7614e+00  NLL_R=-5.3656e+00  NLL_ω=7.1269e+00  MSE_R=3.2807e-03  MSE_ω=4.1333e-01
  sigma: σ_R=5.6088e-02  σ_ω=1.4214e-01  β=7.0000e-01
  PL   : train=-9.0873e-01  test=-9.2363e-01  σ_φ̄(train)=3.1884e-02  σ_φ̄(test)=2.8566e-02  σ_obs_ω=5.0000e-01  λ_PL=1.00
  KL   : M=2.027e+03  V=3.458e+02  Dw=2.011e+03  g=3.023e+03  sigma=3.389e+02  total=7.746e+03
  subnet MSE  M=1.166e+00  V=1.786e+01  Dw=5.729e-02  g=2.893e-01
[step    750]
  train: −ELBO=2.5011e+00  NLL=2.8452e+00  NLL_R=-5.2549e+00  NLL_ω=8.1000e+00  MSE_R=4.3071e-03  MSE_ω=4.6640e-01
  test : −ELBO=1.0760e+00  NLL=1.2422e+00  NLL_R=-5.4369e+00  NLL_ω=6.6791e+00  MSE_R=3.2438e-03  MSE_ω=4.0714e-01
  sigma: σ_R=5.4216e-02  σ_ω=1.4466e-01  β=7.5000e-01
  PL   : train=-9.1152e-01  test=-9.2277e-01  σ_φ̄(train)=2.9495e-02  σ_φ̄(test)=2.6269e-02  σ_obs_ω=5.0000e-01  λ_PL=1.00
  KL   : M=2.027e+03  V=3.465e+02  Dw=2.011e+03  g=3.024e+03  sigma=3.389e+02  total=7.747e+03
  subnet MSE  M=1.200e+00  V=1.783e+01  Dw=6.599e-02  g=2.895e-01
[step    800]
  train: −ELBO=2.7546e+00  NLL=3.0480e+00  NLL_R=-5.2600e+00  NLL_ω=8.3080e+00  MSE_R=4.5021e-03  MSE_ω=4.8787e-01
  test : −ELBO=1.1785e+00  NLL=1.3353e+00  NLL_R=-5.4607e+00  NLL_ω=6.7961e+00  MSE_R=3.3885e-03  MSE_ω=4.2285e-01
  sigma: σ_R=5.2781e-02  σ_ω=1.4689e-01  β=8.0000e-01
  PL   : train=-8.9882e-01  test=-9.1350e-01  σ_φ̄(train)=2.8836e-02  σ_φ̄(test)=2.5691e-02  σ_obs_ω=5.0000e-01  λ_PL=1.00
  KL   : M=2.028e+03  V=3.471e+02  Dw=2.011e+03  g=3.024e+03  sigma=3.389e+02  total=7.749e+03
  subnet MSE  M=1.251e+00  V=1.765e+01  Dw=6.343e-02  g=2.780e-01
[step    850]
  train: −ELBO=2.1724e+00  NLL=2.4293e+00  NLL_R=-5.3102e+00  NLL_ω=7.7395e+00  MSE_R=4.3874e-03  MSE_ω=4.7364e-01
  test : −ELBO=4.5332e-01  NLL=6.1326e-01  NLL_R=-5.5285e+00  NLL_ω=6.1418e+00  MSE_R=3.2264e-03  MSE_ω=4.0309e-01
  sigma: σ_R=5.1666e-02  σ_ω=1.4878e-01  β=8.5000e-01
  PL   : train=-9.0019e-01  test=-9.1672e-01  σ_φ̄(train)=2.4835e-02  σ_φ̄(test)=2.2022e-02  σ_obs_ω=5.0000e-01  λ_PL=1.00
  KL   : M=2.028e+03  V=3.477e+02  Dw=2.011e+03  g=3.024e+03  sigma=3.390e+02  total=7.749e+03
  subnet MSE  M=1.247e+00  V=1.747e+01  Dw=6.183e-02  g=2.755e-01
[step    900]
  train: −ELBO=1.2136e+00  NLL=1.4426e+00  NLL_R=-5.3960e+00  NLL_ω=6.8387e+00  MSE_R=4.1528e-03  MSE_ω=4.4618e-01
  test : −ELBO=-3.8535e-01  NLL=-2.2037e-01  NLL_R=-5.6180e+00  NLL_ω=5.3976e+00  MSE_R=3.0416e-03  MSE_ω=3.8040e-01
  sigma: σ_R=5.0141e-02  σ_ω=1.5128e-01  β=9.0000e-01
  PL   : train=-9.1026e-01  test=-9.2187e-01  σ_φ̄(train)=2.3407e-02  σ_φ̄(test)=2.0816e-02  σ_obs_ω=5.0000e-01  λ_PL=1.00
  KL   : M=2.028e+03  V=3.483e+02  Dw=2.011e+03  g=3.025e+03  sigma=3.390e+02  total=7.751e+03
  subnet MSE  M=1.210e+00  V=1.742e+01  Dw=5.401e-02  g=2.794e-01
[step    950]
  train: −ELBO=7.7493e-01  NLL=9.6038e-01  NLL_R=-5.4438e+00  NLL_ω=6.4042e+00  MSE_R=4.1508e-03  MSE_ω=4.4149e-01
  test : −ELBO=-6.4407e-01  NLL=-4.8318e-01  NLL_R=-5.6722e+00  NLL_ω=5.1890e+00  MSE_R=3.0908e-03  MSE_ω=3.8381e-01
  sigma: σ_R=4.8327e-02  σ_ω=1.5448e-01  β=9.5000e-01
  PL   : train=-9.0458e-01  test=-9.1787e-01  σ_φ̄(train)=2.0896e-02  σ_φ̄(test)=1.8380e-02  σ_obs_ω=5.0000e-01  λ_PL=1.00
  KL   : M=2.028e+03  V=3.489e+02  Dw=2.011e+03  g=3.025e+03  sigma=3.390e+02  total=7.751e+03
  subnet MSE  M=1.229e+00  V=1.727e+01  Dw=6.268e-02  g=2.737e-01
[step   1000]
  train: −ELBO=8.3596e-01  NLL=9.7371e-01  NLL_R=-5.4421e+00  NLL_ω=6.4158e+00  MSE_R=4.2984e-03  MSE_ω=4.5409e-01
  test : −ELBO=-6.3003e-01  NLL=-4.7813e-01  NLL_R=-5.6837e+00  NLL_ω=5.2056e+00  MSE_R=3.2316e-03  MSE_ω=3.9463e-01
  sigma: σ_R=4.7045e-02  σ_ω=1.5698e-01  β=1.0000e+00
  PL   : train=-8.9476e-01  test=-9.0891e-01  σ_φ̄(train)=2.0380e-02  σ_φ̄(test)=1.7988e-02  σ_obs_ω=5.0000e-01  λ_PL=1.00
  KL   : M=2.028e+03  V=3.493e+02  Dw=2.011e+03  g=3.025e+03  sigma=3.389e+02  total=7.752e+03
  subnet MSE  M=1.239e+00  V=1.698e+01  Dw=1.060e-01  g=2.800e-01
[step   1050]
  train: −ELBO=1.0812e+00  NLL=1.1810e+00  NLL_R=-5.3932e+00  NLL_ω=6.5741e+00  MSE_R=4.6223e-03  MSE_ω=4.8001e-01
  test : −ELBO=-4.3789e-01  NLL=-3.1834e-01  NLL_R=-5.6590e+00  NLL_ω=5.3406e+00  MSE_R=3.5135e-03  MSE_ω=4.1667e-01
  sigma: σ_R=4.5723e-02  σ_ω=1.6062e-01  β=1.0000e+00
  PL   : train=-8.5687e-01  test=-8.7660e-01  σ_φ̄(train)=1.8851e-02  σ_φ̄(test)=1.6545e-02  σ_obs_ω=5.0000e-01  λ_PL=1.00
  KL   : M=2.028e+03  V=3.500e+02  Dw=2.010e+03  g=3.025e+03  sigma=3.388e+02  total=7.752e+03
  subnet MSE  M=1.218e+00  V=1.675e+01  Dw=1.996e-01  g=2.826e-01
[step   1100]
  train: −ELBO=3.9639e-01  NLL=4.9959e-01  NLL_R=-5.4477e+00  NLL_ω=5.9473e+00  MSE_R=4.4716e-03  MSE_ω=4.6249e-01
  test : −ELBO=-1.0904e+00  NLL=-9.6696e-01  NLL_R=-5.7253e+00  NLL_ω=4.7584e+00  MSE_R=3.3646e-03  MSE_ω=3.9891e-01
  sigma: σ_R=4.4694e-02  σ_ω=1.6381e-01  β=1.0000e+00
  PL   : train=-8.6028e-01  test=-8.8054e-01  σ_φ̄(train)=2.1051e-02  σ_φ̄(test)=1.8184e-02  σ_obs_ω=5.0000e-01  λ_PL=1.00
  KL   : M=2.028e+03  V=3.505e+02  Dw=2.010e+03  g=3.025e+03  sigma=3.385e+02  total=7.752e+03
  subnet MSE  M=1.216e+00  V=1.657e+01  Dw=1.927e-01  g=2.817e-01
[step   1150]
  train: −ELBO=1.2363e+00  NLL=1.2618e+00  NLL_R=-5.3150e+00  NLL_ω=6.5769e+00  MSE_R=5.0278e-03  MSE_ω=5.1199e-01
  test : −ELBO=-3.9967e-01  NLL=-3.2923e-01  NLL_R=-5.6309e+00  NLL_ω=5.3017e+00  MSE_R=3.8035e-03  MSE_ω=4.4130e-01
  sigma: σ_R=4.4039e-02  σ_ω=1.6689e-01  β=1.0000e+00
  PL   : train=-7.8269e-01  test=-8.2756e-01  σ_φ̄(train)=1.8658e-02  σ_φ̄(test)=1.6133e-02  σ_obs_ω=5.0000e-01  λ_PL=1.00
  KL   : M=2.028e+03  V=3.508e+02  Dw=2.011e+03  g=3.025e+03  sigma=3.387e+02  total=7.753e+03
  subnet MSE  M=1.235e+00  V=1.654e+01  Dw=2.926e-01  g=2.773e-01
[step   1200]
  train: −ELBO=6.4077e-02  NLL=1.2407e-01  NLL_R=-5.4176e+00  NLL_ω=5.5417e+00  MSE_R=4.6703e-03  MSE_ω=4.7425e-01
  test : −ELBO=-1.3630e+00  NLL=-1.2643e+00  NLL_R=-5.7278e+00  NLL_ω=4.4635e+00  MSE_R=3.5143e-03  MSE_ω=4.1128e-01
  sigma: σ_R=4.3201e-02  σ_ω=1.7134e-01  β=1.0000e+00
  PL   : train=-8.1722e-01  test=-8.5585e-01  σ_φ̄(train)=1.3354e-02  σ_φ̄(test)=1.1504e-02  σ_obs_ω=5.0000e-01  λ_PL=1.00
  KL   : M=2.028e+03  V=3.512e+02  Dw=2.011e+03  g=3.025e+03  sigma=3.387e+02  total=7.754e+03
  subnet MSE  M=1.194e+00  V=1.663e+01  Dw=2.622e-01  g=2.838e-01
[step   1250]
  train: −ELBO=-4.0282e-01  NLL=-3.5073e-01  NLL_R=-5.4454e+00  NLL_ω=5.0947e+00  MSE_R=4.6061e-03  MSE_ω=4.6677e-01
  test : −ELBO=-1.8307e+00  NLL=-1.7400e+00  NLL_R=-5.7692e+00  NLL_ω=4.0292e+00  MSE_R=3.4523e-03  MSE_ω=4.0135e-01
  sigma: σ_R=4.2251e-02  σ_ω=1.7578e-01  β=1.0000e+00
  PL   : train=-8.0943e-01  test=-8.4797e-01  σ_φ̄(train)=1.2104e-02  σ_φ̄(test)=1.0578e-02  σ_obs_ω=5.0000e-01  λ_PL=1.00
  KL   : M=2.028e+03  V=3.520e+02  Dw=2.011e+03  g=3.025e+03  sigma=3.387e+02  total=7.755e+03
  subnet MSE  M=1.212e+00  V=1.642e+01  Dw=2.639e-01  g=2.772e-01
[step   1300]
  train: −ELBO=-1.0204e+00  NLL=-9.5741e-01  NLL_R=-5.4882e+00  NLL_ω=4.5308e+00  MSE_R=4.4916e-03  MSE_ω=4.5470e-01
  test : −ELBO=-2.4074e+00  NLL=-2.3075e+00  NLL_R=-5.8301e+00  NLL_ω=3.5227e+00  MSE_R=3.3325e-03  MSE_ω=3.8843e-01
  sigma: σ_R=4.1189e-02  σ_ω=1.8163e-01  β=1.0000e+00
  PL   : train=-8.2034e-01  test=-8.5719e-01  σ_φ̄(train)=1.1662e-02  σ_φ̄(test)=1.0257e-02  σ_obs_ω=5.0000e-01  λ_PL=1.00
  KL   : M=2.028e+03  V=3.527e+02  Dw=2.011e+03  g=3.025e+03  sigma=3.385e+02  total=7.755e+03
  subnet MSE  M=1.223e+00  V=1.631e+01  Dw=2.259e-01  g=2.772e-01
[step   1350]
  train: −ELBO=-1.5772e+00  NLL=-1.4948e+00  NLL_R=-5.5479e+00  NLL_ω=4.0530e+00  MSE_R=4.3092e-03  MSE_ω=4.3716e-01
  test : −ELBO=-2.9506e+00  NLL=-2.8349e+00  NLL_R=-5.9003e+00  NLL_ω=3.0653e+00  MSE_R=3.1477e-03  MSE_ω=3.6942e-01
  sigma: σ_R=4.0617e-02  σ_ω=1.8554e-01  β=1.0000e+00
  PL   : train=-8.3964e-01  test=-8.7294e-01  σ_φ̄(train)=8.9781e-03  σ_φ̄(test)=8.0310e-03  σ_obs_ω=5.0000e-01  λ_PL=1.00
  KL   : M=2.028e+03  V=3.531e+02  Dw=2.010e+03  g=3.024e+03  sigma=3.387e+02  total=7.755e+03
  subnet MSE  M=1.241e+00  V=1.618e+01  Dw=1.864e-01  g=2.751e-01
[step   1400]
  train: −ELBO=-2.0128e+00  NLL=-1.9383e+00  NLL_R=-5.5879e+00  NLL_ω=3.6496e+00  MSE_R=4.2027e-03  MSE_ω=4.2268e-01
  test : −ELBO=-3.2798e+00  NLL=-3.1659e+00  NLL_R=-5.9429e+00  NLL_ω=2.7770e+00  MSE_R=3.0768e-03  MSE_ω=3.6018e-01
  sigma: σ_R=3.9845e-02  σ_ω=1.8955e-01  β=1.0000e+00
  PL   : train=-8.3179e-01  test=-8.7118e-01  σ_φ̄(train)=8.7684e-03  σ_φ̄(test)=7.7723e-03  σ_obs_ω=5.0000e-01  λ_PL=1.00
  KL   : M=2.028e+03  V=3.537e+02  Dw=2.010e+03  g=3.024e+03  sigma=3.386e+02  total=7.755e+03
  subnet MSE  M=1.211e+00  V=1.610e+01  Dw=2.112e-01  g=2.824e-01
[step   1450]
  train: −ELBO=-2.3361e+00  NLL=-2.2594e+00  NLL_R=-5.6091e+00  NLL_ω=3.3497e+00  MSE_R=4.1579e-03  MSE_ω=4.1606e-01
  test : −ELBO=-3.4960e+00  NLL=-3.3845e+00  NLL_R=-5.9722e+00  NLL_ω=2.5877e+00  MSE_R=3.0559e-03  MSE_ω=3.5869e-01
  sigma: σ_R=3.8972e-02  σ_ω=1.9436e-01  β=1.0000e+00
  PL   : train=-8.3397e-01  test=-8.6879e-01  σ_φ̄(train)=8.4899e-03  σ_φ̄(test)=7.6105e-03  σ_obs_ω=5.0000e-01  λ_PL=1.00
  KL   : M=2.028e+03  V=3.543e+02  Dw=2.010e+03  g=3.024e+03  sigma=3.385e+02  total=7.755e+03
  subnet MSE  M=1.186e+00  V=1.627e+01  Dw=2.066e-01  g=2.838e-01
[step   1500]
  train: −ELBO=-1.9725e+00  NLL=-1.9623e+00  NLL_R=-5.4975e+00  NLL_ω=3.5352e+00  MSE_R=4.4970e-03  MSE_ω=4.4524e-01
  test : −ELBO=-3.1847e+00  NLL=-3.1142e+00  NLL_R=-5.8809e+00  NLL_ω=2.7667e+00  MSE_R=3.3625e-03  MSE_ω=3.8462e-01
  sigma: σ_R=3.8467e-02  σ_ω=1.9900e-01  β=1.0000e+00
  PL   : train=-7.6756e-01  test=-8.2785e-01  σ_φ̄(train)=8.2738e-03  σ_φ̄(test)=7.4263e-03  σ_obs_ω=5.0000e-01  λ_PL=1.00
  KL   : M=2.027e+03  V=3.549e+02  Dw=2.011e+03  g=3.024e+03  sigma=3.383e+02  total=7.755e+03
  subnet MSE  M=1.205e+00  V=1.608e+01  Dw=3.089e-01  g=2.877e-01
[step   1550]
  train: −ELBO=-2.3669e+00  NLL=-2.3600e+00  NLL_R=-5.5224e+00  NLL_ω=3.1624e+00  MSE_R=4.4226e-03  MSE_ω=4.3560e-01
  test : −ELBO=-3.6548e+00  NLL=-3.5723e+00  NLL_R=-5.9278e+00  NLL_ω=2.3555e+00  MSE_R=3.2068e-03  MSE_ω=3.6774e-01
  sigma: σ_R=3.8725e-02  σ_ω=2.0564e-01  β=1.0000e+00
  PL   : train=-7.6422e-01  test=-8.3982e-01  σ_φ̄(train)=7.3142e-03  σ_φ̄(test)=6.5345e-03  σ_obs_ω=5.0000e-01  λ_PL=1.00
  KL   : M=2.027e+03  V=3.557e+02  Dw=2.011e+03  g=3.023e+03  sigma=3.381e+02  total=7.755e+03
  subnet MSE  M=1.181e+00  V=1.567e+01  Dw=3.086e-01  g=2.931e-01
[step   1600]
  train: −ELBO=-2.3566e+00  NLL=-2.4018e+00  NLL_R=-5.4822e+00  NLL_ω=3.0804e+00  MSE_R=4.5425e-03  MSE_ω=4.4359e-01
  test : −ELBO=-3.6415e+00  NLL=-3.5852e+00  NLL_R=-5.8989e+00  NLL_ω=2.3137e+00  MSE_R=3.3062e-03  MSE_ω=3.7572e-01
  sigma: σ_R=3.8514e-02  σ_ω=2.1071e-01  β=1.0000e+00
  PL   : train=-7.1209e-01  test=-8.1348e-01  σ_φ̄(train)=7.2052e-03  σ_φ̄(test)=6.4389e-03  σ_obs_ω=5.0000e-01  λ_PL=1.00
  KL   : M=2.027e+03  V=3.563e+02  Dw=2.011e+03  g=3.021e+03  sigma=3.380e+02  total=7.754e+03
  subnet MSE  M=1.204e+00  V=1.517e+01  Dw=3.782e-01  g=2.905e-01
[step   1650]
  train: −ELBO=-2.8624e+00  NLL=-2.8385e+00  NLL_R=-5.5601e+00  NLL_ω=2.7217e+00  MSE_R=4.3115e-03  MSE_ω=4.2504e-01
  test : −ELBO=-4.0803e+00  NLL=-3.9810e+00  NLL_R=-5.9727e+00  NLL_ω=1.9917e+00  MSE_R=3.0895e-03  MSE_ω=3.5727e-01
  sigma: σ_R=3.8489e-02  σ_ω=2.1575e-01  β=1.0000e+00
  PL   : train=-7.8110e-01  test=-8.5655e-01  σ_φ̄(train)=7.2825e-03  σ_φ̄(test)=6.4790e-03  σ_obs_ω=5.0000e-01  λ_PL=1.00
  KL   : M=2.026e+03  V=3.569e+02  Dw=2.012e+03  g=3.021e+03  sigma=3.378e+02  total=7.753e+03
  subnet MSE  M=1.208e+00  V=1.499e+01  Dw=2.662e-01  g=2.926e-01
[step   1700]
  train: −ELBO=-3.0198e+00  NLL=-2.9882e+00  NLL_R=-5.5741e+00  NLL_ω=2.5859e+00  MSE_R=4.2704e-03  MSE_ω=4.2027e-01
  test : −ELBO=-4.1471e+00  NLL=-4.0424e+00  NLL_R=-5.9761e+00  NLL_ω=1.9337e+00  MSE_R=3.0821e-03  MSE_ω=3.5793e-01
  sigma: σ_R=3.8447e-02  σ_ω=2.1886e-01  β=1.0000e+00
  PL   : train=-7.8863e-01  test=-8.6175e-01  σ_φ̄(train)=6.7703e-03  σ_φ̄(test)=6.0114e-03  σ_obs_ω=5.0000e-01  λ_PL=1.00
  KL   : M=2.026e+03  V=3.573e+02  Dw=2.012e+03  g=3.020e+03  sigma=3.377e+02  total=7.753e+03
  subnet MSE  M=1.196e+00  V=1.496e+01  Dw=2.486e-01  g=2.861e-01
[step   1750]
  train: −ELBO=-3.3813e+00  NLL=-3.3296e+00  NLL_R=-5.6364e+00  NLL_ω=2.3069e+00  MSE_R=4.0933e-03  MSE_ω=4.0211e-01
  test : −ELBO=-4.4116e+00  NLL=-4.3001e+00  NLL_R=-6.0291e+00  NLL_ω=1.7290e+00  MSE_R=2.9620e-03  MSE_ω=3.4502e-01
  sigma: σ_R=3.7976e-02  σ_ω=2.2261e-01  β=1.0000e+00
  PL   : train=-8.0867e-01  test=-8.6853e-01  σ_φ̄(train)=7.2466e-03  σ_φ̄(test)=6.5024e-03  σ_obs_ω=5.0000e-01  λ_PL=1.00
  KL   : M=2.026e+03  V=3.577e+02  Dw=2.011e+03  g=3.019e+03  sigma=3.374e+02  total=7.751e+03
  subnet MSE  M=1.140e+00  V=1.505e+01  Dw=2.411e-01  g=2.879e-01
[step   1800]
  train: −ELBO=-3.2173e+00  NLL=-3.2346e+00  NLL_R=-5.5651e+00  NLL_ω=2.3304e+00  MSE_R=4.2992e-03  MSE_ω=4.1525e-01
  test : −ELBO=-4.3133e+00  NLL=-4.2344e+00  NLL_R=-5.9831e+00  NLL_ω=1.7487e+00  MSE_R=3.1097e-03  MSE_ω=3.5527e-01
  sigma: σ_R=3.7715e-02  σ_ω=2.2733e-01  β=1.0000e+00
  PL   : train=-7.3942e-01  test=-8.3568e-01  σ_φ̄(train)=7.2548e-03  σ_φ̄(test)=6.4893e-03  σ_obs_ω=5.0000e-01  λ_PL=1.00
  KL   : M=2.026e+03  V=3.584e+02  Dw=2.011e+03  g=3.018e+03  sigma=3.371e+02  total=7.749e+03
  subnet MSE  M=1.198e+00  V=1.487e+01  Dw=3.239e-01  g=2.874e-01
[step   1850]
  train: −ELBO=-3.6805e+00  NLL=-3.6297e+00  NLL_R=-5.6585e+00  NLL_ω=2.0288e+00  MSE_R=4.0360e-03  MSE_ω=3.9305e-01
  test : −ELBO=-4.6737e+00  NLL=-4.5588e+00  NLL_R=-6.0623e+00  NLL_ω=1.5035e+00  MSE_R=2.9025e-03  MSE_ω=3.3672e-01
  sigma: σ_R=3.7474e-02  σ_ω=2.3179e-01  β=1.0000e+00
  PL   : train=-8.0747e-01  test=-8.7147e-01  σ_φ̄(train)=6.5872e-03  σ_φ̄(test)=5.8384e-03  σ_obs_ω=5.0000e-01  λ_PL=1.00
  KL   : M=2.025e+03  V=3.587e+02  Dw=2.010e+03  g=3.017e+03  sigma=3.369e+02  total=7.748e+03
  subnet MSE  M=1.182e+00  V=1.487e+01  Dw=2.324e-01  g=2.898e-01
[step   1900]
  train: −ELBO=-3.9284e+00  NLL=-3.8427e+00  NLL_R=-5.7110e+00  NLL_ω=1.8683e+00  MSE_R=3.8973e-03  MSE_ω=3.8426e-01
  test : −ELBO=-4.8676e+00  NLL=-4.7341e+00  NLL_R=-6.1126e+00  NLL_ω=1.3785e+00  MSE_R=2.8101e-03  MSE_ω=3.2966e-01
  sigma: σ_R=3.6807e-02  σ_ω=2.3639e-01  β=1.0000e+00
  PL   : train=-8.4202e-01  test=-8.8983e-01  σ_φ̄(train)=6.4479e-03  σ_φ̄(test)=5.6346e-03  σ_obs_ω=5.0000e-01  λ_PL=1.00
  KL   : M=2.025e+03  V=3.592e+02  Dw=2.009e+03  g=3.015e+03  sigma=3.366e+02  total=7.745e+03
  subnet MSE  M=1.168e+00  V=1.491e+01  Dw=1.774e-01  g=2.901e-01
[step   1950]
  train: −ELBO=-4.2230e+00  NLL=-4.1197e+00  NLL_R=-5.7714e+00  NLL_ω=1.6518e+00  MSE_R=3.7421e-03  MSE_ω=3.6882e-01
  test : −ELBO=-5.0761e+00  NLL=-4.9512e+00  NLL_R=-6.1657e+00  NLL_ω=1.2145e+00  MSE_R=2.7089e-03  MSE_ω=3.1780e-01
  sigma: σ_R=3.6213e-02  σ_ω=2.4182e-01  β=1.0000e+00
  PL   : train=-8.5945e-01  test=-8.8099e-01  σ_φ̄(train)=5.7811e-03  σ_φ̄(test)=5.0785e-03  σ_obs_ω=5.0000e-01  λ_PL=1.00
  KL   : M=2.024e+03  V=3.599e+02  Dw=2.008e+03  g=3.014e+03  sigma=3.362e+02  total=7.742e+03
  subnet MSE  M=1.182e+00  V=1.496e+01  Dw=1.523e-01  g=2.822e-01
[step   2000]
  train: −ELBO=-4.4566e+00  NLL=-4.3374e+00  NLL_R=-5.8238e+00  NLL_ω=1.4864e+00  MSE_R=3.6142e-03  MSE_ω=3.5569e-01
  test : −ELBO=-5.2685e+00  NLL=-5.1183e+00  NLL_R=-6.2170e+00  NLL_ω=1.0987e+00  MSE_R=2.6217e-03  MSE_ω=3.0878e-01
  sigma: σ_R=3.5538e-02  σ_ω=2.4617e-01  β=1.0000e+00
  PL   : train=-8.7493e-01  test=-9.0595e-01  σ_φ̄(train)=5.5477e-03  σ_φ̄(test)=4.8398e-03  σ_obs_ω=5.0000e-01  λ_PL=1.00
  KL   : M=2.023e+03  V=3.606e+02  Dw=2.007e+03  g=3.012e+03  sigma=3.359e+02  total=7.739e+03
  subnet MSE  M=1.235e+00  V=1.479e+01  Dw=1.267e-01  g=2.892e-01
[step   2050]
  train: −ELBO=-4.5611e+00  NLL=-4.4421e+00  NLL_R=-5.8415e+00  NLL_ω=1.3994e+00  MSE_R=3.5751e-03  MSE_ω=3.5032e-01
  test : −ELBO=-5.2740e+00  NLL=-5.1269e+00  NLL_R=-6.2207e+00  NLL_ω=1.0938e+00  MSE_R=2.6551e-03  MSE_ω=3.1215e-01
  sigma: σ_R=3.4837e-02  σ_ω=2.5011e-01  β=1.0000e+00
  PL   : train=-8.7442e-01  test=-9.0263e-01  σ_φ̄(train)=5.5926e-03  σ_φ̄(test)=4.8450e-03  σ_obs_ω=5.0000e-01  λ_PL=1.00
  KL   : M=2.022e+03  V=3.612e+02  Dw=2.007e+03  g=3.011e+03  sigma=3.355e+02  total=7.736e+03
  subnet MSE  M=1.222e+00  V=1.484e+01  Dw=1.298e-01  g=2.882e-01
[step   2100]
  train: −ELBO=-4.7126e+00  NLL=-4.5998e+00  NLL_R=-5.8698e+00  NLL_ω=1.2700e+00  MSE_R=3.5086e-03  MSE_ω=3.3960e-01
  test : −ELBO=-5.4155e+00  NLL=-5.2732e+00  NLL_R=-6.2560e+00  NLL_ω=9.8287e-01  MSE_R=2.5929e-03  MSE_ω=3.0237e-01
  sigma: σ_R=3.4433e-02  σ_ω=2.5485e-01  β=1.0000e+00
  PL   : train=-8.6786e-01  test=-8.9738e-01  σ_φ̄(train)=5.3130e-03  σ_φ̄(test)=4.5421e-03  σ_obs_ω=5.0000e-01  λ_PL=1.00
  KL   : M=2.020e+03  V=3.620e+02  Dw=2.005e+03  g=3.009e+03  sigma=3.350e+02  total=7.731e+03
  subnet MSE  M=1.231e+00  V=1.477e+01  Dw=1.469e-01  g=2.880e-01
[step   2150]
  train: −ELBO=-4.9136e+00  NLL=-4.7918e+00  NLL_R=-5.9212e+00  NLL_ω=1.1294e+00  MSE_R=3.3898e-03  MSE_ω=3.2572e-01
  test : −ELBO=-5.6315e+00  NLL=-5.4821e+00  NLL_R=-6.3229e+00  NLL_ω=8.4080e-01  MSE_R=2.4635e-03  MSE_ω=2.8696e-01
  sigma: σ_R=3.3969e-02  σ_ω=2.5934e-01  β=1.0000e+00
  PL   : train=-8.7637e-01  test=-9.0390e-01  σ_φ̄(train)=5.1406e-03  σ_φ̄(test)=4.4462e-03  σ_obs_ω=5.0000e-01  λ_PL=1.00
  KL   : M=2.019e+03  V=3.628e+02  Dw=2.004e+03  g=3.007e+03  sigma=3.345e+02  total=7.727e+03
  subnet MSE  M=1.223e+00  V=1.460e+01  Dw=1.497e-01  g=2.900e-01
[step   2200]
  train: −ELBO=-5.0414e+00  NLL=-4.9193e+00  NLL_R=-5.9516e+00  NLL_ω=1.0323e+00  MSE_R=3.3226e-03  MSE_ω=3.1701e-01
  test : −ELBO=-5.7184e+00  NLL=-5.5717e+00  NLL_R=-6.3498e+00  NLL_ω=7.7813e-01  MSE_R=2.4389e-03  MSE_ω=2.8149e-01
  sigma: σ_R=3.3324e-02  σ_ω=2.6458e-01  β=1.0000e+00
  PL   : train=-8.7584e-01  test=-9.0054e-01  σ_φ̄(train)=4.9687e-03  σ_φ̄(test)=4.2871e-03  σ_obs_ω=5.0000e-01  λ_PL=1.00
  KL   : M=2.017e+03  V=3.637e+02  Dw=2.002e+03  g=3.003e+03  sigma=3.337e+02  total=7.719e+03
  subnet MSE  M=1.240e+00  V=1.459e+01  Dw=1.581e-01  g=2.924e-01
[step   2250]
  train: −ELBO=-5.2754e+00  NLL=-5.1369e+00  NLL_R=-6.0305e+00  NLL_ω=8.9362e-01  MSE_R=3.1506e-03  MSE_ω=2.9972e-01
  test : −ELBO=-5.8941e+00  NLL=-5.7342e+00  NLL_R=-6.4181e+00  NLL_ω=6.8389e-01  MSE_R=2.3105e-03  MSE_ω=2.6965e-01
  sigma: σ_R=3.2938e-02  σ_ω=2.6785e-01  β=1.0000e+00
  PL   : train=-8.9167e-01  test=-9.1301e-01  σ_φ̄(train)=4.8018e-03  σ_φ̄(test)=4.1279e-03  σ_obs_ω=5.0000e-01  λ_PL=1.00
  KL   : M=2.015e+03  V=3.643e+02  Dw=2.000e+03  g=3.001e+03  sigma=3.331e+02  total=7.713e+03
  subnet MSE  M=1.238e+00  V=1.451e+01  Dw=1.238e-01  g=2.870e-01
[step   2300]
  train: −ELBO=-5.4748e+00  NLL=-5.3210e+00  NLL_R=-6.1025e+00  NLL_ω=7.8144e-01  MSE_R=3.0034e-03  MSE_ω=2.8531e-01
  test : −ELBO=-6.0826e+00  NLL=-5.9106e+00  NLL_R=-6.4998e+00  NLL_ω=5.8915e-01  MSE_R=2.1843e-03  MSE_ω=2.5702e-01
  sigma: σ_R=3.2115e-02  σ_ω=2.7129e-01  β=1.0000e+00
  PL   : train=-9.0615e-01  test=-9.2441e-01  σ_φ̄(train)=4.6854e-03  σ_φ̄(test)=4.0361e-03  σ_obs_ω=5.0000e-01  λ_PL=1.00
  KL   : M=2.012e+03  V=3.654e+02  Dw=1.998e+03  g=2.997e+03  sigma=3.322e+02  total=7.705e+03
  subnet MSE  M=1.211e+00  V=1.443e+01  Dw=1.055e-01  g=2.898e-01
[step   2350]
  train: −ELBO=-5.7384e+00  NLL=-5.5665e+00  NLL_R=-6.2047e+00  NLL_ω=6.3818e-01  MSE_R=2.8041e-03  MSE_ω=2.6517e-01
  test : −ELBO=-6.3389e+00  NLL=-6.1551e+00  NLL_R=-6.6127e+00  NLL_ω=4.5760e-01  MSE_R=2.0092e-03  MSE_ω=2.3798e-01
  sigma: σ_R=3.1246e-02  σ_ω=2.7440e-01  β=1.0000e+00
  PL   : train=-9.2337e-01  test=-9.3524e-01  σ_φ̄(train)=4.4383e-03  σ_φ̄(test)=3.8078e-03  σ_obs_ω=5.0000e-01  λ_PL=1.00
  KL   : M=2.010e+03  V=3.665e+02  Dw=1.995e+03  g=2.992e+03  sigma=3.312e+02  total=7.695e+03
  subnet MSE  M=1.223e+00  V=1.397e+01  Dw=8.340e-02  g=2.911e-01
[step   2400]
  train: −ELBO=-5.7017e+00  NLL=-5.5445e+00  NLL_R=-6.1833e+00  NLL_ω=6.3885e-01  MSE_R=2.8468e-03  MSE_ω=2.6589e-01
  test : −ELBO=-6.3314e+00  NLL=-6.1519e+00  NLL_R=-6.6109e+00  NLL_ω=4.5908e-01  MSE_R=2.0430e-03  MSE_ω=2.3837e-01
  sigma: σ_R=3.0652e-02  σ_ω=2.7666e-01  β=1.0000e+00
  PL   : train=-9.0764e-01  test=-9.2994e-01  σ_φ̄(train)=4.2676e-03  σ_φ̄(test)=3.6366e-03  σ_obs_ω=5.0000e-01  λ_PL=1.00
  KL   : M=2.007e+03  V=3.675e+02  Dw=1.992e+03  g=2.988e+03  sigma=3.302e+02  total=7.685e+03
  subnet MSE  M=1.295e+00  V=1.370e+01  Dw=1.052e-01  g=2.977e-01
[step   2450]
  train: −ELBO=-5.7110e+00  NLL=-5.5542e+00  NLL_R=-6.1826e+00  NLL_ω=6.2843e-01  MSE_R=2.8483e-03  MSE_ω=2.6457e-01
  test : −ELBO=-6.3462e+00  NLL=-6.1689e+00  NLL_R=-6.6146e+00  NLL_ω=4.4569e-01  MSE_R=2.0340e-03  MSE_ω=2.3637e-01
  sigma: σ_R=3.0699e-02  σ_ω=2.7778e-01  β=1.0000e+00
  PL   : train=-9.0669e-01  test=-9.2721e-01  σ_φ̄(train)=4.3084e-03  σ_φ̄(test)=3.6522e-03  σ_obs_ω=5.0000e-01  λ_PL=1.00
  KL   : M=2.005e+03  V=3.680e+02  Dw=1.991e+03  g=2.985e+03  sigma=3.295e+02  total=7.679e+03
  subnet MSE  M=1.280e+00  V=1.390e+01  Dw=1.156e-01  g=2.959e-01
[step   2500]
  train: −ELBO=-5.8967e+00  NLL=-5.7218e+00  NLL_R=-6.2619e+00  NLL_ω=5.4004e-01  MSE_R=2.7011e-03  MSE_ω=2.5108e-01
  test : −ELBO=-6.5348e+00  NLL=-6.3435e+00  NLL_R=-6.7025e+00  NLL_ω=3.5901e-01  MSE_R=1.8898e-03  MSE_ω=2.2291e-01
  sigma: σ_R=3.0348e-02  σ_ω=2.7892e-01  β=1.0000e+00
  PL   : train=-9.2401e-01  test=-9.4041e-01  σ_φ̄(train)=4.0991e-03  σ_φ̄(test)=3.4908e-03  σ_obs_ω=5.0000e-01  λ_PL=1.00
  KL   : M=2.002e+03  V=3.690e+02  Dw=1.990e+03  g=2.981e+03  sigma=3.287e+02  total=7.671e+03
  subnet MSE  M=1.278e+00  V=1.321e+01  Dw=9.398e-02  g=2.992e-01
[step   2550]
  train: −ELBO=-5.9451e+00  NLL=-5.7732e+00  NLL_R=-6.2824e+00  NLL_ω=5.0923e-01  MSE_R=2.6640e-03  MSE_ω=2.4636e-01
  test : −ELBO=-6.6274e+00  NLL=-6.4335e+00  NLL_R=-6.7454e+00  NLL_ω=3.1188e-01  MSE_R=1.8188e-03  MSE_ω=2.1547e-01
  sigma: σ_R=3.0225e-02  σ_ω=2.7974e-01  β=1.0000e+00
  PL   : train=-9.2029e-01  test=-9.4223e-01  σ_φ̄(train)=4.3804e-03  σ_φ̄(test)=3.7116e-03  σ_obs_ω=5.0000e-01  λ_PL=1.00
  KL   : M=2.000e+03  V=3.697e+02  Dw=1.988e+03  g=2.978e+03  sigma=3.278e+02  total=7.664e+03
  subnet MSE  M=1.259e+00  V=1.350e+01  Dw=8.951e-02  g=2.923e-01
[step   2600]
  train: −ELBO=-6.0736e+00  NLL=-5.8972e+00  NLL_R=-6.3369e+00  NLL_ω=4.3970e-01  MSE_R=2.5697e-03  MSE_ω=2.3548e-01
  test : −ELBO=-6.7764e+00  NLL=-6.5790e+00  NLL_R=-6.8232e+00  NLL_ω=2.4414e-01  MSE_R=1.7271e-03  MSE_ω=2.0477e-01
  sigma: σ_R=2.9446e-02  σ_ω=2.8021e-01  β=1.0000e+00
  PL   : train=-9.2367e-01  test=-9.4472e-01  σ_φ̄(train)=4.2089e-03  σ_φ̄(test)=3.5776e-03  σ_obs_ω=5.0000e-01  λ_PL=1.00
  KL   : M=1.997e+03  V=3.707e+02  Dw=1.985e+03  g=2.973e+03  sigma=3.266e+02  total=7.653e+03
  subnet MSE  M=1.262e+00  V=1.349e+01  Dw=9.070e-02  g=2.903e-01
[step   2650]
  train: −ELBO=-6.3774e+00  NLL=-6.1817e+00  NLL_R=-6.4764e+00  NLL_ω=2.9468e-01  MSE_R=2.3404e-03  MSE_ω=2.1280e-01
  test : −ELBO=-7.0283e+00  NLL=-6.8618e+00  NLL_R=-6.9755e+00  NLL_ω=1.1369e-01  MSE_R=1.5370e-03  MSE_ω=1.8450e-01
  sigma: σ_R=2.8397e-02  σ_ω=2.7964e-01  β=1.0000e+00
  PL   : train=-9.4166e-01  test=-9.1254e-01  σ_φ̄(train)=4.0236e-03  σ_φ̄(test)=3.3594e-03  σ_obs_ω=5.0000e-01  λ_PL=1.00
  KL   : M=1.994e+03  V=3.719e+02  Dw=1.982e+03  g=2.967e+03  sigma=3.253e+02  total=7.640e+03
  subnet MSE  M=1.252e+00  V=1.330e+01  Dw=6.350e-02  g=2.916e-01
[step   2700]
  train: −ELBO=-6.6851e+00  NLL=-6.4728e+00  NLL_R=-6.6217e+00  NLL_ω=1.4893e-01  MSE_R=2.1233e-03  MSE_ω=1.9068e-01
  test : −ELBO=-7.3079e+00  NLL=-7.0889e+00  NLL_R=-7.1068e+00  NLL_ω=1.7996e-02  MSE_R=1.4056e-03  MSE_ω=1.7055e-01
  sigma: σ_R=2.7224e-02  σ_ω=2.7740e-01  β=1.0000e+00
  PL   : train=-9.5687e-01  test=-9.6356e-01  σ_φ̄(train)=3.5612e-03  σ_φ̄(test)=2.9834e-03  σ_obs_ω=5.0000e-01  λ_PL=1.00
  KL   : M=1.990e+03  V=3.732e+02  Dw=1.978e+03  g=2.960e+03  sigma=3.238e+02  total=7.624e+03
  subnet MSE  M=1.240e+00  V=1.316e+01  Dw=4.791e-02  g=2.970e-01
[step   2750]
  train: −ELBO=-6.9161e+00  NLL=-6.6998e+00  NLL_R=-6.7247e+00  NLL_ω=2.4912e-02  MSE_R=1.9840e-03  MSE_ω=1.7366e-01
  test : −ELBO=-7.5336e+00  NLL=-7.3131e+00  NLL_R=-7.2299e+00  NLL_ω=-8.3150e-02  MSE_R=1.3022e-03  MSE_ω=1.5770e-01
  sigma: σ_R=2.5994e-02  σ_ω=2.7214e-01  β=1.0000e+00
  PL   : train=-9.5877e-01  test=-9.6290e-01  σ_φ̄(train)=3.1782e-03  σ_φ̄(test)=2.6180e-03  σ_obs_ω=5.0000e-01  λ_PL=1.00
  KL   : M=1.984e+03  V=3.750e+02  Dw=1.972e+03  g=2.950e+03  sigma=3.216e+02  total=7.603e+03
  subnet MSE  M=1.296e+00  V=1.304e+01  Dw=4.239e-02  g=2.901e-01
[step   2800]
  train: −ELBO=-7.0257e+00  NLL=-6.8050e+00  NLL_R=-6.7702e+00  NLL_ω=-3.4747e-02  MSE_R=1.9233e-03  MSE_ω=1.6664e-01
  test : −ELBO=-7.6334e+00  NLL=-7.4087e+00  NLL_R=-7.2713e+00  NLL_ω=-1.3739e-01  MSE_R=1.2558e-03  MSE_ω=1.5208e-01
  sigma: σ_R=2.5880e-02  σ_ω=2.6747e-01  β=1.0000e+00
  PL   : train=-9.6131e-01  test=-9.6527e-01  σ_φ̄(train)=2.7790e-03  σ_φ̄(test)=2.2670e-03  σ_obs_ω=5.0000e-01  λ_PL=1.00
  KL   : M=1.978e+03  V=3.764e+02  Dw=1.967e+03  g=2.942e+03  sigma=3.197e+02  total=7.584e+03
  subnet MSE  M=1.312e+00  V=1.297e+01  Dw=3.945e-02  g=2.919e-01
[step   2850]
  train: −ELBO=-7.4615e+00  NLL=-7.2296e+00  NLL_R=-6.9581e+00  NLL_ω=-2.7150e-01  MSE_R=1.6985e-03  MSE_ω=1.3978e-01
  test : −ELBO=-8.0409e+00  NLL=-7.8081e+00  NLL_R=-7.4852e+00  NLL_ω=-3.2294e-01  MSE_R=1.1004e-03  MSE_ω=1.3331e-01
  sigma: σ_R=2.3841e-02  σ_ω=2.5388e-01  β=1.0000e+00
  PL   : train=-9.6801e-01  test=-9.6876e-01  σ_φ̄(train)=2.4133e-03  σ_φ̄(test)=1.9668e-03  σ_obs_ω=5.0000e-01  λ_PL=1.00
  KL   : M=1.966e+03  V=3.797e+02  Dw=1.955e+03  g=2.922e+03  sigma=3.150e+02  total=7.538e+03
  subnet MSE  M=1.351e+00  V=1.288e+01  Dw=3.122e-02  g=2.880e-01
[step   2900]
  train: −ELBO=-7.7871e+00  NLL=-7.5462e+00  NLL_R=-7.0771e+00  NLL_ω=-4.6919e-01  MSE_R=1.5690e-03  MSE_ω=1.2344e-01
  test : −ELBO=-8.3330e+00  NLL=-8.0923e+00  NLL_R=-7.6090e+00  NLL_ω=-4.8337e-01  MSE_R=1.0119e-03  MSE_ω=1.2202e-01
  sigma: σ_R=2.2897e-02  σ_ω=2.3528e-01  β=1.0000e+00
  PL   : train=-9.7032e-01  test=-9.7000e-01  σ_φ̄(train)=1.9010e-03  σ_φ̄(test)=1.5365e-03  σ_obs_ω=5.0000e-01  λ_PL=1.00
  KL   : M=1.945e+03  V=3.838e+02  Dw=1.939e+03  g=2.894e+03  sigma=3.084e+02  total=7.470e+03
  subnet MSE  M=1.449e+00  V=1.282e+01  Dw=3.042e-02  g=2.867e-01
[step   2950]
  train: −ELBO=-8.0345e+00  NLL=-7.7806e+00  NLL_R=-7.1544e+00  NLL_ω=-6.2620e-01  MSE_R=1.4902e-03  MSE_ω=1.1337e-01
  test : −ELBO=-8.5208e+00  NLL=-8.2675e+00  NLL_R=-7.6769e+00  NLL_ω=-5.9063e-01  MSE_R=9.6955e-04  MSE_ω=1.1674e-01
  sigma: σ_R=2.2326e-02  σ_ω=2.1579e-01  β=1.0000e+00
  PL   : train=-9.7362e-01  test=-9.7283e-01  σ_φ̄(train)=1.5198e-03  σ_φ̄(test)=1.1918e-03  σ_obs_ω=5.0000e-01  λ_PL=1.00
  KL   : M=1.914e+03  V=3.884e+02  Dw=1.916e+03  g=2.853e+03  sigma=2.988e+02  total=7.370e+03
  subnet MSE  M=1.521e+00  V=1.275e+01  Dw=3.156e-02  g=2.917e-01
[step   3000]
  train: −ELBO=-8.1683e+00  NLL=-7.9039e+00  NLL_R=-7.1921e+00  NLL_ω=-7.1181e-01  MSE_R=1.4532e-03  MSE_ω=1.0837e-01
  test : −ELBO=-8.6022e+00  NLL=-8.3394e+00  NLL_R=-7.7061e+00  NLL_ω=-6.3328e-01  MSE_R=9.5571e-04  MSE_ω=1.1487e-01
  sigma: σ_R=2.2004e-02  σ_ω=2.0308e-01  β=1.0000e+00
  PL   : train=-9.7412e-01  test=-9.7228e-01  σ_φ̄(train)=1.2266e-03  σ_φ̄(test)=9.5874e-04  σ_obs_ω=5.0000e-01  λ_PL=1.00
  KL   : M=1.882e+03  V=3.920e+02  Dw=1.892e+03  g=2.812e+03  sigma=2.891e+02  total=7.268e+03
  subnet MSE  M=1.572e+00  V=1.281e+01  Dw=3.197e-02  g=2.900e-01
[step   3050]
  train: −ELBO=-8.2939e+00  NLL=-8.0165e+00  NLL_R=-7.2322e+00  NLL_ω=-7.8429e-01  MSE_R=1.4149e-03  MSE_ω=1.0382e-01
  test : −ELBO=-8.6578e+00  NLL=-8.3828e+00  NLL_R=-7.7291e+00  NLL_ω=-6.5374e-01  MSE_R=9.4532e-04  MSE_ω=1.1359e-01
  sigma: σ_R=2.1741e-02  σ_ω=1.9341e-01  β=1.0000e+00
  PL   : train=-9.7534e-01  test=-9.7254e-01  σ_φ̄(train)=9.8128e-04  σ_φ̄(test)=7.3372e-04  σ_obs_ω=5.0000e-01  λ_PL=1.00
  KL   : M=1.844e+03  V=3.954e+02  Dw=1.865e+03  g=2.764e+03  sigma=2.776e+02  total=7.146e+03
  subnet MSE  M=1.600e+00  V=1.275e+01  Dw=3.260e-02  g=2.905e-01
[step   3100]
  train: −ELBO=-8.3547e+00  NLL=-8.0679e+00  NLL_R=-7.2485e+00  NLL_ω=-8.1937e-01  MSE_R=1.3996e-03  MSE_ω=1.0161e-01
  test : −ELBO=-8.6790e+00  NLL=-8.3947e+00  NLL_R=-7.7376e+00  NLL_ω=-6.5706e-01  MSE_R=9.4331e-04  MSE_ω=1.1313e-01
  sigma: σ_R=2.1597e-02  σ_ω=1.8838e-01  β=1.0000e+00
  PL   : train=-9.7481e-01  test=-9.7205e-01  σ_φ̄(train)=8.9708e-04  σ_φ̄(test)=6.4790e-04  σ_obs_ω=5.0000e-01  λ_PL=1.00
  KL   : M=1.812e+03  V=3.976e+02  Dw=1.842e+03  g=2.725e+03  sigma=2.679e+02  total=7.045e+03
  subnet MSE  M=1.631e+00  V=1.273e+01  Dw=3.365e-02  g=2.900e-01
[step   3150]
  train: −ELBO=-8.4072e+00  NLL=-8.1120e+00  NLL_R=-7.2670e+00  NLL_ω=-8.4504e-01  MSE_R=1.3824e-03  MSE_ω=9.9933e-02
  test : −ELBO=-8.6836e+00  NLL=-8.3922e+00  NLL_R=-7.7415e+00  NLL_ω=-6.5068e-01  MSE_R=9.4454e-04  MSE_ω=1.1335e-01
  sigma: σ_R=2.1481e-02  σ_ω=1.8579e-01  β=1.0000e+00
  PL   : train=-9.7548e-01  test=-9.7164e-01  σ_φ̄(train)=8.0253e-04  σ_φ̄(test)=5.6423e-04  σ_obs_ω=5.0000e-01  λ_PL=1.00
  KL   : M=1.788e+03  V=3.990e+02  Dw=1.825e+03  g=2.695e+03  sigma=2.604e+02  total=6.967e+03
  subnet MSE  M=1.629e+00  V=1.272e+01  Dw=3.360e-02  g=2.900e-01
[step   3200]
  train: −ELBO=-8.4483e+00  NLL=-8.1458e+00  NLL_R=-7.2798e+00  NLL_ω=-8.6600e-01  MSE_R=1.3707e-03  MSE_ω=9.8577e-02
  test : −ELBO=-8.6701e+00  NLL=-8.3716e+00  NLL_R=-7.7379e+00  NLL_ω=-6.3371e-01  MSE_R=9.5184e-04  MSE_ω=1.1423e-01
  sigma: σ_R=2.1381e-02  σ_ω=1.8358e-01  β=1.0000e+00
  PL   : train=-9.7477e-01  test=-9.7064e-01  σ_φ̄(train)=7.1668e-04  σ_φ̄(test)=4.9803e-04  σ_obs_ω=5.0000e-01  λ_PL=1.00
  KL   : M=1.761e+03  V=4.002e+02  Dw=1.806e+03  g=2.665e+03  sigma=2.523e+02  total=6.884e+03
  subnet MSE  M=1.632e+00  V=1.267e+01  Dw=3.418e-02  g=2.887e-01
[step   3250]
  train: −ELBO=-8.4812e+00  NLL=-8.1722e+00  NLL_R=-7.2888e+00  NLL_ω=-8.8342e-01  MSE_R=1.3625e-03  MSE_ω=9.7446e-02
  test : −ELBO=-8.6838e+00  NLL=-8.3787e+00  NLL_R=-7.7438e+00  NLL_ω=-6.3488e-01  MSE_R=9.4930e-04  MSE_ω=1.1395e-01
  sigma: σ_R=2.1308e-02  σ_ω=1.8224e-01  β=1.0000e+00
  PL   : train=-9.7501e-01  test=-9.7109e-01  σ_φ̄(train)=6.8202e-04  σ_φ̄(test)=4.5371e-04  σ_obs_ω=5.0000e-01  λ_PL=1.00
  KL   : M=1.740e+03  V=4.011e+02  Dw=1.791e+03  g=2.642e+03  sigma=2.460e+02  total=6.820e+03
  subnet MSE  M=1.659e+00  V=1.269e+01  Dw=3.459e-02  g=2.898e-01
[step   3300]
  train: −ELBO=-8.5142e+00  NLL=-8.1977e+00  NLL_R=-7.2983e+00  NLL_ω=-8.9946e-01  MSE_R=1.3539e-03  MSE_ω=9.6416e-02
  test : −ELBO=-8.6835e+00  NLL=-8.3724e+00  NLL_R=-7.7441e+00  NLL_ω=-6.2827e-01  MSE_R=9.5131e-04  MSE_ω=1.1418e-01
  sigma: σ_R=2.1250e-02  σ_ω=1.8098e-01  β=1.0000e+00
  PL   : train=-9.7565e-01  test=-9.7008e-01  σ_φ̄(train)=6.5251e-04  σ_φ̄(test)=4.2213e-04  σ_obs_ω=5.0000e-01  λ_PL=1.00
  KL   : M=1.718e+03  V=4.018e+02  Dw=1.774e+03  g=2.617e+03  sigma=2.389e+02  total=6.750e+03
  subnet MSE  M=1.665e+00  V=1.268e+01  Dw=3.468e-02  g=2.888e-01
[step   3350]
  train: −ELBO=-8.5407e+00  NLL=-8.2182e+00  NLL_R=-7.3061e+00  NLL_ω=-9.1216e-01  MSE_R=1.3469e-03  MSE_ω=9.5611e-02
  test : −ELBO=-8.6819e+00  NLL=-8.3636e+00  NLL_R=-7.7439e+00  NLL_ω=-6.1969e-01  MSE_R=9.5415e-04  MSE_ω=1.1451e-01
  sigma: σ_R=2.1179e-02  σ_ω=1.7978e-01  β=1.0000e+00
  PL   : train=-9.7446e-01  test=-9.7018e-01  σ_φ̄(train)=6.4259e-04  σ_φ̄(test)=4.0156e-04  σ_obs_ω=5.0000e-01  λ_PL=1.00
  KL   : M=1.693e+03  V=4.025e+02  Dw=1.757e+03  g=2.592e+03  sigma=2.312e+02  total=6.676e+03
  subnet MSE  M=1.670e+00  V=1.268e+01  Dw=3.515e-02  g=2.884e-01
[step   3400]
  train: −ELBO=-8.5689e+00  NLL=-8.2385e+00  NLL_R=-7.3143e+00  NLL_ω=-9.2421e-01  MSE_R=1.3395e-03  MSE_ω=9.4846e-02
  test : −ELBO=-8.6953e+00  NLL=-8.3695e+00  NLL_R=-7.7486e+00  NLL_ω=-6.2091e-01  MSE_R=9.5149e-04  MSE_ω=1.1428e-01
  sigma: σ_R=2.1136e-02  σ_ω=1.7901e-01  β=1.0000e+00
  PL   : train=-9.7720e-01  test=-9.7240e-01  σ_φ̄(train)=5.7158e-04  σ_φ̄(test)=3.4918e-04  σ_obs_ω=5.0000e-01  λ_PL=1.00
  KL   : M=1.675e+03  V=4.028e+02  Dw=1.745e+03  g=2.574e+03  sigma=2.257e+02  total=6.623e+03
  subnet MSE  M=1.685e+00  V=1.272e+01  Dw=3.522e-02  g=2.927e-01
[step   3450]
  train: −ELBO=-8.5995e+00  NLL=-8.2632e+00  NLL_R=-7.3222e+00  NLL_ω=-9.4098e-01  MSE_R=1.3325e-03  MSE_ω=9.3792e-02
  test : −ELBO=-8.6780e+00  NLL=-8.3472e+00  NLL_R=-7.7425e+00  NLL_ω=-6.0466e-01  MSE_R=9.5884e-04  MSE_ω=1.1511e-01
  sigma: σ_R=2.1085e-02  σ_ω=1.7804e-01  β=1.0000e+00
  PL   : train=-9.7604e-01  test=-9.7025e-01  σ_φ̄(train)=5.2830e-04  σ_φ̄(test)=3.0614e-04  σ_obs_ω=5.0000e-01  λ_PL=1.00
  KL   : M=1.651e+03  V=4.032e+02  Dw=1.728e+03  g=2.549e+03  sigma=2.181e+02  total=6.550e+03
  subnet MSE  M=1.692e+00  V=1.264e+01  Dw=3.550e-02  g=2.894e-01
[step   3500]
  train: −ELBO=-8.6296e+00  NLL=-8.2851e+00  NLL_R=-7.3322e+00  NLL_ω=-9.5288e-01  MSE_R=1.3236e-03  MSE_ω=9.3053e-02
  test : −ELBO=-8.6599e+00  NLL=-8.3215e+00  NLL_R=-7.7361e+00  NLL_ω=-5.8541e-01  MSE_R=9.6627e-04  MSE_ω=1.1610e-01
  sigma: σ_R=2.1031e-02  σ_ω=1.7711e-01  β=1.0000e+00
  PL   : train=-9.7674e-01  test=-9.7057e-01  σ_φ̄(train)=4.8557e-04  σ_φ̄(test)=2.7349e-04  σ_obs_ω=5.0000e-01  λ_PL=1.00
  KL   : M=1.626e+03  V=4.035e+02  Dw=1.711e+03  g=2.524e+03  sigma=2.101e+02  total=6.475e+03
  subnet MSE  M=1.699e+00  V=1.271e+01  Dw=3.486e-02  g=2.908e-01
[step   3550]
  train: −ELBO=-8.6528e+00  NLL=-8.3017e+00  NLL_R=-7.3377e+00  NLL_ω=-9.6400e-01  MSE_R=1.3187e-03  MSE_ω=9.2368e-02
  test : −ELBO=-8.6547e+00  NLL=-8.3093e+00  NLL_R=-7.7340e+00  NLL_ω=-5.7526e-01  MSE_R=9.7005e-04  MSE_ω=1.1654e-01
  sigma: σ_R=2.0980e-02  σ_ω=1.7634e-01  β=1.0000e+00
  PL   : train=-9.7629e-01  test=-9.7040e-01  σ_φ̄(train)=4.6652e-04  σ_φ̄(test)=2.4800e-04  σ_obs_ω=5.0000e-01  λ_PL=1.00
  KL   : M=1.602e+03  V=4.036e+02  Dw=1.694e+03  g=2.500e+03  sigma=2.023e+02  total=6.402e+03
  subnet MSE  M=1.688e+00  V=1.269e+01  Dw=3.554e-02  g=2.903e-01
[step   3600]
  train: −ELBO=-8.6763e+00  NLL=-8.3169e+00  NLL_R=-7.3426e+00  NLL_ω=-9.7437e-01  MSE_R=1.3145e-03  MSE_ω=9.1733e-02
  test : −ELBO=-8.6463e+00  NLL=-8.2937e+00  NLL_R=-7.7310e+00  NLL_ω=-5.6269e-01  MSE_R=9.7444e-04  MSE_ω=1.1710e-01
  sigma: σ_R=2.0924e-02  σ_ω=1.7553e-01  β=1.0000e+00
  PL   : train=-9.7726e-01  test=-9.7034e-01  σ_φ̄(train)=4.3913e-04  σ_φ̄(test)=2.1938e-04  σ_obs_ω=5.0000e-01  λ_PL=1.00
  KL   : M=1.577e+03  V=4.037e+02  Dw=1.677e+03  g=2.475e+03  sigma=1.943e+02  total=6.327e+03
  subnet MSE  M=1.706e+00  V=1.261e+01  Dw=3.578e-02  g=2.910e-01
[step   3650]
  train: −ELBO=-8.6931e+00  NLL=-8.3299e+00  NLL_R=-7.3480e+00  NLL_ω=-9.8192e-01  MSE_R=1.3097e-03  MSE_ω=9.1272e-02
  test : −ELBO=-8.6208e+00  NLL=-8.2643e+00  NLL_R=-7.7219e+00  NLL_ω=-5.4232e-01  MSE_R=9.8351e-04  MSE_ω=1.1823e-01
  sigma: σ_R=2.0885e-02  σ_ω=1.7513e-01  β=1.0000e+00
  PL   : train=-9.7661e-01  test=-9.6985e-01  σ_φ̄(train)=4.2587e-04  σ_φ̄(test)=2.0713e-04  σ_obs_ω=5.0000e-01  λ_PL=1.00
  KL   : M=1.562e+03  V=4.037e+02  Dw=1.667e+03  g=2.460e+03  sigma=1.893e+02  total=6.281e+03
  subnet MSE  M=1.693e+00  V=1.263e+01  Dw=3.547e-02  g=2.906e-01
[step   3700]
  train: −ELBO=-8.7056e+00  NLL=-8.3373e+00  NLL_R=-7.3506e+00  NLL_ω=-9.8670e-01  MSE_R=1.3074e-03  MSE_ω=9.0983e-02
  test : −ELBO=-8.6413e+00  NLL=-8.2797e+00  NLL_R=-7.7289e+00  NLL_ω=-5.5077e-01  MSE_R=9.7821e-04  MSE_ω=1.1759e-01
  sigma: σ_R=2.0858e-02  σ_ω=1.7471e-01  β=1.0000e+00
  PL   : train=-9.7727e-01  test=-9.7048e-01  σ_φ̄(train)=4.1348e-04  σ_φ̄(test)=1.9269e-04  σ_obs_ω=5.0000e-01  λ_PL=1.00
  KL   : M=1.547e+03  V=4.036e+02  Dw=1.657e+03  g=2.445e+03  sigma=1.844e+02  total=6.236e+03
  subnet MSE  M=1.711e+00  V=1.267e+01  Dw=3.582e-02  g=2.915e-01
[step   3750]
  train: −ELBO=-8.7189e+00  NLL=-8.3456e+00  NLL_R=-7.3551e+00  NLL_ω=-9.9054e-01  MSE_R=1.3035e-03  MSE_ω=9.0752e-02
  test : −ELBO=-8.6350e+00  NLL=-8.2688e+00  NLL_R=-7.7257e+00  NLL_ω=-5.4312e-01  MSE_R=9.8166e-04  MSE_ω=1.1792e-01
  sigma: σ_R=2.0840e-02  σ_ω=1.7426e-01  β=1.0000e+00
  PL   : train=-9.7708e-01  test=-9.6994e-01  σ_φ̄(train)=4.0158e-04  σ_φ̄(test)=1.7646e-04  σ_obs_ω=5.0000e-01  λ_PL=1.00
  KL   : M=1.529e+03  V=4.035e+02  Dw=1.645e+03  g=2.427e+03  sigma=1.786e+02  total=6.183e+03
  subnet MSE  M=1.715e+00  V=1.250e+01  Dw=3.657e-02  g=2.913e-01
[step   3800]
  train: −ELBO=-8.7370e+00  NLL=-8.3575e+00  NLL_R=-7.3593e+00  NLL_ω=-9.9815e-01  MSE_R=1.2999e-03  MSE_ω=9.0292e-02
  test : −ELBO=-8.6130e+00  NLL=-8.2409e+00  NLL_R=-7.7181e+00  NLL_ω=-5.2285e-01  MSE_R=9.8977e-04  MSE_ω=1.1902e-01
  sigma: σ_R=2.0795e-02  σ_ω=1.7386e-01  β=1.0000e+00
  PL   : train=-9.7735e-01  test=-9.6984e-01  σ_φ̄(train)=3.8306e-04  σ_φ̄(test)=1.6042e-04  σ_obs_ω=5.0000e-01  λ_PL=1.00
  KL   : M=1.508e+03  V=4.033e+02  Dw=1.632e+03  g=2.406e+03  sigma=1.719e+02  total=6.122e+03
  subnet MSE  M=1.716e+00  V=1.280e+01  Dw=3.535e-02  g=2.910e-01
[step   3850]
  train: −ELBO=-8.7687e+00  NLL=-8.3813e+00  NLL_R=-7.3687e+00  NLL_ω=-1.0126e+00  MSE_R=1.2918e-03  MSE_ω=8.9424e-02
  test : −ELBO=-8.5985e+00  NLL=-8.2185e+00  NLL_R=-7.7112e+00  NLL_ω=-5.0737e-01  MSE_R=9.9603e-04  MSE_ω=1.1972e-01
  sigma: σ_R=2.0783e-02  σ_ω=1.7315e-01  β=1.0000e+00
  PL   : train=-9.7725e-01  test=-9.6965e-01  σ_φ̄(train)=3.5138e-04  σ_φ̄(test)=1.3281e-04  σ_obs_ω=5.0000e-01  λ_PL=1.00
  KL   : M=1.481e+03  V=4.031e+02  Dw=1.616e+03  g=2.377e+03  sigma=1.630e+02  total=6.040e+03
  subnet MSE  M=1.724e+00  V=1.267e+01  Dw=3.621e-02  g=2.914e-01
[step   3900]
  train: −ELBO=-8.7804e+00  NLL=-8.3861e+00  NLL_R=-7.3692e+00  NLL_ω=-1.0169e+00  MSE_R=1.2913e-03  MSE_ω=8.9172e-02
  test : −ELBO=-8.5928e+00  NLL=-8.2062e+00  NLL_R=-7.7099e+00  NLL_ω=-4.9637e-01  MSE_R=9.9898e-04  MSE_ω=1.2019e-01
  sigma: σ_R=2.0712e-02  σ_ω=1.7262e-01  β=1.0000e+00
  PL   : train=-9.7695e-01  test=-9.6914e-01  σ_φ̄(train)=3.1494e-04  σ_φ̄(test)=1.1021e-04  σ_obs_ω=5.0000e-01  λ_PL=1.00
  KL   : M=1.456e+03  V=4.026e+02  Dw=1.601e+03  g=2.352e+03  sigma=1.550e+02  total=5.967e+03
  subnet MSE  M=1.725e+00  V=1.268e+01  Dw=3.615e-02  g=2.906e-01
[step   3950]
  train: −ELBO=-8.8104e+00  NLL=-8.4081e+00  NLL_R=-7.3797e+00  NLL_ω=-1.0284e+00  MSE_R=1.2823e-03  MSE_ω=8.8487e-02
  test : −ELBO=-8.5766e+00  NLL=-8.1822e+00  NLL_R=-7.7039e+00  NLL_ω=-4.7834e-01  MSE_R=1.0053e-03  MSE_ω=1.2104e-01
  sigma: σ_R=2.0672e-02  σ_ω=1.7203e-01  β=1.0000e+00
  PL   : train=-9.7772e-01  test=-9.6967e-01  σ_φ̄(train)=3.3456e-04  σ_φ̄(test)=1.0461e-04  σ_obs_ω=5.0000e-01  λ_PL=1.00
  KL   : M=1.431e+03  V=4.021e+02  Dw=1.587e+03  g=2.326e+03  sigma=1.467e+02  total=5.892e+03
  subnet MSE  M=1.715e+00  V=1.267e+01  Dw=3.627e-02  g=2.921e-01
[step   4000]
  train: −ELBO=-8.8280e+00  NLL=-8.4206e+00  NLL_R=-7.3838e+00  NLL_ω=-1.0368e+00  MSE_R=1.2789e-03  MSE_ω=8.7994e-02
  test : −ELBO=-8.5519e+00  NLL=-8.1530e+00  NLL_R=-7.6948e+00  NLL_ω=-4.5827e-01  MSE_R=1.0137e-03  MSE_ω=1.2209e-01
  sigma: σ_R=2.0648e-02  σ_ω=1.7165e-01  β=1.0000e+00
  PL   : train=-9.7774e-01  test=-9.6910e-01  σ_φ̄(train)=3.0653e-04  σ_φ̄(test)=8.7546e-05  σ_obs_ω=5.0000e-01  λ_PL=1.00
  KL   : M=1.413e+03  V=4.018e+02  Dw=1.577e+03  g=2.307e+03  sigma=1.410e+02  total=5.840e+03
  subnet MSE  M=1.719e+00  V=1.267e+01  Dw=3.636e-02  g=2.915e-01
[step   4050]
  train: −ELBO=-8.8513e+00  NLL=-8.4383e+00  NLL_R=-7.3903e+00  NLL_ω=-1.0479e+00  MSE_R=1.2733e-03  MSE_ω=8.7344e-02
  test : −ELBO=-8.5631e+00  NLL=-8.1587e+00  NLL_R=-7.6987e+00  NLL_ω=-4.5993e-01  MSE_R=1.0113e-03  MSE_ω=1.2182e-01
  sigma: σ_R=2.0609e-02  σ_ω=1.7123e-01  β=1.0000e+00
  PL   : train=-9.7806e-01  test=-9.6934e-01  σ_φ̄(train)=2.6050e-04  σ_φ̄(test)=7.2186e-05  σ_obs_ω=5.0000e-01  λ_PL=1.00
  KL   : M=1.395e+03  V=4.013e+02  Dw=1.567e+03  g=2.288e+03  sigma=1.353e+02  total=5.786e+03
  subnet MSE  M=1.725e+00  V=1.266e+01  Dw=3.617e-02  g=2.923e-01
[step   4100]
  train: −ELBO=-8.8593e+00  NLL=-8.4404e+00  NLL_R=-7.3908e+00  NLL_ω=-1.0496e+00  MSE_R=1.2729e-03  MSE_ω=8.7250e-02
  test : −ELBO=-8.5651e+00  NLL=-8.1552e+00  NLL_R=-7.6985e+00  NLL_ω=-4.5664e-01  MSE_R=1.0117e-03  MSE_ω=1.2184e-01
  sigma: σ_R=2.0597e-02  σ_ω=1.7081e-01  β=1.0000e+00
  PL   : train=-9.7842e-01  test=-9.6934e-01  σ_φ̄(train)=2.2518e-04  σ_φ̄(test)=5.3890e-05  σ_obs_ω=5.0000e-01  λ_PL=1.00
  KL   : M=1.376e+03  V=4.007e+02  Dw=1.556e+03  g=2.268e+03  sigma=1.295e+02  total=5.730e+03
  subnet MSE  M=1.738e+00  V=1.266e+01  Dw=3.612e-02  g=2.923e-01
[step   4150]
  train: −ELBO=-8.8810e+00  NLL=-8.4551e+00  NLL_R=-7.3969e+00  NLL_ω=-1.0582e+00  MSE_R=1.2677e-03  MSE_ω=8.6750e-02
  test : −ELBO=-8.5481e+00  NLL=-8.1312e+00  NLL_R=-7.6922e+00  NLL_ω=-4.3897e-01  MSE_R=1.0179e-03  MSE_ω=1.2271e-01
  sigma: σ_R=2.0572e-02  σ_ω=1.7040e-01  β=1.0000e+00
  PL   : train=-9.7936e-01  test=-9.7019e-01  σ_φ̄(train)=1.9944e-04  σ_φ̄(test)=4.4454e-05  σ_obs_ω=5.0000e-01  λ_PL=1.00
  KL   : M=1.354e+03  V=4.001e+02  Dw=1.545e+03  g=2.245e+03  sigma=1.229e+02  total=5.667e+03
  subnet MSE  M=1.716e+00  V=1.271e+01  Dw=3.620e-02  g=2.941e-01
[step   4200]
  train: −ELBO=-8.8940e+00  NLL=-8.4637e+00  NLL_R=-7.4024e+00  NLL_ω=-1.0613e+00  MSE_R=1.2631e-03  MSE_ω=8.6572e-02
  test : −ELBO=-8.5365e+00  NLL=-8.1156e+00  NLL_R=-7.6878e+00  NLL_ω=-4.2775e-01  MSE_R=1.0223e-03  MSE_ω=1.2325e-01
  sigma: σ_R=2.0545e-02  σ_ω=1.7015e-01  β=1.0000e+00
  PL   : train=-9.7832e-01  test=-9.6885e-01  σ_φ̄(train)=2.0970e-04  σ_φ̄(test)=3.8296e-05  σ_obs_ω=5.0000e-01  λ_PL=1.00
  KL   : M=1.336e+03  V=3.994e+02  Dw=1.535e+03  g=2.224e+03  sigma=1.171e+02  total=5.612e+03
  subnet MSE  M=1.751e+00  V=1.267e+01  Dw=3.655e-02  g=2.923e-01
[step   4250]
  train: −ELBO=-8.9076e+00  NLL=-8.4723e+00  NLL_R=-7.4056e+00  NLL_ω=-1.0667e+00  MSE_R=1.2604e-03  MSE_ω=8.6259e-02
  test : −ELBO=-8.5362e+00  NLL=-8.1105e+00  NLL_R=-7.6875e+00  NLL_ω=-4.2302e-01  MSE_R=1.0237e-03  MSE_ω=1.2338e-01
  sigma: σ_R=2.0490e-02  σ_ω=1.6982e-01  β=1.0000e+00
  PL   : train=-9.7832e-01  test=-9.6872e-01  σ_φ̄(train)=1.8531e-04  σ_φ̄(test)=3.3363e-05  σ_obs_ω=5.0000e-01  λ_PL=1.00
  KL   : M=1.319e+03  V=3.988e+02  Dw=1.526e+03  g=2.205e+03  sigma=1.120e+02  total=5.561e+03
  subnet MSE  M=1.731e+00  V=1.272e+01  Dw=3.621e-02  g=2.922e-01
[step   4300]
  train: −ELBO=-8.9145e+00  NLL=-8.4753e+00  NLL_R=-7.4062e+00  NLL_ω=-1.0691e+00  MSE_R=1.2599e-03  MSE_ω=8.6124e-02
  test : −ELBO=-8.5198e+00  NLL=-8.0905e+00  NLL_R=-7.6810e+00  NLL_ω=-4.0950e-01  MSE_R=1.0291e-03  MSE_ω=1.2408e-01
  sigma: σ_R=2.0495e-02  σ_ω=1.6964e-01  β=1.0000e+00
  PL   : train=-9.7830e-01  test=-9.6827e-01  σ_φ̄(train)=1.7836e-04  σ_φ̄(test)=2.9915e-05  σ_obs_ω=5.0000e-01  λ_PL=1.00
  KL   : M=1.305e+03  V=3.982e+02  Dw=1.519e+03  g=2.190e+03  sigma=1.077e+02  total=5.520e+03
  subnet MSE  M=1.740e+00  V=1.263e+01  Dw=3.677e-02  g=2.923e-01
[step   4350]
  train: −ELBO=-8.9283e+00  NLL=-8.4847e+00  NLL_R=-7.4094e+00  NLL_ω=-1.0753e+00  MSE_R=1.2572e-03  MSE_ω=8.5764e-02
  test : −ELBO=-8.4888e+00  NLL=-8.0551e+00  NLL_R=-7.6695e+00  NLL_ω=-3.8564e-01  MSE_R=1.0388e-03  MSE_ω=1.2530e-01
  sigma: σ_R=2.0492e-02  σ_ω=1.6930e-01  β=1.0000e+00
  PL   : train=-9.7794e-01  test=-9.6787e-01  σ_φ̄(train)=1.5168e-04  σ_φ̄(test)=2.3153e-05  σ_obs_ω=5.0000e-01  λ_PL=1.00
  KL   : M=1.289e+03  V=3.974e+02  Dw=1.511e+03  g=2.172e+03  sigma=1.029e+02  total=5.472e+03
  subnet MSE  M=1.703e+00  V=1.265e+01  Dw=3.651e-02  g=2.913e-01
[step   4400]
  train: −ELBO=-8.9440e+00  NLL=-8.4954e+00  NLL_R=-7.4144e+00  NLL_ω=-1.0810e+00  MSE_R=1.2530e-03  MSE_ω=8.5440e-02
  test : −ELBO=-8.4788e+00  NLL=-8.0402e+00  NLL_R=-7.6658e+00  NLL_ω=-3.7442e-01  MSE_R=1.0429e-03  MSE_ω=1.2576e-01
  sigma: σ_R=2.0446e-02  σ_ω=1.6892e-01  β=1.0000e+00
  PL   : train=-9.7828e-01  test=-9.6819e-01  σ_φ̄(train)=1.5766e-04  σ_φ̄(test)=1.8588e-05  σ_obs_ω=5.0000e-01  λ_PL=1.00
  KL   : M=1.273e+03  V=3.967e+02  Dw=1.502e+03  g=2.154e+03  sigma=9.820e+01  total=5.424e+03
  subnet MSE  M=1.729e+00  V=1.264e+01  Dw=3.591e-02  g=2.922e-01
[step   4450]
  train: −ELBO=-8.9536e+00  NLL=-8.5007e+00  NLL_R=-7.4158e+00  NLL_ω=-1.0849e+00  MSE_R=1.2518e-03  MSE_ω=8.5218e-02
  test : −ELBO=-8.4986e+00  NLL=-8.0556e+00  NLL_R=-7.6722e+00  NLL_ω=-3.8341e-01  MSE_R=1.0376e-03  MSE_ω=1.2518e-01
  sigma: σ_R=2.0439e-02  σ_ω=1.6877e-01  β=1.0000e+00
  PL   : train=-9.7866e-01  test=-9.6870e-01  σ_φ̄(train)=1.3047e-04  σ_φ̄(test)=1.5040e-05  σ_obs_ω=5.0000e-01  λ_PL=1.00
  KL   : M=1.260e+03  V=3.960e+02  Dw=1.496e+03  g=2.139e+03  sigma=9.429e+01  total=5.385e+03
  subnet MSE  M=1.740e+00  V=1.272e+01  Dw=3.653e-02  g=2.927e-01
[step   4500]
  train: −ELBO=-8.9551e+00  NLL=-8.4972e+00  NLL_R=-7.4154e+00  NLL_ω=-1.0818e+00  MSE_R=1.2521e-03  MSE_ω=8.5395e-02
  test : −ELBO=-8.4793e+00  NLL=-8.0315e+00  NLL_R=-7.6651e+00  NLL_ω=-3.6638e-01  MSE_R=1.0439e-03  MSE_ω=1.2603e-01
  sigma: σ_R=2.0419e-02  σ_ω=1.6851e-01  β=1.0000e+00
  PL   : train=-9.7932e-01  test=-9.6926e-01  σ_φ̄(train)=1.3670e-04  σ_φ̄(test)=1.2999e-05  σ_obs_ω=5.0000e-01  λ_PL=1.00
  KL   : M=1.245e+03  V=3.952e+02  Dw=1.488e+03  g=2.122e+03  sigma=9.001e+01  total=5.340e+03
  subnet MSE  M=1.721e+00  V=1.269e+01  Dw=3.598e-02  g=2.943e-01
[step   4550]
  train: −ELBO=-8.9735e+00  NLL=-8.5126e+00  NLL_R=-7.4195e+00  NLL_ω=-1.0932e+00  MSE_R=1.2488e-03  MSE_ω=8.4751e-02
  test : −ELBO=-8.4818e+00  NLL=-8.0315e+00  NLL_R=-7.6658e+00  NLL_ω=-3.6562e-01  MSE_R=1.0438e-03  MSE_ω=1.2596e-01
  sigma: σ_R=2.0395e-02  σ_ω=1.6830e-01  β=1.0000e+00
  PL   : train=-9.7817e-01  test=-9.6760e-01  σ_φ̄(train)=1.2244e-04  σ_φ̄(test)=1.0688e-05  σ_obs_ω=5.0000e-01  λ_PL=1.00
  KL   : M=1.231e+03  V=3.945e+02  Dw=1.481e+03  g=2.105e+03  sigma=8.601e+01  total=5.297e+03
  subnet MSE  M=1.737e+00  V=1.265e+01  Dw=3.667e-02  g=2.916e-01
[step   4600]
  train: −ELBO=-8.9890e+00  NLL=-8.5220e+00  NLL_R=-7.4239e+00  NLL_ω=-1.0981e+00  MSE_R=1.2451e-03  MSE_ω=8.4475e-02
  test : −ELBO=-8.4941e+00  NLL=-8.0372e+00  NLL_R=-7.6696e+00  NLL_ω=-3.6760e-01  MSE_R=1.0414e-03  MSE_ω=1.2566e-01
  sigma: σ_R=2.0361e-02  σ_ω=1.6791e-01  β=1.0000e+00
  PL   : train=-9.7878e-01  test=-9.6854e-01  σ_φ̄(train)=1.0332e-04  σ_φ̄(test)=8.0671e-06  σ_obs_ω=5.0000e-01  λ_PL=1.00
  KL   : M=1.212e+03  V=3.934e+02  Dw=1.472e+03  g=2.082e+03  sigma=8.082e+01  total=5.241e+03
  subnet MSE  M=1.736e+00  V=1.266e+01  Dw=3.649e-02  g=2.935e-01
[step   4650]
  train: −ELBO=-9.0054e+00  NLL=-8.5329e+00  NLL_R=-7.4288e+00  NLL_ω=-1.1041e+00  MSE_R=1.2411e-03  MSE_ω=8.4134e-02
  test : −ELBO=-8.4682e+00  NLL=-8.0063e+00  NLL_R=-7.6599e+00  NLL_ω=-3.4641e-01  MSE_R=1.0497e-03  MSE_ω=1.2670e-01
  sigma: σ_R=2.0345e-02  σ_ω=1.6761e-01  β=1.0000e+00
  PL   : train=-9.7882e-01  test=-9.6808e-01  σ_φ̄(train)=1.0345e-04  σ_φ̄(test)=5.8149e-06  σ_obs_ω=5.0000e-01  λ_PL=1.00
  KL   : M=1.194e+03  V=3.922e+02  Dw=1.463e+03  g=2.060e+03  sigma=7.591e+01  total=5.184e+03
  subnet MSE  M=1.747e+00  V=1.267e+01  Dw=3.611e-02  g=2.930e-01
[step   4700]
  train: −ELBO=-9.0125e+00  NLL=-8.5358e+00  NLL_R=-7.4284e+00  NLL_ω=-1.1073e+00  MSE_R=1.2413e-03  MSE_ω=8.3954e-02
  test : −ELBO=-8.4379e+00  NLL=-7.9710e+00  NLL_R=-7.6479e+00  NLL_ω=-3.2309e-01  MSE_R=1.0601e-03  MSE_ω=1.2790e-01
  sigma: σ_R=2.0323e-02  σ_ω=1.6739e-01  β=1.0000e+00
  PL   : train=-9.7813e-01  test=-9.6828e-01  σ_φ̄(train)=1.2210e-04  σ_φ̄(test)=4.4887e-06  σ_obs_ω=5.0000e-01  λ_PL=1.00
  KL   : M=1.177e+03  V=3.910e+02  Dw=1.456e+03  g=2.039e+03  sigma=7.148e+01  total=5.135e+03
  subnet MSE  M=1.736e+00  V=1.266e+01  Dw=3.646e-02  g=2.940e-01
[step   4750]
  train: −ELBO=-9.0285e+00  NLL=-8.5474e+00  NLL_R=-7.4341e+00  NLL_ω=-1.1132e+00  MSE_R=1.2366e-03  MSE_ω=8.3625e-02
  test : −ELBO=-8.4445e+00  NLL=-7.9742e+00  NLL_R=-7.6505e+00  NLL_ω=-3.2373e-01  MSE_R=1.0579e-03  MSE_ω=1.2777e-01
  sigma: σ_R=2.0326e-02  σ_ω=1.6721e-01  β=1.0000e+00
  PL   : train=-9.7917e-01  test=-9.6817e-01  σ_φ̄(train)=6.5735e-05  σ_φ̄(test)=3.6326e-06  σ_obs_ω=5.0000e-01  λ_PL=1.00
  KL   : M=1.166e+03  V=3.902e+02  Dw=1.450e+03  g=2.025e+03  sigma=6.853e+01  total=5.099e+03
  subnet MSE  M=1.738e+00  V=1.273e+01  Dw=3.618e-02  g=2.934e-01
[step   4800]
  train: −ELBO=-9.0359e+00  NLL=-8.5524e+00  NLL_R=-7.4363e+00  NLL_ω=-1.1161e+00  MSE_R=1.2348e-03  MSE_ω=8.3466e-02
  test : −ELBO=-8.4164e+00  NLL=-7.9442e+00  NLL_R=-7.6404e+00  NLL_ω=-3.0379e-01  MSE_R=1.0664e-03  MSE_ω=1.2877e-01
  sigma: σ_R=2.0313e-02  σ_ω=1.6700e-01  β=1.0000e+00
  PL   : train=-9.7836e-01  test=-9.6699e-01  σ_φ̄(train)=6.7230e-05  σ_φ̄(test)=2.9616e-06  σ_obs_ω=5.0000e-01  λ_PL=1.00
  KL   : M=1.155e+03  V=3.894e+02  Dw=1.445e+03  g=2.012e+03  sigma=6.593e+01  total=5.067e+03
  subnet MSE  M=1.738e+00  V=1.273e+01  Dw=3.643e-02  g=2.918e-01
[step   4850]
  train: −ELBO=-9.0452e+00  NLL=-8.5569e+00  NLL_R=-7.4382e+00  NLL_ω=-1.1187e+00  MSE_R=1.2333e-03  MSE_ω=8.3319e-02
  test : −ELBO=-8.4470e+00  NLL=-7.9700e+00  NLL_R=-7.6508e+00  NLL_ω=-3.1921e-01  MSE_R=1.0585e-03  MSE_ω=1.2781e-01
  sigma: σ_R=2.0281e-02  σ_ω=1.6681e-01  β=1.0000e+00
  PL   : train=-9.7952e-01  test=-9.6828e-01  σ_φ̄(train)=6.1391e-05  σ_φ̄(test)=2.3673e-06  σ_obs_ω=5.0000e-01  λ_PL=1.00
  KL   : M=1.143e+03  V=3.885e+02  Dw=1.440e+03  g=1.996e+03  sigma=6.300e+01  total=5.030e+03
  subnet MSE  M=1.753e+00  V=1.264e+01  Dw=3.699e-02  g=2.943e-01
[step   4900]
  train: −ELBO=-9.0570e+00  NLL=-8.5656e+00  NLL_R=-7.4417e+00  NLL_ω=-1.1238e+00  MSE_R=1.2304e-03  MSE_ω=8.3036e-02
  test : −ELBO=-8.4437e+00  NLL=-7.9634e+00  NLL_R=-7.6495e+00  NLL_ω=-3.1386e-01  MSE_R=1.0598e-03  MSE_ω=1.2804e-01
  sigma: σ_R=2.0265e-02  σ_ω=1.6668e-01  β=1.0000e+00
  PL   : train=-9.7845e-01  test=-9.6735e-01  σ_φ̄(train)=5.2877e-05  σ_φ̄(test)=1.7734e-06  σ_obs_ω=5.0000e-01  λ_PL=1.00
  KL   : M=1.129e+03  V=3.872e+02  Dw=1.434e+03  g=1.977e+03  sigma=5.954e+01  total=4.988e+03
  subnet MSE  M=1.754e+00  V=1.275e+01  Dw=3.670e-02  g=2.922e-01
[step   4950]
  train: −ELBO=-9.0709e+00  NLL=-8.5742e+00  NLL_R=-7.4446e+00  NLL_ω=-1.1295e+00  MSE_R=1.2280e-03  MSE_ω=8.2721e-02
  test : −ELBO=-8.4387e+00  NLL=-7.9534e+00  NLL_R=-7.6476e+00  NLL_ω=-3.0586e-01  MSE_R=1.0617e-03  MSE_ω=1.2828e-01
  sigma: σ_R=2.0243e-02  σ_ω=1.6630e-01  β=1.0000e+00
  PL   : train=-9.7891e-01  test=-9.6731e-01  σ_φ̄(train)=3.2966e-05  σ_φ̄(test)=1.0369e-06  σ_obs_ω=5.0000e-01  λ_PL=1.00
  KL   : M=1.113e+03  V=3.859e+02  Dw=1.426e+03  g=1.955e+03  sigma=5.636e+01  total=4.937e+03
  subnet MSE  M=1.762e+00  V=1.268e+01  Dw=3.714e-02  g=2.925e-01
[step   5000]
  train: −ELBO=-9.0763e+00  NLL=-8.5754e+00  NLL_R=-7.4461e+00  NLL_ω=-1.1293e+00  MSE_R=1.2268e-03  MSE_ω=8.2731e-02
  test : −ELBO=-8.4246e+00  NLL=-7.9355e+00  NLL_R=-7.6416e+00  NLL_ω=-2.9390e-01  MSE_R=1.0665e-03  MSE_ω=1.2887e-01
  sigma: σ_R=2.0243e-02  σ_ω=1.6617e-01  β=1.0000e+00
  PL   : train=-9.7942e-01  test=-9.6757e-01  σ_φ̄(train)=3.3797e-05  σ_φ̄(test)=8.8510e-07  σ_obs_ω=5.0000e-01  λ_PL=1.00
  KL   : M=1.101e+03  V=3.848e+02  Dw=1.421e+03  g=1.940e+03  sigma=5.370e+01  total=4.900e+03
  subnet MSE  M=1.761e+00  V=1.277e+01  Dw=3.720e-02  g=2.933e-01
[step   5050]
  train: −ELBO=-9.0901e+00  NLL=-8.5850e+00  NLL_R=-7.4507e+00  NLL_ω=-1.1343e+00  MSE_R=1.2231e-03  MSE_ω=8.2459e-02
  test : −ELBO=-8.4240e+00  NLL=-7.9303e+00  NLL_R=-7.6413e+00  NLL_ω=-2.8905e-01  MSE_R=1.0675e-03  MSE_ω=1.2901e-01
  sigma: σ_R=2.0206e-02  σ_ω=1.6595e-01  β=1.0000e+00
  PL   : train=-9.7945e-01  test=-9.6782e-01  σ_φ̄(train)=4.4202e-05  σ_φ̄(test)=6.7458e-07  σ_obs_ω=5.0000e-01  λ_PL=1.00
  KL   : M=1.087e+03  V=3.835e+02  Dw=1.415e+03  g=1.921e+03  sigma=5.083e+01  total=4.857e+03
  subnet MSE  M=1.751e+00  V=1.274e+01  Dw=3.694e-02  g=2.938e-01
[step   5100]
  train: −ELBO=-9.0915e+00  NLL=-8.5831e+00  NLL_R=-7.4476e+00  NLL_ω=-1.1355e+00  MSE_R=1.2256e-03  MSE_ω=8.2393e-02
  test : −ELBO=-8.3962e+00  NLL=-7.8999e+00  NLL_R=-7.6317e+00  NLL_ω=-2.6817e-01  MSE_R=1.0755e-03  MSE_ω=1.3002e-01
  sigma: σ_R=2.0185e-02  σ_ω=1.6571e-01  β=1.0000e+00
  PL   : train=-9.7967e-01  test=-9.6757e-01  σ_φ̄(train)=2.3517e-05  σ_φ̄(test)=5.5943e-07  σ_obs_ω=5.0000e-01  λ_PL=1.00
  KL   : M=1.076e+03  V=3.825e+02  Dw=1.410e+03  g=1.908e+03  sigma=4.880e+01  total=4.826e+03
  subnet MSE  M=1.762e+00  V=1.274e+01  Dw=3.701e-02  g=2.941e-01
[step   5150]
  train: −ELBO=-9.0983e+00  NLL=-8.5866e+00  NLL_R=-7.4513e+00  NLL_ω=-1.1353e+00  MSE_R=1.2225e-03  MSE_ω=8.2404e-02
  test : −ELBO=-8.4054e+00  NLL=-7.9054e+00  NLL_R=-7.6338e+00  NLL_ω=-2.7161e-01  MSE_R=1.0735e-03  MSE_ω=1.2980e-01
  sigma: σ_R=2.0210e-02  σ_ω=1.6565e-01  β=1.0000e+00
  PL   : train=-9.7975e-01  test=-9.6801e-01  σ_φ̄(train)=2.4027e-05  σ_φ̄(test)=4.2882e-07  σ_obs_ω=5.0000e-01  λ_PL=1.00
  KL   : M=1.066e+03  V=3.813e+02  Dw=1.406e+03  g=1.893e+03  sigma=4.701e+01  total=4.793e+03
  subnet MSE  M=1.748e+00  V=1.274e+01  Dw=3.703e-02  g=2.945e-01
[step   5200]
  train: −ELBO=-9.1180e+00  NLL=-8.6032e+00  NLL_R=-7.4571e+00  NLL_ω=-1.1461e+00  MSE_R=1.2179e-03  MSE_ω=8.1811e-02
  test : −ELBO=-8.3819e+00  NLL=-7.8793e+00  NLL_R=-7.6258e+00  NLL_ω=-2.5344e-01  MSE_R=1.0806e-03  MSE_ω=1.3064e-01
  sigma: σ_R=2.0172e-02  σ_ω=1.6538e-01  β=1.0000e+00
  PL   : train=-9.7924e-01  test=-9.6693e-01  σ_φ̄(train)=2.1078e-05  σ_φ̄(test)=2.7764e-07  σ_obs_ω=5.0000e-01  λ_PL=1.00
  KL   : M=1.053e+03  V=3.800e+02  Dw=1.401e+03  g=1.876e+03  sigma=4.495e+01  total=4.755e+03
  subnet MSE  M=1.762e+00  V=1.274e+01  Dw=3.714e-02  g=2.932e-01
[step   5250]
  train: −ELBO=-9.1276e+00  NLL=-8.6082e+00  NLL_R=-7.4580e+00  NLL_ω=-1.1503e+00  MSE_R=1.2171e-03  MSE_ω=8.1585e-02
  test : −ELBO=-8.4005e+00  NLL=-7.8931e+00  NLL_R=-7.6325e+00  NLL_ω=-2.6065e-01  MSE_R=1.0756e-03  MSE_ω=1.3011e-01
  sigma: σ_R=2.0140e-02  σ_ω=1.6515e-01  β=1.0000e+00
  PL   : train=-9.7992e-01  test=-9.6779e-01  σ_φ̄(train)=1.7057e-05  σ_φ̄(test)=2.4705e-07  σ_obs_ω=5.0000e-01  λ_PL=1.00
  KL   : M=1.041e+03  V=3.786e+02  Dw=1.395e+03  g=1.859e+03  sigma=4.265e+01  total=4.716e+03
  subnet MSE  M=1.755e+00  V=1.271e+01  Dw=3.710e-02  g=2.944e-01
[step   5300]
  train: −ELBO=-9.1228e+00  NLL=-8.6009e+00  NLL_R=-7.4559e+00  NLL_ω=-1.1450e+00  MSE_R=1.2188e-03  MSE_ω=8.1872e-02
  test : −ELBO=-8.3581e+00  NLL=-7.8487e+00  NLL_R=-7.6171e+00  NLL_ω=-2.3152e-01  MSE_R=1.0880e-03  MSE_ω=1.3158e-01
  sigma: σ_R=2.0145e-02  σ_ω=1.6495e-01  β=1.0000e+00
  PL   : train=-9.7925e-01  test=-9.6675e-01  σ_φ̄(train)=2.0782e-05  σ_φ̄(test)=2.3176e-07  σ_obs_ω=5.0000e-01  λ_PL=1.00
  KL   : M=1.030e+03  V=3.775e+02  Dw=1.390e+03  g=1.844e+03  sigma=4.079e+01  total=4.683e+03
  subnet MSE  M=1.750e+00  V=1.267e+01  Dw=3.721e-02  g=2.933e-01
[step   5350]
  train: −ELBO=-9.1376e+00  NLL=-8.6116e+00  NLL_R=-7.4619e+00  NLL_ω=-1.1496e+00  MSE_R=1.2139e-03  MSE_ω=8.1619e-02
  test : −ELBO=-8.3717e+00  NLL=-7.8583e+00  NLL_R=-7.6207e+00  NLL_ω=-2.3757e-01  MSE_R=1.0852e-03  MSE_ω=1.3133e-01
  sigma: σ_R=2.0133e-02  σ_ω=1.6508e-01  β=1.0000e+00
  PL   : train=-9.8059e-01  test=-9.6798e-01  σ_φ̄(train)=1.7661e-05  σ_φ̄(test)=2.0094e-07  σ_obs_ω=5.0000e-01  λ_PL=1.00
  KL   : M=1.021e+03  V=3.765e+02  Dw=1.386e+03  g=1.832e+03  sigma=3.931e+01  total=4.655e+03
  subnet MSE  M=1.763e+00  V=1.277e+01  Dw=3.726e-02  g=2.953e-01
[step   5400]
  train: −ELBO=-9.1506e+00  NLL=-8.6213e+00  NLL_R=-7.4640e+00  NLL_ω=-1.1572e+00  MSE_R=1.2122e-03  MSE_ω=8.1208e-02
  test : −ELBO=-8.3757e+00  NLL=-7.8586e+00  NLL_R=-7.6229e+00  NLL_ω=-2.3575e-01  MSE_R=1.0838e-03  MSE_ω=1.3113e-01
  sigma: σ_R=2.0103e-02  σ_ω=1.6459e-01  β=1.0000e+00
  PL   : train=-9.8001e-01  test=-9.6766e-01  σ_φ̄(train)=2.2786e-05  σ_φ̄(test)=1.7260e-07  σ_obs_ω=5.0000e-01  λ_PL=1.00
  KL   : M=1.009e+03  V=3.749e+02  Dw=1.380e+03  g=1.814e+03  sigma=3.733e+01  total=4.615e+03
  subnet MSE  M=1.758e+00  V=1.277e+01  Dw=3.709e-02  g=2.948e-01
[step   5450]
  train: −ELBO=-9.1601e+00  NLL=-8.6271e+00  NLL_R=-7.4661e+00  NLL_ω=-1.1609e+00  MSE_R=1.2105e-03  MSE_ω=8.1008e-02
  test : −ELBO=-8.3642e+00  NLL=-7.8437e+00  NLL_R=-7.6185e+00  NLL_ω=-2.2518e-01  MSE_R=1.0876e-03  MSE_ω=1.3160e-01
  sigma: σ_R=2.0088e-02  σ_ω=1.6441e-01  β=1.0000e+00
  PL   : train=-9.7982e-01  test=-9.6727e-01  σ_φ̄(train)=1.7885e-05  σ_φ̄(test)=1.5422e-07  σ_obs_ω=5.0000e-01  λ_PL=1.00
  KL   : M=9.957e+02  V=3.734e+02  Dw=1.375e+03  g=1.796e+03  sigma=3.532e+01  total=4.575e+03
  subnet MSE  M=1.756e+00  V=1.271e+01  Dw=3.744e-02  g=2.944e-01
[step   5500]
  train: −ELBO=-9.1687e+00  NLL=-8.6305e+00  NLL_R=-7.4678e+00  NLL_ω=-1.1628e+00  MSE_R=1.2092e-03  MSE_ω=8.0908e-02
  test : −ELBO=-8.3410e+00  NLL=-7.8155e+00  NLL_R=-7.6109e+00  NLL_ω=-2.0460e-01  MSE_R=1.0946e-03  MSE_ω=1.3253e-01
  sigma: σ_R=2.0004e-02  σ_ω=1.6412e-01  β=1.0000e+00
  PL   : train=-9.8038e-01  test=-9.6754e-01  σ_φ̄(train)=2.3558e-05  σ_φ̄(test)=1.2449e-07  σ_obs_ω=5.0000e-01  λ_PL=1.00
  KL   : M=9.806e+02  V=3.715e+02  Dw=1.368e+03  g=1.775e+03  sigma=3.307e+01  total=4.528e+03
  subnet MSE  M=1.757e+00  V=1.278e+01  Dw=3.637e-02  g=2.952e-01
[step   5550]
  train: −ELBO=-9.1788e+00  NLL=-8.6376e+00  NLL_R=-7.4715e+00  NLL_ω=-1.1662e+00  MSE_R=1.2062e-03  MSE_ω=8.0724e-02
  test : −ELBO=-8.3399e+00  NLL=-7.8116e+00  NLL_R=-7.6090e+00  NLL_ω=-2.0260e-01  MSE_R=1.0956e-03  MSE_ω=1.3261e-01
  sigma: σ_R=2.0052e-02  σ_ω=1.6408e-01  β=1.0000e+00
  PL   : train=-9.8028e-01  test=-9.6730e-01  σ_φ̄(train)=2.3390e-05  σ_φ̄(test)=1.0507e-07  σ_obs_ω=5.0000e-01  λ_PL=1.00
  KL   : M=9.709e+02  V=3.700e+02  Dw=1.363e+03  g=1.761e+03  sigma=3.174e+01  total=4.497e+03
  subnet MSE  M=1.758e+00  V=1.274e+01  Dw=3.667e-02  g=2.948e-01
[step   5600]
  train: −ELBO=-9.1895e+00  NLL=-8.6456e+00  NLL_R=-7.4729e+00  NLL_ω=-1.1727e+00  MSE_R=1.2051e-03  MSE_ω=8.0375e-02
  test : −ELBO=-8.3218e+00  NLL=-7.7909e+00  NLL_R=-7.6029e+00  NLL_ω=-1.8807e-01  MSE_R=1.1006e-03  MSE_ω=1.3323e-01
  sigma: σ_R=2.0050e-02  σ_ω=1.6384e-01  β=1.0000e+00
  PL   : train=-9.7972e-01  test=-9.6665e-01  σ_φ̄(train)=1.0293e-05  σ_φ̄(test)=4.9527e-08  σ_obs_ω=5.0000e-01  λ_PL=1.00
  KL   : M=9.605e+02  V=3.685e+02  Dw=1.358e+03  g=1.745e+03  sigma=3.123e+01  total=4.463e+03
  subnet MSE  M=1.757e+00  V=1.275e+01  Dw=3.750e-02  g=2.941e-01
[step   5650]
  train: −ELBO=-9.1949e+00  NLL=-8.6483e+00  NLL_R=-7.4746e+00  NLL_ω=-1.1737e+00  MSE_R=1.2038e-03  MSE_ω=8.0320e-02
  test : −ELBO=-8.3190e+00  NLL=-7.7857e+00  NLL_R=-7.6016e+00  NLL_ω=-1.8411e-01  MSE_R=1.1018e-03  MSE_ω=1.3340e-01
  sigma: σ_R=2.0041e-02  σ_ω=1.6378e-01  β=1.0000e+00
  PL   : train=-9.8018e-01  test=-9.6677e-01  σ_φ̄(train)=7.3184e-06  σ_φ̄(test)=3.8200e-08  σ_obs_ω=5.0000e-01  λ_PL=1.00
  KL   : M=9.530e+02  V=3.673e+02  Dw=1.354e+03  g=1.734e+03  sigma=3.072e+01  total=4.440e+03
  subnet MSE  M=1.766e+00  V=1.273e+01  Dw=3.712e-02  g=2.941e-01
[step   5700]
  train: −ELBO=-9.1971e+00  NLL=-8.6480e+00  NLL_R=-7.4769e+00  NLL_ω=-1.1711e+00  MSE_R=1.2019e-03  MSE_ω=8.0460e-02
  test : −ELBO=-8.2925e+00  NLL=-7.7565e+00  NLL_R=-7.5923e+00  NLL_ω=-1.6422e-01  MSE_R=1.1094e-03  MSE_ω=1.3434e-01
  sigma: σ_R=2.0014e-02  σ_ω=1.6357e-01  β=1.0000e+00
  PL   : train=-9.7996e-01  test=-9.6683e-01  σ_φ̄(train)=4.0281e-05  σ_φ̄(test)=3.4213e-08  σ_obs_ω=5.0000e-01  λ_PL=1.00
  KL   : M=9.447e+02  V=3.661e+02  Dw=1.350e+03  g=1.722e+03  sigma=2.979e+01  total=4.412e+03
  subnet MSE  M=1.736e+00  V=1.267e+01  Dw=3.720e-02  g=2.949e-01
[step   5750]
  train: −ELBO=-9.2025e+00  NLL=-8.6518e+00  NLL_R=-7.4776e+00  NLL_ω=-1.1742e+00  MSE_R=1.2013e-03  MSE_ω=8.0295e-02
  test : −ELBO=-8.3245e+00  NLL=-7.7870e+00  NLL_R=-7.6027e+00  NLL_ω=-1.8429e-01  MSE_R=1.1011e-03  MSE_ω=1.3332e-01
  sigma: σ_R=2.0012e-02  σ_ω=1.6365e-01  β=1.0000e+00
  PL   : train=-9.7995e-01  test=-9.6662e-01  σ_φ̄(train)=7.3501e-06  σ_φ̄(test)=3.1863e-08  σ_obs_ω=5.0000e-01  λ_PL=1.00
  KL   : M=9.396e+02  V=3.654e+02  Dw=1.347e+03  g=1.714e+03  sigma=2.923e+01  total=4.395e+03
  subnet MSE  M=1.754e+00  V=1.271e+01  Dw=3.687e-02  g=2.939e-01
[step   5800]
  train: −ELBO=-9.2051e+00  NLL=-8.6522e+00  NLL_R=-7.4760e+00  NLL_ω=-1.1762e+00  MSE_R=1.2026e-03  MSE_ω=8.0185e-02
  test : −ELBO=-8.3099e+00  NLL=-7.7702e+00  NLL_R=-7.5974e+00  NLL_ω=-1.7283e-01  MSE_R=1.1053e-03  MSE_ω=1.3384e-01
  sigma: σ_R=2.0019e-02  σ_ω=1.6351e-01  β=1.0000e+00
  PL   : train=-9.8046e-01  test=-9.6721e-01  σ_φ̄(train)=8.6916e-06  σ_φ̄(test)=3.0131e-08  σ_obs_ω=5.0000e-01  λ_PL=1.00
  KL   : M=9.342e+02  V=3.645e+02  Dw=1.345e+03  g=1.706e+03  sigma=2.865e+01  total=4.378e+03
  subnet MSE  M=1.769e+00  V=1.275e+01  Dw=3.706e-02  g=2.956e-01
[step   5850]
  train: −ELBO=-9.2149e+00  NLL=-8.6602e+00  NLL_R=-7.4795e+00  NLL_ω=-1.1808e+00  MSE_R=1.1998e-03  MSE_ω=7.9943e-02
  test : −ELBO=-8.2901e+00  NLL=-7.7507e+00  NLL_R=-7.5908e+00  NLL_ω=-1.5983e-01  MSE_R=1.1107e-03  MSE_ω=1.3450e-01
  sigma: σ_R=2.0007e-02  σ_ω=1.6347e-01  β=1.0000e+00
  PL   : train=-9.8026e-01  test=-9.6501e-01  σ_φ̄(train)=5.4407e-06  σ_φ̄(test)=1.4258e-08  σ_obs_ω=5.0000e-01  λ_PL=1.00
  KL   : M=9.277e+02  V=3.635e+02  Dw=1.342e+03  g=1.696e+03  sigma=2.890e+01  total=4.358e+03
  subnet MSE  M=1.761e+00  V=1.275e+01  Dw=3.692e-02  g=2.948e-01
[step   5900]
  train: −ELBO=-9.2225e+00  NLL=-8.6653e+00  NLL_R=-7.4805e+00  NLL_ω=-1.1848e+00  MSE_R=1.1990e-03  MSE_ω=7.9729e-02
  test : −ELBO=-8.3049e+00  NLL=-7.7611e+00  NLL_R=-7.5963e+00  NLL_ω=-1.6473e-01  MSE_R=1.1065e-03  MSE_ω=1.3398e-01
  sigma: σ_R=1.9978e-02  σ_ω=1.6308e-01  β=1.0000e+00
  PL   : train=-9.8051e-01  test=-9.6714e-01  σ_φ̄(train)=3.4389e-06  σ_φ̄(test)=1.1549e-08  σ_obs_ω=5.0000e-01  λ_PL=1.00
  KL   : M=9.202e+02  V=3.624e+02  Dw=1.338e+03  g=1.685e+03  sigma=2.862e+01  total=4.335e+03
  subnet MSE  M=1.759e+00  V=1.271e+01  Dw=3.751e-02  g=2.955e-01
[step   5950]
  train: −ELBO=-9.2291e+00  NLL=-8.6701e+00  NLL_R=-7.4844e+00  NLL_ω=-1.1856e+00  MSE_R=1.1959e-03  MSE_ω=7.9684e-02
  test : −ELBO=-8.2642e+00  NLL=-7.7188e+00  NLL_R=-7.5818e+00  NLL_ω=-1.3700e-01  MSE_R=1.1183e-03  MSE_ω=1.3540e-01
  sigma: σ_R=1.9957e-02  σ_ω=1.6300e-01  β=1.0000e+00
  PL   : train=-9.8010e-01  test=-9.6645e-01  σ_φ̄(train)=6.3926e-06  σ_φ̄(test)=1.1778e-08  σ_obs_ω=5.0000e-01  λ_PL=1.00
  KL   : M=9.134e+02  V=3.613e+02  Dw=1.334e+03  g=1.675e+03  sigma=2.803e+01  total=4.312e+03
  subnet MSE  M=1.760e+00  V=1.275e+01  Dw=3.660e-02  g=2.947e-01
[step   6000]
  train: −ELBO=-9.2375e+00  NLL=-8.6761e+00  NLL_R=-7.4857e+00  NLL_ω=-1.1904e+00  MSE_R=1.1949e-03  MSE_ω=7.9431e-02
  test : −ELBO=-8.2689e+00  NLL=-7.7211e+00  NLL_R=-7.5837e+00  NLL_ω=-1.3745e-01  MSE_R=1.1168e-03  MSE_ω=1.3526e-01
  sigma: σ_R=1.9960e-02  σ_ω=1.6283e-01  β=1.0000e+00
  PL   : train=-9.8017e-01  test=-9.6655e-01  σ_φ̄(train)=4.7743e-06  σ_φ̄(test)=1.1951e-08  σ_obs_ω=5.0000e-01  λ_PL=1.00
  KL   : M=9.059e+02  V=3.602e+02  Dw=1.331e+03  g=1.664e+03  sigma=2.739e+01  total=4.289e+03
  subnet MSE  M=1.767e+00  V=1.274e+01  Dw=3.701e-02  g=2.948e-01
[step   6050]
  train: −ELBO=-9.2472e+00  NLL=-8.6826e+00  NLL_R=-7.4887e+00  NLL_ω=-1.1939e+00  MSE_R=1.1925e-03  MSE_ω=7.9247e-02
  test : −ELBO=-8.2884e+00  NLL=-7.7372e+00  NLL_R=-7.5901e+00  NLL_ω=-1.4702e-01  MSE_R=1.1118e-03  MSE_ω=1.3468e-01
  sigma: σ_R=1.9937e-02  σ_ω=1.6272e-01  β=1.0000e+00
  PL   : train=-9.8122e-01  test=-9.6783e-01  σ_φ̄(train)=5.2088e-06  σ_φ̄(test)=1.1172e-08  σ_obs_ω=5.0000e-01  λ_PL=1.00
  KL   : M=8.989e+02  V=3.591e+02  Dw=1.327e+03  g=1.654e+03  sigma=2.681e+01  total=4.266e+03
  subnet MSE  M=1.766e+00  V=1.275e+01  Dw=3.641e-02  g=2.970e-01
[step   6100]
  train: −ELBO=-9.2521e+00  NLL=-8.6859e+00  NLL_R=-7.4909e+00  NLL_ω=-1.1949e+00  MSE_R=1.1907e-03  MSE_ω=7.9192e-02
  test : −ELBO=-8.2393e+00  NLL=-7.6873e+00  NLL_R=-7.5729e+00  NLL_ω=-1.1437e-01  MSE_R=1.1256e-03  MSE_ω=1.3631e-01
  sigma: σ_R=1.9932e-02  σ_ω=1.6258e-01  β=1.0000e+00
  PL   : train=-9.8098e-01  test=-9.6664e-01  σ_φ̄(train)=7.6180e-06  σ_φ̄(test)=1.1059e-08  σ_obs_ω=5.0000e-01  λ_PL=1.00
  KL   : M=8.924e+02  V=3.580e+02  Dw=1.325e+03  g=1.645e+03  sigma=2.631e+01  total=4.246e+03
  subnet MSE  M=1.764e+00  V=1.279e+01  Dw=3.699e-02  g=2.962e-01
[step   6150]
  train: −ELBO=-9.2505e+00  NLL=-8.6833e+00  NLL_R=-7.4891e+00  NLL_ω=-1.1942e+00  MSE_R=1.1922e-03  MSE_ω=7.9228e-02
  test : −ELBO=-8.2516e+00  NLL=-7.6987e+00  NLL_R=-7.5777e+00  NLL_ω=-1.2094e-01  MSE_R=1.1218e-03  MSE_ω=1.3587e-01
  sigma: σ_R=1.9925e-02  σ_ω=1.6244e-01  β=1.0000e+00
  PL   : train=-9.8024e-01  test=-9.6600e-01  σ_φ̄(train)=5.4081e-06  σ_φ̄(test)=1.0602e-08  σ_obs_ω=5.0000e-01  λ_PL=1.00
  KL   : M=8.870e+02  V=3.570e+02  Dw=1.322e+03  g=1.638e+03  sigma=2.593e+01  total=4.230e+03
  subnet MSE  M=1.761e+00  V=1.274e+01  Dw=3.713e-02  g=2.946e-01
[step   6200]
  train: −ELBO=-9.2590e+00  NLL=-8.6897e+00  NLL_R=-7.4924e+00  NLL_ω=-1.1973e+00  MSE_R=1.1895e-03  MSE_ω=7.9065e-02
  test : −ELBO=-8.2705e+00  NLL=-7.7154e+00  NLL_R=-7.5841e+00  NLL_ω=-1.3126e-01  MSE_R=1.1168e-03  MSE_ω=1.3528e-01
  sigma: σ_R=1.9911e-02  σ_ω=1.6238e-01  β=1.0000e+00
  PL   : train=-9.8051e-01  test=-9.6631e-01  σ_φ̄(train)=4.6622e-06  σ_φ̄(test)=1.1062e-08  σ_obs_ω=5.0000e-01  λ_PL=1.00
  KL   : M=8.812e+02  V=3.560e+02  Dw=1.320e+03  g=1.629e+03  sigma=2.538e+01  total=4.212e+03
  subnet MSE  M=1.778e+00  V=1.273e+01  Dw=3.704e-02  g=2.952e-01
[step   6250]
  train: −ELBO=-9.2546e+00  NLL=-8.6839e+00  NLL_R=-7.4895e+00  NLL_ω=-1.1944e+00  MSE_R=1.1918e-03  MSE_ω=7.9221e-02
  test : −ELBO=-8.2397e+00  NLL=-7.6831e+00  NLL_R=-7.5732e+00  NLL_ω=-1.0989e-01  MSE_R=1.1255e-03  MSE_ω=1.3635e-01
  sigma: σ_R=1.9902e-02  σ_ω=1.6229e-01  β=1.0000e+00
  PL   : train=-9.8065e-01  test=-9.6640e-01  σ_φ̄(train)=6.8518e-06  σ_φ̄(test)=1.0386e-08  σ_obs_ω=5.0000e-01  λ_PL=1.00
  KL   : M=8.766e+02  V=3.552e+02  Dw=1.317e+03  g=1.623e+03  sigma=2.505e+01  total=4.197e+03
  subnet MSE  M=1.773e+00  V=1.269e+01  Dw=3.726e-02  g=2.954e-01
[step   6300]
  train: −ELBO=-9.2656e+00  NLL=-8.6933e+00  NLL_R=-7.4924e+00  NLL_ω=-1.2008e+00  MSE_R=1.1895e-03  MSE_ω=7.8882e-02
  test : −ELBO=-8.2383e+00  NLL=-7.6802e+00  NLL_R=-7.5726e+00  NLL_ω=-1.0766e-01  MSE_R=1.1260e-03  MSE_ω=1.3644e-01
  sigma: σ_R=1.9905e-02  σ_ω=1.6225e-01  β=1.0000e+00
  PL   : train=-9.8081e-01  test=-9.6653e-01  σ_φ̄(train)=7.9267e-06  σ_φ̄(test)=1.0749e-08  σ_obs_ω=5.0000e-01  λ_PL=1.00
  KL   : M=8.721e+02  V=3.543e+02  Dw=1.315e+03  g=1.617e+03  sigma=2.462e+01  total=4.183e+03
  subnet MSE  M=1.753e+00  V=1.274e+01  Dw=3.712e-02  g=2.957e-01
[step   6350]
  train: −ELBO=-9.2719e+00  NLL=-8.6977e+00  NLL_R=-7.4947e+00  NLL_ω=-1.2030e+00  MSE_R=1.1877e-03  MSE_ω=7.8767e-02
  test : −ELBO=-8.1919e+00  NLL=-7.6326e+00  NLL_R=-7.5573e+00  NLL_ω=-7.5258e-02  MSE_R=1.1381e-03  MSE_ω=1.3794e-01
  sigma: σ_R=1.9897e-02  σ_ω=1.6198e-01  β=1.0000e+00
  PL   : train=-9.8085e-01  test=-9.6600e-01  σ_φ̄(train)=6.1397e-06  σ_φ̄(test)=9.7766e-09  σ_obs_ω=5.0000e-01  λ_PL=1.00
  KL   : M=8.664e+02  V=3.532e+02  Dw=1.312e+03  g=1.608e+03  sigma=2.422e+01  total=4.164e+03
  subnet MSE  M=1.768e+00  V=1.280e+01  Dw=3.622e-02  g=2.955e-01
[step   6400]
  train: −ELBO=-9.2706e+00  NLL=-8.6954e+00  NLL_R=-7.4939e+00  NLL_ω=-1.2015e+00  MSE_R=1.1883e-03  MSE_ω=7.8848e-02
  test : −ELBO=-8.1987e+00  NLL=-7.6385e+00  NLL_R=-7.5577e+00  NLL_ω=-8.0721e-02  MSE_R=1.1378e-03  MSE_ω=1.3778e-01
  sigma: σ_R=1.9900e-02  σ_ω=1.6214e-01  β=1.0000e+00
  PL   : train=-9.8027e-01  test=-9.6525e-01  σ_φ̄(train)=4.3791e-06  σ_φ̄(test)=7.3549e-09  σ_obs_ω=5.0000e-01  λ_PL=1.00
  KL   : M=8.613e+02  V=3.522e+02  Dw=1.310e+03  g=1.600e+03  sigma=2.401e+01  total=4.148e+03
  subnet MSE  M=1.742e+00  V=1.273e+01  Dw=3.705e-02  g=2.941e-01
[step   6450]
  train: −ELBO=-9.2806e+00  NLL=-8.7027e+00  NLL_R=-7.4969e+00  NLL_ω=-1.2058e+00  MSE_R=1.1859e-03  MSE_ω=7.8620e-02
  test : −ELBO=-8.1996e+00  NLL=-7.6365e+00  NLL_R=-7.5586e+00  NLL_ω=-7.7892e-02  MSE_R=1.1372e-03  MSE_ω=1.3773e-01
  sigma: σ_R=1.9888e-02  σ_ω=1.6187e-01  β=1.0000e+00
  PL   : train=-9.8115e-01  test=-9.6634e-01  σ_φ̄(train)=5.9680e-06  σ_φ̄(test)=7.2797e-09  σ_obs_ω=5.0000e-01  λ_PL=1.00
  KL   : M=8.557e+02  V=3.511e+02  Dw=1.307e+03  g=1.593e+03  sigma=2.353e+01  total=4.130e+03
  subnet MSE  M=1.769e+00  V=1.279e+01  Dw=3.681e-02  g=2.962e-01
[step   6500]
  train: −ELBO=-9.2896e+00  NLL=-8.7107e+00  NLL_R=-7.5006e+00  NLL_ω=-1.2101e+00  MSE_R=1.1830e-03  MSE_ω=7.8392e-02
  test : −ELBO=-8.1979e+00  NLL=-7.6338e+00  NLL_R=-7.5587e+00  NLL_ω=-7.5134e-02  MSE_R=1.1372e-03  MSE_ω=1.3777e-01
  sigma: σ_R=1.9871e-02  σ_ω=1.6173e-01  β=1.0000e+00
  PL   : train=-9.8055e-01  test=-9.6571e-01  σ_φ̄(train)=6.3660e-06  σ_φ̄(test)=7.6457e-09  σ_obs_ω=5.0000e-01  λ_PL=1.00
  KL   : M=8.510e+02  V=3.501e+02  Dw=1.304e+03  g=1.585e+03  sigma=2.301e+01  total=4.113e+03
  subnet MSE  M=1.771e+00  V=1.275e+01  Dw=3.651e-02  g=2.947e-01
[step   6550]
  train: −ELBO=-9.2884e+00  NLL=-8.7078e+00  NLL_R=-7.4978e+00  NLL_ω=-1.2100e+00  MSE_R=1.1852e-03  MSE_ω=7.8402e-02
  test : −ELBO=-8.2157e+00  NLL=-7.6496e+00  NLL_R=-7.5643e+00  NLL_ω=-8.5268e-02  MSE_R=1.1327e-03  MSE_ω=1.3719e-01
  sigma: σ_R=1.9874e-02  σ_ω=1.6167e-01  β=1.0000e+00
  PL   : train=-9.8059e-01  test=-9.6599e-01  σ_φ̄(train)=5.0319e-06  σ_φ̄(test)=7.0485e-09  σ_obs_ω=5.0000e-01  λ_PL=1.00
  KL   : M=8.454e+02  V=3.490e+02  Dw=1.301e+03  g=1.577e+03  sigma=2.258e+01  total=4.096e+03
  subnet MSE  M=1.764e+00  V=1.275e+01  Dw=3.702e-02  g=2.949e-01
[step   6600]
  train: −ELBO=-9.2998e+00  NLL=-8.7168e+00  NLL_R=-7.5032e+00  NLL_ω=-1.2136e+00  MSE_R=1.1810e-03  MSE_ω=7.8211e-02
  test : −ELBO=-8.1848e+00  NLL=-7.6165e+00  NLL_R=-7.5533e+00  NLL_ω=-6.3138e-02  MSE_R=1.1415e-03  MSE_ω=1.3822e-01
  sigma: σ_R=1.9845e-02  σ_ω=1.6150e-01  β=1.0000e+00
  PL   : train=-9.8120e-01  test=-9.6649e-01  σ_φ̄(train)=8.7677e-06  σ_φ̄(test)=7.0757e-09  σ_obs_ω=5.0000e-01  λ_PL=1.00
  KL   : M=8.398e+02  V=3.480e+02  Dw=1.298e+03  g=1.570e+03  sigma=2.208e+01  total=4.078e+03
  subnet MSE  M=1.768e+00  V=1.278e+01  Dw=3.714e-02  g=2.964e-01
[step   6650]
  train: −ELBO=-9.2995e+00  NLL=-8.7152e+00  NLL_R=-7.5023e+00  NLL_ω=-1.2130e+00  MSE_R=1.1817e-03  MSE_ω=7.8246e-02
  test : −ELBO=-8.1618e+00  NLL=-7.5927e+00  NLL_R=-7.5459e+00  NLL_ω=-4.6743e-02  MSE_R=1.1472e-03  MSE_ω=1.3917e-01
  sigma: σ_R=1.9873e-02  σ_ω=1.6162e-01  β=1.0000e+00
  PL   : train=-9.8113e-01  test=-9.6596e-01  σ_φ̄(train)=3.6219e-05  σ_φ̄(test)=6.8708e-09  σ_obs_ω=5.0000e-01  λ_PL=1.00
  KL   : M=8.357e+02  V=3.472e+02  Dw=1.296e+03  g=1.564e+03  sigma=2.169e+01  total=4.064e+03
  subnet MSE  M=1.771e+00  V=1.279e+01  Dw=3.683e-02  g=2.960e-01
[step   6700]
  train: −ELBO=-9.2991e+00  NLL=-8.7143e+00  NLL_R=-7.5008e+00  NLL_ω=-1.2135e+00  MSE_R=1.1828e-03  MSE_ω=7.8218e-02
  test : −ELBO=-8.1708e+00  NLL=-7.6011e+00  NLL_R=-7.5488e+00  NLL_ω=-5.2231e-02  MSE_R=1.1450e-03  MSE_ω=1.3877e-01
  sigma: σ_R=1.9868e-02  σ_ω=1.6146e-01  β=1.0000e+00
  PL   : train=-9.8050e-01  test=-9.6543e-01  σ_φ̄(train)=8.5205e-06  σ_φ̄(test)=5.8360e-09  σ_obs_ω=5.0000e-01  λ_PL=1.00
  KL   : M=8.319e+02  V=3.464e+02  Dw=1.294e+03  g=1.558e+03  sigma=2.152e+01  total=4.052e+03
  subnet MSE  M=1.780e+00  V=1.282e+01  Dw=3.701e-02  g=2.944e-01
[step   6750]
  train: −ELBO=-9.2982e+00  NLL=-8.7115e+00  NLL_R=-7.4997e+00  NLL_ω=-1.2118e+00  MSE_R=1.1838e-03  MSE_ω=7.8306e-02
  test : −ELBO=-8.2041e+00  NLL=-7.6322e+00  NLL_R=-7.5599e+00  NLL_ω=-7.2278e-02  MSE_R=1.1363e-03  MSE_ω=1.3779e-01
  sigma: σ_R=1.9850e-02  σ_ω=1.6155e-01  β=1.0000e+00
  PL   : train=-9.8108e-01  test=-9.6626e-01  σ_φ̄(train)=6.5444e-06  σ_φ̄(test)=5.8084e-09  σ_obs_ω=5.0000e-01  λ_PL=1.00
  KL   : M=8.282e+02  V=3.454e+02  Dw=1.292e+03  g=1.552e+03  sigma=2.115e+01  total=4.039e+03
  subnet MSE  M=1.775e+00  V=1.282e+01  Dw=3.774e-02  g=2.963e-01
[step   6800]
  train: −ELBO=-9.3095e+00  NLL=-8.7214e+00  NLL_R=-7.5046e+00  NLL_ω=-1.2168e+00  MSE_R=1.1799e-03  MSE_ω=7.8045e-02
  test : −ELBO=-8.1492e+00  NLL=-7.5763e+00  NLL_R=-7.5420e+00  NLL_ω=-3.4307e-02  MSE_R=1.1504e-03  MSE_ω=1.3950e-01
  sigma: σ_R=1.9861e-02  σ_ω=1.6120e-01  β=1.0000e+00
  PL   : train=-9.8083e-01  test=-9.6558e-01  σ_φ̄(train)=1.3137e-05  σ_φ̄(test)=5.1696e-09  σ_obs_ω=5.0000e-01  λ_PL=1.00
  KL   : M=8.230e+02  V=3.445e+02  Dw=1.289e+03  g=1.545e+03  sigma=2.077e+01  total=4.022e+03
  subnet MSE  M=1.779e+00  V=1.284e+01  Dw=3.699e-02  g=2.955e-01
[step   6850]
  train: −ELBO=-9.3151e+00  NLL=-8.7255e+00  NLL_R=-7.5064e+00  NLL_ω=-1.2192e+00  MSE_R=1.1785e-03  MSE_ω=7.7922e-02
  test : −ELBO=-8.1182e+00  NLL=-7.5440e+00  NLL_R=-7.5313e+00  NLL_ω=-1.2672e-02  MSE_R=1.1588e-03  MSE_ω=1.4049e-01
  sigma: σ_R=1.9838e-02  σ_ω=1.6102e-01  β=1.0000e+00
  PL   : train=-9.8088e-01  test=-9.6544e-01  σ_φ̄(train)=8.0335e-06  σ_φ̄(test)=5.2738e-09  σ_obs_ω=5.0000e-01  λ_PL=1.00
  KL   : M=8.182e+02  V=3.435e+02  Dw=1.286e+03  g=1.539e+03  sigma=2.034e+01  total=4.007e+03
  subnet MSE  M=1.765e+00  V=1.287e+01  Dw=3.703e-02  g=2.956e-01
[step   6900]
  train: −ELBO=-9.3205e+00  NLL=-8.7295e+00  NLL_R=-7.5070e+00  NLL_ω=-1.2224e+00  MSE_R=1.1780e-03  MSE_ω=7.7753e-02
  test : −ELBO=-8.1480e+00  NLL=-7.5723e+00  NLL_R=-7.5416e+00  NLL_ω=-3.0747e-02  MSE_R=1.1509e-03  MSE_ω=1.3953e-01
  sigma: σ_R=1.9813e-02  σ_ω=1.6101e-01  β=1.0000e+00
  PL   : train=-9.8101e-01  test=-9.6559e-01  σ_φ̄(train)=1.3422e-05  σ_φ̄(test)=4.5013e-09  σ_obs_ω=5.0000e-01  λ_PL=1.00
  KL   : M=8.139e+02  V=3.426e+02  Dw=1.283e+03  g=1.533e+03  sigma=2.003e+01  total=3.993e+03
  subnet MSE  M=1.771e+00  V=1.280e+01  Dw=3.681e-02  g=2.955e-01
[step   6950]
  train: −ELBO=-9.3252e+00  NLL=-8.7329e+00  NLL_R=-7.5096e+00  NLL_ω=-1.2233e+00  MSE_R=1.1760e-03  MSE_ω=7.7707e-02
  test : −ELBO=-8.1335e+00  NLL=-7.5570e+00  NLL_R=-7.5364e+00  NLL_ω=-2.0527e-02  MSE_R=1.1549e-03  MSE_ω=1.3996e-01
  sigma: σ_R=1.9822e-02  σ_ω=1.6086e-01  β=1.0000e+00
  PL   : train=-9.8063e-01  test=-9.6489e-01  σ_φ̄(train)=5.0577e-06  σ_φ̄(test)=3.8837e-09  σ_obs_ω=5.0000e-01  λ_PL=1.00
  KL   : M=8.091e+02  V=3.414e+02  Dw=1.281e+03  g=1.526e+03  sigma=1.967e+01  total=3.977e+03
  subnet MSE  M=1.759e+00  V=1.281e+01  Dw=3.691e-02  g=2.944e-01
[step   7000]
  train: −ELBO=-9.3325e+00  NLL=-8.7385e+00  NLL_R=-7.5107e+00  NLL_ω=-1.2277e+00  MSE_R=1.1751e-03  MSE_ω=7.7478e-02
  test : −ELBO=-8.1316e+00  NLL=-7.5531e+00  NLL_R=-7.5356e+00  NLL_ω=-1.7490e-02  MSE_R=1.1556e-03  MSE_ω=1.4010e-01
  sigma: σ_R=1.9798e-02  σ_ω=1.6085e-01  β=1.0000e+00
  PL   : train=-9.8115e-01  test=-9.6566e-01  σ_φ̄(train)=4.6366e-06  σ_φ̄(test)=2.2024e-09  σ_obs_ω=5.0000e-01  λ_PL=1.00
  KL   : M=8.047e+02  V=3.405e+02  Dw=1.278e+03  g=1.521e+03  sigma=1.990e+01  total=3.964e+03
  subnet MSE  M=1.772e+00  V=1.285e+01  Dw=3.678e-02  g=2.962e-01
[step   7050]
  train: −ELBO=-9.3327e+00  NLL=-8.7370e+00  NLL_R=-7.5098e+00  NLL_ω=-1.2272e+00  MSE_R=1.1758e-03  MSE_ω=7.7507e-02
  test : −ELBO=-8.1242e+00  NLL=-7.5443e+00  NLL_R=-7.5331e+00  NLL_ω=-1.1203e-02  MSE_R=1.1575e-03  MSE_ω=1.4034e-01
  sigma: σ_R=1.9797e-02  σ_ω=1.6073e-01  β=1.0000e+00
  PL   : train=-9.8161e-01  test=-9.6585e-01  σ_φ̄(train)=2.9086e-06  σ_φ̄(test)=2.2573e-09  σ_obs_ω=5.0000e-01  λ_PL=1.00
  KL   : M=8.012e+02  V=3.396e+02  Dw=1.275e+03  g=1.516e+03  sigma=1.955e+01  total=3.952e+03
  subnet MSE  M=1.762e+00  V=1.278e+01  Dw=3.603e-02  g=2.964e-01
[step   7100]
  train: −ELBO=-9.3393e+00  NLL=-8.7425e+00  NLL_R=-7.5124e+00  NLL_ω=-1.2301e+00  MSE_R=1.1738e-03  MSE_ω=7.7357e-02
  test : −ELBO=-8.1076e+00  NLL=-7.5266e+00  NLL_R=-7.5278e+00  NLL_ω=1.2157e-03  MSE_R=1.1617e-03  MSE_ω=1.4083e-01
  sigma: σ_R=1.9805e-02  σ_ω=1.6055e-01  β=1.0000e+00
  PL   : train=-9.8149e-01  test=-9.6572e-01  σ_φ̄(train)=6.6987e-06  σ_φ̄(test)=2.2804e-09  σ_obs_ω=5.0000e-01  λ_PL=1.00
  KL   : M=7.975e+02  V=3.386e+02  Dw=1.273e+03  g=1.511e+03  sigma=1.916e+01  total=3.939e+03
  subnet MSE  M=1.762e+00  V=1.290e+01  Dw=3.644e-02  g=2.962e-01
[step   7150]
  train: −ELBO=-9.3412e+00  NLL=-8.7438e+00  NLL_R=-7.5134e+00  NLL_ω=-1.2303e+00  MSE_R=1.1730e-03  MSE_ω=7.7344e-02
  test : −ELBO=-8.1172e+00  NLL=-7.5356e+00  NLL_R=-7.5300e+00  NLL_ω=-5.5137e-03  MSE_R=1.1600e-03  MSE_ω=1.4058e-01
  sigma: σ_R=1.9777e-02  σ_ω=1.6068e-01  β=1.0000e+00
  PL   : train=-9.8077e-01  test=-9.6494e-01  σ_φ̄(train)=2.9143e-06  σ_φ̄(test)=1.9091e-09  σ_obs_ω=5.0000e-01  λ_PL=1.00
  KL   : M=7.934e+02  V=3.375e+02  Dw=1.271e+03  g=1.505e+03  sigma=1.891e+01  total=3.925e+03
  subnet MSE  M=1.770e+00  V=1.285e+01  Dw=3.734e-02  g=2.948e-01
[step   7200]
  train: −ELBO=-9.3478e+00  NLL=-8.7483e+00  NLL_R=-7.5142e+00  NLL_ω=-1.2341e+00  MSE_R=1.1724e-03  MSE_ω=7.7151e-02
  test : −ELBO=-8.0915e+00  NLL=-7.5078e+00  NLL_R=-7.5221e+00  NLL_ω=1.4293e-02  MSE_R=1.1662e-03  MSE_ω=1.4141e-01
  sigma: σ_R=1.9770e-02  σ_ω=1.6042e-01  β=1.0000e+00
  PL   : train=-9.8147e-01  test=-9.6554e-01  σ_φ̄(train)=2.8544e-06  σ_φ̄(test)=1.0515e-09  σ_obs_ω=5.0000e-01  λ_PL=1.00
  KL   : M=7.889e+02  V=3.364e+02  Dw=1.268e+03  g=1.498e+03  sigma=1.915e+01  total=3.911e+03
  subnet MSE  M=1.772e+00  V=1.289e+01  Dw=3.633e-02  g=2.960e-01
[step   7250]
  train: −ELBO=-9.3469e+00  NLL=-8.7452e+00  NLL_R=-7.5120e+00  NLL_ω=-1.2332e+00  MSE_R=1.1741e-03  MSE_ω=7.7196e-02
  test : −ELBO=-8.0928e+00  NLL=-7.5071e+00  NLL_R=-7.5225e+00  NLL_ω=1.5446e-02  MSE_R=1.1659e-03  MSE_ω=1.4146e-01
  sigma: σ_R=1.9744e-02  σ_ω=1.6041e-01  β=1.0000e+00
  PL   : train=-9.8213e-01  test=-9.6622e-01  σ_φ̄(train)=2.6775e-06  σ_φ̄(test)=1.1198e-09  σ_obs_ω=5.0000e-01  λ_PL=1.00
  KL   : M=7.847e+02  V=3.352e+02  Dw=1.265e+03  g=1.492e+03  sigma=1.867e+01  total=3.896e+03
  subnet MSE  M=1.765e+00  V=1.285e+01  Dw=3.701e-02  g=2.976e-01
[step   7300]
  train: −ELBO=-9.3569e+00  NLL=-8.7544e+00  NLL_R=-7.5165e+00  NLL_ω=-1.2380e+00  MSE_R=1.1706e-03  MSE_ω=7.6952e-02
  test : −ELBO=-8.1019e+00  NLL=-7.5151e+00  NLL_R=-7.5256e+00  NLL_ω=1.0451e-02  MSE_R=1.1635e-03  MSE_ω=1.4102e-01
  sigma: σ_R=1.9734e-02  σ_ω=1.6019e-01  β=1.0000e+00
  PL   : train=-9.8151e-01  test=-9.6579e-01  σ_φ̄(train)=5.1872e-06  σ_φ̄(test)=9.6816e-10  σ_obs_ω=5.0000e-01  λ_PL=1.00
  KL   : M=7.808e+02  V=3.340e+02  Dw=1.263e+03  g=1.486e+03  sigma=1.838e+01  total=3.882e+03
  subnet MSE  M=1.765e+00  V=1.286e+01  Dw=3.676e-02  g=2.971e-01
[step   7350]
  train: −ELBO=-9.3428e+00  NLL=-8.7385e+00  NLL_R=-7.5127e+00  NLL_ω=-1.2258e+00  MSE_R=1.1736e-03  MSE_ω=7.7576e-02
  test : −ELBO=-8.0730e+00  NLL=-7.4845e+00  NLL_R=-7.5150e+00  NLL_ω=3.0496e-02  MSE_R=1.1717e-03  MSE_ω=1.4205e-01
  sigma: σ_R=1.9786e-02  σ_ω=1.6016e-01  β=1.0000e+00
  PL   : train=-9.8195e-01  test=-9.6609e-01  σ_φ̄(train)=3.0703e-06  σ_φ̄(test)=1.0398e-09  σ_obs_ω=5.0000e-01  λ_PL=1.00
  KL   : M=7.768e+02  V=3.328e+02  Dw=1.260e+03  g=1.480e+03  sigma=1.787e+01  total=3.867e+03
  subnet MSE  M=1.762e+00  V=1.293e+01  Dw=3.638e-02  g=2.978e-01
[step   7400]
  train: −ELBO=-9.3739e+00  NLL=-8.7696e+00  NLL_R=-7.5235e+00  NLL_ω=-1.2461e+00  MSE_R=1.1651e-03  MSE_ω=7.6533e-02
  test : −ELBO=-8.0749e+00  NLL=-7.4869e+00  NLL_R=-7.5169e+00  NLL_ω=3.0000e-02  MSE_R=1.1703e-03  MSE_ω=1.4190e-01
  sigma: σ_R=1.9717e-02  σ_ω=1.6007e-01  β=1.0000e+00
  PL   : train=-9.8065e-01  test=-9.6442e-01  σ_φ̄(train)=2.1937e-06  σ_φ̄(test)=9.4401e-10  σ_obs_ω=5.0000e-01  λ_PL=1.00
  KL   : M=7.735e+02  V=3.317e+02  Dw=1.257e+03  g=1.475e+03  sigma=1.765e+01  total=3.855e+03
  subnet MSE  M=1.761e+00  V=1.287e+01  Dw=3.702e-02  g=2.946e-01
[step   7450]
  train: −ELBO=-9.3784e+00  NLL=-8.7724e+00  NLL_R=-7.5246e+00  NLL_ω=-1.2479e+00  MSE_R=1.1643e-03  MSE_ω=7.6445e-02
  test : −ELBO=-8.0517e+00  NLL=-7.4621e+00  NLL_R=-7.5091e+00  NLL_ω=4.6961e-02  MSE_R=1.1763e-03  MSE_ω=1.4260e-01
  sigma: σ_R=1.9718e-02  σ_ω=1.5986e-01  β=1.0000e+00
  PL   : train=-9.8095e-01  test=-9.6457e-01  σ_φ̄(train)=5.4385e-06  σ_φ̄(test)=8.7497e-10  σ_obs_ω=5.0000e-01  λ_PL=1.00
  KL   : M=7.695e+02  V=3.305e+02  Dw=1.255e+03  g=1.469e+03  sigma=1.724e+01  total=3.840e+03
  subnet MSE  M=1.768e+00  V=1.294e+01  Dw=3.696e-02  g=2.950e-01
[step   7500]
  train: −ELBO=-9.3658e+00  NLL=-8.7584e+00  NLL_R=-7.5180e+00  NLL_ω=-1.2404e+00  MSE_R=1.1694e-03  MSE_ω=7.6827e-02
  test : −ELBO=-8.0649e+00  NLL=-7.4737e+00  NLL_R=-7.5128e+00  NLL_ω=3.9161e-02  MSE_R=1.1734e-03  MSE_ω=1.4222e-01
  sigma: σ_R=1.9759e-02  σ_ω=1.5983e-01  β=1.0000e+00
  PL   : train=-9.8115e-01  test=-9.6496e-01  σ_φ̄(train)=1.8236e-06  σ_φ̄(test)=5.3654e-10  σ_obs_ω=5.0000e-01  λ_PL=1.00
  KL   : M=7.659e+02  V=3.293e+02  Dw=1.252e+03  g=1.463e+03  sigma=1.736e+01  total=3.828e+03
  subnet MSE  M=1.756e+00  V=1.288e+01  Dw=3.674e-02  g=2.959e-01
[step   7550]
  train: −ELBO=-9.3682e+00  NLL=-8.7599e+00  NLL_R=-7.5199e+00  NLL_ω=-1.2399e+00  MSE_R=1.1679e-03  MSE_ω=7.6851e-02
  test : −ELBO=-8.0823e+00  NLL=-7.4900e+00  NLL_R=-7.5166e+00  NLL_ω=2.6629e-02  MSE_R=1.1705e-03  MSE_ω=1.4184e-01
  sigma: σ_R=1.9766e-02  σ_ω=1.6016e-01  β=1.0000e+00
  PL   : train=-9.8073e-01  test=-9.6465e-01  σ_φ̄(train)=1.6095e-06  σ_φ̄(test)=6.0998e-10  σ_obs_ω=5.0000e-01  λ_PL=1.00
  KL   : M=7.623e+02  V=3.280e+02  Dw=1.249e+03  g=1.457e+03  sigma=1.683e+01  total=3.813e+03
  subnet MSE  M=1.765e+00  V=1.292e+01  Dw=3.677e-02  g=2.948e-01
[step   7600]
  train: −ELBO=-9.3771e+00  NLL=-8.7661e+00  NLL_R=-7.5219e+00  NLL_ω=-1.2442e+00  MSE_R=1.1663e-03  MSE_ω=7.6631e-02
  test : −ELBO=-8.0341e+00  NLL=-7.4407e+00  NLL_R=-7.5016e+00  NLL_ω=6.0907e-02  MSE_R=1.1822e-03  MSE_ω=1.4333e-01
  sigma: σ_R=1.9747e-02  σ_ω=1.5986e-01  β=1.0000e+00
  PL   : train=-9.8150e-01  test=-9.6390e-01  σ_φ̄(train)=1.7388e-06  σ_φ̄(test)=7.1400e-10  σ_obs_ω=5.0000e-01  λ_PL=1.00
  KL   : M=7.571e+02  V=3.264e+02  Dw=1.245e+03  g=1.449e+03  sigma=1.613e+01  total=3.794e+03
  subnet MSE  M=1.767e+00  V=1.291e+01  Dw=3.688e-02  g=2.961e-01
[step   7650]
  train: −ELBO=-9.3810e+00  NLL=-8.7696e+00  NLL_R=-7.5234e+00  NLL_ω=-1.2461e+00  MSE_R=1.1652e-03  MSE_ω=7.6533e-02
  test : −ELBO=-8.0094e+00  NLL=-7.4148e+00  NLL_R=-7.4922e+00  NLL_ω=7.7352e-02  MSE_R=1.1895e-03  MSE_ω=1.4418e-01
  sigma: σ_R=1.9722e-02  σ_ω=1.5986e-01  β=1.0000e+00
  PL   : train=-9.8087e-01  test=-9.6395e-01  σ_φ̄(train)=5.7908e-06  σ_φ̄(test)=7.1275e-10  σ_obs_ω=5.0000e-01  λ_PL=1.00
  KL   : M=7.539e+02  V=3.253e+02  Dw=1.243e+03  g=1.444e+03  sigma=1.573e+01  total=3.782e+03
  subnet MSE  M=1.771e+00  V=1.289e+01  Dw=3.682e-02  g=2.947e-01
[step   7700]
  train: −ELBO=-9.3666e+00  NLL=-8.7531e+00  NLL_R=-7.5176e+00  NLL_ω=-1.2356e+00  MSE_R=1.1697e-03  MSE_ω=7.7074e-02
  test : −ELBO=-8.0034e+00  NLL=-7.4067e+00  NLL_R=-7.4901e+00  NLL_ω=8.3442e-02  MSE_R=1.1911e-03  MSE_ω=1.4450e-01
  sigma: σ_R=1.9739e-02  σ_ω=1.5984e-01  β=1.0000e+00
  PL   : train=-9.8137e-01  test=-9.6463e-01  σ_φ̄(train)=3.0763e-06  σ_φ̄(test)=4.7241e-10  σ_obs_ω=5.0000e-01  λ_PL=1.00
  KL   : M=7.502e+02  V=3.238e+02  Dw=1.240e+03  g=1.438e+03  sigma=1.556e+01  total=3.768e+03
  subnet MSE  M=1.788e+00  V=1.305e+01  Dw=3.629e-02  g=2.959e-01
[step   7750]
  train: −ELBO=-9.3817e+00  NLL=-8.7673e+00  NLL_R=-7.5237e+00  NLL_ω=-1.2436e+00  MSE_R=1.1649e-03  MSE_ω=7.6665e-02
  test : −ELBO=-7.9941e+00  NLL=-7.3963e+00  NLL_R=-7.4868e+00  NLL_ω=9.0438e-02  MSE_R=1.1937e-03  MSE_ω=1.4476e-01
  sigma: σ_R=1.9723e-02  σ_ω=1.5975e-01  β=1.0000e+00
  PL   : train=-9.8142e-01  test=-9.6474e-01  σ_φ̄(train)=2.9898e-06  σ_φ̄(test)=3.9552e-10  σ_obs_ω=5.0000e-01  λ_PL=1.00
  KL   : M=7.478e+02  V=3.230e+02  Dw=1.238e+03  g=1.434e+03  sigma=1.535e+01  total=3.758e+03
  subnet MSE  M=1.763e+00  V=1.295e+01  Dw=3.688e-02  g=2.967e-01
[step   7800]
  train: −ELBO=-9.3926e+00  NLL=-8.7770e+00  NLL_R=-7.5259e+00  NLL_ω=-1.2510e+00  MSE_R=1.1632e-03  MSE_ω=7.6284e-02
  test : −ELBO=-7.9792e+00  NLL=-7.3806e+00  NLL_R=-7.4821e+00  NLL_ω=1.0155e-01  MSE_R=1.1972e-03  MSE_ω=1.4516e-01
  sigma: σ_R=1.9688e-02  σ_ω=1.5957e-01  β=1.0000e+00
  PL   : train=-9.8148e-01  test=-9.6446e-01  σ_φ̄(train)=2.3174e-06  σ_φ̄(test)=3.6616e-10  σ_obs_ω=5.0000e-01  λ_PL=1.00
  KL   : M=7.450e+02  V=3.218e+02  Dw=1.235e+03  g=1.429e+03  sigma=1.498e+01  total=3.746e+03
  subnet MSE  M=1.766e+00  V=1.294e+01  Dw=3.723e-02  g=2.967e-01
[step   7850]
  train: −ELBO=-9.3836e+00  NLL=-8.7678e+00  NLL_R=-7.5233e+00  NLL_ω=-1.2445e+00  MSE_R=1.1652e-03  MSE_ω=7.6619e-02
  test : −ELBO=-7.9354e+00  NLL=-7.3365e+00  NLL_R=-7.4667e+00  NLL_ω=1.3022e-01  MSE_R=1.2092e-03  MSE_ω=1.4663e-01
  sigma: σ_R=1.9704e-02  σ_ω=1.5955e-01  β=1.0000e+00
  PL   : train=-9.8055e-01  test=-9.6362e-01  σ_φ̄(train)=5.5542e-06  σ_φ̄(test)=3.0482e-10  σ_obs_ω=5.0000e-01  λ_PL=1.00
  KL   : M=7.428e+02  V=3.204e+02  Dw=1.232e+03  g=1.424e+03  sigma=1.468e+01  total=3.735e+03
  subnet MSE  M=1.762e+00  V=1.299e+01  Dw=3.724e-02  g=2.959e-01
[step   7900]
  train: −ELBO=-9.3992e+00  NLL=-8.7817e+00  NLL_R=-7.5272e+00  NLL_ω=-1.2545e+00  MSE_R=1.1623e-03  MSE_ω=7.6107e-02
  test : −ELBO=-7.9652e+00  NLL=-7.3649e+00  NLL_R=-7.4790e+00  NLL_ω=1.1412e-01  MSE_R=1.1996e-03  MSE_ω=1.4547e-01
  sigma: σ_R=1.9686e-02  σ_ω=1.5918e-01  β=1.0000e+00
  PL   : train=-9.8135e-01  test=-9.6419e-01  σ_φ̄(train)=7.9558e-06  σ_φ̄(test)=2.5544e-10  σ_obs_ω=5.0000e-01  λ_PL=1.00
  KL   : M=7.410e+02  V=3.196e+02  Dw=1.230e+03  g=1.421e+03  sigma=1.445e+01  total=3.726e+03
  subnet MSE  M=1.762e+00  V=1.290e+01  Dw=3.680e-02  g=2.960e-01
[step   7950]
  train: −ELBO=-9.4102e+00  NLL=-8.7916e+00  NLL_R=-7.5321e+00  NLL_ω=-1.2595e+00  MSE_R=1.1585e-03  MSE_ω=7.5854e-02
  test : −ELBO=-7.9538e+00  NLL=-7.3525e+00  NLL_R=-7.4747e+00  NLL_ω=1.2219e-01  MSE_R=1.2028e-03  MSE_ω=1.4586e-01
  sigma: σ_R=1.9661e-02  σ_ω=1.5917e-01  β=1.0000e+00
  PL   : train=-9.8165e-01  test=-9.6428e-01  σ_φ̄(train)=2.4000e-06  σ_φ̄(test)=1.5375e-10  σ_obs_ω=5.0000e-01  λ_PL=1.00
  KL   : M=7.392e+02  V=3.185e+02  Dw=1.228e+03  g=1.417e+03  sigma=1.451e+01  total=3.717e+03
  subnet MSE  M=1.758e+00  V=1.290e+01  Dw=3.678e-02  g=2.965e-01
[step   8000]
  train: −ELBO=-9.4124e+00  NLL=-8.7929e+00  NLL_R=-7.5310e+00  NLL_ω=-1.2619e+00  MSE_R=1.1593e-03  MSE_ω=7.5731e-02
  test : −ELBO=-7.9316e+00  NLL=-7.3296e+00  NLL_R=-7.4674e+00  NLL_ω=1.3781e-01  MSE_R=1.2085e-03  MSE_ω=1.4653e-01
  sigma: σ_R=1.9665e-02  σ_ω=1.5904e-01  β=1.0000e+00
  PL   : train=-9.8139e-01  test=-9.6391e-01  σ_φ̄(train)=5.4645e-06  σ_φ̄(test)=1.6106e-10  σ_obs_ω=5.0000e-01  λ_PL=1.00
  KL   : M=7.368e+02  V=3.171e+02  Dw=1.226e+03  g=1.412e+03  sigma=1.409e+01  total=3.706e+03
  subnet MSE  M=1.763e+00  V=1.293e+01  Dw=3.698e-02  g=2.963e-01
[step   8050]
  train: −ELBO=-9.4190e+00  NLL=-8.7987e+00  NLL_R=-7.5352e+00  NLL_ω=-1.2636e+00  MSE_R=1.1561e-03  MSE_ω=7.5650e-02
  test : −ELBO=-7.9383e+00  NLL=-7.3356e+00  NLL_R=-7.4701e+00  NLL_ω=1.3459e-01  MSE_R=1.2063e-03  MSE_ω=1.4627e-01
  sigma: σ_R=1.9663e-02  σ_ω=1.5892e-01  β=1.0000e+00
  PL   : train=-9.8122e-01  test=-9.6366e-01  σ_φ̄(train)=4.5757e-06  σ_φ̄(test)=1.7660e-10  σ_obs_ω=5.0000e-01  λ_PL=1.00
  KL   : M=7.350e+02  V=3.158e+02  Dw=1.223e+03  g=1.409e+03  sigma=1.363e+01  total=3.696e+03
  subnet MSE  M=1.771e+00  V=1.295e+01  Dw=3.683e-02  g=2.955e-01
[step   8100]
  train: −ELBO=-9.4227e+00  NLL=-8.8007e+00  NLL_R=-7.5347e+00  NLL_ω=-1.2660e+00  MSE_R=1.1565e-03  MSE_ω=7.5527e-02
  test : −ELBO=-7.9224e+00  NLL=-7.3181e+00  NLL_R=-7.4648e+00  NLL_ω=1.4667e-01  MSE_R=1.2102e-03  MSE_ω=1.4677e-01
  sigma: σ_R=1.9596e-02  σ_ω=1.5881e-01  β=1.0000e+00
  PL   : train=-9.8213e-01  test=-9.6442e-01  σ_φ̄(train)=3.3777e-06  σ_φ̄(test)=1.3869e-10  σ_obs_ω=5.0000e-01  λ_PL=1.00
  KL   : M=7.334e+02  V=3.148e+02  Dw=1.221e+03  g=1.405e+03  sigma=1.346e+01  total=3.688e+03
  subnet MSE  M=1.764e+00  V=1.292e+01  Dw=3.687e-02  g=2.973e-01
[step   8150]
  train: −ELBO=-9.4271e+00  NLL=-8.8046e+00  NLL_R=-7.5373e+00  NLL_ω=-1.2673e+00  MSE_R=1.1545e-03  MSE_ω=7.5459e-02
  test : −ELBO=-7.8814e+00  NLL=-7.2768e+00  NLL_R=-7.4518e+00  NLL_ω=1.7508e-01  MSE_R=1.2201e-03  MSE_ω=1.4797e-01
  sigma: σ_R=1.9608e-02  σ_ω=1.5856e-01  β=1.0000e+00
  PL   : train=-9.8159e-01  test=-9.6374e-01  σ_φ̄(train)=1.3562e-06  σ_φ̄(test)=9.3100e-11  σ_obs_ω=5.0000e-01  λ_PL=1.00
  KL   : M=7.316e+02  V=3.135e+02  Dw=1.219e+03  g=1.401e+03  sigma=1.335e+01  total=3.678e+03
  subnet MSE  M=1.756e+00  V=1.294e+01  Dw=3.661e-02  g=2.965e-01
[step   8200]
  train: −ELBO=-9.4307e+00  NLL=-8.8072e+00  NLL_R=-7.5374e+00  NLL_ω=-1.2698e+00  MSE_R=1.1544e-03  MSE_ω=7.5334e-02
  test : −ELBO=-7.9163e+00  NLL=-7.3104e+00  NLL_R=-7.4641e+00  NLL_ω=1.5370e-01  MSE_R=1.2107e-03  MSE_ω=1.4683e-01
  sigma: σ_R=1.9607e-02  σ_ω=1.5849e-01  β=1.0000e+00
  PL   : train=-9.8171e-01  test=-9.6412e-01  σ_φ̄(train)=1.5973e-06  σ_φ̄(test)=7.3223e-11  σ_obs_ω=5.0000e-01  λ_PL=1.00
  KL   : M=7.301e+02  V=3.122e+02  Dw=1.216e+03  g=1.397e+03  sigma=1.310e+01  total=3.668e+03
  subnet MSE  M=1.764e+00  V=1.294e+01  Dw=3.707e-02  g=2.970e-01
[step   8250]
  train: −ELBO=-9.4324e+00  NLL=-8.8080e+00  NLL_R=-7.5380e+00  NLL_ω=-1.2700e+00  MSE_R=1.1539e-03  MSE_ω=7.5327e-02
  test : −ELBO=-7.8944e+00  NLL=-7.2883e+00  NLL_R=-7.4564e+00  NLL_ω=1.6805e-01  MSE_R=1.2167e-03  MSE_ω=1.4747e-01
  sigma: σ_R=1.9617e-02  σ_ω=1.5837e-01  β=1.0000e+00
  PL   : train=-9.8158e-01  test=-9.6327e-01  σ_φ̄(train)=2.0605e-06  σ_φ̄(test)=5.0418e-11  σ_obs_ω=5.0000e-01  λ_PL=1.00
  KL   : M=7.285e+02  V=3.108e+02  Dw=1.213e+03  g=1.392e+03  sigma=1.298e+01  total=3.658e+03
  subnet MSE  M=1.758e+00  V=1.297e+01  Dw=3.719e-02  g=2.962e-01
[step   8300]
  train: −ELBO=-9.4178e+00  NLL=-8.7933e+00  NLL_R=-7.5329e+00  NLL_ω=-1.2604e+00  MSE_R=1.1578e-03  MSE_ω=7.5809e-02
  test : −ELBO=-7.8559e+00  NLL=-7.2496e+00  NLL_R=-7.4426e+00  NLL_ω=1.9305e-01  MSE_R=1.2271e-03  MSE_ω=1.4867e-01
  sigma: σ_R=1.9584e-02  σ_ω=1.5832e-01  β=1.0000e+00
  PL   : train=-9.8086e-01  test=-9.6263e-01  σ_φ̄(train)=7.5788e-07  σ_φ̄(test)=3.4475e-11  σ_obs_ω=5.0000e-01  λ_PL=1.00
  KL   : M=7.271e+02  V=3.095e+02  Dw=1.211e+03  g=1.388e+03  sigma=1.304e+01  total=3.649e+03
  subnet MSE  M=1.759e+00  V=1.282e+01  Dw=3.816e-02  g=2.956e-01
[step   8350]
  train: −ELBO=-9.4396e+00  NLL=-8.8146e+00  NLL_R=-7.5413e+00  NLL_ω=-1.2733e+00  MSE_R=1.1514e-03  MSE_ω=7.5160e-02
  test : −ELBO=-7.8560e+00  NLL=-7.2494e+00  NLL_R=-7.4447e+00  NLL_ω=1.9531e-01  MSE_R=1.2256e-03  MSE_ω=1.4855e-01
  sigma: σ_R=1.9604e-02  σ_ω=1.5808e-01  β=1.0000e+00
  PL   : train=-9.8094e-01  test=-9.6249e-01  σ_φ̄(train)=2.7208e-06  σ_φ̄(test)=2.4312e-11  σ_obs_ω=5.0000e-01  λ_PL=1.00
  KL   : M=7.267e+02  V=3.087e+02  Dw=1.210e+03  g=1.386e+03  sigma=1.317e+01  total=3.644e+03
  subnet MSE  M=1.756e+00  V=1.287e+01  Dw=3.724e-02  g=2.953e-01
[step   8400]
  train: −ELBO=-9.4447e+00  NLL=-8.8181e+00  NLL_R=-7.5428e+00  NLL_ω=-1.2753e+00  MSE_R=1.1502e-03  MSE_ω=7.5061e-02
  test : −ELBO=-7.8443e+00  NLL=-7.2360e+00  NLL_R=-7.4399e+00  NLL_ω=2.0396e-01  MSE_R=1.2290e-03  MSE_ω=1.4903e-01
  sigma: σ_R=1.9575e-02  σ_ω=1.5811e-01  β=1.0000e+00
  PL   : train=-9.8183e-01  test=-9.6351e-01  σ_φ̄(train)=3.2711e-06  σ_φ̄(test)=2.6278e-11  σ_obs_ω=5.0000e-01  λ_PL=1.00
  KL   : M=7.262e+02  V=3.077e+02  Dw=1.207e+03  g=1.383e+03  sigma=1.285e+01  total=3.637e+03
  subnet MSE  M=1.755e+00  V=1.296e+01  Dw=3.749e-02  g=2.971e-01
[step   8450]
  train: −ELBO=-9.4509e+00  NLL=-8.8236e+00  NLL_R=-7.5448e+00  NLL_ω=-1.2789e+00  MSE_R=1.1487e-03  MSE_ω=7.4882e-02
  test : −ELBO=-7.8477e+00  NLL=-7.2387e+00  NLL_R=-7.4416e+00  NLL_ω=2.0286e-01  MSE_R=1.2278e-03  MSE_ω=1.4887e-01
  sigma: σ_R=1.9577e-02  σ_ω=1.5801e-01  β=1.0000e+00
  PL   : train=-9.8177e-01  test=-9.6355e-01  σ_φ̄(train)=1.4750e-06  σ_φ̄(test)=2.5496e-11  σ_obs_ω=5.0000e-01  λ_PL=1.00
  KL   : M=7.255e+02  V=3.068e+02  Dw=1.205e+03  g=1.381e+03  sigma=1.264e+01  total=3.631e+03
  subnet MSE  M=1.757e+00  V=1.299e+01  Dw=3.710e-02  g=2.968e-01
[step   8500]
  train: −ELBO=-9.4540e+00  NLL=-8.8258e+00  NLL_R=-7.5446e+00  NLL_ω=-1.2812e+00  MSE_R=1.1488e-03  MSE_ω=7.4764e-02
  test : −ELBO=-7.8318e+00  NLL=-7.2222e+00  NLL_R=-7.4370e+00  NLL_ω=2.1481e-01  MSE_R=1.2313e-03  MSE_ω=1.4930e-01
  sigma: σ_R=1.9572e-02  σ_ω=1.5785e-01  β=1.0000e+00
  PL   : train=-9.8189e-01  test=-9.6328e-01  σ_φ̄(train)=2.0394e-06  σ_φ̄(test)=2.2858e-11  σ_obs_ω=5.0000e-01  λ_PL=1.00
  KL   : M=7.249e+02  V=3.057e+02  Dw=1.202e+03  g=1.377e+03  sigma=1.245e+01  total=3.622e+03
  subnet MSE  M=1.757e+00  V=1.292e+01  Dw=3.710e-02  g=2.966e-01
[step   8550]
  train: −ELBO=-9.4577e+00  NLL=-8.8290e+00  NLL_R=-7.5481e+00  NLL_ω=-1.2809e+00  MSE_R=1.1461e-03  MSE_ω=7.4781e-02
  test : −ELBO=-7.8092e+00  NLL=-7.1990e+00  NLL_R=-7.4285e+00  NLL_ω=2.2950e-01  MSE_R=1.2377e-03  MSE_ω=1.5007e-01
  sigma: σ_R=1.9560e-02  σ_ω=1.5787e-01  β=1.0000e+00
  PL   : train=-9.8190e-01  test=-9.6350e-01  σ_φ̄(train)=4.1954e-07  σ_φ̄(test)=1.3669e-11  σ_obs_ω=5.0000e-01  λ_PL=1.00
  KL   : M=7.245e+02  V=3.048e+02  Dw=1.201e+03  g=1.375e+03  sigma=1.284e+01  total=3.617e+03
  subnet MSE  M=1.753e+00  V=1.297e+01  Dw=3.707e-02  g=2.972e-01
[step   8600]
  train: −ELBO=-9.4525e+00  NLL=-8.8235e+00  NLL_R=-7.5443e+00  NLL_ω=-1.2793e+00  MSE_R=1.1491e-03  MSE_ω=7.4861e-02
  test : −ELBO=-7.8262e+00  NLL=-7.2157e+00  NLL_R=-7.4336e+00  NLL_ω=2.1798e-01  MSE_R=1.2337e-03  MSE_ω=1.4961e-01
  sigma: σ_R=1.9552e-02  σ_ω=1.5800e-01  β=1.0000e+00
  PL   : train=-9.8163e-01  test=-9.6317e-01  σ_φ̄(train)=2.0784e-06  σ_φ̄(test)=1.4599e-11  σ_obs_ω=5.0000e-01  λ_PL=1.00
  KL   : M=7.240e+02  V=3.039e+02  Dw=1.199e+03  g=1.372e+03  sigma=1.286e+01  total=3.612e+03
  subnet MSE  M=1.757e+00  V=1.291e+01  Dw=3.725e-02  g=2.966e-01
[step   8650]
  train: −ELBO=-9.4626e+00  NLL=-8.8335e+00  NLL_R=-7.5478e+00  NLL_ω=-1.2857e+00  MSE_R=1.1464e-03  MSE_ω=7.4542e-02
  test : −ELBO=-7.7612e+00  NLL=-7.1507e+00  NLL_R=-7.4123e+00  NLL_ω=2.6158e-01  MSE_R=1.2500e-03  MSE_ω=1.5155e-01
  sigma: σ_R=1.9559e-02  σ_ω=1.5774e-01  β=1.0000e+00
  PL   : train=-9.8126e-01  test=-9.6259e-01  σ_φ̄(train)=3.4518e-07  σ_φ̄(test)=1.5895e-11  σ_obs_ω=5.0000e-01  λ_PL=1.00
  KL   : M=7.238e+02  V=3.030e+02  Dw=1.197e+03  g=1.370e+03  sigma=1.260e+01  total=3.606e+03
  subnet MSE  M=1.753e+00  V=1.295e+01  Dw=3.727e-02  g=2.967e-01
[step   8700]
  train: −ELBO=-9.4661e+00  NLL=-8.8356e+00  NLL_R=-7.5484e+00  NLL_ω=-1.2872e+00  MSE_R=1.1459e-03  MSE_ω=7.4469e-02
  test : −ELBO=-7.7875e+00  NLL=-7.1761e+00  NLL_R=-7.4221e+00  NLL_ω=2.4604e-01  MSE_R=1.2427e-03  MSE_ω=1.5071e-01
  sigma: σ_R=1.9577e-02  σ_ω=1.5767e-01  β=1.0000e+00
  PL   : train=-9.8202e-01  test=-9.6294e-01  σ_φ̄(train)=1.8320e-06  σ_φ̄(test)=1.8835e-11  σ_obs_ω=5.0000e-01  λ_PL=1.00
  KL   : M=7.234e+02  V=3.020e+02  Dw=1.195e+03  g=1.367e+03  sigma=1.223e+01  total=3.599e+03
  subnet MSE  M=1.760e+00  V=1.298e+01  Dw=3.735e-02  g=2.969e-01
[step   8750]
  train: −ELBO=-9.4747e+00  NLL=-8.8435e+00  NLL_R=-7.5518e+00  NLL_ω=-1.2917e+00  MSE_R=1.1434e-03  MSE_ω=7.4245e-02
  test : −ELBO=-7.7599e+00  NLL=-7.1475e+00  NLL_R=-7.4135e+00  NLL_ω=2.6591e-01  MSE_R=1.2489e-03  MSE_ω=1.5153e-01
  sigma: σ_R=1.9537e-02  σ_ω=1.5751e-01  β=1.0000e+00
  PL   : train=-9.8224e-01  test=-9.6330e-01  σ_φ̄(train)=7.4033e-07  σ_φ̄(test)=1.8181e-11  σ_obs_ω=5.0000e-01  λ_PL=1.00
  KL   : M=7.231e+02  V=3.011e+02  Dw=1.193e+03  g=1.364e+03  sigma=1.208e+01  total=3.594e+03
  subnet MSE  M=1.755e+00  V=1.300e+01  Dw=3.683e-02  g=2.975e-01
[step   8800]
  train: −ELBO=-9.4747e+00  NLL=-8.8426e+00  NLL_R=-7.5511e+00  NLL_ω=-1.2915e+00  MSE_R=1.1439e-03  MSE_ω=7.4254e-02
  test : −ELBO=-7.7479e+00  NLL=-7.1348e+00  NLL_R=-7.4122e+00  NLL_ω=2.7736e-01  MSE_R=1.2500e-03  MSE_ω=1.5164e-01
  sigma: σ_R=1.9539e-02  σ_ω=1.5704e-01  β=1.0000e+00
  PL   : train=-9.8250e-01  test=-9.6344e-01  σ_φ̄(train)=1.5448e-06  σ_φ̄(test)=2.0372e-11  σ_obs_ω=5.0000e-01  λ_PL=1.00
  KL   : M=7.229e+02  V=3.003e+02  Dw=1.191e+03  g=1.362e+03  sigma=1.178e+01  total=3.588e+03
  subnet MSE  M=1.756e+00  V=1.300e+01  Dw=3.703e-02  g=2.981e-01
[step   8850]
  train: −ELBO=-9.4791e+00  NLL=-8.8467e+00  NLL_R=-7.5522e+00  NLL_ω=-1.2945e+00  MSE_R=1.1430e-03  MSE_ω=7.4107e-02
  test : −ELBO=-7.7627e+00  NLL=-7.1495e+00  NLL_R=-7.4151e+00  NLL_ω=2.6566e-01  MSE_R=1.2477e-03  MSE_ω=1.5127e-01
  sigma: σ_R=1.9539e-02  σ_ω=1.5726e-01  β=1.0000e+00
  PL   : train=-9.8232e-01  test=-9.6316e-01  σ_φ̄(train)=5.4016e-07  σ_φ̄(test)=3.8933e-12  σ_obs_ω=5.0000e-01  λ_PL=1.00
  KL   : M=7.233e+02  V=2.994e+02  Dw=1.189e+03  g=1.359e+03  sigma=1.282e+01  total=3.583e+03
  subnet MSE  M=1.747e+00  V=1.298e+01  Dw=3.696e-02  g=2.974e-01
[step   8900]
  train: −ELBO=-9.4868e+00  NLL=-8.8544e+00  NLL_R=-7.5572e+00  NLL_ω=-1.2972e+00  MSE_R=1.1392e-03  MSE_ω=7.3972e-02
  test : −ELBO=-7.6687e+00  NLL=-7.0559e+00  NLL_R=-7.3772e+00  NLL_ω=3.2130e-01  MSE_R=1.2765e-03  MSE_ω=1.5402e-01
  sigma: σ_R=1.9529e-02  σ_ω=1.5727e-01  β=1.0000e+00
  PL   : train=-9.8188e-01  test=-9.6222e-01  σ_φ̄(train)=5.3869e-07  σ_φ̄(test)=4.0834e-12  σ_obs_ω=5.0000e-01  λ_PL=1.00
  KL   : M=7.233e+02  V=2.990e+02  Dw=1.187e+03  g=1.356e+03  sigma=1.266e+01  total=3.579e+03
  subnet MSE  M=1.756e+00  V=1.298e+01  Dw=3.717e-02  g=2.967e-01
[step   8950]
  train: −ELBO=-9.4843e+00  NLL=-8.8510e+00  NLL_R=-7.5552e+00  NLL_ω=-1.2958e+00  MSE_R=1.1407e-03  MSE_ω=7.4043e-02
  test : −ELBO=-7.7126e+00  NLL=-7.0988e+00  NLL_R=-7.3984e+00  NLL_ω=2.9956e-01  MSE_R=1.2598e-03  MSE_ω=1.5283e-01
  sigma: σ_R=1.9483e-02  σ_ω=1.5717e-01  β=1.0000e+00
  PL   : train=-9.8230e-01  test=-9.6277e-01  σ_φ̄(train)=2.5116e-06  σ_φ̄(test)=5.2632e-12  σ_obs_ω=5.0000e-01  λ_PL=1.00
  KL   : M=7.238e+02  V=2.983e+02  Dw=1.185e+03  g=1.353e+03  sigma=1.234e+01  total=3.573e+03
  subnet MSE  M=1.751e+00  V=1.299e+01  Dw=3.706e-02  g=2.975e-01
[step   9000]
  train: −ELBO=-9.4897e+00  NLL=-8.8561e+00  NLL_R=-7.5572e+00  NLL_ω=-1.2989e+00  MSE_R=1.1392e-03  MSE_ω=7.3888e-02
  test : −ELBO=-7.6919e+00  NLL=-7.0780e+00  NLL_R=-7.3917e+00  NLL_ω=3.1368e-01  MSE_R=1.2649e-03  MSE_ω=1.5339e-01
  sigma: σ_R=1.9493e-02  σ_ω=1.5702e-01  β=1.0000e+00
  PL   : train=-9.8206e-01  test=-9.6232e-01  σ_φ̄(train)=8.7539e-07  σ_φ̄(test)=6.3472e-12  σ_obs_ω=5.0000e-01  λ_PL=1.00
  KL   : M=7.241e+02  V=2.977e+02  Dw=1.184e+03  g=1.351e+03  sigma=1.208e+01  total=3.569e+03
  subnet MSE  M=1.748e+00  V=1.299e+01  Dw=3.720e-02  g=2.970e-01
[step   9050]
  train: −ELBO=-9.4941e+00  NLL=-8.8604e+00  NLL_R=-7.5592e+00  NLL_ω=-1.3013e+00  MSE_R=1.1377e-03  MSE_ω=7.3772e-02
  test : −ELBO=-7.6689e+00  NLL=-7.0553e+00  NLL_R=-7.3852e+00  NLL_ω=3.2995e-01  MSE_R=1.2698e-03  MSE_ω=1.5402e-01
  sigma: σ_R=1.9484e-02  σ_ω=1.5684e-01  β=1.0000e+00
  PL   : train=-9.8168e-01  test=-9.6167e-01  σ_φ̄(train)=5.6575e-07  σ_φ̄(test)=7.0399e-12  σ_obs_ω=5.0000e-01  λ_PL=1.00
  KL   : M=7.243e+02  V=2.970e+02  Dw=1.182e+03  g=1.349e+03  sigma=1.185e+01  total=3.563e+03
  subnet MSE  M=1.749e+00  V=1.301e+01  Dw=3.738e-02  g=2.962e-01
[step   9100]
  train: −ELBO=-9.4980e+00  NLL=-8.8632e+00  NLL_R=-7.5596e+00  NLL_ω=-1.3037e+00  MSE_R=1.1374e-03  MSE_ω=7.3655e-02
  test : −ELBO=-7.6805e+00  NLL=-7.0655e+00  NLL_R=-7.3899e+00  NLL_ω=3.2447e-01  MSE_R=1.2663e-03  MSE_ω=1.5360e-01
  sigma: σ_R=1.9483e-02  σ_ω=1.5668e-01  β=1.0000e+00
  PL   : train=-9.8217e-01  test=-9.6239e-01  σ_φ̄(train)=2.7415e-06  σ_φ̄(test)=9.1075e-12  σ_obs_ω=5.0000e-01  λ_PL=1.00
  KL   : M=7.246e+02  V=2.962e+02  Dw=1.179e+03  g=1.345e+03  sigma=1.152e+01  total=3.557e+03
  subnet MSE  M=1.748e+00  V=1.299e+01  Dw=3.703e-02  g=2.970e-01
[step   9150]
  train: −ELBO=-9.5065e+00  NLL=-8.8711e+00  NLL_R=-7.5636e+00  NLL_ω=-1.3074e+00  MSE_R=1.1344e-03  MSE_ω=7.3469e-02
  test : −ELBO=-7.6579e+00  NLL=-7.0431e+00  NLL_R=-7.3824e+00  NLL_ω=3.3925e-01  MSE_R=1.2716e-03  MSE_ω=1.5424e-01
  sigma: σ_R=1.9451e-02  σ_ω=1.5661e-01  β=1.0000e+00
  PL   : train=-9.8220e-01  test=-9.6156e-01  σ_φ̄(train)=1.8587e-07  σ_φ̄(test)=3.6981e-12  σ_obs_ω=5.0000e-01  λ_PL=1.00
  KL   : M=7.252e+02  V=2.952e+02  Dw=1.177e+03  g=1.342e+03  sigma=1.190e+01  total=3.551e+03
  subnet MSE  M=1.748e+00  V=1.296e+01  Dw=3.724e-02  g=2.967e-01
[step   9200]
  train: −ELBO=-9.4987e+00  NLL=-8.8622e+00  NLL_R=-7.5594e+00  NLL_ω=-1.3028e+00  MSE_R=1.1376e-03  MSE_ω=7.3696e-02
  test : −ELBO=-7.6595e+00  NLL=-7.0432e+00  NLL_R=-7.3837e+00  NLL_ω=3.4059e-01  MSE_R=1.2709e-03  MSE_ω=1.5423e-01
  sigma: σ_R=1.9486e-02  σ_ω=1.5650e-01  β=1.0000e+00
  PL   : train=-9.8281e-01  test=-9.6271e-01  σ_φ̄(train)=8.2881e-07  σ_φ̄(test)=3.2219e-12  σ_obs_ω=5.0000e-01  λ_PL=1.00
  KL   : M=7.256e+02  V=2.945e+02  Dw=1.175e+03  g=1.340e+03  sigma=1.192e+01  total=3.547e+03
  subnet MSE  M=1.747e+00  V=1.288e+01  Dw=3.745e-02  g=2.985e-01
[step   9250]
  train: −ELBO=-9.5074e+00  NLL=-8.8709e+00  NLL_R=-7.5625e+00  NLL_ω=-1.3084e+00  MSE_R=1.1352e-03  MSE_ω=7.3423e-02
  test : −ELBO=-7.6338e+00  NLL=-7.0176e+00  NLL_R=-7.3749e+00  NLL_ω=3.5730e-01  MSE_R=1.2772e-03  MSE_ω=1.5496e-01
  sigma: σ_R=1.9452e-02  σ_ω=1.5644e-01  β=1.0000e+00
  PL   : train=-9.8248e-01  test=-9.6215e-01  σ_φ̄(train)=5.3337e-07  σ_φ̄(test)=3.8098e-12  σ_obs_ω=5.0000e-01  λ_PL=1.00
  KL   : M=7.261e+02  V=2.940e+02  Dw=1.173e+03  g=1.337e+03  sigma=1.169e+01  total=3.542e+03
  subnet MSE  M=1.746e+00  V=1.303e+01  Dw=3.725e-02  g=2.973e-01
[step   9300]
  train: −ELBO=-9.5069e+00  NLL=-8.8697e+00  NLL_R=-7.5623e+00  NLL_ω=-1.3074e+00  MSE_R=1.1354e-03  MSE_ω=7.3469e-02
  test : −ELBO=-7.6424e+00  NLL=-7.0255e+00  NLL_R=-7.3782e+00  NLL_ω=3.5272e-01  MSE_R=1.2747e-03  MSE_ω=1.5462e-01
  sigma: σ_R=1.9449e-02  σ_ω=1.5635e-01  β=1.0000e+00
  PL   : train=-9.8269e-01  test=-9.6239e-01  σ_φ̄(train)=1.8222e-06  σ_φ̄(test)=3.3563e-12  σ_obs_ω=5.0000e-01  λ_PL=1.00
  KL   : M=7.267e+02  V=2.935e+02  Dw=1.171e+03  g=1.334e+03  sigma=1.179e+01  total=3.538e+03
  subnet MSE  M=1.746e+00  V=1.303e+01  Dw=3.697e-02  g=2.983e-01
[step   9350]
  train: −ELBO=-9.5095e+00  NLL=-8.8720e+00  NLL_R=-7.5623e+00  NLL_ω=-1.3097e+00  MSE_R=1.1354e-03  MSE_ω=7.3359e-02
  test : −ELBO=-7.6459e+00  NLL=-7.0284e+00  NLL_R=-7.3779e+00  NLL_ω=3.4951e-01  MSE_R=1.2751e-03  MSE_ω=1.5473e-01
  sigma: σ_R=1.9468e-02  σ_ω=1.5660e-01  β=1.0000e+00
  PL   : train=-9.8258e-01  test=-9.6257e-01  σ_φ̄(train)=3.7981e-07  σ_φ̄(test)=3.0038e-12  σ_obs_ω=5.0000e-01  λ_PL=1.00
  KL   : M=7.275e+02  V=2.930e+02  Dw=1.170e+03  g=1.332e+03  sigma=1.186e+01  total=3.534e+03
  subnet MSE  M=1.751e+00  V=1.291e+01  Dw=3.736e-02  g=2.979e-01
[step   9400]
  train: −ELBO=-9.5181e+00  NLL=-8.8806e+00  NLL_R=-7.5672e+00  NLL_ω=-1.3135e+00  MSE_R=1.1317e-03  MSE_ω=7.3175e-02
  test : −ELBO=-7.6257e+00  NLL=-7.0084e+00  NLL_R=-7.3738e+00  NLL_ω=3.6537e-01  MSE_R=1.2779e-03  MSE_ω=1.5504e-01
  sigma: σ_R=1.9450e-02  σ_ω=1.5617e-01  β=1.0000e+00
  PL   : train=-9.8214e-01  test=-9.6187e-01  σ_φ̄(train)=4.6785e-07  σ_φ̄(test)=2.9558e-12  σ_obs_ω=5.0000e-01  λ_PL=1.00
  KL   : M=7.276e+02  V=2.925e+02  Dw=1.168e+03  g=1.329e+03  sigma=1.174e+01  total=3.529e+03
  subnet MSE  M=1.743e+00  V=1.299e+01  Dw=3.729e-02  g=2.971e-01
[step   9450]
  train: −ELBO=-9.5203e+00  NLL=-8.8824e+00  NLL_R=-7.5669e+00  NLL_ω=-1.3155e+00  MSE_R=1.1319e-03  MSE_ω=7.3074e-02
  test : −ELBO=-7.6010e+00  NLL=-6.9835e+00  NLL_R=-7.3648e+00  NLL_ω=3.8122e-01  MSE_R=1.2845e-03  MSE_ω=1.5575e-01
  sigma: σ_R=1.9424e-02  σ_ω=1.5608e-01  β=1.0000e+00
  PL   : train=-9.8215e-01  test=-9.6182e-01  σ_φ̄(train)=7.0662e-07  σ_φ̄(test)=1.8915e-12  σ_obs_ω=5.0000e-01  λ_PL=1.00
  KL   : M=7.280e+02  V=2.921e+02  Dw=1.167e+03  g=1.327e+03  sigma=1.199e+01  total=3.526e+03
  subnet MSE  M=1.743e+00  V=1.298e+01  Dw=3.725e-02  g=2.974e-01
[step   9500]
  train: −ELBO=-9.5315e+00  NLL=-8.8928e+00  NLL_R=-7.5719e+00  NLL_ω=-1.3208e+00  MSE_R=1.1281e-03  MSE_ω=7.2816e-02
  test : −ELBO=-7.5621e+00  NLL=-6.9441e+00  NLL_R=-7.3520e+00  NLL_ω=4.0793e-01  MSE_R=1.2936e-03  MSE_ω=1.5700e-01
  sigma: σ_R=1.9408e-02  σ_ω=1.5604e-01  β=1.0000e+00
  PL   : train=-9.8265e-01  test=-9.6189e-01  σ_φ̄(train)=3.5386e-07  σ_φ̄(test)=1.6249e-12  σ_obs_ω=5.0000e-01  λ_PL=1.00
  KL   : M=7.283e+02  V=2.915e+02  Dw=1.165e+03  g=1.325e+03  sigma=1.203e+01  total=3.522e+03
  subnet MSE  M=1.742e+00  V=1.300e+01  Dw=3.728e-02  g=2.978e-01
[step   9550]
  train: −ELBO=-9.5312e+00  NLL=-8.8926e+00  NLL_R=-7.5715e+00  NLL_ω=-1.3211e+00  MSE_R=1.1284e-03  MSE_ω=7.2801e-02
  test : −ELBO=-7.5408e+00  NLL=-6.9231e+00  NLL_R=-7.3468e+00  NLL_ω=4.2366e-01  MSE_R=1.2977e-03  MSE_ω=1.5744e-01
  sigma: σ_R=1.9409e-02  σ_ω=1.5574e-01  β=1.0000e+00
  PL   : train=-9.8226e-01  test=-9.6134e-01  σ_φ̄(train)=1.1579e-06  σ_φ̄(test)=1.2905e-12  σ_obs_ω=5.0000e-01  λ_PL=1.00
  KL   : M=7.288e+02  V=2.910e+02  Dw=1.164e+03  g=1.323e+03  sigma=1.219e+01  total=3.519e+03
  subnet MSE  M=1.739e+00  V=1.300e+01  Dw=3.752e-02  g=2.976e-01
[step   9600]
  train: −ELBO=-9.5324e+00  NLL=-8.8933e+00  NLL_R=-7.5714e+00  NLL_ω=-1.3219e+00  MSE_R=1.1285e-03  MSE_ω=7.2764e-02
  test : −ELBO=-7.5511e+00  NLL=-6.9327e+00  NLL_R=-7.3540e+00  NLL_ω=4.2126e-01  MSE_R=1.2918e-03  MSE_ω=1.5684e-01
  sigma: σ_R=1.9364e-02  σ_ω=1.5529e-01  β=1.0000e+00
  PL   : train=-9.8253e-01  test=-9.6178e-01  σ_φ̄(train)=4.2390e-08  σ_φ̄(test)=8.0336e-13  σ_obs_ω=5.0000e-01  λ_PL=1.00
  KL   : M=7.298e+02  V=2.904e+02  Dw=1.162e+03  g=1.321e+03  sigma=1.341e+01  total=3.517e+03
  subnet MSE  M=1.740e+00  V=1.298e+01  Dw=3.740e-02  g=2.979e-01
[step   9650]
  train: −ELBO=-9.5347e+00  NLL=-8.8954e+00  NLL_R=-7.5729e+00  NLL_ω=-1.3225e+00  MSE_R=1.1274e-03  MSE_ω=7.2733e-02
  test : −ELBO=-7.5440e+00  NLL=-6.9254e+00  NLL_R=-7.3492e+00  NLL_ω=4.2378e-01  MSE_R=1.2956e-03  MSE_ω=1.5728e-01
  sigma: σ_R=1.9389e-02  σ_ω=1.5560e-01  β=1.0000e+00
  PL   : train=-9.8238e-01  test=-9.6171e-01  σ_φ̄(train)=1.4435e-06  σ_φ̄(test)=8.0805e-13  σ_obs_ω=5.0000e-01  λ_PL=1.00
  KL   : M=7.304e+02  V=2.899e+02  Dw=1.161e+03  g=1.319e+03  sigma=1.348e+01  total=3.514e+03
  subnet MSE  M=1.739e+00  V=1.295e+01  Dw=3.749e-02  g=2.979e-01
[step   9700]
  train: −ELBO=-9.5331e+00  NLL=-8.8928e+00  NLL_R=-7.5711e+00  NLL_ω=-1.3217e+00  MSE_R=1.1287e-03  MSE_ω=7.2772e-02
  test : −ELBO=-7.5669e+00  NLL=-6.9469e+00  NLL_R=-7.3561e+00  NLL_ω=4.0920e-01  MSE_R=1.2903e-03  MSE_ω=1.5667e-01
  sigma: σ_R=1.9387e-02  σ_ω=1.5566e-01  β=1.0000e+00
  PL   : train=-9.8318e-01  test=-9.6288e-01  σ_φ̄(train)=4.7457e-08  σ_φ̄(test)=8.2400e-13  σ_obs_ω=5.0000e-01  λ_PL=1.00
  KL   : M=7.308e+02  V=2.896e+02  Dw=1.160e+03  g=1.317e+03  sigma=1.343e+01  total=3.512e+03
  subnet MSE  M=1.738e+00  V=1.298e+01  Dw=3.705e-02  g=2.991e-01
[step   9750]
  train: −ELBO=-9.5340e+00  NLL=-8.8940e+00  NLL_R=-7.5703e+00  NLL_ω=-1.3237e+00  MSE_R=1.1293e-03  MSE_ω=7.2678e-02
  test : −ELBO=-7.5399e+00  NLL=-6.9207e+00  NLL_R=-7.3463e+00  NLL_ω=4.2555e-01  MSE_R=1.2977e-03  MSE_ω=1.5752e-01
  sigma: σ_R=1.9387e-02  σ_ω=1.5574e-01  β=1.0000e+00
  PL   : train=-9.8265e-01  test=-9.6180e-01  σ_φ̄(train)=3.6940e-08  σ_φ̄(test)=8.3505e-13  σ_obs_ω=5.0000e-01  λ_PL=1.00
  KL   : M=7.306e+02  V=2.893e+02  Dw=1.159e+03  g=1.316e+03  sigma=1.338e+01  total=3.509e+03
  subnet MSE  M=1.748e+00  V=1.300e+01  Dw=3.750e-02  g=2.980e-01
[step   9800]
  train: −ELBO=-9.5438e+00  NLL=-8.9038e+00  NLL_R=-7.5769e+00  NLL_ω=-1.3269e+00  MSE_R=1.1244e-03  MSE_ω=7.2522e-02
  test : −ELBO=-7.5134e+00  NLL=-6.8945e+00  NLL_R=-7.3381e+00  NLL_ω=4.4358e-01  MSE_R=1.3035e-03  MSE_ω=1.5815e-01
  sigma: σ_R=1.9366e-02  σ_ω=1.5552e-01  β=1.0000e+00
  PL   : train=-9.8239e-01  test=-9.6127e-01  σ_φ̄(train)=4.9346e-08  σ_φ̄(test)=8.5783e-13  σ_obs_ω=5.0000e-01  λ_PL=1.00
  KL   : M=7.304e+02  V=2.890e+02  Dw=1.158e+03  g=1.315e+03  sigma=1.333e+01  total=3.506e+03
  subnet MSE  M=1.743e+00  V=1.301e+01  Dw=3.764e-02  g=2.976e-01
[step   9850]
  train: −ELBO=-9.5382e+00  NLL=-8.8977e+00  NLL_R=-7.5735e+00  NLL_ω=-1.3241e+00  MSE_R=1.1269e-03  MSE_ω=7.2655e-02
  test : −ELBO=-7.5134e+00  NLL=-6.8939e+00  NLL_R=-7.3399e+00  NLL_ω=4.4594e-01  MSE_R=1.3022e-03  MSE_ω=1.5813e-01
  sigma: σ_R=1.9364e-02  σ_ω=1.5538e-01  β=1.0000e+00
  PL   : train=-9.8261e-01  test=-9.6151e-01  σ_φ̄(train)=2.1032e-07  σ_φ̄(test)=8.8780e-13  σ_obs_ω=5.0000e-01  λ_PL=1.00
  KL   : M=7.310e+02  V=2.885e+02  Dw=1.157e+03  g=1.313e+03  sigma=1.326e+01  total=3.503e+03
  subnet MSE  M=1.741e+00  V=1.299e+01  Dw=3.746e-02  g=2.980e-01
[step   9900]
  train: −ELBO=-9.5413e+00  NLL=-8.9011e+00  NLL_R=-7.5759e+00  NLL_ω=-1.3252e+00  MSE_R=1.1251e-03  MSE_ω=7.2603e-02
  test : −ELBO=-7.4812e+00  NLL=-6.8623e+00  NLL_R=-7.3280e+00  NLL_ω=4.6569e-01  MSE_R=1.3111e-03  MSE_ω=1.5914e-01
  sigma: σ_R=1.9370e-02  σ_ω=1.5543e-01  β=1.0000e+00
  PL   : train=-9.8200e-01  test=-9.6072e-01  σ_φ̄(train)=6.0502e-08  σ_φ̄(test)=9.1392e-13  σ_obs_ω=5.0000e-01  λ_PL=1.00
  KL   : M=7.314e+02  V=2.882e+02  Dw=1.156e+03  g=1.312e+03  sigma=1.320e+01  total=3.501e+03
  subnet MSE  M=1.735e+00  V=1.299e+01  Dw=3.776e-02  g=2.968e-01
[step   9950]
  train: −ELBO=-9.5398e+00  NLL=-8.8990e+00  NLL_R=-7.5761e+00  NLL_ω=-1.3230e+00  MSE_R=1.1250e-03  MSE_ω=7.2713e-02
  test : −ELBO=-7.4941e+00  NLL=-6.8745e+00  NLL_R=-7.3304e+00  NLL_ω=4.5596e-01  MSE_R=1.3096e-03  MSE_ω=1.5898e-01
  sigma: σ_R=1.9385e-02  σ_ω=1.5569e-01  β=1.0000e+00
  PL   : train=-9.8238e-01  test=-9.6129e-01  σ_φ̄(train)=6.3680e-08  σ_φ̄(test)=9.3817e-13  σ_obs_ω=5.0000e-01  λ_PL=1.00
  KL   : M=7.315e+02  V=2.879e+02  Dw=1.156e+03  g=1.310e+03  sigma=1.316e+01  total=3.498e+03
  subnet MSE  M=1.750e+00  V=1.298e+01  Dw=3.788e-02  g=2.976e-01
[step  10000]
  train: −ELBO=-9.5395e+00  NLL=-8.8984e+00  NLL_R=-7.5760e+00  NLL_ω=-1.3224e+00  MSE_R=1.1251e-03  MSE_ω=7.2739e-02
  test : −ELBO=-7.4766e+00  NLL=-6.8565e+00  NLL_R=-7.3224e+00  NLL_ω=4.6589e-01  MSE_R=1.3153e-03  MSE_ω=1.5969e-01
  sigma: σ_R=1.9370e-02  σ_ω=1.5594e-01  β=1.0000e+00
  PL   : train=-9.8258e-01  test=-9.6156e-01  σ_φ̄(train)=7.7587e-08  σ_φ̄(test)=9.6052e-13  σ_obs_ω=5.0000e-01  λ_PL=1.00
  KL   : M=7.313e+02  V=2.876e+02  Dw=1.155e+03  g=1.309e+03  sigma=1.311e+01  total=3.497e+03
  subnet MSE  M=1.739e+00  V=1.299e+01  Dw=3.776e-02  g=2.982e-01

Final per-trajectory eval ...
Final trajectory train loss 9.8771e+01 +/- 6.6817e+01
Final trajectory test loss  1.0149e+02 +/- 6.7784e+01
Final trajectory train l2 loss 9.8591e+01 +/- 6.6799e+01
Final trajectory test l2 loss  1.0038e+02 +/- 6.7616e+01
Final trajectory train geo loss 1.8031e-01 +/- 1.9828e-01
Final trajectory test geo loss  1.1082e+00 +/- 1.1133e+00
Saved final stats:  /mnt/data/thribhuvan/Projects/stochastic_port_hamiltonian/Final/SPHNP v2/src/models/3D_SO3_Windy_Pendulum/ph_gp_sde/data/run_wp3d_jax/obs0p01_fric0p5_wind0p5_ext0-sine_lr0p001_s10000_np5_smp64_T20_seed0_randu7_G0p5-0p7-0p1_260611-165710/wp3d-so3hamGPSDE-5p-stats.pkl
