Run dir : /mnt/data/thribhuvan/Projects/stochastic_port_hamiltonian/Final/SPHNP v2/src/models/3D_SO3_Windy_Pendulum/ph_gp_sde/data/run_wp3d_jax/obs0p1_fric0p5_wind0p5_ext0-sine_lr0p001_s10000_np5_smp64_T20_seed0_randu7_G0p5-0p7-0p1_260611-205357
model contains 11582 parameters
Loaded data from /mnt/data/thribhuvan/Projects/stochastic_port_hamiltonian/Final/SPHNP v2/datasets/data/windy_pendulum_3d/wp3d_dataset_extforce-sine-std0p0_fric0p5_var_fricFalse_obs_noise0p1_wind_force0p5_random_uTrue_uScale7p0_G_0p5_0p7_0p1_steps20.pkl
  dt = 0.0500  h = 0.0050  n_outer (per window) = 4  n_substeps = 10
  train batch B = 2560, test batch B = 2560, T_obs = 5, N (= B·(T−1)) = 10240

Pretraining M_net for 200 steps (lr=0.001, target = 1.000·I₃)
  using 12800 q samples drawn from training data
  pretrain step    0: loss=2.049e+00
  pretrain step   20: loss=1.924e+00
  pretrain step   40: loss=1.789e+00
  pretrain step   60: loss=1.648e+00
  pretrain step   80: loss=1.509e+00
  pretrain step  100: loss=1.376e+00
  pretrain step  120: loss=1.250e+00
  pretrain step  140: loss=1.133e+00
  pretrain step  160: loss=1.026e+00
  pretrain step  180: loss=9.271e-01
  pretrain step  199: loss=8.424e-01
  pretrain done. initial loss=2.049e+00  final loss=8.424e-01  max|M(q₀) − target|=2.072e+00
[step      0]
  train: −ELBO=1.0011e+02  NLL=1.0073e+02  NLL_R=-3.6680e-01  NLL_ω=1.0109e+02  MSE_R=7.5683e-02  MSE_ω=2.1049e+00
  test : −ELBO=8.1936e+01  NLL=8.1955e+01  NLL_R=-3.4199e+00  NLL_ω=8.5375e+01  MSE_R=1.4590e-02  MSE_ω=1.7940e+00
  sigma: σ_R=1.0000e-01  σ_ω=1.0000e-01  β=0.0000e+00
  PL   : train=-6.1374e-01  test=-7.6605e-01  σ_φ̄(train)=6.9961e-01  σ_φ̄(test)=6.9181e-01  σ_obs_ω=5.0000e-01  λ_PL=1.00
  KL   : M=2.003e+03  V=3.320e+02  Dw=1.992e+03  g=2.988e+03  sigma=3.320e+02  total=7.647e+03
  subnet MSE  M=8.716e-01  V=2.709e+01  Dw=6.557e-03  g=3.295e-01
[step     50]
  train: −ELBO=6.5967e+01  NLL=6.6612e+01  NLL_R=-7.6587e-01  NLL_ω=6.7378e+01  MSE_R=7.0858e-02  MSE_ω=1.5506e+00
  test : −ELBO=5.3538e+01  NLL=5.3587e+01  NLL_R=-3.5355e+00  NLL_ω=5.7122e+01  MSE_R=1.0632e-02  MSE_ω=1.3299e+00
  sigma: σ_R=1.0424e-01  σ_ω=1.0420e-01  β=5.0000e-02
  PL   : train=-6.8209e-01  test=-7.9698e-01  σ_φ̄(train)=5.6581e-01  σ_φ̄(test)=5.5582e-01  σ_obs_ω=5.0000e-01  λ_PL=1.00
  KL   : M=2.009e+03  V=3.329e+02  Dw=1.994e+03  g=2.997e+03  sigma=3.331e+02  total=7.666e+03
  subnet MSE  M=4.885e-01  V=2.690e+01  Dw=1.025e-02  g=2.826e-01
[step    100]
  train: −ELBO=4.8626e+01  NLL=4.9275e+01  NLL_R=-9.9909e-01  NLL_ω=5.0274e+01  MSE_R=6.8449e-02  MSE_ω=1.2699e+00
  test : −ELBO=3.8050e+01  NLL=3.8128e+01  NLL_R=-3.5449e+00  NLL_ω=4.1673e+01  MSE_R=8.4553e-03  MSE_ω=1.0701e+00
  sigma: σ_R=1.0850e-01  σ_ω=1.0825e-01  β=1.0000e-01
  PL   : train=-7.2431e-01  test=-8.2770e-01  σ_φ̄(train)=4.0759e-01  σ_φ̄(test)=3.9417e-01  σ_obs_ω=5.0000e-01  λ_PL=1.00
  KL   : M=2.013e+03  V=3.336e+02  Dw=1.995e+03  g=3.001e+03  sigma=3.342e+02  total=7.677e+03
  subnet MSE  M=3.583e-01  V=2.670e+01  Dw=1.611e-02  g=2.700e-01
[step    150]
  train: −ELBO=3.6876e+01  NLL=3.7528e+01  NLL_R=-1.1617e+00  NLL_ω=3.8690e+01  MSE_R=6.6901e-02  MSE_ω=1.0723e+00
  test : −ELBO=2.9100e+01  NLL=2.9204e+01  NLL_R=-3.5017e+00  NLL_ω=3.2706e+01  MSE_R=7.2267e-03  MSE_ω=9.2314e-01
  sigma: σ_R=1.1286e-01  σ_ω=1.1233e-01  β=1.5000e-01
  PL   : train=-7.6450e-01  test=-8.5472e-01  σ_φ̄(train)=2.6367e-01  σ_φ̄(test)=2.5093e-01  σ_obs_ω=5.0000e-01  λ_PL=1.00
  KL   : M=2.017e+03  V=3.341e+02  Dw=1.997e+03  g=3.003e+03  sigma=3.351e+02  total=7.687e+03
  subnet MSE  M=4.105e-01  V=2.633e+01  Dw=2.271e-02  g=2.766e-01
[step    200]
  train: −ELBO=2.7506e+01  NLL=2.8150e+01  NLL_R=-1.3077e+00  NLL_ω=2.9458e+01  MSE_R=6.5469e-02  MSE_ω=9.1471e-01
  test : −ELBO=2.1956e+01  NLL=2.2078e+01  NLL_R=-3.4201e+00  NLL_ω=2.5498e+01  MSE_R=6.2816e-03  MSE_ω=8.0676e-01
  sigma: σ_R=1.1830e-01  σ_ω=1.1750e-01  β=2.0000e-01
  PL   : train=-7.9491e-01  test=-8.7381e-01  σ_φ̄(train)=1.4945e-01  σ_φ̄(test)=1.4036e-01  σ_obs_ω=5.0000e-01  λ_PL=1.00
  KL   : M=2.019e+03  V=3.351e+02  Dw=2.000e+03  g=3.007e+03  sigma=3.362e+02  total=7.697e+03
  subnet MSE  M=5.276e-01  V=2.569e+01  Dw=3.166e-02  g=2.797e-01
[step    250]
  train: −ELBO=2.0191e+01  NLL=2.0818e+01  NLL_R=-1.4153e+00  NLL_ω=2.2233e+01  MSE_R=6.4409e-02  MSE_ω=7.8754e-01
  test : −ELBO=1.5854e+01  NLL=1.5988e+01  NLL_R=-3.3180e+00  NLL_ω=1.9306e+01  MSE_R=5.4202e-03  MSE_ω=6.9906e-01
  sigma: σ_R=1.2444e-01  σ_ω=1.2367e-01  β=2.5000e-01
  PL   : train=-8.1442e-01  test=-8.8657e-01  σ_φ̄(train)=8.2149e-02  σ_φ̄(test)=7.5870e-02  σ_obs_ω=5.0000e-01  λ_PL=1.00
  KL   : M=2.022e+03  V=3.362e+02  Dw=2.002e+03  g=3.010e+03  sigma=3.371e+02  total=7.707e+03
  subnet MSE  M=6.963e-01  V=2.458e+01  Dw=4.457e-02  g=2.735e-01
[step    300]
  train: −ELBO=1.6769e+01  NLL=1.7370e+01  NLL_R=-1.4630e+00  NLL_ω=1.8833e+01  MSE_R=6.3813e-02  MSE_ω=7.2458e-01
  test : −ELBO=1.2587e+01  NLL=1.2723e+01  NLL_R=-3.2590e+00  NLL_ω=1.5982e+01  MSE_R=4.9103e-03  MSE_ω=6.3238e-01
  sigma: σ_R=1.2801e-01  σ_ω=1.2760e-01  β=3.0000e-01
  PL   : train=-8.2700e-01  test=-8.8947e-01  σ_φ̄(train)=6.1190e-02  σ_φ̄(test)=5.6415e-02  σ_obs_ω=5.0000e-01  λ_PL=1.00
  KL   : M=2.023e+03  V=3.371e+02  Dw=2.004e+03  g=3.011e+03  sigma=3.374e+02  total=7.712e+03
  subnet MSE  M=7.928e-01  V=2.359e+01  Dw=4.777e-02  g=2.834e-01
[step    350]
  train: −ELBO=1.3828e+01  NLL=1.4403e+01  NLL_R=-1.4984e+00  NLL_ω=1.5901e+01  MSE_R=6.3259e-02  MSE_ω=6.6394e-01
  test : −ELBO=9.6658e+00  NLL=9.8221e+00  NLL_R=-3.2088e+00  NLL_ω=1.3031e+01  MSE_R=4.3986e-03  MSE_ω=5.6548e-01
  sigma: σ_R=1.3112e-01  σ_ω=1.3138e-01  β=3.5000e-01
  PL   : train=-8.3892e-01  test=-9.0978e-01  σ_φ̄(train)=5.2712e-02  σ_φ̄(test)=4.8851e-02  σ_obs_ω=5.0000e-01  λ_PL=1.00
  KL   : M=2.024e+03  V=3.382e+02  Dw=2.005e+03  g=3.012e+03  sigma=3.374e+02  total=7.716e+03
  subnet MSE  M=9.378e-01  V=2.241e+01  Dw=4.726e-02  g=2.912e-01
[step    400]
  train: −ELBO=1.1477e+01  NLL=1.2019e+01  NLL_R=-1.5256e+00  NLL_ω=1.3545e+01  MSE_R=6.2732e-02  MSE_ω=6.1317e-01
  test : −ELBO=7.4195e+00  NLL=7.5815e+00  NLL_R=-3.1636e+00  NLL_ω=1.0745e+01  MSE_R=3.9898e-03  MSE_ω=5.1151e-01
  sigma: σ_R=1.3386e-01  σ_ω=1.3512e-01  β=4.0000e-01
  PL   : train=-8.4433e-01  test=-9.1601e-01  σ_φ̄(train)=4.1799e-02  σ_φ̄(test)=3.8626e-02  σ_obs_ω=5.0000e-01  λ_PL=1.00
  KL   : M=2.024e+03  V=3.392e+02  Dw=2.007e+03  g=3.013e+03  sigma=3.376e+02  total=7.721e+03
  subnet MSE  M=1.037e+00  V=2.123e+01  Dw=5.032e-02  g=2.910e-01
[step    450]
  train: −ELBO=1.0472e+01  NLL=1.0979e+01  NLL_R=-1.5377e+00  NLL_ω=1.2517e+01  MSE_R=6.2537e-02  MSE_ω=6.0102e-01
  test : −ELBO=6.3089e+00  NLL=6.4717e+00  NLL_R=-3.1262e+00  NLL_ω=9.5978e+00  MSE_R=3.8276e-03  MSE_ω=4.8965e-01
  sigma: σ_R=1.3590e-01  σ_ω=1.3838e-01  β=4.5000e-01
  PL   : train=-8.4659e-01  test=-9.1695e-01  σ_φ̄(train)=3.2749e-02  σ_φ̄(test)=2.9173e-02  σ_obs_ω=5.0000e-01  λ_PL=1.00
  KL   : M=2.025e+03  V=3.399e+02  Dw=2.007e+03  g=3.014e+03  sigma=3.378e+02  total=7.723e+03
  subnet MSE  M=1.092e+00  V=2.078e+01  Dw=5.069e-02  g=2.933e-01
[step    500]
  train: −ELBO=9.5497e+00  NLL=1.0021e+01  NLL_R=-1.5454e+00  NLL_ω=1.1566e+01  MSE_R=6.2402e-02  MSE_ω=5.8782e-01
  test : −ELBO=5.6495e+00  NLL=5.8140e+00  NLL_R=-3.0937e+00  NLL_ω=8.9077e+00  MSE_R=3.7773e-03  MSE_ω=4.8181e-01
  sigma: σ_R=1.3756e-01  σ_ω=1.4152e-01  β=5.0000e-01
  PL   : train=-8.4810e-01  test=-9.1889e-01  σ_φ̄(train)=2.8092e-02  σ_φ̄(test)=2.4987e-02  σ_obs_ω=5.0000e-01  λ_PL=1.00
  KL   : M=2.025e+03  V=3.406e+02  Dw=2.007e+03  g=3.015e+03  sigma=3.378e+02  total=7.725e+03
  subnet MSE  M=1.053e+00  V=2.039e+01  Dw=5.380e-02  g=2.941e-01
[step    550]
  train: −ELBO=8.7346e+00  NLL=9.1665e+00  NLL_R=-1.5520e+00  NLL_ω=1.0718e+01  MSE_R=6.2246e-02  MSE_ω=5.7487e-01
  test : −ELBO=5.1355e+00  NLL=5.2978e+00  NLL_R=-3.0683e+00  NLL_ω=8.3661e+00  MSE_R=3.7443e-03  MSE_ω=4.7706e-01
  sigma: σ_R=1.3886e-01  σ_ω=1.4451e-01  β=5.5000e-01
  PL   : train=-8.4693e-01  test=-9.1681e-01  σ_φ̄(train)=2.6994e-02  σ_φ̄(test)=2.4108e-02  σ_obs_ω=5.0000e-01  λ_PL=1.00
  KL   : M=2.025e+03  V=3.410e+02  Dw=2.007e+03  g=3.015e+03  sigma=3.377e+02  total=7.726e+03
  subnet MSE  M=1.121e+00  V=2.036e+01  Dw=5.086e-02  g=2.875e-01
[step    600]
  train: −ELBO=8.1362e+00  NLL=8.5288e+00  NLL_R=-1.5552e+00  NLL_ω=1.0084e+01  MSE_R=6.2189e-02  MSE_ω=5.7183e-01
  test : −ELBO=4.4034e+00  NLL=4.5661e+00  NLL_R=-3.0461e+00  NLL_ω=7.6122e+00  MSE_R=3.6452e-03  MSE_ω=4.6391e-01
  sigma: σ_R=1.4010e-01  σ_ω=1.4796e-01  β=6.0000e-01
  PL   : train=-8.4542e-01  test=-9.1731e-01  σ_φ̄(train)=2.6697e-02  σ_φ̄(test)=2.3738e-02  σ_obs_ω=5.0000e-01  λ_PL=1.00
  KL   : M=2.026e+03  V=3.414e+02  Dw=2.007e+03  g=3.015e+03  sigma=3.377e+02  total=7.727e+03
  subnet MSE  M=1.203e+00  V=2.012e+01  Dw=4.775e-02  g=2.845e-01
[step    650]
  train: −ELBO=7.3986e+00  NLL=7.7565e+00  NLL_R=-1.5597e+00  NLL_ω=9.3163e+00  MSE_R=6.2042e-02  MSE_ω=5.5595e-01
  test : −ELBO=3.7843e+00  NLL=3.9487e+00  NLL_R=-3.0331e+00  NLL_ω=6.9818e+00  MSE_R=3.5390e-03  MSE_ω=4.5014e-01
  sigma: σ_R=1.4089e-01  σ_ω=1.5072e-01  β=6.5000e-01
  PL   : train=-8.4845e-01  test=-9.1917e-01  σ_φ̄(train)=2.4376e-02  σ_φ̄(test)=2.1735e-02  σ_obs_ω=5.0000e-01  λ_PL=1.00
  KL   : M=2.026e+03  V=3.418e+02  Dw=2.007e+03  g=3.016e+03  sigma=3.377e+02  total=7.728e+03
  subnet MSE  M=1.245e+00  V=1.984e+01  Dw=4.776e-02  g=2.869e-01
[step    700]
  train: −ELBO=6.5950e+00  NLL=6.9253e+00  NLL_R=-1.5664e+00  NLL_ω=8.4917e+00  MSE_R=6.1797e-02  MSE_ω=5.3667e-01
  test : −ELBO=3.1702e+00  NLL=3.3435e+00  NLL_R=-3.0222e+00  NLL_ω=6.3657e+00  MSE_R=3.4333e-03  MSE_ω=4.3651e-01
  sigma: σ_R=1.4157e-01  σ_ω=1.5374e-01  β=7.0000e-01
  PL   : train=-8.5869e-01  test=-9.2812e-01  σ_φ̄(train)=2.4685e-02  σ_φ̄(test)=2.2210e-02  σ_obs_ω=5.0000e-01  λ_PL=1.00
  KL   : M=2.026e+03  V=3.421e+02  Dw=2.007e+03  g=3.016e+03  sigma=3.378e+02  total=7.729e+03
  subnet MSE  M=1.247e+00  V=1.952e+01  Dw=4.471e-02  g=2.994e-01
[step    750]
  train: −ELBO=6.1982e+00  NLL=6.4862e+00  NLL_R=-1.5671e+00  NLL_ω=8.0533e+00  MSE_R=6.1780e-02  MSE_ω=5.3741e-01
  test : −ELBO=2.6525e+00  NLL=2.8231e+00  NLL_R=-3.0119e+00  NLL_ω=5.8350e+00  MSE_R=3.3724e-03  MSE_ω=4.2802e-01
  sigma: σ_R=1.4215e-01  σ_ω=1.5742e-01  β=7.5000e-01
  PL   : train=-8.5416e-01  test=-9.2534e-01  σ_φ̄(train)=2.7399e-02  σ_φ̄(test)=2.4979e-02  σ_obs_ω=5.0000e-01  λ_PL=1.00
  KL   : M=2.026e+03  V=3.423e+02  Dw=2.007e+03  g=3.016e+03  sigma=3.376e+02  total=7.729e+03
  subnet MSE  M=1.269e+00  V=1.916e+01  Dw=4.773e-02  g=2.936e-01
[step    800]
  train: −ELBO=5.7937e+00  NLL=6.0380e+00  NLL_R=-1.5660e+00  NLL_ω=7.6041e+00  MSE_R=6.1829e-02  MSE_ω=5.3891e-01
  test : −ELBO=2.1803e+00  NLL=2.3474e+00  NLL_R=-3.0036e+00  NLL_ω=5.3510e+00  MSE_R=3.3231e-03  MSE_ω=4.2149e-01
  sigma: σ_R=1.4264e-01  σ_ω=1.6163e-01  β=8.0000e-01
  PL   : train=-8.4814e-01  test=-9.2183e-01  σ_φ̄(train)=3.2666e-02  σ_φ̄(test)=3.0045e-02  σ_obs_ω=5.0000e-01  λ_PL=1.00
  KL   : M=2.026e+03  V=3.427e+02  Dw=2.007e+03  g=3.016e+03  sigma=3.373e+02  total=7.728e+03
  subnet MSE  M=1.291e+00  V=1.898e+01  Dw=4.786e-02  g=2.867e-01
[step    850]
  train: −ELBO=5.1910e+00  NLL=5.4037e+00  NLL_R=-1.5705e+00  NLL_ω=6.9742e+00  MSE_R=6.1651e-02  MSE_ω=5.2842e-01
  test : −ELBO=1.6184e+00  NLL=1.7905e+00  NLL_R=-2.9998e+00  NLL_ω=4.7903e+00  MSE_R=3.2272e-03  MSE_ω=4.0868e-01
  sigma: σ_R=1.4296e-01  σ_ω=1.6583e-01  β=8.5000e-01
  PL   : train=-8.5424e-01  test=-9.2684e-01  σ_φ̄(train)=2.8347e-02  σ_φ̄(test)=2.5831e-02  σ_obs_ω=5.0000e-01  λ_PL=1.00
  KL   : M=2.026e+03  V=3.433e+02  Dw=2.006e+03  g=3.016e+03  sigma=3.374e+02  total=7.728e+03
  subnet MSE  M=1.275e+00  V=1.870e+01  Dw=4.397e-02  g=2.906e-01
[step    900]
  train: −ELBO=4.5947e+00  NLL=4.7752e+00  NLL_R=-1.5720e+00  NLL_ω=6.3472e+00  MSE_R=6.1588e-02  MSE_ω=5.1852e-01
  test : −ELBO=1.2431e+00  NLL=1.4197e+00  NLL_R=-2.9969e+00  NLL_ω=4.4166e+00  MSE_R=3.2048e-03  MSE_ω=4.0624e-01
  sigma: σ_R=1.4313e-01  σ_ω=1.7074e-01  β=9.0000e-01
  PL   : train=-8.5976e-01  test=-9.3130e-01  σ_φ̄(train)=2.5681e-02  σ_φ̄(test)=2.2851e-02  σ_obs_ω=5.0000e-01  λ_PL=1.00
  KL   : M=2.026e+03  V=3.439e+02  Dw=2.005e+03  g=3.016e+03  sigma=3.374e+02  total=7.728e+03
  subnet MSE  M=1.241e+00  V=1.885e+01  Dw=4.454e-02  g=2.991e-01
[step    950]
  train: −ELBO=4.4792e+00  NLL=4.6193e+00  NLL_R=-1.5711e+00  NLL_ω=6.1904e+00  MSE_R=6.1626e-02  MSE_ω=5.2509e-01
  test : −ELBO=1.1638e+00  NLL=1.3373e+00  NLL_R=-2.9943e+00  NLL_ω=4.3316e+00  MSE_R=3.2655e-03  MSE_ω=4.1289e-01
  sigma: σ_R=1.4319e-01  σ_ω=1.7390e-01  β=9.5000e-01
  PL   : train=-8.5694e-01  test=-9.2807e-01  σ_φ̄(train)=2.0966e-02  σ_φ̄(test)=1.8609e-02  σ_obs_ω=5.0000e-01  λ_PL=1.00
  KL   : M=2.026e+03  V=3.441e+02  Dw=2.004e+03  g=3.016e+03  sigma=3.375e+02  total=7.727e+03
  subnet MSE  M=1.286e+00  V=1.861e+01  Dw=4.240e-02  g=2.962e-01
[step   1000]
  train: −ELBO=3.7091e+00  NLL=3.8180e+00  NLL_R=-1.5770e+00  NLL_ω=5.3950e+00  MSE_R=6.1386e-02  MSE_ω=4.9722e-01
  test : −ELBO=6.0887e-01  NLL=7.8561e-01  NLL_R=-2.9980e+00  NLL_ω=3.7837e+00  MSE_R=3.1202e-03  MSE_ω=3.9502e-01
  sigma: σ_R=1.4318e-01  σ_ω=1.7843e-01  β=1.0000e+00
  PL   : train=-8.6345e-01  test=-9.3129e-01  σ_φ̄(train)=1.5507e-02  σ_φ̄(test)=1.3824e-02  σ_obs_ω=5.0000e-01  λ_PL=1.00
  KL   : M=2.025e+03  V=3.446e+02  Dw=2.004e+03  g=3.015e+03  sigma=3.377e+02  total=7.727e+03
  subnet MSE  M=1.218e+00  V=1.843e+01  Dw=4.161e-02  g=2.993e-01
[step   1050]
  train: −ELBO=3.5758e+00  NLL=3.6805e+00  NLL_R=-1.5756e+00  NLL_ω=5.2562e+00  MSE_R=6.1440e-02  MSE_ω=5.0844e-01
  test : −ELBO=4.2043e-01  NLL=5.9653e-01  NLL_R=-2.9982e+00  NLL_ω=3.5948e+00  MSE_R=3.1468e-03  MSE_ω=3.9750e-01
  sigma: σ_R=1.4314e-01  σ_ω=1.8295e-01  β=1.0000e+00
  PL   : train=-8.5919e-01  test=-9.3050e-01  σ_φ̄(train)=1.3116e-02  σ_φ̄(test)=1.1590e-02  σ_obs_ω=5.0000e-01  λ_PL=1.00
  KL   : M=2.025e+03  V=3.449e+02  Dw=2.003e+03  g=3.015e+03  sigma=3.376e+02  total=7.725e+03
  subnet MSE  M=1.229e+00  V=1.839e+01  Dw=3.842e-02  g=2.966e-01
[step   1100]
  train: −ELBO=2.9907e+00  NLL=3.0952e+00  NLL_R=-1.5794e+00  NLL_ω=4.6746e+00  MSE_R=6.1288e-02  MSE_ω=4.8985e-01
  test : −ELBO=-1.6846e-02  NLL=1.5823e-01  NLL_R=-3.0022e+00  NLL_ω=3.1604e+00  MSE_R=3.0387e-03  MSE_ω=3.8320e-01
  sigma: σ_R=1.4307e-01  σ_ω=1.8797e-01  β=1.0000e+00
  PL   : train=-8.5875e-01  test=-9.2930e-01  σ_φ̄(train)=1.1981e-02  σ_φ̄(test)=1.0511e-02  σ_obs_ω=5.0000e-01  λ_PL=1.00
  KL   : M=2.025e+03  V=3.454e+02  Dw=2.002e+03  g=3.014e+03  sigma=3.375e+02  total=7.723e+03
  subnet MSE  M=1.211e+00  V=1.823e+01  Dw=3.853e-02  g=2.903e-01
[step   1150]
  train: −ELBO=2.6724e+00  NLL=2.7772e+00  NLL_R=-1.5816e+00  NLL_ω=4.3588e+00  MSE_R=6.1198e-02  MSE_ω=4.8857e-01
  test : −ELBO=-3.1248e-01  NLL=-1.3693e-01  NLL_R=-3.0047e+00  NLL_ω=2.8678e+00  MSE_R=2.9975e-03  MSE_ω=3.7726e-01
  sigma: σ_R=1.4300e-01  σ_ω=1.9340e-01  β=1.0000e+00
  PL   : train=-8.5882e-01  test=-9.2960e-01  σ_φ̄(train)=1.1043e-02  σ_φ̄(test)=9.6401e-03  σ_obs_ω=5.0000e-01  λ_PL=1.00
  KL   : M=2.024e+03  V=3.458e+02  Dw=2.000e+03  g=3.014e+03  sigma=3.375e+02  total=7.722e+03
  subnet MSE  M=1.247e+00  V=1.803e+01  Dw=3.696e-02  g=2.949e-01
[step   1200]
  train: −ELBO=2.3647e+00  NLL=2.4772e+00  NLL_R=-1.5809e+00  NLL_ω=4.0581e+00  MSE_R=6.1224e-02  MSE_ω=4.8090e-01
  test : −ELBO=-5.0016e-01  NLL=-3.1828e-01  NLL_R=-3.0071e+00  NLL_ω=2.6889e+00  MSE_R=2.9693e-03  MSE_ω=3.7427e-01
  sigma: σ_R=1.4291e-01  σ_ω=1.9744e-01  β=1.0000e+00
  PL   : train=-8.6644e-01  test=-9.3585e-01  σ_φ̄(train)=1.1259e-02  σ_φ̄(test)=9.7943e-03  σ_obs_ω=5.0000e-01  λ_PL=1.00
  KL   : M=2.023e+03  V=3.462e+02  Dw=2.000e+03  g=3.014e+03  sigma=3.374e+02  total=7.721e+03
  subnet MSE  M=1.246e+00  V=1.800e+01  Dw=3.793e-02  g=3.020e-01
[step   1250]
  train: −ELBO=2.0977e+00  NLL=2.2077e+00  NLL_R=-1.5826e+00  NLL_ω=3.7903e+00  MSE_R=6.1155e-02  MSE_ω=4.7560e-01
  test : −ELBO=-6.9563e-01  NLL=-5.1484e-01  NLL_R=-3.0093e+00  NLL_ω=2.4945e+00  MSE_R=2.9410e-03  MSE_ω=3.7037e-01
  sigma: σ_R=1.4284e-01  σ_ω=2.0190e-01  β=1.0000e+00
  PL   : train=-8.6383e-01  test=-9.3454e-01  σ_φ̄(train)=1.0202e-02  σ_φ̄(test)=8.8136e-03  σ_obs_ω=5.0000e-01  λ_PL=1.00
  KL   : M=2.023e+03  V=3.465e+02  Dw=1.999e+03  g=3.013e+03  sigma=3.373e+02  total=7.718e+03
  subnet MSE  M=1.248e+00  V=1.800e+01  Dw=3.739e-02  g=2.960e-01
[step   1300]
  train: −ELBO=1.7054e+00  NLL=1.8219e+00  NLL_R=-1.5864e+00  NLL_ω=3.4082e+00  MSE_R=6.1002e-02  MSE_ω=4.6123e-01
  test : −ELBO=-9.0897e-01  NLL=-7.2506e-01  NLL_R=-3.0121e+00  NLL_ω=2.2871e+00  MSE_R=2.8993e-03  MSE_ω=3.6511e-01
  sigma: σ_R=1.4275e-01  σ_ω=2.0715e-01  β=1.0000e+00
  PL   : train=-8.6999e-01  test=-9.3743e-01  σ_φ̄(train)=9.1092e-03  σ_φ̄(test)=7.9056e-03  σ_obs_ω=5.0000e-01  λ_PL=1.00
  KL   : M=2.022e+03  V=3.469e+02  Dw=1.997e+03  g=3.013e+03  sigma=3.373e+02  total=7.716e+03
  subnet MSE  M=1.225e+00  V=1.799e+01  Dw=4.187e-02  g=3.021e-01
[step   1350]
  train: −ELBO=1.4343e+00  NLL=1.5503e+00  NLL_R=-1.5880e+00  NLL_ω=3.1383e+00  MSE_R=6.0934e-02  MSE_ω=4.5385e-01
  test : −ELBO=-1.1190e+00  NLL=-9.3496e-01  NLL_R=-3.0164e+00  NLL_ω=2.0815e+00  MSE_R=2.8493e-03  MSE_ω=3.5871e-01
  sigma: σ_R=1.4259e-01  σ_ω=2.1242e-01  β=1.0000e+00
  PL   : train=-8.6914e-01  test=-9.3716e-01  σ_φ̄(train)=9.1686e-03  σ_φ̄(test)=8.1402e-03  σ_obs_ω=5.0000e-01  λ_PL=1.00
  KL   : M=2.021e+03  V=3.472e+02  Dw=1.995e+03  g=3.012e+03  sigma=3.370e+02  total=7.712e+03
  subnet MSE  M=1.286e+00  V=1.774e+01  Dw=4.334e-02  g=3.004e-01
[step   1400]
  train: −ELBO=1.1738e+00  NLL=1.2874e+00  NLL_R=-1.5888e+00  NLL_ω=2.8763e+00  MSE_R=6.0902e-02  MSE_ω=4.4584e-01
  test : −ELBO=-1.3394e+00  NLL=-1.1576e+00  NLL_R=-3.0194e+00  NLL_ω=1.8618e+00  MSE_R=2.7859e-03  MSE_ω=3.4962e-01
  sigma: σ_R=1.4252e-01  σ_ω=2.1805e-01  β=1.0000e+00
  PL   : train=-8.6636e-01  test=-9.3453e-01  σ_φ̄(train)=9.2949e-03  σ_φ̄(test)=8.1222e-03  σ_obs_ω=5.0000e-01  λ_PL=1.00
  KL   : M=2.020e+03  V=3.477e+02  Dw=1.993e+03  g=3.011e+03  sigma=3.368e+02  total=7.708e+03
  subnet MSE  M=1.297e+00  V=1.782e+01  Dw=4.297e-02  g=2.946e-01
[step   1450]
  train: −ELBO=8.4348e-01  NLL=9.5017e-01  NLL_R=-1.5937e+00  NLL_ω=2.5438e+00  MSE_R=6.0706e-02  MSE_ω=4.2860e-01
  test : −ELBO=-1.6539e+00  NLL=-1.4665e+00  NLL_R=-3.0259e+00  NLL_ω=1.5595e+00  MSE_R=2.6389e-03  MSE_ω=3.3020e-01
  sigma: σ_R=1.4238e-01  σ_ω=2.2382e-01  β=1.0000e+00
  PL   : train=-8.5904e-01  test=-9.3975e-01  σ_φ̄(train)=8.3977e-03  σ_φ̄(test)=7.3953e-03  σ_obs_ω=5.0000e-01  λ_PL=1.00
  KL   : M=2.018e+03  V=3.482e+02  Dw=1.992e+03  g=3.010e+03  sigma=3.365e+02  total=7.704e+03
  subnet MSE  M=1.350e+00  V=1.725e+01  Dw=4.184e-02  g=3.002e-01
[step   1500]
  train: −ELBO=6.0539e-01  NLL=7.2392e-01  NLL_R=-1.5938e+00  NLL_ω=2.3177e+00  MSE_R=6.0700e-02  MSE_ω=4.2189e-01
  test : −ELBO=-1.7330e+00  NLL=-1.5475e+00  NLL_R=-3.0280e+00  NLL_ω=1.4805e+00  MSE_R=2.6610e-03  MSE_ω=3.3286e-01
  sigma: σ_R=1.4225e-01  σ_ω=2.3082e-01  β=1.0000e+00
  PL   : train=-8.7032e-01  test=-9.3725e-01  σ_φ̄(train)=6.7003e-03  σ_φ̄(test)=5.7661e-03  σ_obs_ω=5.0000e-01  λ_PL=1.00
  KL   : M=2.016e+03  V=3.487e+02  Dw=1.989e+03  g=3.008e+03  sigma=3.363e+02  total=7.698e+03
  subnet MSE  M=1.324e+00  V=1.730e+01  Dw=4.219e-02  g=2.964e-01
[step   1550]
  train: −ELBO=3.7145e-01  NLL=4.9104e-01  NLL_R=-1.5958e+00  NLL_ω=2.0868e+00  MSE_R=6.0621e-02  MSE_ω=4.1022e-01
  test : −ELBO=-1.8784e+00  NLL=-1.6934e+00  NLL_R=-3.0299e+00  NLL_ω=1.3365e+00  MSE_R=2.6098e-03  MSE_ω=3.2604e-01
  sigma: σ_R=1.4222e-01  σ_ω=2.3714e-01  β=1.0000e+00
  PL   : train=-8.7088e-01  test=-9.3626e-01  σ_φ̄(train)=6.2291e-03  σ_φ̄(test)=5.3983e-03  σ_obs_ω=5.0000e-01  λ_PL=1.00
  KL   : M=2.014e+03  V=3.491e+02  Dw=1.987e+03  g=3.007e+03  sigma=3.360e+02  total=7.693e+03
  subnet MSE  M=1.340e+00  V=1.702e+01  Dw=4.315e-02  g=2.948e-01
[step   1600]
  train: −ELBO=1.5874e-01  NLL=2.8749e-01  NLL_R=-1.5992e+00  NLL_ω=1.8867e+00  MSE_R=6.0484e-02  MSE_ω=3.9786e-01
  test : −ELBO=-2.0111e+00  NLL=-1.8188e+00  NLL_R=-3.0337e+00  NLL_ω=1.2149e+00  MSE_R=2.5477e-03  MSE_ω=3.1887e-01
  sigma: σ_R=1.4211e-01  σ_ω=2.4267e-01  β=1.0000e+00
  PL   : train=-8.7948e-01  test=-9.4302e-01  σ_φ̄(train)=6.4479e-03  σ_φ̄(test)=5.6295e-03  σ_obs_ω=5.0000e-01  λ_PL=1.00
  KL   : M=2.012e+03  V=3.496e+02  Dw=1.984e+03  g=3.006e+03  sigma=3.356e+02  total=7.687e+03
  subnet MSE  M=1.303e+00  V=1.703e+01  Dw=4.411e-02  g=3.033e-01
[step   1650]
  train: −ELBO=-7.0780e-02  NLL=6.2600e-02  NLL_R=-1.6030e+00  NLL_ω=1.6656e+00  MSE_R=6.0329e-02  MSE_ω=3.7901e-01
  test : −ELBO=-2.2114e+00  NLL=-2.0143e+00  NLL_R=-3.0411e+00  NLL_ω=1.0268e+00  MSE_R=2.4094e-03  MSE_ω=3.0116e-01
  sigma: σ_R=1.4192e-01  σ_ω=2.4718e-01  β=1.0000e+00
  PL   : train=-8.8349e-01  test=-9.4718e-01  σ_φ̄(train)=6.0503e-03  σ_φ̄(test)=5.2171e-03  σ_obs_ω=5.0000e-01  λ_PL=1.00
  KL   : M=2.009e+03  V=3.499e+02  Dw=1.982e+03  g=3.005e+03  sigma=3.353e+02  total=7.681e+03
  subnet MSE  M=1.305e+00  V=1.671e+01  Dw=4.595e-02  g=3.057e-01
[step   1700]
  train: −ELBO=-1.9458e-01  NLL=-5.8325e-02  NLL_R=-1.6062e+00  NLL_ω=1.5479e+00  MSE_R=6.0200e-02  MSE_ω=3.7269e-01
  test : −ELBO=-2.3428e+00  NLL=-2.1417e+00  NLL_R=-3.0471e+00  NLL_ω=9.0541e-01  MSE_R=2.3281e-03  MSE_ω=2.9070e-01
  sigma: σ_R=1.4171e-01  σ_ω=2.5274e-01  β=1.0000e+00
  PL   : train=-8.8553e-01  test=-9.5030e-01  σ_φ̄(train)=6.0023e-03  σ_φ̄(test)=5.1644e-03  σ_obs_ω=5.0000e-01  λ_PL=1.00
  KL   : M=2.007e+03  V=3.504e+02  Dw=1.978e+03  g=3.002e+03  sigma=3.348e+02  total=7.673e+03
  subnet MSE  M=1.302e+00  V=1.658e+01  Dw=4.036e-02  g=3.072e-01
[step   1750]
  train: −ELBO=-3.1396e-01  NLL=-1.7557e-01  NLL_R=-1.6085e+00  NLL_ω=1.4330e+00  MSE_R=6.0108e-02  MSE_ω=3.6457e-01
  test : −ELBO=-2.5047e+00  NLL=-2.3012e+00  NLL_R=-3.0536e+00  NLL_ω=7.5247e-01  MSE_R=2.2003e-03  MSE_ω=2.7417e-01
  sigma: σ_R=1.4155e-01  σ_ω=2.5779e-01  β=1.0000e+00
  PL   : train=-8.8675e-01  test=-9.5188e-01  σ_φ̄(train)=6.0045e-03  σ_φ̄(test)=5.1757e-03  σ_obs_ω=5.0000e-01  λ_PL=1.00
  KL   : M=2.003e+03  V=3.509e+02  Dw=1.975e+03  g=3.000e+03  sigma=3.343e+02  total=7.663e+03
  subnet MSE  M=1.336e+00  V=1.628e+01  Dw=3.701e-02  g=3.033e-01
[step   1800]
  train: −ELBO=-4.0786e-01  NLL=-2.6998e-01  NLL_R=-1.6090e+00  NLL_ω=1.3391e+00  MSE_R=6.0088e-02  MSE_ω=3.5679e-01
  test : −ELBO=-2.5468e+00  NLL=-2.3440e+00  NLL_R=-3.0550e+00  NLL_ω=7.1102e-01  MSE_R=2.1731e-03  MSE_ω=2.7073e-01
  sigma: σ_R=1.4151e-01  σ_ω=2.6181e-01  β=1.0000e+00
  PL   : train=-8.8542e-01  test=-9.5029e-01  σ_φ̄(train)=5.8165e-03  σ_φ̄(test)=4.9617e-03  σ_obs_ω=5.0000e-01  λ_PL=1.00
  KL   : M=2.000e+03  V=3.514e+02  Dw=1.972e+03  g=2.998e+03  sigma=3.339e+02  total=7.655e+03
  subnet MSE  M=1.353e+00  V=1.628e+01  Dw=3.725e-02  g=2.990e-01
[step   1850]
  train: −ELBO=-5.1979e-01  NLL=-3.7906e-01  NLL_R=-1.6110e+00  NLL_ω=1.2319e+00  MSE_R=6.0009e-02  MSE_ω=3.4798e-01
  test : −ELBO=-2.6681e+00  NLL=-2.4627e+00  NLL_R=-3.0589e+00  NLL_ω=5.9624e-01  MSE_R=2.0700e-03  MSE_ω=2.5699e-01
  sigma: σ_R=1.4145e-01  σ_ω=2.6757e-01  β=1.0000e+00
  PL   : train=-8.8704e-01  test=-9.5168e-01  σ_φ̄(train)=5.2997e-03  σ_φ̄(test)=4.5142e-03  σ_obs_ω=5.0000e-01  λ_PL=1.00
  KL   : M=1.995e+03  V=3.521e+02  Dw=1.967e+03  g=2.995e+03  sigma=3.332e+02  total=7.642e+03
  subnet MSE  M=1.408e+00  V=1.602e+01  Dw=3.794e-02  g=2.995e-01
[step   1900]
  train: −ELBO=-6.4769e-01  NLL=-5.0702e-01  NLL_R=-1.6153e+00  NLL_ω=1.1083e+00  MSE_R=5.9838e-02  MSE_ω=3.3479e-01
  test : −ELBO=-2.7508e+00  NLL=-2.5418e+00  NLL_R=-3.0647e+00  NLL_ω=5.2286e-01  MSE_R=1.9958e-03  MSE_ω=2.4757e-01
  sigma: σ_R=1.4126e-01  σ_ω=2.7295e-01  β=1.0000e+00
  PL   : train=-8.8557e-01  test=-9.5382e-01  σ_φ̄(train)=5.0330e-03  σ_φ̄(test)=4.2330e-03  σ_obs_ω=5.0000e-01  λ_PL=1.00
  KL   : M=1.990e+03  V=3.528e+02  Dw=1.961e+03  g=2.991e+03  sigma=3.325e+02  total=7.628e+03
  subnet MSE  M=1.397e+00  V=1.581e+01  Dw=3.667e-02  g=3.000e-01
[step   1950]
  train: −ELBO=-7.3232e-01  NLL=-5.8332e-01  NLL_R=-1.6170e+00  NLL_ω=1.0337e+00  MSE_R=5.9769e-02  MSE_ω=3.2649e-01
  test : −ELBO=-2.8221e+00  NLL=-2.6105e+00  NLL_R=-3.0678e+00  NLL_ω=4.5730e-01  MSE_R=1.9177e-03  MSE_ω=2.3812e-01
  sigma: σ_R=1.4121e-01  σ_ω=2.7688e-01  β=1.0000e+00
  PL   : train=-8.9268e-01  test=-9.5523e-01  σ_φ̄(train)=4.6961e-03  σ_φ̄(test)=4.0078e-03  σ_obs_ω=5.0000e-01  λ_PL=1.00
  KL   : M=1.986e+03  V=3.533e+02  Dw=1.956e+03  g=2.988e+03  sigma=3.318e+02  total=7.615e+03
  subnet MSE  M=1.389e+00  V=1.586e+01  Dw=3.664e-02  g=3.025e-01
[step   2000]
  train: −ELBO=-8.3900e-01  NLL=-6.8564e-01  NLL_R=-1.6190e+00  NLL_ω=9.3337e-01  MSE_R=5.9689e-02  MSE_ω=3.1383e-01
  test : −ELBO=-2.8984e+00  NLL=-2.6811e+00  NLL_R=-3.0735e+00  NLL_ω=3.9243e-01  MSE_R=1.8375e-03  MSE_ω=2.2796e-01
  sigma: σ_R=1.4102e-01  σ_ω=2.8173e-01  β=1.0000e+00
  PL   : train=-8.9515e-01  test=-9.5907e-01  σ_φ̄(train)=4.6744e-03  σ_φ̄(test)=3.9651e-03  σ_obs_ω=5.0000e-01  λ_PL=1.00
  KL   : M=1.979e+03  V=3.539e+02  Dw=1.949e+03  g=2.984e+03  sigma=3.308e+02  total=7.596e+03
  subnet MSE  M=1.385e+00  V=1.564e+01  Dw=3.662e-02  g=3.041e-01
[step   2050]
  train: −ELBO=-8.9427e-01  NLL=-7.3936e-01  NLL_R=-1.6224e+00  NLL_ω=8.8305e-01  MSE_R=5.9554e-02  MSE_ω=3.0751e-01
  test : −ELBO=-2.9653e+00  NLL=-2.7454e+00  NLL_R=-3.0769e+00  NLL_ω=3.3155e-01  MSE_R=1.7595e-03  MSE_ω=2.1770e-01
  sigma: σ_R=1.4096e-01  σ_ω=2.8533e-01  β=1.0000e+00
  PL   : train=-8.9497e-01  test=-9.5996e-01  σ_φ̄(train)=3.7489e-03  σ_φ̄(test)=3.1105e-03  σ_obs_ω=5.0000e-01  λ_PL=1.00
  KL   : M=1.972e+03  V=3.544e+02  Dw=1.942e+03  g=2.980e+03  sigma=3.299e+02  total=7.578e+03
  subnet MSE  M=1.398e+00  V=1.511e+01  Dw=3.718e-02  g=3.023e-01
[step   2100]
  train: −ELBO=-9.4196e-01  NLL=-7.8786e-01  NLL_R=-1.6240e+00  NLL_ω=8.3611e-01  MSE_R=5.9492e-02  MSE_ω=3.0092e-01
  test : −ELBO=-3.0052e+00  NLL=-2.7858e+00  NLL_R=-3.0812e+00  NLL_ω=2.9541e-01  MSE_R=1.7081e-03  MSE_ω=2.1112e-01
  sigma: σ_R=1.4081e-01  σ_ω=2.8816e-01  β=1.0000e+00
  PL   : train=-8.9255e-01  test=-9.5783e-01  σ_φ̄(train)=3.3508e-03  σ_φ̄(test)=2.7431e-03  σ_obs_ω=5.0000e-01  λ_PL=1.00
  KL   : M=1.966e+03  V=3.549e+02  Dw=1.936e+03  g=2.976e+03  sigma=3.291e+02  total=7.562e+03
  subnet MSE  M=1.386e+00  V=1.486e+01  Dw=3.475e-02  g=2.937e-01
[step   2150]
  train: −ELBO=-1.0100e+00  NLL=-8.5312e-01  NLL_R=-1.6251e+00  NLL_ω=7.7199e-01  MSE_R=5.9447e-02  MSE_ω=2.9084e-01
  test : −ELBO=-3.0681e+00  NLL=-2.8431e+00  NLL_R=-3.0841e+00  NLL_ω=2.4109e-01  MSE_R=1.6319e-03  MSE_ω=2.0139e-01
  sigma: σ_R=1.4076e-01  σ_ω=2.9021e-01  β=1.0000e+00
  PL   : train=-8.9377e-01  test=-9.6188e-01  σ_φ̄(train)=3.0405e-03  σ_φ̄(test)=2.5069e-03  σ_obs_ω=5.0000e-01  λ_PL=1.00
  KL   : M=1.960e+03  V=3.553e+02  Dw=1.930e+03  g=2.972e+03  sigma=3.282e+02  total=7.546e+03
  subnet MSE  M=1.379e+00  V=1.482e+01  Dw=3.369e-02  g=2.988e-01
[step   2200]
  train: −ELBO=-1.0916e+00  NLL=-9.2927e-01  NLL_R=-1.6280e+00  NLL_ω=6.9869e-01  MSE_R=5.9334e-02  MSE_ω=2.7892e-01
  test : −ELBO=-3.1375e+00  NLL=-2.9102e+00  NLL_R=-3.0890e+00  NLL_ω=1.7883e-01  MSE_R=1.5421e-03  MSE_ω=1.8973e-01
  sigma: σ_R=1.4063e-01  σ_ω=2.9286e-01  β=1.0000e+00
  PL   : train=-8.9667e-01  test=-9.6153e-01  σ_φ̄(train)=2.9296e-03  σ_φ̄(test)=2.4093e-03  σ_obs_ω=5.0000e-01  λ_PL=1.00
  KL   : M=1.950e+03  V=3.560e+02  Dw=1.920e+03  g=2.966e+03  sigma=3.267e+02  total=7.519e+03
  subnet MSE  M=1.408e+00  V=1.449e+01  Dw=3.553e-02  g=2.947e-01
[step   2250]
  train: −ELBO=-1.1397e+00  NLL=-9.7521e-01  NLL_R=-1.6295e+00  NLL_ω=6.5430e-01  MSE_R=5.9273e-02  MSE_ω=2.7140e-01
  test : −ELBO=-3.1708e+00  NLL=-2.9417e+00  NLL_R=-3.0914e+00  NLL_ω=1.4976e-01  MSE_R=1.5000e-03  MSE_ω=1.8424e-01
  sigma: σ_R=1.4057e-01  σ_ω=2.9389e-01  β=1.0000e+00
  PL   : train=-8.9693e-01  test=-9.6152e-01  σ_φ̄(train)=2.9540e-03  σ_φ̄(test)=2.4221e-03  σ_obs_ω=5.0000e-01  λ_PL=1.00
  KL   : M=1.943e+03  V=3.565e+02  Dw=1.913e+03  g=2.962e+03  sigma=3.256e+02  total=7.500e+03
  subnet MSE  M=1.426e+00  V=1.435e+01  Dw=3.477e-02  g=2.920e-01
[step   2300]
  train: −ELBO=-1.1968e+00  NLL=-1.0286e+00  NLL_R=-1.6313e+00  NLL_ω=6.0276e-01  MSE_R=5.9200e-02  MSE_ω=2.6251e-01
  test : −ELBO=-3.2170e+00  NLL=-2.9845e+00  NLL_R=-3.0941e+00  NLL_ω=1.0957e-01  MSE_R=1.4425e-03  MSE_ω=1.7696e-01
  sigma: σ_R=1.4051e-01  σ_ω=2.9449e-01  β=1.0000e+00
  PL   : train=-8.9864e-01  test=-9.6294e-01  σ_φ̄(train)=3.0703e-03  σ_φ̄(test)=2.5290e-03  σ_obs_ω=5.0000e-01  λ_PL=1.00
  KL   : M=1.935e+03  V=3.569e+02  Dw=1.906e+03  g=2.958e+03  sigma=3.244e+02  total=7.480e+03
  subnet MSE  M=1.424e+00  V=1.431e+01  Dw=3.471e-02  g=2.920e-01
[step   2350]
  train: −ELBO=-1.2350e+00  NLL=-1.0609e+00  NLL_R=-1.6317e+00  NLL_ω=5.7077e-01  MSE_R=5.9187e-02  MSE_ω=2.5696e-01
  test : −ELBO=-3.2514e+00  NLL=-3.0131e+00  NLL_R=-3.0963e+00  NLL_ω=8.3163e-02  MSE_R=1.4048e-03  MSE_ω=1.7228e-01
  sigma: σ_R=1.4045e-01  σ_ω=2.9468e-01  β=1.0000e+00
  PL   : train=-9.0138e-01  test=-9.6553e-01  σ_φ̄(train)=2.7364e-03  σ_φ̄(test)=2.2502e-03  σ_obs_ω=5.0000e-01  λ_PL=1.00
  KL   : M=1.923e+03  V=3.576e+02  Dw=1.894e+03  g=2.951e+03  sigma=3.225e+02  total=7.448e+03
  subnet MSE  M=1.421e+00  V=1.419e+01  Dw=3.442e-02  g=2.951e-01
[step   2400]
  train: −ELBO=-1.2916e+00  NLL=-1.1134e+00  NLL_R=-1.6331e+00  NLL_ω=5.1978e-01  MSE_R=5.9129e-02  MSE_ω=2.4816e-01
  test : −ELBO=-3.2997e+00  NLL=-3.0567e+00  NLL_R=-3.1001e+00  NLL_ω=4.3426e-02  MSE_R=1.3553e-03  MSE_ω=1.6586e-01
  sigma: σ_R=1.4033e-01  σ_ω=2.9394e-01  β=1.0000e+00
  PL   : train=-9.0151e-01  test=-9.6622e-01  σ_φ̄(train)=2.6927e-03  σ_φ̄(test)=2.2020e-03  σ_obs_ω=5.0000e-01  λ_PL=1.00
  KL   : M=1.908e+03  V=3.586e+02  Dw=1.878e+03  g=2.941e+03  sigma=3.200e+02  total=7.406e+03
  subnet MSE  M=1.399e+00  V=1.412e+01  Dw=3.282e-02  g=2.945e-01
[step   2450]
  train: −ELBO=-1.3521e+00  NLL=-1.1667e+00  NLL_R=-1.6368e+00  NLL_ω=4.7008e-01  MSE_R=5.8985e-02  MSE_ω=2.3981e-01
  test : −ELBO=-3.3777e+00  NLL=-3.1286e+00  NLL_R=-3.1042e+00  NLL_ω=-2.4373e-02  MSE_R=1.2738e-03  MSE_ω=1.5555e-01
  sigma: σ_R=1.4024e-01  σ_ω=2.9201e-01  β=1.0000e+00
  PL   : train=-9.0375e-01  test=-9.6730e-01  σ_φ̄(train)=2.6521e-03  σ_φ̄(test)=2.1427e-03  σ_obs_ω=5.0000e-01  λ_PL=1.00
  KL   : M=1.891e+03  V=3.596e+02  Dw=1.859e+03  g=2.929e+03  sigma=3.171e+02  total=7.356e+03
  subnet MSE  M=1.446e+00  V=1.384e+01  Dw=3.459e-02  g=2.941e-01
[step   2500]
  train: −ELBO=-1.4691e+00  NLL=-1.2703e+00  NLL_R=-1.6395e+00  NLL_ω=3.6919e-01  MSE_R=5.8878e-02  MSE_ω=2.2381e-01
  test : −ELBO=-3.5114e+00  NLL=-3.2491e+00  NLL_R=-3.1107e+00  NLL_ω=-1.3841e-01  MSE_R=1.1577e-03  MSE_ω=1.4116e-01
  sigma: σ_R=1.4006e-01  σ_ω=2.8550e-01  β=1.0000e+00
  PL   : train=-9.0718e-01  test=-9.7051e-01  σ_φ̄(train)=2.3251e-03  σ_φ̄(test)=1.8752e-03  σ_obs_ω=5.0000e-01  λ_PL=1.00
  KL   : M=1.856e+03  V=3.615e+02  Dw=1.822e+03  g=2.904e+03  sigma=3.108e+02  total=7.254e+03
  subnet MSE  M=1.473e+00  V=1.373e+01  Dw=3.153e-02  g=2.949e-01
[step   2550]
  train: −ELBO=-1.5399e+00  NLL=-1.3329e+00  NLL_R=-1.6409e+00  NLL_ω=3.0799e-01  MSE_R=5.8823e-02  MSE_ω=2.1497e-01
  test : −ELBO=-3.5750e+00  NLL=-3.3049e+00  NLL_R=-3.1120e+00  NLL_ω=-1.9287e-01  MSE_R=1.1269e-03  MSE_ω=1.3713e-01
  sigma: σ_R=1.4004e-01  σ_ω=2.7899e-01  β=1.0000e+00
  PL   : train=-9.0677e-01  test=-9.6971e-01  σ_φ̄(train)=2.2598e-03  σ_φ̄(test)=1.7969e-03  σ_obs_ω=5.0000e-01  λ_PL=1.00
  KL   : M=1.827e+03  V=3.630e+02  Dw=1.790e+03  g=2.881e+03  sigma=3.052e+02  total=7.167e+03
  subnet MSE  M=1.502e+00  V=1.385e+01  Dw=3.116e-02  g=2.916e-01
[step   2600]
  train: −ELBO=-1.5910e+00  NLL=-1.3744e+00  NLL_R=-1.6425e+00  NLL_ω=2.6812e-01  MSE_R=5.8761e-02  MSE_ω=2.0955e-01
  test : −ELBO=-3.6589e+00  NLL=-3.3792e+00  NLL_R=-3.1157e+00  NLL_ω=-2.6354e-01  MSE_R=1.0710e-03  MSE_ω=1.3012e-01
  sigma: σ_R=1.3993e-01  σ_ω=2.7347e-01  β=1.0000e+00
  PL   : train=-9.0815e-01  test=-9.7108e-01  σ_φ̄(train)=2.1461e-03  σ_φ̄(test)=1.6879e-03  σ_obs_ω=5.0000e-01  λ_PL=1.00
  KL   : M=1.800e+03  V=3.643e+02  Dw=1.759e+03  g=2.859e+03  sigma=2.998e+02  total=7.082e+03
  subnet MSE  M=1.497e+00  V=1.347e+01  Dw=3.023e-02  g=2.925e-01
[step   2650]
  train: −ELBO=-1.6602e+00  NLL=-1.4331e+00  NLL_R=-1.6443e+00  NLL_ω=2.1122e-01  MSE_R=5.8692e-02  MSE_ω=2.0182e-01
  test : −ELBO=-3.7298e+00  NLL=-3.4402e+00  NLL_R=-3.1172e+00  NLL_ω=-3.2298e-01  MSE_R=1.0343e-03  MSE_ω=1.2536e-01
  sigma: σ_R=1.3989e-01  σ_ω=2.6766e-01  β=1.0000e+00
  PL   : train=-9.0913e-01  test=-9.7135e-01  σ_φ̄(train)=1.9487e-03  σ_φ̄(test)=1.4962e-03  σ_obs_ω=5.0000e-01  λ_PL=1.00
  KL   : M=1.769e+03  V=3.655e+02  Dw=1.724e+03  g=2.832e+03  sigma=2.935e+02  total=6.984e+03
  subnet MSE  M=1.567e+00  V=1.343e+01  Dw=3.028e-02  g=2.914e-01
[step   2700]
  train: −ELBO=-1.7234e+00  NLL=-1.4825e+00  NLL_R=-1.6453e+00  NLL_ω=1.6277e-01  MSE_R=5.8654e-02  MSE_ω=1.9561e-01
  test : −ELBO=-3.8044e+00  NLL=-3.5020e+00  NLL_R=-3.1198e+00  NLL_ω=-3.8221e-01  MSE_R=1.0034e-03  MSE_ω=1.2149e-01
  sigma: σ_R=1.3982e-01  σ_ω=2.6089e-01  β=1.0000e+00
  PL   : train=-9.0989e-01  test=-9.7116e-01  σ_φ̄(train)=1.7027e-03  σ_φ̄(test)=1.2802e-03  σ_obs_ω=5.0000e-01  λ_PL=1.00
  KL   : M=1.726e+03  V=3.670e+02  Dw=1.678e+03  g=2.795e+03  sigma=2.848e+02  total=6.851e+03
  subnet MSE  M=1.577e+00  V=1.343e+01  Dw=3.009e-02  g=2.917e-01
[step   2750]
  train: −ELBO=-1.7732e+00  NLL=-1.5185e+00  NLL_R=-1.6465e+00  NLL_ω=1.2801e-01  MSE_R=5.8604e-02  MSE_ω=1.9123e-01
  test : −ELBO=-3.8618e+00  NLL=-3.5452e+00  NLL_R=-3.1221e+00  NLL_ω=-4.2314e-01  MSE_R=9.8470e-04  MSE_ω=1.1909e-01
  sigma: σ_R=1.3971e-01  σ_ω=2.5593e-01  β=1.0000e+00
  PL   : train=-9.1008e-01  test=-9.7165e-01  σ_φ̄(train)=1.5155e-03  σ_φ̄(test)=1.1109e-03  σ_obs_ω=5.0000e-01  λ_PL=1.00
  KL   : M=1.683e+03  V=3.683e+02  Dw=1.631e+03  g=2.754e+03  sigma=2.756e+02  total=6.711e+03
  subnet MSE  M=1.632e+00  V=1.336e+01  Dw=3.011e-02  g=2.901e-01
[step   2800]
  train: −ELBO=-1.8203e+00  NLL=-1.5502e+00  NLL_R=-1.6478e+00  NLL_ω=9.7667e-02  MSE_R=5.8553e-02  MSE_ω=1.8744e-01
  test : −ELBO=-3.9042e+00  NLL=-3.5726e+00  NLL_R=-3.1226e+00  NLL_ω=-4.5004e-01  MSE_R=9.7412e-04  MSE_ω=1.1775e-01
  sigma: σ_R=1.3973e-01  σ_ω=2.5227e-01  β=1.0000e+00
  PL   : train=-9.1133e-01  test=-9.7258e-01  σ_φ̄(train)=1.3382e-03  σ_φ̄(test)=9.6542e-04  σ_obs_ω=5.0000e-01  λ_PL=1.00
  KL   : M=1.638e+03  V=3.693e+02  Dw=1.583e+03  g=2.710e+03  sigma=2.660e+02  total=6.566e+03
  subnet MSE  M=1.655e+00  V=1.327e+01  Dw=3.102e-02  g=2.923e-01
[step   2850]
  train: −ELBO=-1.8501e+00  NLL=-1.5680e+00  NLL_R=-1.6475e+00  NLL_ω=7.9512e-02  MSE_R=5.8567e-02  MSE_ω=1.8520e-01
  test : −ELBO=-3.9367e+00  NLL=-3.5935e+00  NLL_R=-3.1230e+00  NLL_ω=-4.7054e-01  MSE_R=9.6367e-04  MSE_ω=1.1645e-01
  sigma: σ_R=1.3972e-01  σ_ω=2.5001e-01  β=1.0000e+00
  PL   : train=-9.1127e-01  test=-9.7220e-01  σ_φ̄(train)=1.1849e-03  σ_φ̄(test)=8.3385e-04  σ_obs_ω=5.0000e-01  λ_PL=1.00
  KL   : M=1.600e+03  V=3.699e+02  Dw=1.543e+03  g=2.672e+03  sigma=2.579e+02  total=6.443e+03
  subnet MSE  M=1.691e+00  V=1.333e+01  Dw=3.125e-02  g=2.911e-01
[step   2900]
  train: −ELBO=-1.8701e+00  NLL=-1.5792e+00  NLL_R=-1.6481e+00  NLL_ω=6.8983e-02  MSE_R=5.8541e-02  MSE_ω=1.8391e-01
  test : −ELBO=-3.9535e+00  NLL=-3.6013e+00  NLL_R=-3.1228e+00  NLL_ω=-4.7852e-01  MSE_R=9.6159e-04  MSE_ω=1.1621e-01
  sigma: σ_R=1.3973e-01  σ_ω=2.4867e-01  β=1.0000e+00
  PL   : train=-9.1055e-01  test=-9.7167e-01  σ_φ̄(train)=1.1456e-03  σ_φ̄(test)=7.9352e-04  σ_obs_ω=5.0000e-01  λ_PL=1.00
  KL   : M=1.570e+03  V=3.701e+02  Dw=1.512e+03  g=2.642e+03  sigma=2.515e+02  total=6.345e+03
  subnet MSE  M=1.702e+00  V=1.336e+01  Dw=3.136e-02  g=2.899e-01
[step   2950]
  train: −ELBO=-1.9041e+00  NLL=-1.5964e+00  NLL_R=-1.6485e+00  NLL_ω=5.2104e-02  MSE_R=5.8526e-02  MSE_ω=1.8185e-01
  test : −ELBO=-3.9785e+00  NLL=-3.6095e+00  NLL_R=-3.1242e+00  NLL_ω=-4.8530e-01  MSE_R=9.6267e-04  MSE_ω=1.1633e-01
  sigma: σ_R=1.3966e-01  σ_ω=2.4696e-01  β=1.0000e+00
  PL   : train=-9.1235e-01  test=-9.7319e-01  σ_φ̄(train)=1.0090e-03  σ_φ̄(test)=6.5937e-04  σ_obs_ω=5.0000e-01  λ_PL=1.00
  KL   : M=1.523e+03  V=3.703e+02  Dw=1.464e+03  g=2.594e+03  sigma=2.414e+02  total=6.192e+03
  subnet MSE  M=1.713e+00  V=1.338e+01  Dw=3.023e-02  g=2.934e-01
[step   3000]
  train: −ELBO=-1.9396e+00  NLL=-1.6172e+00  NLL_R=-1.6490e+00  NLL_ω=3.1823e-02  MSE_R=5.8506e-02  MSE_ω=1.7941e-01
  test : −ELBO=-4.0117e+00  NLL=-3.6288e+00  NLL_R=-3.1255e+00  NLL_ω=-5.0331e-01  MSE_R=9.5141e-04  MSE_ω=1.1489e-01
  sigma: σ_R=1.3962e-01  σ_ω=2.4555e-01  β=1.0000e+00
  PL   : train=-9.1219e-01  test=-9.7242e-01  σ_φ̄(train)=9.1470e-04  σ_φ̄(test)=5.8861e-04  σ_obs_ω=5.0000e-01  λ_PL=1.00
  KL   : M=1.477e+03  V=3.703e+02  Dw=1.417e+03  g=2.545e+03  sigma=2.312e+02  total=6.040e+03
  subnet MSE  M=1.734e+00  V=1.333e+01  Dw=3.175e-02  g=2.915e-01
[step   3050]
  train: −ELBO=-1.9574e+00  NLL=-1.6235e+00  NLL_R=-1.6495e+00  NLL_ω=2.6010e-02  MSE_R=5.8489e-02  MSE_ω=1.7872e-01
  test : −ELBO=-4.0230e+00  NLL=-3.6289e+00  NLL_R=-3.1254e+00  NLL_ω=-5.0346e-01  MSE_R=9.5693e-04  MSE_ω=1.1545e-01
  sigma: σ_R=1.3961e-01  σ_ω=2.4445e-01  β=1.0000e+00
  PL   : train=-9.1236e-01  test=-9.7229e-01  σ_φ̄(train)=8.5574e-04  σ_φ̄(test)=5.2844e-04  σ_obs_ω=5.0000e-01  λ_PL=1.00
  KL   : M=1.441e+03  V=3.701e+02  Dw=1.381e+03  g=2.507e+03  sigma=2.234e+02  total=5.923e+03
  subnet MSE  M=1.753e+00  V=1.329e+01  Dw=3.100e-02  g=2.915e-01
[step   3100]
  train: −ELBO=-1.9940e+00  NLL=-1.6411e+00  NLL_R=-1.6499e+00  NLL_ω=8.7616e-03  MSE_R=5.8473e-02  MSE_ω=1.7668e-01
  test : −ELBO=-4.0491e+00  NLL=-3.6367e+00  NLL_R=-3.1253e+00  NLL_ω=-5.1138e-01  MSE_R=9.5469e-04  MSE_ω=1.1520e-01
  sigma: σ_R=1.3962e-01  σ_ω=2.4312e-01  β=1.0000e+00
  PL   : train=-9.1267e-01  test=-9.7182e-01  σ_φ̄(train)=8.2629e-04  σ_φ̄(test)=4.7664e-04  σ_obs_ω=5.0000e-01  λ_PL=1.00
  KL   : M=1.383e+03  V=3.695e+02  Dw=1.325e+03  g=2.444e+03  sigma=2.107e+02  total=5.732e+03
  subnet MSE  M=1.770e+00  V=1.327e+01  Dw=3.223e-02  g=2.915e-01
[step   3150]
  train: −ELBO=-2.0224e+00  NLL=-1.6542e+00  NLL_R=-1.6500e+00  NLL_ω=-4.1425e-03  MSE_R=5.8467e-02  MSE_ω=1.7516e-01
  test : −ELBO=-4.0607e+00  NLL=-3.6336e+00  NLL_R=-3.1257e+00  NLL_ω=-5.0788e-01  MSE_R=9.6146e-04  MSE_ω=1.1607e-01
  sigma: σ_R=1.3959e-01  σ_ω=2.4221e-01  β=1.0000e+00
  PL   : train=-9.1336e-01  test=-9.7200e-01  σ_φ̄(train)=7.7294e-04  σ_φ̄(test)=4.2076e-04  σ_obs_ω=5.0000e-01  λ_PL=1.00
  KL   : M=1.338e+03  V=3.688e+02  Dw=1.281e+03  g=2.393e+03  sigma=2.008e+02  total=5.582e+03
  subnet MSE  M=1.774e+00  V=1.331e+01  Dw=3.227e-02  g=2.920e-01
[step   3200]
  train: −ELBO=-2.0476e+00  NLL=-1.6645e+00  NLL_R=-1.6504e+00  NLL_ω=-1.4066e-02  MSE_R=5.8453e-02  MSE_ω=1.7401e-01
  test : −ELBO=-4.0771e+00  NLL=-3.6356e+00  NLL_R=-3.1258e+00  NLL_ω=-5.0979e-01  MSE_R=9.6352e-04  MSE_ω=1.1629e-01
  sigma: σ_R=1.3956e-01  σ_ω=2.4130e-01  β=1.0000e+00
  PL   : train=-9.1363e-01  test=-9.7168e-01  σ_φ̄(train)=7.0112e-04  σ_φ̄(test)=3.6675e-04  σ_obs_ω=5.0000e-01  λ_PL=1.00
  KL   : M=1.294e+03  V=3.680e+02  Dw=1.237e+03  g=2.342e+03  sigma=1.908e+02  total=5.432e+03
  subnet MSE  M=1.785e+00  V=1.321e+01  Dw=3.231e-02  g=2.920e-01
[step   3250]
  train: −ELBO=-2.0702e+00  NLL=-1.6713e+00  NLL_R=-1.6502e+00  NLL_ω=-2.1075e-02  MSE_R=5.8460e-02  MSE_ω=1.7320e-01
  test : −ELBO=-4.0919e+00  NLL=-3.6348e+00  NLL_R=-3.1246e+00  NLL_ω=-5.1021e-01  MSE_R=9.6730e-04  MSE_ω=1.1673e-01
  sigma: σ_R=1.3965e-01  σ_ω=2.4026e-01  β=1.0000e+00
  PL   : train=-9.1368e-01  test=-9.7162e-01  σ_φ̄(train)=6.7809e-04  σ_φ̄(test)=3.1873e-04  σ_obs_ω=5.0000e-01  λ_PL=1.00
  KL   : M=1.246e+03  V=3.667e+02  Dw=1.192e+03  g=2.286e+03  sigma=1.802e+02  total=5.271e+03
  subnet MSE  M=1.796e+00  V=1.322e+01  Dw=3.188e-02  g=2.923e-01
[step   3300]
  train: −ELBO=-2.0964e+00  NLL=-1.6818e+00  NLL_R=-1.6504e+00  NLL_ω=-3.1399e-02  MSE_R=5.8452e-02  MSE_ω=1.7201e-01
  test : −ELBO=-4.1071e+00  NLL=-3.6347e+00  NLL_R=-3.1250e+00  NLL_ω=-5.0976e-01  MSE_R=9.6924e-04  MSE_ω=1.1705e-01
  sigma: σ_R=1.3958e-01  σ_ω=2.3970e-01  β=1.0000e+00
  PL   : train=-9.1414e-01  test=-9.7156e-01  σ_φ̄(train)=6.6046e-04  σ_φ̄(test)=2.8604e-04  σ_obs_ω=5.0000e-01  λ_PL=1.00
  KL   : M=1.200e+03  V=3.653e+02  Dw=1.148e+03  g=2.232e+03  sigma=1.700e+02  total=5.116e+03
  subnet MSE  M=1.812e+00  V=1.321e+01  Dw=3.219e-02  g=2.925e-01
[step   3350]
  train: −ELBO=-2.1229e+00  NLL=-1.6925e+00  NLL_R=-1.6511e+00  NLL_ω=-4.1414e-02  MSE_R=5.8427e-02  MSE_ω=1.7087e-01
  test : −ELBO=-4.1235e+00  NLL=-3.6359e+00  NLL_R=-3.1273e+00  NLL_ω=-5.0868e-01  MSE_R=9.7422e-04  MSE_ω=1.1758e-01
  sigma: σ_R=1.3952e-01  σ_ω=2.3879e-01  β=1.0000e+00
  PL   : train=-9.1349e-01  test=-9.7034e-01  σ_φ̄(train)=6.2036e-04  σ_φ̄(test)=2.4169e-04  σ_obs_ω=5.0000e-01  λ_PL=1.00
  KL   : M=1.151e+03  V=3.634e+02  Dw=1.102e+03  g=2.171e+03  sigma=1.590e+02  total=4.947e+03
  subnet MSE  M=1.820e+00  V=1.323e+01  Dw=3.238e-02  g=2.907e-01
[step   3400]
  train: −ELBO=-2.1514e+00  NLL=-1.7038e+00  NLL_R=-1.6512e+00  NLL_ω=-5.2627e-02  MSE_R=5.8421e-02  MSE_ω=1.6959e-01
  test : −ELBO=-4.1371e+00  NLL=-3.6325e+00  NLL_R=-3.1272e+00  NLL_ω=-5.0528e-01  MSE_R=9.8039e-04  MSE_ω=1.1828e-01
  sigma: σ_R=1.3950e-01  σ_ω=2.3808e-01  β=1.0000e+00
  PL   : train=-9.1370e-01  test=-9.7040e-01  σ_φ̄(train)=4.9989e-04  σ_φ̄(test)=1.7342e-04  σ_obs_ω=5.0000e-01  λ_PL=1.00
  KL   : M=1.101e+03  V=3.611e+02  Dw=1.055e+03  g=2.109e+03  sigma=1.480e+02  total=4.774e+03
  subnet MSE  M=1.848e+00  V=1.322e+01  Dw=3.263e-02  g=2.918e-01
[step   3450]
  train: −ELBO=-2.1690e+00  NLL=-1.7051e+00  NLL_R=-1.6507e+00  NLL_ω=-5.4381e-02  MSE_R=5.8440e-02  MSE_ω=1.6940e-01
  test : −ELBO=-4.1434e+00  NLL=-3.6230e+00  NLL_R=-3.1257e+00  NLL_ω=-4.9731e-01  MSE_R=9.8860e-04  MSE_ω=1.1942e-01
  sigma: σ_R=1.3954e-01  σ_ω=2.3751e-01  β=1.0000e+00
  PL   : train=-9.1518e-01  test=-9.7142e-01  σ_φ̄(train)=4.6773e-04  σ_φ̄(test)=1.4392e-04  σ_obs_ω=5.0000e-01  λ_PL=1.00
  KL   : M=1.057e+03  V=3.590e+02  Dw=1.015e+03  g=2.053e+03  sigma=1.382e+02  total=4.621e+03
  subnet MSE  M=1.855e+00  V=1.332e+01  Dw=3.153e-02  g=2.934e-01
[step   3500]
  train: −ELBO=-2.1896e+00  NLL=-1.7145e+00  NLL_R=-1.6515e+00  NLL_ω=-6.3043e-02  MSE_R=5.8411e-02  MSE_ω=1.6842e-01
  test : −ELBO=-4.1607e+00  NLL=-3.6292e+00  NLL_R=-3.1259e+00  NLL_ω=-5.0326e-01  MSE_R=9.8508e-04  MSE_ω=1.1893e-01
  sigma: σ_R=1.3955e-01  σ_ω=2.3710e-01  β=1.0000e+00
  PL   : train=-9.1458e-01  test=-9.7081e-01  σ_φ̄(train)=4.1682e-04  σ_φ̄(test)=1.1718e-04  σ_obs_ω=5.0000e-01  λ_PL=1.00
  KL   : M=1.022e+03  V=3.572e+02  Dw=9.830e+02  g=2.008e+03  sigma=1.306e+02  total=4.500e+03
  subnet MSE  M=1.859e+00  V=1.319e+01  Dw=3.249e-02  g=2.930e-01
[step   3550]
  train: −ELBO=-2.2104e+00  NLL=-1.7217e+00  NLL_R=-1.6517e+00  NLL_ω=-7.0032e-02  MSE_R=5.8403e-02  MSE_ω=1.6764e-01
  test : −ELBO=-4.1787e+00  NLL=-3.6335e+00  NLL_R=-3.1267e+00  NLL_ω=-5.0687e-01  MSE_R=9.8298e-04  MSE_ω=1.1871e-01
  sigma: σ_R=1.3952e-01  σ_ω=2.3665e-01  β=1.0000e+00
  PL   : train=-9.1552e-01  test=-9.7173e-01  σ_φ̄(train)=3.7161e-04  σ_φ̄(test)=8.9724e-05  σ_obs_ω=5.0000e-01  λ_PL=1.00
  KL   : M=9.850e+02  V=3.550e+02  Dw=9.496e+02  g=1.959e+03  sigma=1.226e+02  total=4.371e+03
  subnet MSE  M=1.875e+00  V=1.312e+01  Dw=3.337e-02  g=2.952e-01
[step   3600]
  train: −ELBO=-2.2251e+00  NLL=-1.7261e+00  NLL_R=-1.6514e+00  NLL_ω=-7.4735e-02  MSE_R=5.8415e-02  MSE_ω=1.6711e-01
  test : −ELBO=-4.1840e+00  NLL=-3.6291e+00  NLL_R=-3.1259e+00  NLL_ω=-5.0319e-01  MSE_R=9.8803e-04  MSE_ω=1.1931e-01
  sigma: σ_R=1.3953e-01  σ_ω=2.3619e-01  β=1.0000e+00
  PL   : train=-9.1523e-01  test=-9.7089e-01  σ_φ̄(train)=3.4970e-04  σ_φ̄(test)=7.5629e-05  σ_obs_ω=5.0000e-01  λ_PL=1.00
  KL   : M=9.541e+02  V=3.530e+02  Dw=9.220e+02  g=1.917e+03  sigma=1.159e+02  total=4.262e+03
  subnet MSE  M=1.884e+00  V=1.318e+01  Dw=3.287e-02  g=2.941e-01
[step   3650]
  train: −ELBO=-2.2418e+00  NLL=-1.7318e+00  NLL_R=-1.6514e+00  NLL_ω=-8.0412e-02  MSE_R=5.8413e-02  MSE_ω=1.6648e-01
  test : −ELBO=-4.1920e+00  NLL=-3.6266e+00  NLL_R=-3.1257e+00  NLL_ω=-5.0083e-01  MSE_R=9.9123e-04  MSE_ω=1.1973e-01
  sigma: σ_R=1.3954e-01  σ_ω=2.3580e-01  β=1.0000e+00
  PL   : train=-9.1477e-01  test=-9.7010e-01  σ_φ̄(train)=2.7639e-04  σ_φ̄(test)=5.1992e-05  σ_obs_ω=5.0000e-01  λ_PL=1.00
  KL   : M=9.207e+02  V=3.507e+02  Dw=8.926e+02  g=1.872e+03  sigma=1.089e+02  total=4.145e+03
  subnet MSE  M=1.889e+00  V=1.325e+01  Dw=3.176e-02  g=2.922e-01
[step   3700]
  train: −ELBO=-2.2538e+00  NLL=-1.7332e+00  NLL_R=-1.6513e+00  NLL_ω=-8.1905e-02  MSE_R=5.8417e-02  MSE_ω=1.6632e-01
  test : −ELBO=-4.2081e+00  NLL=-3.6314e+00  NLL_R=-3.1259e+00  NLL_ω=-5.0555e-01  MSE_R=9.8770e-04  MSE_ω=1.1934e-01
  sigma: σ_R=1.3954e-01  σ_ω=2.3548e-01  β=1.0000e+00
  PL   : train=-9.1543e-01  test=-9.7133e-01  σ_φ̄(train)=2.5131e-04  σ_φ̄(test)=4.2388e-05  σ_obs_ω=5.0000e-01  λ_PL=1.00
  KL   : M=8.920e+02  V=3.487e+02  Dw=8.675e+02  g=1.832e+03  sigma=1.028e+02  total=4.044e+03
  subnet MSE  M=1.891e+00  V=1.320e+01  Dw=3.242e-02  g=2.947e-01
[step   3750]
  train: −ELBO=-2.2712e+00  NLL=-1.7392e+00  NLL_R=-1.6521e+00  NLL_ω=-8.7053e-02  MSE_R=5.8387e-02  MSE_ω=1.6575e-01
  test : −ELBO=-4.2177e+00  NLL=-3.6301e+00  NLL_R=-3.1270e+00  NLL_ω=-5.0318e-01  MSE_R=9.9236e-04  MSE_ω=1.1978e-01
  sigma: σ_R=1.3950e-01  σ_ω=2.3502e-01  β=1.0000e+00
  PL   : train=-9.1505e-01  test=-9.7027e-01  σ_φ̄(train)=2.3778e-04  σ_φ̄(test)=3.2887e-05  σ_obs_ω=5.0000e-01  λ_PL=1.00
  KL   : M=8.580e+02  V=3.462e+02  Dw=8.380e+02  g=1.784e+03  sigma=9.562e+01  total=3.922e+03
  subnet MSE  M=1.903e+00  V=1.318e+01  Dw=3.279e-02  g=2.931e-01
[step   3800]
  train: −ELBO=-2.2808e+00  NLL=-1.7396e+00  NLL_R=-1.6519e+00  NLL_ω=-8.7707e-02  MSE_R=5.8394e-02  MSE_ω=1.6567e-01
  test : −ELBO=-4.2271e+00  NLL=-3.6304e+00  NLL_R=-3.1265e+00  NLL_ω=-5.0395e-01  MSE_R=9.9158e-04  MSE_ω=1.1976e-01
  sigma: σ_R=1.3951e-01  σ_ω=2.3484e-01  β=1.0000e+00
  PL   : train=-9.1543e-01  test=-9.7077e-01  σ_φ̄(train)=1.9631e-04  σ_φ̄(test)=2.3375e-05  σ_obs_ω=5.0000e-01  λ_PL=1.00
  KL   : M=8.328e+02  V=3.442e+02  Dw=8.165e+02  g=1.748e+03  sigma=9.059e+01  total=3.832e+03
  subnet MSE  M=1.906e+00  V=1.315e+01  Dw=3.299e-02  g=2.940e-01
[step   3850]
  train: −ELBO=-2.2979e+00  NLL=-1.7449e+00  NLL_R=-1.6522e+00  NLL_ω=-9.2701e-02  MSE_R=5.8383e-02  MSE_ω=1.6512e-01
  test : −ELBO=-4.2330e+00  NLL=-3.6250e+00  NLL_R=-3.1240e+00  NLL_ω=-5.0102e-01  MSE_R=9.9526e-04  MSE_ω=1.2020e-01
  sigma: σ_R=1.3957e-01  σ_ω=2.3454e-01  β=1.0000e+00
  PL   : train=-9.1566e-01  test=-9.7046e-01  σ_φ̄(train)=1.3051e-04  σ_φ̄(test)=1.3605e-05  σ_obs_ω=5.0000e-01  λ_PL=1.00
  KL   : M=7.995e+02  V=3.413e+02  Dw=7.883e+02  g=1.700e+03  sigma=8.440e+01  total=3.713e+03
  subnet MSE  M=1.912e+00  V=1.317e+01  Dw=3.263e-02  g=2.937e-01
[step   3900]
  train: −ELBO=-2.3049e+00  NLL=-1.7450e+00  NLL_R=-1.6518e+00  NLL_ω=-9.3258e-02  MSE_R=5.8399e-02  MSE_ω=1.6506e-01
  test : −ELBO=-4.2416e+00  NLL=-3.6268e+00  NLL_R=-3.1265e+00  NLL_ω=-5.0028e-01  MSE_R=9.9611e-04  MSE_ω=1.2033e-01
  sigma: σ_R=1.3951e-01  σ_ω=2.3440e-01  β=1.0000e+00
  PL   : train=-9.1559e-01  test=-9.7045e-01  σ_φ̄(train)=1.2170e-04  σ_φ̄(test)=1.2745e-05  σ_obs_ω=5.0000e-01  λ_PL=1.00
  KL   : M=7.795e+02  V=3.395e+02  Dw=7.717e+02  g=1.671e+03  sigma=8.071e+01  total=3.643e+03
  subnet MSE  M=1.919e+00  V=1.308e+01  Dw=3.288e-02  g=2.936e-01
[step   3950]
  train: −ELBO=-2.3203e+00  NLL=-1.7516e+00  NLL_R=-1.6523e+00  NLL_ω=-9.9318e-02  MSE_R=5.8380e-02  MSE_ω=1.6440e-01
  test : −ELBO=-4.2477e+00  NLL=-3.6245e+00  NLL_R=-3.1272e+00  NLL_ω=-4.9730e-01  MSE_R=9.9959e-04  MSE_ω=1.2078e-01
  sigma: σ_R=1.3947e-01  σ_ω=2.3411e-01  β=1.0000e+00
  PL   : train=-9.1564e-01  test=-9.7006e-01  σ_φ̄(train)=1.5027e-04  σ_φ̄(test)=1.2752e-05  σ_obs_ω=5.0000e-01  λ_PL=1.00
  KL   : M=7.545e+02  V=3.372e+02  Dw=7.515e+02  g=1.634e+03  sigma=7.577e+01  total=3.553e+03
  subnet MSE  M=1.917e+00  V=1.317e+01  Dw=3.288e-02  g=2.934e-01
[step   4000]
  train: −ELBO=-2.3287e+00  NLL=-1.7543e+00  NLL_R=-1.6522e+00  NLL_ω=-1.0213e-01  MSE_R=5.8383e-02  MSE_ω=1.6409e-01
  test : −ELBO=-4.2563e+00  NLL=-3.6273e+00  NLL_R=-3.1268e+00  NLL_ω=-5.0051e-01  MSE_R=9.9665e-04  MSE_ω=1.2047e-01
  sigma: σ_R=1.3950e-01  σ_ω=2.3397e-01  β=1.0000e+00
  PL   : train=-9.1555e-01  test=-9.6999e-01  σ_φ̄(train)=1.2664e-04  σ_φ̄(test)=9.5539e-06  σ_obs_ω=5.0000e-01  λ_PL=1.00
  KL   : M=7.380e+02  V=3.356e+02  Dw=7.379e+02  g=1.609e+03  sigma=7.293e+01  total=3.494e+03
  subnet MSE  M=1.927e+00  V=1.312e+01  Dw=3.312e-02  g=2.936e-01
[step   4050]
  train: −ELBO=-2.3423e+00  NLL=-1.7593e+00  NLL_R=-1.6524e+00  NLL_ω=-1.0693e-01  MSE_R=5.8376e-02  MSE_ω=1.6356e-01
  test : −ELBO=-4.2703e+00  NLL=-3.6324e+00  NLL_R=-3.1270e+00  NLL_ω=-5.0549e-01  MSE_R=9.9351e-04  MSE_ω=1.2005e-01
  sigma: σ_R=1.3948e-01  σ_ω=2.3365e-01  β=1.0000e+00
  PL   : train=-9.1554e-01  test=-9.7029e-01  σ_φ̄(train)=1.1451e-04  σ_φ̄(test)=8.1943e-06  σ_obs_ω=5.0000e-01  λ_PL=1.00
  KL   : M=7.135e+02  V=3.331e+02  Dw=7.180e+02  g=1.572e+03  sigma=6.838e+01  total=3.405e+03
  subnet MSE  M=1.926e+00  V=1.318e+01  Dw=3.307e-02  g=2.934e-01
[step   4100]
  train: −ELBO=-2.3465e+00  NLL=-1.7567e+00  NLL_R=-1.6524e+00  NLL_ω=-1.0430e-01  MSE_R=5.8377e-02  MSE_ω=1.6385e-01
  test : −ELBO=-4.2713e+00  NLL=-3.6269e+00  NLL_R=-3.1260e+00  NLL_ω=-5.0094e-01  MSE_R=9.9695e-04  MSE_ω=1.2051e-01
  sigma: σ_R=1.3953e-01  σ_ω=2.3373e-01  β=1.0000e+00
  PL   : train=-9.1607e-01  test=-9.7053e-01  σ_φ̄(train)=1.3107e-04  σ_φ̄(test)=7.0910e-06  σ_obs_ω=5.0000e-01  λ_PL=1.00
  KL   : M=6.960e+02  V=3.313e+02  Dw=7.038e+02  g=1.545e+03  sigma=6.520e+01  total=3.341e+03
  subnet MSE  M=1.927e+00  V=1.316e+01  Dw=3.286e-02  g=2.939e-01
[step   4150]
  train: −ELBO=-2.3608e+00  NLL=-1.7629e+00  NLL_R=-1.6522e+00  NLL_ω=-1.1068e-01  MSE_R=5.8384e-02  MSE_ω=1.6316e-01
  test : −ELBO=-4.2804e+00  NLL=-3.6278e+00  NLL_R=-3.1265e+00  NLL_ω=-5.0130e-01  MSE_R=9.9815e-04  MSE_ω=1.2060e-01
  sigma: σ_R=1.3949e-01  σ_ω=2.3338e-01  β=1.0000e+00
  PL   : train=-9.1603e-01  test=-9.7056e-01  σ_φ̄(train)=9.6779e-05  σ_φ̄(test)=5.0699e-06  σ_obs_ω=5.0000e-01  λ_PL=1.00
  KL   : M=6.733e+02  V=3.289e+02  Dw=6.855e+02  g=1.508e+03  sigma=6.134e+01  total=3.257e+03
  subnet MSE  M=1.940e+00  V=1.318e+01  Dw=3.307e-02  g=2.945e-01
[step   4200]
  train: −ELBO=-2.3692e+00  NLL=-1.7629e+00  NLL_R=-1.6529e+00  NLL_ω=-1.1006e-01  MSE_R=5.8357e-02  MSE_ω=1.6322e-01
  test : −ELBO=-4.2906e+00  NLL=-3.6299e+00  NLL_R=-3.1265e+00  NLL_ω=-5.0341e-01  MSE_R=9.9656e-04  MSE_ω=1.2042e-01
  sigma: σ_R=1.3950e-01  σ_ω=2.3326e-01  β=1.0000e+00
  PL   : train=-9.1590e-01  test=-9.7022e-01  σ_φ̄(train)=9.8605e-05  σ_φ̄(test)=3.5783e-06  σ_obs_ω=5.0000e-01  λ_PL=1.00
  KL   : M=6.497e+02  V=3.263e+02  Dw=6.666e+02  g=1.471e+03  sigma=5.738e+01  total=3.171e+03
  subnet MSE  M=1.945e+00  V=1.318e+01  Dw=3.344e-02  g=2.939e-01
[step   4250]
  train: −ELBO=-2.3775e+00  NLL=-1.7641e+00  NLL_R=-1.6527e+00  NLL_ω=-1.1144e-01  MSE_R=5.8365e-02  MSE_ω=1.6307e-01
  test : −ELBO=-4.2888e+00  NLL=-3.6214e+00  NLL_R=-3.1260e+00  NLL_ω=-4.9544e-01  MSE_R=1.0035e-03  MSE_ω=1.2128e-01
  sigma: σ_R=1.3953e-01  σ_ω=2.3327e-01  β=1.0000e+00
  PL   : train=-9.1600e-01  test=-9.6988e-01  σ_φ̄(train)=8.1805e-05  σ_φ̄(test)=2.7791e-06  σ_obs_ω=5.0000e-01  λ_PL=1.00
  KL   : M=6.300e+02  V=3.239e+02  Dw=6.514e+02  g=1.439e+03  sigma=5.414e+01  total=3.098e+03
  subnet MSE  M=1.944e+00  V=1.318e+01  Dw=3.287e-02  g=2.936e-01
[step   4300]
  train: −ELBO=-2.3889e+00  NLL=-1.7687e+00  NLL_R=-1.6524e+00  NLL_ω=-1.1631e-01  MSE_R=5.8374e-02  MSE_ω=1.6254e-01
  test : −ELBO=-4.2983e+00  NLL=-3.6233e+00  NLL_R=-3.1268e+00  NLL_ω=-4.9650e-01  MSE_R=1.0037e-03  MSE_ω=1.2130e-01
  sigma: σ_R=1.3948e-01  σ_ω=2.3291e-01  β=1.0000e+00
  PL   : train=-9.1556e-01  test=-9.7024e-01  σ_φ̄(train)=6.6584e-05  σ_φ̄(test)=1.9420e-06  σ_obs_ω=5.0000e-01  λ_PL=1.00
  KL   : M=6.099e+02  V=3.215e+02  Dw=6.360e+02  g=1.406e+03  sigma=5.093e+01  total=3.025e+03
  subnet MSE  M=1.946e+00  V=1.322e+01  Dw=3.337e-02  g=2.945e-01
[step   4350]
  train: −ELBO=-2.3965e+00  NLL=-1.7687e+00  NLL_R=-1.6530e+00  NLL_ω=-1.1562e-01  MSE_R=5.8350e-02  MSE_ω=1.6262e-01
  test : −ELBO=-4.3031e+00  NLL=-3.6215e+00  NLL_R=-3.1273e+00  NLL_ω=-4.9420e-01  MSE_R=1.0060e-03  MSE_ω=1.2158e-01
  sigma: σ_R=1.3942e-01  σ_ω=2.3281e-01  β=1.0000e+00
  PL   : train=-9.1561e-01  test=-9.6926e-01  σ_φ̄(train)=5.3921e-05  σ_φ̄(test)=1.5747e-06  σ_obs_ω=5.0000e-01  λ_PL=1.00
  KL   : M=5.886e+02  V=3.188e+02  Dw=6.201e+02  g=1.372e+03  sigma=4.748e+01  total=2.947e+03
  subnet MSE  M=1.954e+00  V=1.310e+01  Dw=3.339e-02  g=2.930e-01
[step   4400]
  train: −ELBO=-2.4048e+00  NLL=-1.7700e+00  NLL_R=-1.6526e+00  NLL_ω=-1.1734e-01  MSE_R=5.8367e-02  MSE_ω=1.6243e-01
  test : −ELBO=-4.3129e+00  NLL=-3.6242e+00  NLL_R=-3.1284e+00  NLL_ω=-4.9574e-01  MSE_R=1.0052e-03  MSE_ω=1.2148e-01
  sigma: σ_R=1.3950e-01  σ_ω=2.3262e-01  β=1.0000e+00
  PL   : train=-9.1655e-01  test=-9.7032e-01  σ_φ̄(train)=8.5017e-05  σ_φ̄(test)=1.2706e-06  σ_obs_ω=5.0000e-01  λ_PL=1.00
  KL   : M=5.719e+02  V=3.166e+02  Dw=6.081e+02  g=1.344e+03  sigma=4.492e+01  total=2.885e+03
  subnet MSE  M=1.960e+00  V=1.318e+01  Dw=3.270e-02  g=2.944e-01
[step   4450]
  train: −ELBO=-2.4158e+00  NLL=-1.7742e+00  NLL_R=-1.6530e+00  NLL_ω=-1.2119e-01  MSE_R=5.8351e-02  MSE_ω=1.6202e-01
  test : −ELBO=-4.3211e+00  NLL=-3.6255e+00  NLL_R=-3.1322e+00  NLL_ω=-4.9335e-01  MSE_R=1.0072e-03  MSE_ω=1.2176e-01
  sigma: σ_R=1.3921e-01  σ_ω=2.3255e-01  β=1.0000e+00
  PL   : train=-9.1598e-01  test=-9.6982e-01  σ_φ̄(train)=4.1993e-05  σ_φ̄(test)=6.6731e-07  σ_obs_ω=5.0000e-01  λ_PL=1.00
  KL   : M=5.513e+02  V=3.137e+02  Dw=5.936e+02  g=1.309e+03  sigma=4.238e+01  total=2.810e+03
  subnet MSE  M=1.964e+00  V=1.317e+01  Dw=3.390e-02  g=2.941e-01
[step   4500]
  train: −ELBO=-2.4189e+00  NLL=-1.7711e+00  NLL_R=-1.6525e+00  NLL_ω=-1.1853e-01  MSE_R=5.8370e-02  MSE_ω=1.6230e-01
  test : −ELBO=-4.3267e+00  NLL=-3.6249e+00  NLL_R=-3.1333e+00  NLL_ω=-4.9157e-01  MSE_R=1.0081e-03  MSE_ω=1.2195e-01
  sigma: σ_R=1.3929e-01  σ_ω=2.3257e-01  β=1.0000e+00
  PL   : train=-9.1637e-01  test=-9.7031e-01  σ_φ̄(train)=9.2778e-05  σ_φ̄(test)=4.8311e-07  σ_obs_ω=5.0000e-01  λ_PL=1.00
  KL   : M=5.349e+02  V=3.114e+02  Dw=5.823e+02  g=1.281e+03  sigma=4.050e+01  total=2.750e+03
  subnet MSE  M=1.965e+00  V=1.318e+01  Dw=3.349e-02  g=2.950e-01
[step   4550]
  train: −ELBO=-2.4258e+00  NLL=-1.7723e+00  NLL_R=-1.6521e+00  NLL_ω=-1.2021e-01  MSE_R=5.8386e-02  MSE_ω=1.6212e-01
  test : −ELBO=-4.3205e+00  NLL=-3.6131e+00  NLL_R=-3.1253e+00  NLL_ω=-4.8783e-01  MSE_R=1.0120e-03  MSE_ω=1.2240e-01
  sigma: σ_R=1.3951e-01  σ_ω=2.3246e-01  β=1.0000e+00
  PL   : train=-9.1595e-01  test=-9.6973e-01  σ_φ̄(train)=2.9186e-05  σ_φ̄(test)=3.8488e-07  σ_obs_ω=5.0000e-01  λ_PL=1.00
  KL   : M=5.179e+02  V=3.089e+02  Dw=5.707e+02  g=1.252e+03  sigma=3.842e+01  total=2.688e+03
  subnet MSE  M=1.966e+00  V=1.319e+01  Dw=3.309e-02  g=2.940e-01
[step   4600]
  train: −ELBO=-2.4320e+00  NLL=-1.7725e+00  NLL_R=-1.6521e+00  NLL_ω=-1.2040e-01  MSE_R=5.8385e-02  MSE_ω=1.6210e-01
  test : −ELBO=-4.3272e+00  NLL=-3.6141e+00  NLL_R=-3.1263e+00  NLL_ω=-4.8776e-01  MSE_R=1.0124e-03  MSE_ω=1.2242e-01
  sigma: σ_R=1.3949e-01  σ_ω=2.3240e-01  β=1.0000e+00
  PL   : train=-9.1625e-01  test=-9.6977e-01  σ_φ̄(train)=3.2207e-05  σ_φ̄(test)=3.7956e-07  σ_obs_ω=5.0000e-01  λ_PL=1.00
  KL   : M=5.023e+02  V=3.064e+02  Dw=5.602e+02  g=1.224e+03  sigma=3.615e+01  total=2.629e+03
  subnet MSE  M=1.969e+00  V=1.319e+01  Dw=3.344e-02  g=2.945e-01
[step   4650]
  train: −ELBO=-2.4379e+00  NLL=-1.7731e+00  NLL_R=-1.6526e+00  NLL_ω=-1.2052e-01  MSE_R=5.8368e-02  MSE_ω=1.6209e-01
  test : −ELBO=-4.3379e+00  NLL=-3.6194e+00  NLL_R=-3.1264e+00  NLL_ω=-4.9306e-01  MSE_R=1.0079e-03  MSE_ω=1.2184e-01
  sigma: σ_R=1.3951e-01  σ_ω=2.3243e-01  β=1.0000e+00
  PL   : train=-9.1586e-01  test=-9.6936e-01  σ_φ̄(train)=5.7324e-05  σ_φ̄(test)=3.3784e-07  σ_obs_ω=5.0000e-01  λ_PL=1.00
  KL   : M=4.865e+02  V=3.037e+02  Dw=5.498e+02  g=1.196e+03  sigma=3.401e+01  total=2.570e+03
  subnet MSE  M=1.975e+00  V=1.318e+01  Dw=3.355e-02  g=2.940e-01
[step   4700]
  train: −ELBO=-2.4481e+00  NLL=-1.7768e+00  NLL_R=-1.6524e+00  NLL_ω=-1.2441e-01  MSE_R=5.8376e-02  MSE_ω=1.6167e-01
  test : −ELBO=-4.3432e+00  NLL=-3.6183e+00  NLL_R=-3.1260e+00  NLL_ω=-4.9236e-01  MSE_R=1.0090e-03  MSE_ω=1.2203e-01
  sigma: σ_R=1.3953e-01  σ_ω=2.3208e-01  β=1.0000e+00
  PL   : train=-9.1648e-01  test=-9.6993e-01  σ_φ̄(train)=9.6489e-05  σ_φ̄(test)=2.7063e-07  σ_obs_ω=5.0000e-01  λ_PL=1.00
  KL   : M=4.703e+02  V=3.007e+02  Dw=5.398e+02  g=1.168e+03  sigma=3.195e+01  total=2.510e+03
  subnet MSE  M=1.976e+00  V=1.319e+01  Dw=3.352e-02  g=2.946e-01
[step   4750]
  train: −ELBO=-2.4556e+00  NLL=-1.7783e+00  NLL_R=-1.6525e+00  NLL_ω=-1.2585e-01  MSE_R=5.8372e-02  MSE_ω=1.6151e-01
  test : −ELBO=-4.3383e+00  NLL=-3.6079e+00  NLL_R=-3.1241e+00  NLL_ω=-4.8375e-01  MSE_R=1.0176e-03  MSE_ω=1.2302e-01
  sigma: σ_R=1.3957e-01  σ_ω=2.3190e-01  β=1.0000e+00
  PL   : train=-9.1630e-01  test=-9.6935e-01  σ_φ̄(train)=3.6890e-05  σ_φ̄(test)=2.3705e-07  σ_obs_ω=5.0000e-01  λ_PL=1.00
  KL   : M=4.536e+02  V=2.977e+02  Dw=5.297e+02  g=1.137e+03  sigma=2.983e+01  total=2.448e+03
  subnet MSE  M=1.981e+00  V=1.321e+01  Dw=3.343e-02  g=2.938e-01
[step   4800]
  train: −ELBO=-2.4665e+00  NLL=-1.7832e+00  NLL_R=-1.6526e+00  NLL_ω=-1.3066e-01  MSE_R=5.8369e-02  MSE_ω=1.6100e-01
  test : −ELBO=-4.3455e+00  NLL=-3.6090e+00  NLL_R=-3.1268e+00  NLL_ω=-4.8227e-01  MSE_R=1.0188e-03  MSE_ω=1.2323e-01
  sigma: σ_R=1.3946e-01  σ_ω=2.3175e-01  β=1.0000e+00
  PL   : train=-9.1626e-01  test=-9.6932e-01  σ_φ̄(train)=3.9254e-05  σ_φ̄(test)=1.4716e-07  σ_obs_ω=5.0000e-01  λ_PL=1.00
  KL   : M=4.369e+02  V=2.944e+02  Dw=5.198e+02  g=1.107e+03  sigma=2.811e+01  total=2.386e+03
  subnet MSE  M=1.985e+00  V=1.316e+01  Dw=3.304e-02  g=2.939e-01
[step   4850]
  train: −ELBO=-2.4755e+00  NLL=-1.7841e+00  NLL_R=-1.6527e+00  NLL_ω=-1.3137e-01  MSE_R=5.8363e-02  MSE_ω=1.6092e-01
  test : −ELBO=-4.3488e+00  NLL=-3.6044e+00  NLL_R=-3.1265e+00  NLL_ω=-4.7794e-01  MSE_R=1.0232e-03  MSE_ω=1.2378e-01
  sigma: σ_R=1.3947e-01  σ_ω=2.3149e-01  β=1.0000e+00
  PL   : train=-9.1663e-01  test=-9.6947e-01  σ_φ̄(train)=2.3060e-05  σ_φ̄(test)=8.2988e-08  σ_obs_ω=5.0000e-01  λ_PL=1.00
  KL   : M=4.152e+02  V=2.899e+02  Dw=5.076e+02  g=1.067e+03  sigma=2.597e+01  total=2.306e+03
  subnet MSE  M=1.983e+00  V=1.317e+01  Dw=3.307e-02  g=2.943e-01
[step   4900]
  train: −ELBO=-2.4864e+00  NLL=-1.7906e+00  NLL_R=-1.6524e+00  NLL_ω=-1.3823e-01  MSE_R=5.8374e-02  MSE_ω=1.6019e-01
  test : −ELBO=-4.3571e+00  NLL=-3.6083e+00  NLL_R=-3.1277e+00  NLL_ω=-4.8058e-01  MSE_R=1.0211e-03  MSE_ω=1.2353e-01
  sigma: σ_R=1.3941e-01  σ_ω=2.3137e-01  β=1.0000e+00
  PL   : train=-9.1669e-01  test=-9.6961e-01  σ_φ̄(train)=2.7055e-05  σ_φ̄(test)=7.0194e-08  σ_obs_ω=5.0000e-01  λ_PL=1.00
  KL   : M=4.038e+02  V=2.872e+02  Dw=5.011e+02  g=1.046e+03  sigma=2.480e+01  total=2.263e+03
  subnet MSE  M=1.987e+00  V=1.319e+01  Dw=3.290e-02  g=2.945e-01
[step   4950]
  train: −ELBO=-2.4922e+00  NLL=-1.7910e+00  NLL_R=-1.6531e+00  NLL_ω=-1.3790e-01  MSE_R=5.8347e-02  MSE_ω=1.6022e-01
  test : −ELBO=-4.3582e+00  NLL=-3.6039e+00  NLL_R=-3.1257e+00  NLL_ω=-4.7818e-01  MSE_R=1.0240e-03  MSE_ω=1.2383e-01
  sigma: σ_R=1.3949e-01  σ_ω=2.3125e-01  β=1.0000e+00
  PL   : train=-9.1667e-01  test=-9.6976e-01  σ_φ̄(train)=1.5169e-05  σ_φ̄(test)=5.1104e-08  σ_obs_ω=5.0000e-01  λ_PL=1.00
  KL   : M=3.886e+02  V=2.837e+02  Dw=4.935e+02  g=1.018e+03  sigma=2.332e+01  total=2.207e+03
  subnet MSE  M=1.993e+00  V=1.314e+01  Dw=3.263e-02  g=2.951e-01
[step   5000]
  train: −ELBO=-2.4937e+00  NLL=-1.7873e+00  NLL_R=-1.6525e+00  NLL_ω=-1.3477e-01  MSE_R=5.8369e-02  MSE_ω=1.6056e-01
  test : −ELBO=-4.3648e+00  NLL=-3.6055e+00  NLL_R=-3.1255e+00  NLL_ω=-4.8000e-01  MSE_R=1.0220e-03  MSE_ω=1.2365e-01
  sigma: σ_R=1.3952e-01  σ_ω=2.3120e-01  β=1.0000e+00
  PL   : train=-9.1736e-01  test=-9.7019e-01  σ_φ̄(train)=3.1681e-05  σ_φ̄(test)=4.5245e-08  σ_obs_ω=5.0000e-01  λ_PL=1.00
  KL   : M=3.760e+02  V=2.806e+02  Dw=4.873e+02  g=9.945e+02  sigma=2.190e+01  total=2.160e+03
  subnet MSE  M=1.994e+00  V=1.318e+01  Dw=3.279e-02  g=2.955e-01
[step   5050]
  train: −ELBO=-2.5003e+00  NLL=-1.7899e+00  NLL_R=-1.6530e+00  NLL_ω=-1.3691e-01  MSE_R=5.8350e-02  MSE_ω=1.6033e-01
  test : −ELBO=-4.3751e+00  NLL=-3.6124e+00  NLL_R=-3.1262e+00  NLL_ω=-4.8619e-01  MSE_R=1.0161e-03  MSE_ω=1.2297e-01
  sigma: σ_R=1.3951e-01  σ_ω=2.3126e-01  β=1.0000e+00
  PL   : train=-9.1740e-01  test=-9.6970e-01  σ_φ̄(train)=5.4247e-05  σ_φ̄(test)=1.7814e-08  σ_obs_ω=5.0000e-01  λ_PL=1.00
  KL   : M=3.652e+02  V=2.778e+02  Dw=4.821e+02  g=9.736e+02  sigma=2.168e+01  total=2.120e+03
  subnet MSE  M=1.996e+00  V=1.319e+01  Dw=3.317e-02  g=2.955e-01
[step   5100]
  train: −ELBO=-2.5080e+00  NLL=-1.7930e+00  NLL_R=-1.6529e+00  NLL_ω=-1.4015e-01  MSE_R=5.8357e-02  MSE_ω=1.5998e-01
  test : −ELBO=-4.3702e+00  NLL=-3.6032e+00  NLL_R=-3.1256e+00  NLL_ω=-4.7760e-01  MSE_R=1.0251e-03  MSE_ω=1.2398e-01
  sigma: σ_R=1.3950e-01  σ_ω=2.3096e-01  β=1.0000e+00
  PL   : train=-9.1700e-01  test=-9.6899e-01  σ_φ̄(train)=6.0741e-06  σ_φ̄(test)=1.3394e-08  σ_obs_ω=5.0000e-01  λ_PL=1.00
  KL   : M=3.517e+02  V=2.739e+02  Dw=4.755e+02  g=9.470e+02  sigma=2.080e+01  total=2.069e+03
  subnet MSE  M=1.997e+00  V=1.317e+01  Dw=3.341e-02  g=2.947e-01
[step   5150]
  train: −ELBO=-2.5121e+00  NLL=-1.7938e+00  NLL_R=-1.6532e+00  NLL_ω=-1.4058e-01  MSE_R=5.8344e-02  MSE_ω=1.5994e-01
  test : −ELBO=-4.3700e+00  NLL=-3.5989e+00  NLL_R=-3.1268e+00  NLL_ω=-4.7213e-01  MSE_R=1.0300e-03  MSE_ω=1.2460e-01
  sigma: σ_R=1.3947e-01  σ_ω=2.3085e-01  β=1.0000e+00
  PL   : train=-9.1652e-01  test=-9.6918e-01  σ_φ̄(train)=9.7020e-06  σ_φ̄(test)=1.1837e-08  σ_obs_ω=5.0000e-01  λ_PL=1.00
  KL   : M=3.409e+02  V=2.708e+02  Dw=4.707e+02  g=9.268e+02  sigma=1.997e+01  total=2.029e+03
  subnet MSE  M=2.001e+00  V=1.313e+01  Dw=3.311e-02  g=2.943e-01
[step   5200]
  train: −ELBO=-2.5151e+00  NLL=-1.7924e+00  NLL_R=-1.6529e+00  NLL_ω=-1.3946e-01  MSE_R=5.8356e-02  MSE_ω=1.6005e-01
  test : −ELBO=-4.3829e+00  NLL=-3.6074e+00  NLL_R=-3.1268e+00  NLL_ω=-4.8059e-01  MSE_R=1.0224e-03  MSE_ω=1.2368e-01
  sigma: σ_R=1.3947e-01  σ_ω=2.3088e-01  β=1.0000e+00
  PL   : train=-9.1695e-01  test=-9.6967e-01  σ_φ̄(train)=1.4431e-05  σ_φ̄(test)=1.0906e-08  σ_obs_ω=5.0000e-01  λ_PL=1.00
  KL   : M=3.300e+02  V=2.676e+02  Dw=4.665e+02  g=9.058e+02  sigma=1.906e+01  total=1.989e+03
  subnet MSE  M=2.000e+00  V=1.308e+01  Dw=3.377e-02  g=2.953e-01
[step   5250]
  train: −ELBO=-2.5243e+00  NLL=-1.7973e+00  NLL_R=-1.6531e+00  NLL_ω=-1.4423e-01  MSE_R=5.8349e-02  MSE_ω=1.5955e-01
  test : −ELBO=-4.3773e+00  NLL=-3.5978e+00  NLL_R=-3.1261e+00  NLL_ω=-4.7165e-01  MSE_R=1.0306e-03  MSE_ω=1.2470e-01
  sigma: σ_R=1.3948e-01  σ_ω=2.3066e-01  β=1.0000e+00
  PL   : train=-9.1738e-01  test=-9.6986e-01  σ_φ̄(train)=1.1343e-05  σ_φ̄(test)=1.1382e-08  σ_obs_ω=5.0000e-01  λ_PL=1.00
  KL   : M=3.198e+02  V=2.644e+02  Dw=4.623e+02  g=8.852e+02  sigma=1.805e+01  total=1.950e+03
  subnet MSE  M=2.003e+00  V=1.315e+01  Dw=3.288e-02  g=2.955e-01
[step   5300]
  train: −ELBO=-2.5248e+00  NLL=-1.7939e+00  NLL_R=-1.6526e+00  NLL_ω=-1.4133e-01  MSE_R=5.8367e-02  MSE_ω=1.5986e-01
  test : −ELBO=-4.3801e+00  NLL=-3.5966e+00  NLL_R=-3.1259e+00  NLL_ω=-4.7064e-01  MSE_R=1.0316e-03  MSE_ω=1.2483e-01
  sigma: σ_R=1.3949e-01  σ_ω=2.3062e-01  β=1.0000e+00
  PL   : train=-9.1723e-01  test=-9.6980e-01  σ_φ̄(train)=1.0007e-05  σ_φ̄(test)=9.1766e-09  σ_obs_ω=5.0000e-01  λ_PL=1.00
  KL   : M=3.087e+02  V=2.607e+02  Dw=4.580e+02  g=8.635e+02  sigma=1.726e+01  total=1.908e+03
  subnet MSE  M=2.007e+00  V=1.307e+01  Dw=3.348e-02  g=2.957e-01
[step   5350]
  train: −ELBO=-2.5321e+00  NLL=-1.7989e+00  NLL_R=-1.6524e+00  NLL_ω=-1.4654e-01  MSE_R=5.8375e-02  MSE_ω=1.5930e-01
  test : −ELBO=-4.3694e+00  NLL=-3.5843e+00  NLL_R=-3.1252e+00  NLL_ω=-4.5905e-01  MSE_R=1.0409e-03  MSE_ω=1.2598e-01
  sigma: σ_R=1.3953e-01  σ_ω=2.3093e-01  β=1.0000e+00
  PL   : train=-9.1671e-01  test=-9.6852e-01  σ_φ̄(train)=6.7351e-06  σ_φ̄(test)=6.3527e-09  σ_obs_ω=5.0000e-01  λ_PL=1.00
  KL   : M=3.007e+02  V=2.578e+02  Dw=4.555e+02  g=8.483e+02  sigma=1.695e+01  total=1.879e+03
  subnet MSE  M=2.005e+00  V=1.315e+01  Dw=3.384e-02  g=2.940e-01
[step   5400]
  train: −ELBO=-2.5318e+00  NLL=-1.7942e+00  NLL_R=-1.6525e+00  NLL_ω=-1.4169e-01  MSE_R=5.8369e-02  MSE_ω=1.5982e-01
  test : −ELBO=-4.3762e+00  NLL=-3.5868e+00  NLL_R=-3.1252e+00  NLL_ω=-4.6162e-01  MSE_R=1.0395e-03  MSE_ω=1.2584e-01
  sigma: σ_R=1.3952e-01  σ_ω=2.3046e-01  β=1.0000e+00
  PL   : train=-9.1803e-01  test=-9.6980e-01  σ_φ̄(train)=1.1013e-05  σ_φ̄(test)=6.1634e-09  σ_obs_ω=5.0000e-01  λ_PL=1.00
  KL   : M=2.924e+02  V=2.548e+02  Dw=4.525e+02  g=8.319e+02  sigma=1.636e+01  total=1.848e+03
  subnet MSE  M=2.004e+00  V=1.315e+01  Dw=3.323e-02  g=2.964e-01
[step   5450]
  train: −ELBO=-2.5451e+00  NLL=-1.8054e+00  NLL_R=-1.6528e+00  NLL_ω=-1.5259e-01  MSE_R=5.8360e-02  MSE_ω=1.5866e-01
  test : −ELBO=-4.3794e+00  NLL=-3.5877e+00  NLL_R=-3.1262e+00  NLL_ω=-4.6152e-01  MSE_R=1.0404e-03  MSE_ω=1.2590e-01
  sigma: σ_R=1.3947e-01  σ_ω=2.3030e-01  β=1.0000e+00
  PL   : train=-9.1687e-01  test=-9.6879e-01  σ_φ̄(train)=1.1472e-05  σ_φ̄(test)=5.6229e-09  σ_obs_ω=5.0000e-01  λ_PL=1.00
  KL   : M=2.837e+02  V=2.513e+02  Dw=4.495e+02  g=8.141e+02  sigma=1.563e+01  total=1.814e+03
  subnet MSE  M=2.008e+00  V=1.313e+01  Dw=3.368e-02  g=2.941e-01
[step   5500]
  train: −ELBO=-2.5465e+00  NLL=-1.8032e+00  NLL_R=-1.6529e+00  NLL_ω=-1.5031e-01  MSE_R=5.8357e-02  MSE_ω=1.5890e-01
  test : −ELBO=-4.3772e+00  NLL=-3.5822e+00  NLL_R=-3.1260e+00  NLL_ω=-4.5626e-01  MSE_R=1.0456e-03  MSE_ω=1.2654e-01
  sigma: σ_R=1.3948e-01  σ_ω=2.2998e-01  β=1.0000e+00
  PL   : train=-9.1683e-01  test=-9.6847e-01  σ_φ̄(train)=1.2818e-05  σ_φ̄(test)=4.5064e-09  σ_obs_ω=5.0000e-01  λ_PL=1.00
  KL   : M=2.743e+02  V=2.471e+02  Dw=4.462e+02  g=7.946e+02  sigma=1.493e+01  total=1.777e+03
  subnet MSE  M=2.014e+00  V=1.317e+01  Dw=3.338e-02  g=2.939e-01
[step   5550]
  train: −ELBO=-2.5506e+00  NLL=-1.8032e+00  NLL_R=-1.6531e+00  NLL_ω=-1.5007e-01  MSE_R=5.8348e-02  MSE_ω=1.5893e-01
  test : −ELBO=-4.3856e+00  NLL=-3.5861e+00  NLL_R=-3.1276e+00  NLL_ω=-4.5855e-01  MSE_R=1.0432e-03  MSE_ω=1.2627e-01
  sigma: σ_R=1.3939e-01  σ_ω=2.3005e-01  β=1.0000e+00
  PL   : train=-9.1748e-01  test=-9.6941e-01  σ_φ̄(train)=4.4387e-05  σ_φ̄(test)=3.5342e-09  σ_obs_ω=5.0000e-01  λ_PL=1.00
  KL   : M=2.648e+02  V=2.428e+02  Dw=4.433e+02  g=7.759e+02  sigma=1.427e+01  total=1.741e+03
  subnet MSE  M=2.015e+00  V=1.317e+01  Dw=3.368e-02  g=2.955e-01
[step   5600]
  train: −ELBO=-2.5586e+00  NLL=-1.8084e+00  NLL_R=-1.6532e+00  NLL_ω=-1.5513e-01  MSE_R=5.8343e-02  MSE_ω=1.5839e-01
  test : −ELBO=-4.3858e+00  NLL=-3.5837e+00  NLL_R=-3.1270e+00  NLL_ω=-4.5671e-01  MSE_R=1.0450e-03  MSE_ω=1.2651e-01
  sigma: σ_R=1.3942e-01  σ_ω=2.2991e-01  β=1.0000e+00
  PL   : train=-9.1735e-01  test=-9.6913e-01  σ_φ̄(train)=5.2501e-06  σ_φ̄(test)=1.6566e-09  σ_obs_ω=5.0000e-01  λ_PL=1.00
  KL   : M=2.567e+02  V=2.389e+02  Dw=4.406e+02  g=7.602e+02  sigma=1.467e+01  total=1.711e+03
  subnet MSE  M=2.017e+00  V=1.313e+01  Dw=3.366e-02  g=2.952e-01
[step   5650]
  train: −ELBO=-2.5637e+00  NLL=-1.8105e+00  NLL_R=-1.6536e+00  NLL_ω=-1.5692e-01  MSE_R=5.8330e-02  MSE_ω=1.5820e-01
  test : −ELBO=-4.3905e+00  NLL=-3.5859e+00  NLL_R=-3.1274e+00  NLL_ω=-4.5844e-01  MSE_R=1.0445e-03  MSE_ω=1.2642e-01
  sigma: σ_R=1.3944e-01  σ_ω=2.2954e-01  β=1.0000e+00
  PL   : train=-9.1780e-01  test=-9.6912e-01  σ_φ̄(train)=3.1714e-06  σ_φ̄(test)=1.4114e-09  σ_obs_ω=5.0000e-01  λ_PL=1.00
  KL   : M=2.494e+02  V=2.353e+02  Dw=4.388e+02  g=7.471e+02  sigma=1.445e+01  total=1.685e+03
  subnet MSE  M=2.019e+00  V=1.310e+01  Dw=3.334e-02  g=2.952e-01
[step   5700]
  train: −ELBO=-2.5665e+00  NLL=-1.8114e+00  NLL_R=-1.6536e+00  NLL_ω=-1.5781e-01  MSE_R=5.8330e-02  MSE_ω=1.5811e-01
  test : −ELBO=-4.3929e+00  NLL=-3.5858e+00  NLL_R=-3.1264e+00  NLL_ω=-4.5940e-01  MSE_R=1.0434e-03  MSE_ω=1.2629e-01
  sigma: σ_R=1.3943e-01  σ_ω=2.2970e-01  β=1.0000e+00
  PL   : train=-9.1784e-01  test=-9.6981e-01  σ_φ̄(train)=1.3379e-05  σ_φ̄(test)=1.4030e-09  σ_obs_ω=5.0000e-01  λ_PL=1.00
  KL   : M=2.445e+02  V=2.326e+02  Dw=4.374e+02  g=7.376e+02  sigma=1.406e+01  total=1.666e+03
  subnet MSE  M=2.019e+00  V=1.313e+01  Dw=3.368e-02  g=2.963e-01
[step   5750]
  train: −ELBO=-2.5702e+00  NLL=-1.8144e+00  NLL_R=-1.6537e+00  NLL_ω=-1.6072e-01  MSE_R=5.8325e-02  MSE_ω=1.5780e-01
  test : −ELBO=-4.3780e+00  NLL=-3.5710e+00  NLL_R=-3.1261e+00  NLL_ω=-4.4487e-01  MSE_R=1.0563e-03  MSE_ω=1.2791e-01
  sigma: σ_R=1.3945e-01  σ_ω=2.2935e-01  β=1.0000e+00
  PL   : train=-9.1629e-01  test=-9.6742e-01  σ_φ̄(train)=3.7714e-06  σ_φ̄(test)=1.4773e-09  σ_obs_ω=5.0000e-01  λ_PL=1.00
  KL   : M=2.383e+02  V=2.292e+02  Dw=4.358e+02  g=7.262e+02  sigma=1.356e+01  total=1.643e+03
  subnet MSE  M=2.019e+00  V=1.308e+01  Dw=3.390e-02  g=2.930e-01
[step   5800]
  train: −ELBO=-2.5734e+00  NLL=-1.8150e+00  NLL_R=-1.6533e+00  NLL_ω=-1.6169e-01  MSE_R=5.8342e-02  MSE_ω=1.5770e-01
  test : −ELBO=-4.3780e+00  NLL=-3.5688e+00  NLL_R=-3.1262e+00  NLL_ω=-4.4258e-01  MSE_R=1.0582e-03  MSE_ω=1.2812e-01
  sigma: σ_R=1.3945e-01  σ_ω=2.2945e-01  β=1.0000e+00
  PL   : train=-9.1677e-01  test=-9.6746e-01  σ_φ̄(train)=7.2185e-06  σ_φ̄(test)=1.5150e-09  σ_obs_ω=5.0000e-01  λ_PL=1.00
  KL   : M=2.325e+02  V=2.259e+02  Dw=4.340e+02  g=7.154e+02  sigma=1.311e+01  total=1.621e+03
  subnet MSE  M=2.021e+00  V=1.312e+01  Dw=3.382e-02  g=2.937e-01
[step   5850]
  train: −ELBO=-2.5785e+00  NLL=-1.8177e+00  NLL_R=-1.6536e+00  NLL_ω=-1.6411e-01  MSE_R=5.8328e-02  MSE_ω=1.5745e-01
  test : −ELBO=-4.3868e+00  NLL=-3.5750e+00  NLL_R=-3.1252e+00  NLL_ω=-4.4986e-01  MSE_R=1.0528e-03  MSE_ω=1.2740e-01
  sigma: σ_R=1.3947e-01  σ_ω=2.2934e-01  β=1.0000e+00
  PL   : train=-9.1704e-01  test=-9.6801e-01  σ_φ̄(train)=2.3775e-06  σ_φ̄(test)=9.5924e-10  σ_obs_ω=5.0000e-01  λ_PL=1.00
  KL   : M=2.269e+02  V=2.225e+02  Dw=4.324e+02  g=7.050e+02  sigma=1.374e+01  total=1.601e+03
  subnet MSE  M=2.022e+00  V=1.310e+01  Dw=3.398e-02  g=2.940e-01
[step   5900]
  train: −ELBO=-2.5814e+00  NLL=-1.8174e+00  NLL_R=-1.6534e+00  NLL_ω=-1.6402e-01  MSE_R=5.8336e-02  MSE_ω=1.5746e-01
  test : −ELBO=-4.3861e+00  NLL=-3.5711e+00  NLL_R=-3.1262e+00  NLL_ω=-4.4489e-01  MSE_R=1.0567e-03  MSE_ω=1.2796e-01
  sigma: σ_R=1.3943e-01  σ_ω=2.2912e-01  β=1.0000e+00
  PL   : train=-9.1775e-01  test=-9.6876e-01  σ_φ̄(train)=2.3052e-06  σ_φ̄(test)=8.3261e-10  σ_obs_ω=5.0000e-01  λ_PL=1.00
  KL   : M=2.202e+02  V=2.181e+02  Dw=4.305e+02  g=6.926e+02  sigma=1.378e+01  total=1.575e+03
  subnet MSE  M=2.024e+00  V=1.313e+01  Dw=3.356e-02  g=2.955e-01
[step   5950]
  train: −ELBO=-2.5830e+00  NLL=-1.8177e+00  NLL_R=-1.6533e+00  NLL_ω=-1.6439e-01  MSE_R=5.8338e-02  MSE_ω=1.5742e-01
  test : −ELBO=-4.3809e+00  NLL=-3.5647e+00  NLL_R=-3.1262e+00  NLL_ω=-4.3848e-01  MSE_R=1.0625e-03  MSE_ω=1.2870e-01
  sigma: σ_R=1.3943e-01  σ_ω=2.2891e-01  β=1.0000e+00
  PL   : train=-9.1740e-01  test=-9.6830e-01  σ_φ̄(train)=2.7407e-06  σ_φ̄(test)=8.1813e-10  σ_obs_ω=5.0000e-01  λ_PL=1.00
  KL   : M=2.155e+02  V=2.151e+02  Dw=4.290e+02  g=6.847e+02  sigma=1.360e+01  total=1.558e+03
  subnet MSE  M=2.025e+00  V=1.316e+01  Dw=3.318e-02  g=2.946e-01
[step   6000]
  train: −ELBO=-2.5881e+00  NLL=-1.8216e+00  NLL_R=-1.6539e+00  NLL_ω=-1.6771e-01  MSE_R=5.8316e-02  MSE_ω=1.5707e-01
  test : −ELBO=-4.3851e+00  NLL=-3.5679e+00  NLL_R=-3.1269e+00  NLL_ω=-4.4102e-01  MSE_R=1.0606e-03  MSE_ω=1.2842e-01
  sigma: σ_R=1.3942e-01  σ_ω=2.2892e-01  β=1.0000e+00
  PL   : train=-9.1739e-01  test=-9.6816e-01  σ_φ̄(train)=7.4845e-06  σ_φ̄(test)=6.0442e-10  σ_obs_ω=5.0000e-01  λ_PL=1.00
  KL   : M=2.119e+02  V=2.127e+02  Dw=4.279e+02  g=6.788e+02  sigma=1.397e+01  total=1.545e+03
  subnet MSE  M=2.024e+00  V=1.308e+01  Dw=3.416e-02  g=2.948e-01
[step   6050]
  train: −ELBO=-2.5914e+00  NLL=-1.8229e+00  NLL_R=-1.6536e+00  NLL_ω=-1.6929e-01  MSE_R=5.8327e-02  MSE_ω=1.5690e-01
  test : −ELBO=-4.3807e+00  NLL=-3.5615e+00  NLL_R=-3.1257e+00  NLL_ω=-4.3578e-01  MSE_R=1.0650e-03  MSE_ω=1.2897e-01
  sigma: σ_R=1.3945e-01  σ_ω=2.2893e-01  β=1.0000e+00
  PL   : train=-9.1750e-01  test=-9.6824e-01  σ_φ̄(train)=1.1038e-06  σ_φ̄(test)=5.5227e-10  σ_obs_ω=5.0000e-01  λ_PL=1.00
  KL   : M=2.069e+02  V=2.091e+02  Dw=4.266e+02  g=6.700e+02  sigma=1.389e+01  total=1.526e+03
  subnet MSE  M=2.027e+00  V=1.313e+01  Dw=3.400e-02  g=2.951e-01
[step   6100]
  train: −ELBO=-2.5942e+00  NLL=-1.8236e+00  NLL_R=-1.6538e+00  NLL_ω=-1.6985e-01  MSE_R=5.8323e-02  MSE_ω=1.5685e-01
  test : −ELBO=-4.3788e+00  NLL=-3.5577e+00  NLL_R=-3.1262e+00  NLL_ω=-4.3144e-01  MSE_R=1.0688e-03  MSE_ω=1.2948e-01
  sigma: σ_R=1.3944e-01  σ_ω=2.2871e-01  β=1.0000e+00
  PL   : train=-9.1804e-01  test=-9.6862e-01  σ_φ̄(train)=6.2227e-06  σ_φ̄(test)=6.3894e-10  σ_obs_ω=5.0000e-01  λ_PL=1.00
  KL   : M=2.026e+02  V=2.059e+02  Dw=4.251e+02  g=6.630e+02  sigma=1.356e+01  total=1.510e+03
  subnet MSE  M=2.027e+00  V=1.312e+01  Dw=3.375e-02  g=2.959e-01
[step   6150]
  train: −ELBO=-2.5950e+00  NLL=-1.8239e+00  NLL_R=-1.6540e+00  NLL_ω=-1.6985e-01  MSE_R=5.8312e-02  MSE_ω=1.5685e-01
  test : −ELBO=-4.3767e+00  NLL=-3.5551e+00  NLL_R=-3.1269e+00  NLL_ω=-4.2827e-01  MSE_R=1.0718e-03  MSE_ω=1.2984e-01
  sigma: σ_R=1.3941e-01  σ_ω=2.2858e-01  β=1.0000e+00
  PL   : train=-9.1707e-01  test=-9.6747e-01  σ_φ̄(train)=2.4584e-06  σ_φ̄(test)=7.4232e-10  σ_obs_ω=5.0000e-01  λ_PL=1.00
  KL   : M=1.988e+02  V=2.026e+02  Dw=4.237e+02  g=6.560e+02  sigma=1.322e+01  total=1.494e+03
  subnet MSE  M=2.027e+00  V=1.310e+01  Dw=3.386e-02  g=2.940e-01
[step   6200]
  train: −ELBO=-2.6008e+00  NLL=-1.8278e+00  NLL_R=-1.6541e+00  NLL_ω=-1.7376e-01  MSE_R=5.8310e-02  MSE_ω=1.5644e-01
  test : −ELBO=-4.3754e+00  NLL=-3.5520e+00  NLL_R=-3.1255e+00  NLL_ω=-4.2649e-01  MSE_R=1.0739e-03  MSE_ω=1.3008e-01
  sigma: σ_R=1.3943e-01  σ_ω=2.2834e-01  β=1.0000e+00
  PL   : train=-9.1743e-01  test=-9.6788e-01  σ_φ̄(train)=2.3511e-06  σ_φ̄(test)=8.5744e-10  σ_obs_ω=5.0000e-01  λ_PL=1.00
  KL   : M=1.950e+02  V=1.994e+02  Dw=4.225e+02  g=6.497e+02  sigma=1.289e+01  total=1.479e+03
  subnet MSE  M=2.025e+00  V=1.310e+01  Dw=3.376e-02  g=2.948e-01
[step   6250]
  train: −ELBO=-2.6039e+00  NLL=-1.8292e+00  NLL_R=-1.6544e+00  NLL_ω=-1.7476e-01  MSE_R=5.8296e-02  MSE_ω=1.5633e-01
  test : −ELBO=-4.3795e+00  NLL=-3.5545e+00  NLL_R=-3.1268e+00  NLL_ω=-4.2771e-01  MSE_R=1.0729e-03  MSE_ω=1.2997e-01
  sigma: σ_R=1.3940e-01  σ_ω=2.2830e-01  β=1.0000e+00
  PL   : train=-9.1787e-01  test=-9.6809e-01  σ_φ̄(train)=2.9422e-06  σ_φ̄(test)=1.0054e-09  σ_obs_ω=5.0000e-01  λ_PL=1.00
  KL   : M=1.917e+02  V=1.964e+02  Dw=4.215e+02  g=6.438e+02  sigma=1.258e+01  total=1.466e+03
  subnet MSE  M=2.026e+00  V=1.307e+01  Dw=3.381e-02  g=2.953e-01
[step   6300]
  train: −ELBO=-2.6038e+00  NLL=-1.8275e+00  NLL_R=-1.6540e+00  NLL_ω=-1.7352e-01  MSE_R=5.8312e-02  MSE_ω=1.5646e-01
  test : −ELBO=-4.3780e+00  NLL=-3.5516e+00  NLL_R=-3.1256e+00  NLL_ω=-4.2599e-01  MSE_R=1.0739e-03  MSE_ω=1.3014e-01
  sigma: σ_R=1.3946e-01  σ_ω=2.2830e-01  β=1.0000e+00
  PL   : train=-9.1830e-01  test=-9.6842e-01  σ_φ̄(train)=6.6466e-06  σ_φ̄(test)=1.0989e-09  σ_obs_ω=5.0000e-01  λ_PL=1.00
  KL   : M=1.889e+02  V=1.938e+02  Dw=4.201e+02  g=6.394e+02  sigma=1.232e+01  total=1.455e+03
  subnet MSE  M=2.028e+00  V=1.310e+01  Dw=3.364e-02  g=2.959e-01
[step   6350]
  train: −ELBO=-2.6108e+00  NLL=-1.8340e+00  NLL_R=-1.6540e+00  NLL_ω=-1.8003e-01  MSE_R=5.8314e-02  MSE_ω=1.5578e-01
  test : −ELBO=-4.3700e+00  NLL=-3.5430e+00  NLL_R=-3.1250e+00  NLL_ω=-4.1805e-01  MSE_R=1.0808e-03  MSE_ω=1.3100e-01
  sigma: σ_R=1.3943e-01  σ_ω=2.2822e-01  β=1.0000e+00
  PL   : train=-9.1785e-01  test=-9.6799e-01  σ_φ̄(train)=4.9497e-06  σ_φ̄(test)=1.0345e-09  σ_obs_ω=5.0000e-01  λ_PL=1.00
  KL   : M=1.863e+02  V=1.916e+02  Dw=4.188e+02  g=6.354e+02  sigma=1.221e+01  total=1.444e+03
  subnet MSE  M=2.029e+00  V=1.310e+01  Dw=3.385e-02  g=2.955e-01
[step   6400]
  train: −ELBO=-2.6109e+00  NLL=-1.8329e+00  NLL_R=-1.6544e+00  NLL_ω=-1.7851e-01  MSE_R=5.8299e-02  MSE_ω=1.5594e-01
  test : −ELBO=-4.3665e+00  NLL=-3.5387e+00  NLL_R=-3.1251e+00  NLL_ω=-4.1357e-01  MSE_R=1.0846e-03  MSE_ω=1.3149e-01
  sigma: σ_R=1.3949e-01  σ_ω=2.2806e-01  β=1.0000e+00
  PL   : train=-9.1786e-01  test=-9.6758e-01  σ_φ̄(train)=7.2099e-06  σ_φ̄(test)=1.0579e-09  σ_obs_ω=5.0000e-01  λ_PL=1.00
  KL   : M=1.832e+02  V=1.884e+02  Dw=4.174e+02  g=6.306e+02  sigma=1.197e+01  total=1.432e+03
  subnet MSE  M=2.029e+00  V=1.311e+01  Dw=3.381e-02  g=2.950e-01
[step   6450]
  train: −ELBO=-2.6122e+00  NLL=-1.8330e+00  NLL_R=-1.6543e+00  NLL_ω=-1.7871e-01  MSE_R=5.8302e-02  MSE_ω=1.5592e-01
  test : −ELBO=-4.3669e+00  NLL=-3.5379e+00  NLL_R=-3.1264e+00  NLL_ω=-4.1150e-01  MSE_R=1.0865e-03  MSE_ω=1.3172e-01
  sigma: σ_R=1.3942e-01  σ_ω=2.2799e-01  β=1.0000e+00
  PL   : train=-9.1801e-01  test=-9.6785e-01  σ_φ̄(train)=6.9492e-06  σ_φ̄(test)=9.7565e-10  σ_obs_ω=5.0000e-01  λ_PL=1.00
  KL   : M=1.808e+02  V=1.858e+02  Dw=4.162e+02  g=6.270e+02  sigma=1.184e+01  total=1.422e+03
  subnet MSE  M=2.029e+00  V=1.312e+01  Dw=3.395e-02  g=2.957e-01
[step   6500]
  train: −ELBO=-2.6160e+00  NLL=-1.8361e+00  NLL_R=-1.6544e+00  NLL_ω=-1.8173e-01  MSE_R=5.8297e-02  MSE_ω=1.5561e-01
  test : −ELBO=-4.3584e+00  NLL=-3.5292e+00  NLL_R=-3.1231e+00  NLL_ω=-4.0606e-01  MSE_R=1.0917e-03  MSE_ω=1.3232e-01
  sigma: σ_R=1.3957e-01  σ_ω=2.2787e-01  β=1.0000e+00
  PL   : train=-9.1793e-01  test=-9.6726e-01  σ_φ̄(train)=8.8292e-06  σ_φ̄(test)=9.4190e-10  σ_obs_ω=5.0000e-01  λ_PL=1.00
  KL   : M=1.787e+02  V=1.836e+02  Dw=4.153e+02  g=6.244e+02  sigma=1.170e+01  total=1.414e+03
  subnet MSE  M=2.029e+00  V=1.311e+01  Dw=3.432e-02  g=2.950e-01
[step   6550]
  train: −ELBO=-2.6159e+00  NLL=-1.8350e+00  NLL_R=-1.6539e+00  NLL_ω=-1.8109e-01  MSE_R=5.8318e-02  MSE_ω=1.5567e-01
  test : −ELBO=-4.3640e+00  NLL=-3.5337e+00  NLL_R=-3.1262e+00  NLL_ω=-4.0749e-01  MSE_R=1.0906e-03  MSE_ω=1.3219e-01
  sigma: σ_R=1.3942e-01  σ_ω=2.2771e-01  β=1.0000e+00
  PL   : train=-9.1822e-01  test=-9.6761e-01  σ_φ̄(train)=3.8608e-06  σ_φ̄(test)=7.2766e-10  σ_obs_ω=5.0000e-01  λ_PL=1.00
  KL   : M=1.764e+02  V=1.812e+02  Dw=4.143e+02  g=6.219e+02  sigma=1.187e+01  total=1.406e+03
  subnet MSE  M=2.029e+00  V=1.310e+01  Dw=3.413e-02  g=2.955e-01
[step   6600]
  train: −ELBO=-2.6201e+00  NLL=-1.8386e+00  NLL_R=-1.6543e+00  NLL_ω=-1.8425e-01  MSE_R=5.8301e-02  MSE_ω=1.5535e-01
  test : −ELBO=-4.3556e+00  NLL=-3.5249e+00  NLL_R=-3.1251e+00  NLL_ω=-3.9980e-01  MSE_R=1.0978e-03  MSE_ω=1.3301e-01
  sigma: σ_R=1.3943e-01  σ_ω=2.2764e-01  β=1.0000e+00
  PL   : train=-9.1815e-01  test=-9.6730e-01  σ_φ̄(train)=1.7990e-05  σ_φ̄(test)=7.3131e-10  σ_obs_ω=5.0000e-01  λ_PL=1.00
  KL   : M=1.745e+02  V=1.793e+02  Dw=4.135e+02  g=6.196e+02  sigma=1.175e+01  total=1.399e+03
  subnet MSE  M=2.031e+00  V=1.314e+01  Dw=3.403e-02  g=2.953e-01
[step   6650]
  train: −ELBO=-2.6250e+00  NLL=-1.8428e+00  NLL_R=-1.6544e+00  NLL_ω=-1.8839e-01  MSE_R=5.8299e-02  MSE_ω=1.5492e-01
  test : −ELBO=-4.3610e+00  NLL=-3.5296e+00  NLL_R=-3.1264e+00  NLL_ω=-4.0318e-01  MSE_R=1.0950e-03  MSE_ω=1.3270e-01
  sigma: σ_R=1.3940e-01  σ_ω=2.2745e-01  β=1.0000e+00
  PL   : train=-9.1808e-01  test=-9.6724e-01  σ_φ̄(train)=3.0279e-05  σ_φ̄(test)=7.6164e-10  σ_obs_ω=5.0000e-01  λ_PL=1.00
  KL   : M=1.726e+02  V=1.769e+02  Dw=4.126e+02  g=6.176e+02  sigma=1.151e+01  total=1.391e+03
  subnet MSE  M=2.032e+00  V=1.311e+01  Dw=3.402e-02  g=2.952e-01
[step   6700]
  train: −ELBO=-2.6262e+00  NLL=-1.8432e+00  NLL_R=-1.6542e+00  NLL_ω=-1.8898e-01  MSE_R=5.8305e-02  MSE_ω=1.5486e-01
  test : −ELBO=-4.3488e+00  NLL=-3.5177e+00  NLL_R=-3.1255e+00  NLL_ω=-3.9215e-01  MSE_R=1.1047e-03  MSE_ω=1.3387e-01
  sigma: σ_R=1.3943e-01  σ_ω=2.2723e-01  β=1.0000e+00
  PL   : train=-9.1812e-01  test=-9.6617e-01  σ_φ̄(train)=1.6793e-05  σ_φ̄(test)=5.1920e-10  σ_obs_ω=5.0000e-01  λ_PL=1.00
  KL   : M=1.702e+02  V=1.742e+02  Dw=4.117e+02  g=6.153e+02  sigma=1.164e+01  total=1.383e+03
  subnet MSE  M=2.033e+00  V=1.312e+01  Dw=3.418e-02  g=2.950e-01
[step   6750]
  train: −ELBO=-2.6266e+00  NLL=-1.8432e+00  NLL_R=-1.6537e+00  NLL_ω=-1.8945e-01  MSE_R=5.8323e-02  MSE_ω=1.5481e-01
  test : −ELBO=-4.3465e+00  NLL=-3.5142e+00  NLL_R=-3.1253e+00  NLL_ω=-3.8899e-01  MSE_R=1.1074e-03  MSE_ω=1.3421e-01
  sigma: σ_R=1.3941e-01  σ_ω=2.2719e-01  β=1.0000e+00
  PL   : train=-9.1799e-01  test=-9.6686e-01  σ_φ̄(train)=7.2625e-06  σ_φ̄(test)=4.3966e-10  σ_obs_ω=5.0000e-01  λ_PL=1.00
  KL   : M=1.685e+02  V=1.723e+02  Dw=4.110e+02  g=6.145e+02  sigma=1.167e+01  total=1.378e+03
  subnet MSE  M=2.033e+00  V=1.309e+01  Dw=3.428e-02  g=2.952e-01
[step   6800]
  train: −ELBO=-2.6282e+00  NLL=-1.8439e+00  NLL_R=-1.6546e+00  NLL_ω=-1.8925e-01  MSE_R=5.8289e-02  MSE_ω=1.5483e-01
  test : −ELBO=-4.3502e+00  NLL=-3.5168e+00  NLL_R=-3.1248e+00  NLL_ω=-3.9207e-01  MSE_R=1.1049e-03  MSE_ω=1.3391e-01
  sigma: σ_R=1.3945e-01  σ_ω=2.2710e-01  β=1.0000e+00
  PL   : train=-9.1842e-01  test=-9.6748e-01  σ_φ̄(train)=8.6589e-06  σ_φ̄(test)=5.0446e-10  σ_obs_ω=5.0000e-01  λ_PL=1.00
  KL   : M=1.673e+02  V=1.706e+02  Dw=4.106e+02  g=6.135e+02  sigma=1.143e+01  total=1.373e+03
  subnet MSE  M=2.034e+00  V=1.310e+01  Dw=3.415e-02  g=2.961e-01
[step   6850]
  train: −ELBO=-2.6292e+00  NLL=-1.8448e+00  NLL_R=-1.6542e+00  NLL_ω=-1.9059e-01  MSE_R=5.8303e-02  MSE_ω=1.5469e-01
  test : −ELBO=-4.3440e+00  NLL=-3.5113e+00  NLL_R=-3.1258e+00  NLL_ω=-3.8553e-01  MSE_R=1.1107e-03  MSE_ω=1.3460e-01
  sigma: σ_R=1.3941e-01  σ_ω=2.2697e-01  β=1.0000e+00
  PL   : train=-9.1794e-01  test=-9.6630e-01  σ_φ̄(train)=5.5288e-06  σ_φ̄(test)=5.3136e-10  σ_obs_ω=5.0000e-01  λ_PL=1.00
  KL   : M=1.660e+02  V=1.685e+02  Dw=4.100e+02  g=6.122e+02  sigma=1.121e+01  total=1.368e+03
  subnet MSE  M=2.034e+00  V=1.311e+01  Dw=3.415e-02  g=2.944e-01
[step   6900]
  train: −ELBO=-2.6337e+00  NLL=-1.8481e+00  NLL_R=-1.6545e+00  NLL_ω=-1.9358e-01  MSE_R=5.8293e-02  MSE_ω=1.5438e-01
  test : −ELBO=-4.3416e+00  NLL=-3.5079e+00  NLL_R=-3.1257e+00  NLL_ω=-3.8217e-01  MSE_R=1.1133e-03  MSE_ω=1.3496e-01
  sigma: σ_R=1.3941e-01  σ_ω=2.2695e-01  β=1.0000e+00
  PL   : train=-9.1874e-01  test=-9.6678e-01  σ_φ̄(train)=1.4235e-05  σ_φ̄(test)=5.5786e-10  σ_obs_ω=5.0000e-01  λ_PL=1.00
  KL   : M=1.646e+02  V=1.664e+02  Dw=4.092e+02  g=6.116e+02  sigma=1.097e+01  total=1.363e+03
  subnet MSE  M=2.034e+00  V=1.312e+01  Dw=3.425e-02  g=2.955e-01
[step   6950]
  train: −ELBO=-2.6341e+00  NLL=-1.8486e+00  NLL_R=-1.6547e+00  NLL_ω=-1.9390e-01  MSE_R=5.8287e-02  MSE_ω=1.5435e-01
  test : −ELBO=-4.3343e+00  NLL=-3.5014e+00  NLL_R=-3.1253e+00  NLL_ω=-3.7611e-01  MSE_R=1.1188e-03  MSE_ω=1.3560e-01
  sigma: σ_R=1.3943e-01  σ_ω=2.2680e-01  β=1.0000e+00
  PL   : train=-9.1827e-01  test=-9.6560e-01  σ_φ̄(train)=6.1283e-06  σ_φ̄(test)=5.4016e-10  σ_obs_ω=5.0000e-01  λ_PL=1.00
  KL   : M=1.637e+02  V=1.650e+02  Dw=4.087e+02  g=6.108e+02  sigma=1.084e+01  total=1.359e+03
  subnet MSE  M=2.034e+00  V=1.314e+01  Dw=3.428e-02  g=2.951e-01
[step   7000]
  train: −ELBO=-2.6355e+00  NLL=-1.8492e+00  NLL_R=-1.6540e+00  NLL_ω=-1.9520e-01  MSE_R=5.8312e-02  MSE_ω=1.5422e-01
  test : −ELBO=-4.3422e+00  NLL=-3.5079e+00  NLL_R=-3.1284e+00  NLL_ω=-3.7942e-01  MSE_R=1.1159e-03  MSE_ω=1.3525e-01
  sigma: σ_R=1.3929e-01  σ_ω=2.2691e-01  β=1.0000e+00
  PL   : train=-9.1868e-01  test=-9.6672e-01  σ_φ̄(train)=1.0227e-05  σ_φ̄(test)=4.4665e-10  σ_obs_ω=5.0000e-01  λ_PL=1.00
  KL   : M=1.627e+02  V=1.632e+02  Dw=4.084e+02  g=6.107e+02  sigma=1.079e+01  total=1.356e+03
  subnet MSE  M=2.035e+00  V=1.312e+01  Dw=3.468e-02  g=2.960e-01
[step   7050]
  train: −ELBO=-2.6385e+00  NLL=-1.8522e+00  NLL_R=-1.6544e+00  NLL_ω=-1.9784e-01  MSE_R=5.8299e-02  MSE_ω=1.5395e-01
  test : −ELBO=-4.3429e+00  NLL=-3.5086e+00  NLL_R=-3.1280e+00  NLL_ω=-3.8063e-01  MSE_R=1.1151e-03  MSE_ω=1.3516e-01
  sigma: σ_R=1.3929e-01  σ_ω=2.2671e-01  β=1.0000e+00
  PL   : train=-9.1838e-01  test=-9.6633e-01  σ_φ̄(train)=4.9259e-06  σ_φ̄(test)=3.7993e-10  σ_obs_ω=5.0000e-01  λ_PL=1.00
  KL   : M=1.618e+02  V=1.614e+02  Dw=4.079e+02  g=6.105e+02  sigma=1.074e+01  total=1.352e+03
  subnet MSE  M=2.034e+00  V=1.306e+01  Dw=3.478e-02  g=2.951e-01
[step   7100]
  train: −ELBO=-2.6409e+00  NLL=-1.8542e+00  NLL_R=-1.6544e+00  NLL_ω=-1.9973e-01  MSE_R=5.8296e-02  MSE_ω=1.5375e-01
  test : −ELBO=-4.3295e+00  NLL=-3.4953e+00  NLL_R=-3.1263e+00  NLL_ω=-3.6892e-01  MSE_R=1.1253e-03  MSE_ω=1.3641e-01
  sigma: σ_R=1.3940e-01  σ_ω=2.2641e-01  β=1.0000e+00
  PL   : train=-9.1851e-01  test=-9.6601e-01  σ_φ̄(train)=9.4424e-06  σ_φ̄(test)=2.9382e-10  σ_obs_ω=5.0000e-01  λ_PL=1.00
  KL   : M=1.609e+02  V=1.598e+02  Dw=4.076e+02  g=6.102e+02  sigma=1.075e+01  total=1.349e+03
  subnet MSE  M=2.033e+00  V=1.310e+01  Dw=3.450e-02  g=2.951e-01
[step   7150]
  train: −ELBO=-2.6406e+00  NLL=-1.8533e+00  NLL_R=-1.6547e+00  NLL_ω=-1.9859e-01  MSE_R=5.8284e-02  MSE_ω=1.5387e-01
  test : −ELBO=-4.3338e+00  NLL=-3.4986e+00  NLL_R=-3.1257e+00  NLL_ω=-3.7288e-01  MSE_R=1.1217e-03  MSE_ω=1.3600e-01
  sigma: σ_R=1.3939e-01  σ_ω=2.2639e-01  β=1.0000e+00
  PL   : train=-9.1888e-01  test=-9.6679e-01  σ_φ̄(train)=3.0740e-06  σ_φ̄(test)=2.0644e-10  σ_obs_ω=5.0000e-01  λ_PL=1.00
  KL   : M=1.601e+02  V=1.583e+02  Dw=4.075e+02  g=6.104e+02  sigma=1.093e+01  total=1.347e+03
  subnet MSE  M=2.034e+00  V=1.315e+01  Dw=3.491e-02  g=2.962e-01
[step   7200]
  train: −ELBO=-2.6432e+00  NLL=-1.8559e+00  NLL_R=-1.6547e+00  NLL_ω=-2.0121e-01  MSE_R=5.8285e-02  MSE_ω=1.5360e-01
  test : −ELBO=-4.3341e+00  NLL=-3.4992e+00  NLL_R=-3.1252e+00  NLL_ω=-3.7401e-01  MSE_R=1.1218e-03  MSE_ω=1.3589e-01
  sigma: σ_R=1.3944e-01  σ_ω=2.2637e-01  β=1.0000e+00
  PL   : train=-9.1864e-01  test=-9.6630e-01  σ_φ̄(train)=5.3018e-06  σ_φ̄(test)=1.7758e-10  σ_obs_ω=5.0000e-01  λ_PL=1.00
  KL   : M=1.598e+02  V=1.573e+02  Dw=4.073e+02  g=6.101e+02  sigma=1.106e+01  total=1.346e+03
  subnet MSE  M=2.036e+00  V=1.312e+01  Dw=3.467e-02  g=2.954e-01
[step   7250]
  train: −ELBO=-2.6446e+00  NLL=-1.8577e+00  NLL_R=-1.6546e+00  NLL_ω=-2.0304e-01  MSE_R=5.8288e-02  MSE_ω=1.5341e-01
  test : −ELBO=-4.3141e+00  NLL=-3.4804e+00  NLL_R=-3.1260e+00  NLL_ω=-3.5436e-01  MSE_R=1.1380e-03  MSE_ω=1.3792e-01
  sigma: σ_R=1.3936e-01  σ_ω=2.2624e-01  β=1.0000e+00
  PL   : train=-9.1825e-01  test=-9.6503e-01  σ_φ̄(train)=2.6844e-06  σ_φ̄(test)=1.3657e-10  σ_obs_ω=5.0000e-01  λ_PL=1.00
  KL   : M=1.592e+02  V=1.563e+02  Dw=4.073e+02  g=6.103e+02  sigma=1.123e+01  total=1.344e+03
  subnet MSE  M=2.036e+00  V=1.307e+01  Dw=3.471e-02  g=2.945e-01
[step   7300]
  train: −ELBO=-2.6463e+00  NLL=-1.8590e+00  NLL_R=-1.6547e+00  NLL_ω=-2.0434e-01  MSE_R=5.8286e-02  MSE_ω=1.5328e-01
  test : −ELBO=-4.3214e+00  NLL=-3.4869e+00  NLL_R=-3.1254e+00  NLL_ω=-3.6145e-01  MSE_R=1.1322e-03  MSE_ω=1.3724e-01
  sigma: σ_R=1.3940e-01  σ_ω=2.2591e-01  β=1.0000e+00
  PL   : train=-9.1842e-01  test=-9.6563e-01  σ_φ̄(train)=8.4268e-06  σ_φ̄(test)=1.3864e-10  σ_obs_ω=5.0000e-01  λ_PL=1.00
  KL   : M=1.589e+02  V=1.553e+02  Dw=4.071e+02  g=6.106e+02  sigma=1.108e+01  total=1.343e+03
  subnet MSE  M=2.033e+00  V=1.308e+01  Dw=3.477e-02  g=2.949e-01
[step   7350]
  train: −ELBO=-2.6485e+00  NLL=-1.8607e+00  NLL_R=-1.6549e+00  NLL_ω=-2.0576e-01  MSE_R=5.8277e-02  MSE_ω=1.5313e-01
  test : −ELBO=-4.3192e+00  NLL=-3.4845e+00  NLL_R=-3.1254e+00  NLL_ω=-3.5904e-01  MSE_R=1.1340e-03  MSE_ω=1.3746e-01
  sigma: σ_R=1.3942e-01  σ_ω=2.2611e-01  β=1.0000e+00
  PL   : train=-9.1876e-01  test=-9.6567e-01  σ_φ̄(train)=3.3114e-06  σ_φ̄(test)=1.6384e-10  σ_obs_ω=5.0000e-01  λ_PL=1.00
  KL   : M=1.585e+02  V=1.541e+02  Dw=4.068e+02  g=6.110e+02  sigma=1.082e+01  total=1.341e+03
  subnet MSE  M=2.033e+00  V=1.310e+01  Dw=3.483e-02  g=2.954e-01
[step   7400]
  train: −ELBO=-2.6491e+00  NLL=-1.8613e+00  NLL_R=-1.6548e+00  NLL_ω=-2.0648e-01  MSE_R=5.8280e-02  MSE_ω=1.5306e-01
  test : −ELBO=-4.3199e+00  NLL=-3.4854e+00  NLL_R=-3.1254e+00  NLL_ω=-3.6000e-01  MSE_R=1.1337e-03  MSE_ω=1.3738e-01
  sigma: σ_R=1.3938e-01  σ_ω=2.2603e-01  β=1.0000e+00
  PL   : train=-9.1866e-01  test=-9.6543e-01  σ_φ̄(train)=2.6986e-06  σ_φ̄(test)=1.4942e-10  σ_obs_ω=5.0000e-01  λ_PL=1.00
  KL   : M=1.585e+02  V=1.532e+02  Dw=4.067e+02  g=6.113e+02  sigma=1.079e+01  total=1.341e+03
  subnet MSE  M=2.032e+00  V=1.310e+01  Dw=3.487e-02  g=2.948e-01
[step   7450]
  train: −ELBO=-2.6511e+00  NLL=-1.8633e+00  NLL_R=-1.6555e+00  NLL_ω=-2.0781e-01  MSE_R=5.8257e-02  MSE_ω=1.5292e-01
  test : −ELBO=-4.3236e+00  NLL=-3.4885e+00  NLL_R=-3.1263e+00  NLL_ω=-3.6212e-01  MSE_R=1.1316e-03  MSE_ω=1.3716e-01
  sigma: σ_R=1.3935e-01  σ_ω=2.2605e-01  β=1.0000e+00
  PL   : train=-9.1870e-01  test=-9.6591e-01  σ_φ̄(train)=6.3758e-06  σ_φ̄(test)=1.6544e-10  σ_obs_ω=5.0000e-01  λ_PL=1.00
  KL   : M=1.582e+02  V=1.523e+02  Dw=4.066e+02  g=6.118e+02  sigma=1.061e+01  total=1.340e+03
  subnet MSE  M=2.033e+00  V=1.309e+01  Dw=3.475e-02  g=2.957e-01
[step   7500]
  train: −ELBO=-2.6476e+00  NLL=-1.8593e+00  NLL_R=-1.6545e+00  NLL_ω=-2.0490e-01  MSE_R=5.8295e-02  MSE_ω=1.5322e-01
  test : −ELBO=-4.3104e+00  NLL=-3.4754e+00  NLL_R=-3.1248e+00  NLL_ω=-3.5060e-01  MSE_R=1.1409e-03  MSE_ω=1.3836e-01
  sigma: σ_R=1.3941e-01  σ_ω=2.2582e-01  β=1.0000e+00
  PL   : train=-9.1896e-01  test=-9.6567e-01  σ_φ̄(train)=5.2147e-06  σ_φ̄(test)=1.8169e-10  σ_obs_ω=5.0000e-01  λ_PL=1.00
  KL   : M=1.580e+02  V=1.515e+02  Dw=4.063e+02  g=6.123e+02  sigma=1.047e+01  total=1.339e+03
  subnet MSE  M=2.031e+00  V=1.314e+01  Dw=3.453e-02  g=2.955e-01
[step   7550]
  train: −ELBO=-2.6487e+00  NLL=-1.8608e+00  NLL_R=-1.6546e+00  NLL_ω=-2.0611e-01  MSE_R=5.8288e-02  MSE_ω=1.5310e-01
  test : −ELBO=-4.3139e+00  NLL=-3.4790e+00  NLL_R=-3.1254e+00  NLL_ω=-3.5361e-01  MSE_R=1.1393e-03  MSE_ω=1.3806e-01
  sigma: σ_R=1.3937e-01  σ_ω=2.2572e-01  β=1.0000e+00
  PL   : train=-9.1860e-01  test=-9.6552e-01  σ_φ̄(train)=2.4695e-06  σ_φ̄(test)=1.7617e-10  σ_obs_ω=5.0000e-01  λ_PL=1.00
  KL   : M=1.577e+02  V=1.507e+02  Dw=4.062e+02  g=6.126e+02  sigma=1.038e+01  total=1.338e+03
  subnet MSE  M=2.032e+00  V=1.309e+01  Dw=3.474e-02  g=2.953e-01
[step   7600]
  train: −ELBO=-2.6495e+00  NLL=-1.8617e+00  NLL_R=-1.6555e+00  NLL_ω=-2.0614e-01  MSE_R=5.8254e-02  MSE_ω=1.5310e-01
  test : −ELBO=-4.3161e+00  NLL=-3.4814e+00  NLL_R=-3.1259e+00  NLL_ω=-3.5547e-01  MSE_R=1.1375e-03  MSE_ω=1.3786e-01
  sigma: σ_R=1.3936e-01  σ_ω=2.2588e-01  β=1.0000e+00
  PL   : train=-9.1843e-01  test=-9.6532e-01  σ_φ̄(train)=1.8780e-06  σ_φ̄(test)=1.7347e-10  σ_obs_ω=5.0000e-01  λ_PL=1.00
  KL   : M=1.579e+02  V=1.498e+02  Dw=4.061e+02  g=6.135e+02  sigma=1.036e+01  total=1.338e+03
  subnet MSE  M=2.031e+00  V=1.304e+01  Dw=3.535e-02  g=2.952e-01
[step   7650]
  train: −ELBO=-2.6531e+00  NLL=-1.8654e+00  NLL_R=-1.6546e+00  NLL_ω=-2.1078e-01  MSE_R=5.8288e-02  MSE_ω=1.5262e-01
  test : −ELBO=-4.2977e+00  NLL=-3.4641e+00  NLL_R=-3.1248e+00  NLL_ω=-3.3938e-01  MSE_R=1.1505e-03  MSE_ω=1.3954e-01
  sigma: σ_R=1.3940e-01  σ_ω=2.2554e-01  β=1.0000e+00
  PL   : train=-9.1838e-01  test=-9.6420e-01  σ_φ̄(train)=5.7062e-06  σ_φ̄(test)=1.5240e-10  σ_obs_ω=5.0000e-01  λ_PL=1.00
  KL   : M=1.578e+02  V=1.490e+02  Dw=4.060e+02  g=6.147e+02  sigma=1.034e+01  total=1.338e+03
  subnet MSE  M=2.032e+00  V=1.311e+01  Dw=3.480e-02  g=2.939e-01
[step   7700]
  train: −ELBO=-2.6565e+00  NLL=-1.8676e+00  NLL_R=-1.6552e+00  NLL_ω=-2.1245e-01  MSE_R=5.8266e-02  MSE_ω=1.5245e-01
  test : −ELBO=-4.3247e+00  NLL=-3.4894e+00  NLL_R=-3.1262e+00  NLL_ω=-3.6317e-01  MSE_R=1.1307e-03  MSE_ω=1.3708e-01
  sigma: σ_R=1.3937e-01  σ_ω=2.2584e-01  β=1.0000e+00
  PL   : train=-9.1946e-01  test=-9.6600e-01  σ_φ̄(train)=3.1900e-06  σ_φ̄(test)=1.4127e-10  σ_obs_ω=5.0000e-01  λ_PL=1.00
  KL   : M=1.578e+02  V=1.483e+02  Dw=4.061e+02  g=6.154e+02  sigma=1.026e+01  total=1.338e+03
  subnet MSE  M=2.033e+00  V=1.306e+01  Dw=3.482e-02  g=2.964e-01
[step   7750]
  train: −ELBO=-2.6521e+00  NLL=-1.8638e+00  NLL_R=-1.6550e+00  NLL_ω=-2.0886e-01  MSE_R=5.8276e-02  MSE_ω=1.5282e-01
  test : −ELBO=-4.3111e+00  NLL=-3.4762e+00  NLL_R=-3.1266e+00  NLL_ω=-3.4957e-01  MSE_R=1.1420e-03  MSE_ω=1.3849e-01
  sigma: σ_R=1.3934e-01  σ_ω=2.2560e-01  β=1.0000e+00
  PL   : train=-9.1895e-01  test=-9.6549e-01  σ_φ̄(train)=4.5360e-06  σ_φ̄(test)=1.3858e-10  σ_obs_ω=5.0000e-01  λ_PL=1.00
  KL   : M=1.574e+02  V=1.475e+02  Dw=4.062e+02  g=6.162e+02  sigma=1.013e+01  total=1.337e+03
  subnet MSE  M=2.032e+00  V=1.307e+01  Dw=3.497e-02  g=2.956e-01
[step   7800]
  train: −ELBO=-2.6566e+00  NLL=-1.8683e+00  NLL_R=-1.6550e+00  NLL_ω=-2.1330e-01  MSE_R=5.8273e-02  MSE_ω=1.5237e-01
  test : −ELBO=-4.3092e+00  NLL=-3.4745e+00  NLL_R=-3.1249e+00  NLL_ω=-3.4960e-01  MSE_R=1.1428e-03  MSE_ω=1.3851e-01
  sigma: σ_R=1.3946e-01  σ_ω=2.2551e-01  β=1.0000e+00
  PL   : train=-9.1885e-01  test=-9.6530e-01  σ_φ̄(train)=3.0205e-06  σ_φ̄(test)=1.2677e-10  σ_obs_ω=5.0000e-01  λ_PL=1.00
  KL   : M=1.570e+02  V=1.466e+02  Dw=4.063e+02  g=6.175e+02  sigma=1.002e+01  total=1.337e+03
  subnet MSE  M=2.032e+00  V=1.305e+01  Dw=3.519e-02  g=2.955e-01
[step   7850]
  train: −ELBO=-2.6567e+00  NLL=-1.8683e+00  NLL_R=-1.6552e+00  NLL_ω=-2.1310e-01  MSE_R=5.8266e-02  MSE_ω=1.5239e-01
  test : −ELBO=-4.3070e+00  NLL=-3.4724e+00  NLL_R=-3.1250e+00  NLL_ω=-3.4734e-01  MSE_R=1.1442e-03  MSE_ω=1.3872e-01
  sigma: σ_R=1.3942e-01  σ_ω=2.2565e-01  β=1.0000e+00
  PL   : train=-9.1900e-01  test=-9.6534e-01  σ_φ̄(train)=1.3739e-05  σ_φ̄(test)=1.0662e-10  σ_obs_ω=5.0000e-01  λ_PL=1.00
  KL   : M=1.567e+02  V=1.461e+02  Dw=4.066e+02  g=6.185e+02  sigma=1.009e+01  total=1.338e+03
  subnet MSE  M=2.032e+00  V=1.308e+01  Dw=3.506e-02  g=2.955e-01
[step   7900]
  train: −ELBO=-2.6552e+00  NLL=-1.8669e+00  NLL_R=-1.6555e+00  NLL_ω=-2.1141e-01  MSE_R=5.8255e-02  MSE_ω=1.5256e-01
  test : −ELBO=-4.3063e+00  NLL=-3.4719e+00  NLL_R=-3.1257e+00  NLL_ω=-3.4617e-01  MSE_R=1.1466e-03  MSE_ω=1.3885e-01
  sigma: σ_R=1.3936e-01  σ_ω=2.2550e-01  β=1.0000e+00
  PL   : train=-9.1891e-01  test=-9.6508e-01  σ_φ̄(train)=8.6731e-06  σ_φ̄(test)=1.0303e-10  σ_obs_ω=5.0000e-01  λ_PL=1.00
  KL   : M=1.564e+02  V=1.455e+02  Dw=4.066e+02  g=6.192e+02  sigma=1.007e+01  total=1.338e+03
  subnet MSE  M=2.033e+00  V=1.306e+01  Dw=3.527e-02  g=2.955e-01
[step   7950]
  train: −ELBO=-2.6601e+00  NLL=-1.8713e+00  NLL_R=-1.6553e+00  NLL_ω=-2.1604e-01  MSE_R=5.8264e-02  MSE_ω=1.5209e-01
  test : −ELBO=-4.3097e+00  NLL=-3.4748e+00  NLL_R=-3.1258e+00  NLL_ω=-3.4894e-01  MSE_R=1.1437e-03  MSE_ω=1.3860e-01
  sigma: σ_R=1.3936e-01  σ_ω=2.2524e-01  β=1.0000e+00
  PL   : train=-9.1949e-01  test=-9.6559e-01  σ_φ̄(train)=4.5973e-06  σ_φ̄(test)=9.4526e-11  σ_obs_ω=5.0000e-01  λ_PL=1.00
  KL   : M=1.563e+02  V=1.451e+02  Dw=4.067e+02  g=6.199e+02  sigma=1.006e+01  total=1.338e+03
  subnet MSE  M=2.032e+00  V=1.308e+01  Dw=3.533e-02  g=2.962e-01
[step   8000]
  train: −ELBO=-2.6579e+00  NLL=-1.8696e+00  NLL_R=-1.6548e+00  NLL_ω=-2.1485e-01  MSE_R=5.8282e-02  MSE_ω=1.5221e-01
  test : −ELBO=-4.3007e+00  NLL=-3.4663e+00  NLL_R=-3.1259e+00  NLL_ω=-3.4040e-01  MSE_R=1.1509e-03  MSE_ω=1.3946e-01
  sigma: σ_R=1.3935e-01  σ_ω=2.2540e-01  β=1.0000e+00
  PL   : train=-9.1900e-01  test=-9.6503e-01  σ_φ̄(train)=1.2500e-05  σ_φ̄(test)=8.0809e-11  σ_obs_ω=5.0000e-01  λ_PL=1.00
  KL   : M=1.565e+02  V=1.443e+02  Dw=4.068e+02  g=6.208e+02  sigma=9.998e+00  total=1.338e+03
  subnet MSE  M=2.032e+00  V=1.308e+01  Dw=3.520e-02  g=2.954e-01
[step   8050]
  train: −ELBO=-2.6584e+00  NLL=-1.8698e+00  NLL_R=-1.6552e+00  NLL_ω=-2.1460e-01  MSE_R=5.8267e-02  MSE_ω=1.5223e-01
  test : −ELBO=-4.2986e+00  NLL=-3.4644e+00  NLL_R=-3.1255e+00  NLL_ω=-3.3890e-01  MSE_R=1.1526e-03  MSE_ω=1.3964e-01
  sigma: σ_R=1.3938e-01  σ_ω=2.2511e-01  β=1.0000e+00
  PL   : train=-9.1933e-01  test=-9.6490e-01  σ_φ̄(train)=5.2789e-06  σ_φ̄(test)=6.9566e-11  σ_obs_ω=5.0000e-01  λ_PL=1.00
  KL   : M=1.563e+02  V=1.436e+02  Dw=4.072e+02  g=6.219e+02  sigma=9.957e+00  total=1.339e+03
  subnet MSE  M=2.032e+00  V=1.310e+01  Dw=3.505e-02  g=2.956e-01
[step   8100]
  train: −ELBO=-2.6596e+00  NLL=-1.8710e+00  NLL_R=-1.6552e+00  NLL_ω=-2.1583e-01  MSE_R=5.8268e-02  MSE_ω=1.5211e-01
  test : −ELBO=-4.2973e+00  NLL=-3.4628e+00  NLL_R=-3.1253e+00  NLL_ω=-3.3755e-01  MSE_R=1.1536e-03  MSE_ω=1.3977e-01
  sigma: σ_R=1.3937e-01  σ_ω=2.2511e-01  β=1.0000e+00
  PL   : train=-9.1942e-01  test=-9.6532e-01  σ_φ̄(train)=1.0164e-05  σ_φ̄(test)=6.1073e-11  σ_obs_ω=5.0000e-01  λ_PL=1.00
  KL   : M=1.562e+02  V=1.432e+02  Dw=4.073e+02  g=6.228e+02  sigma=9.965e+00  total=1.339e+03
  subnet MSE  M=2.032e+00  V=1.309e+01  Dw=3.538e-02  g=2.960e-01
[step   8150]
  train: −ELBO=-2.6590e+00  NLL=-1.8699e+00  NLL_R=-1.6556e+00  NLL_ω=-2.1427e-01  MSE_R=5.8251e-02  MSE_ω=1.5227e-01
  test : −ELBO=-4.3089e+00  NLL=-3.4737e+00  NLL_R=-3.1260e+00  NLL_ω=-3.4770e-01  MSE_R=1.1452e-03  MSE_ω=1.3874e-01
  sigma: σ_R=1.3935e-01  σ_ω=2.2510e-01  β=1.0000e+00
  PL   : train=-9.1994e-01  test=-9.6598e-01  σ_φ̄(train)=2.1028e-06  σ_φ̄(test)=5.7895e-11  σ_obs_ω=5.0000e-01  λ_PL=1.00
  KL   : M=1.559e+02  V=1.427e+02  Dw=4.076e+02  g=6.237e+02  sigma=9.869e+00  total=1.340e+03
  subnet MSE  M=2.032e+00  V=1.305e+01  Dw=3.547e-02  g=2.967e-01
[step   8200]
  train: −ELBO=-2.6595e+00  NLL=-1.8705e+00  NLL_R=-1.6556e+00  NLL_ω=-2.1490e-01  MSE_R=5.8249e-02  MSE_ω=1.5220e-01
  test : −ELBO=-4.3030e+00  NLL=-3.4680e+00  NLL_R=-3.1258e+00  NLL_ω=-3.4223e-01  MSE_R=1.1499e-03  MSE_ω=1.3930e-01
  sigma: σ_R=1.3937e-01  σ_ω=2.2502e-01  β=1.0000e+00
  PL   : train=-9.1992e-01  test=-9.6587e-01  σ_φ̄(train)=2.1006e-06  σ_φ̄(test)=5.0144e-11  σ_obs_ω=5.0000e-01  λ_PL=1.00
  KL   : M=1.558e+02  V=1.420e+02  Dw=4.081e+02  g=6.249e+02  sigma=9.776e+00  total=1.341e+03
  subnet MSE  M=2.032e+00  V=1.306e+01  Dw=3.539e-02  g=2.968e-01
[step   8250]
  train: −ELBO=-2.6602e+00  NLL=-1.8728e+00  NLL_R=-1.6555e+00  NLL_ω=-2.1731e-01  MSE_R=5.8256e-02  MSE_ω=1.5196e-01
  test : −ELBO=-4.2821e+00  NLL=-3.4497e+00  NLL_R=-3.1249e+00  NLL_ω=-3.2471e-01  MSE_R=1.1649e-03  MSE_ω=1.4111e-01
  sigma: σ_R=1.3938e-01  σ_ω=2.2479e-01  β=1.0000e+00
  PL   : train=-9.1841e-01  test=-9.6349e-01  σ_φ̄(train)=3.1424e-06  σ_φ̄(test)=3.8715e-11  σ_obs_ω=5.0000e-01  λ_PL=1.00
  KL   : M=1.557e+02  V=1.414e+02  Dw=4.086e+02  g=6.260e+02  sigma=1.003e+01  total=1.342e+03
  subnet MSE  M=2.032e+00  V=1.306e+01  Dw=3.562e-02  g=2.939e-01
[step   8300]
  train: −ELBO=-2.6597e+00  NLL=-1.8722e+00  NLL_R=-1.6558e+00  NLL_ω=-2.1637e-01  MSE_R=5.8243e-02  MSE_ω=1.5205e-01
  test : −ELBO=-4.2967e+00  NLL=-3.4635e+00  NLL_R=-3.1258e+00  NLL_ω=-3.3769e-01  MSE_R=1.1544e-03  MSE_ω=1.3981e-01
  sigma: σ_R=1.3935e-01  σ_ω=2.2477e-01  β=1.0000e+00
  PL   : train=-9.1866e-01  test=-9.6432e-01  σ_φ̄(train)=1.0819e-06  σ_φ̄(test)=3.6775e-11  σ_obs_ω=5.0000e-01  λ_PL=1.00
  KL   : M=1.557e+02  V=1.410e+02  Dw=4.088e+02  g=6.267e+02  sigma=1.030e+01  total=1.343e+03
  subnet MSE  M=2.032e+00  V=1.301e+01  Dw=3.588e-02  g=2.947e-01
[step   8350]
  train: −ELBO=-2.6619e+00  NLL=-1.8735e+00  NLL_R=-1.6555e+00  NLL_ω=-2.1799e-01  MSE_R=5.8254e-02  MSE_ω=1.5189e-01
  test : −ELBO=-4.2993e+00  NLL=-3.4652e+00  NLL_R=-3.1267e+00  NLL_ω=-3.3844e-01  MSE_R=1.1535e-03  MSE_ω=1.3974e-01
  sigma: σ_R=1.3927e-01  σ_ω=2.2453e-01  β=1.0000e+00
  PL   : train=-9.1963e-01  test=-9.6536e-01  σ_φ̄(train)=5.1615e-06  σ_φ̄(test)=3.7929e-11  σ_obs_ω=5.0000e-01  λ_PL=1.00
  KL   : M=1.556e+02  V=1.406e+02  Dw=4.091e+02  g=6.279e+02  sigma=1.046e+01  total=1.344e+03
  subnet MSE  M=2.032e+00  V=1.307e+01  Dw=3.536e-02  g=2.961e-01
[step   8400]
  train: −ELBO=-2.6660e+00  NLL=-1.8782e+00  NLL_R=-1.6555e+00  NLL_ω=-2.2268e-01  MSE_R=5.8255e-02  MSE_ω=1.5142e-01
  test : −ELBO=-4.2930e+00  NLL=-3.4596e+00  NLL_R=-3.1258e+00  NLL_ω=-3.3378e-01  MSE_R=1.1571e-03  MSE_ω=1.4018e-01
  sigma: σ_R=1.3935e-01  σ_ω=2.2488e-01  β=1.0000e+00
  PL   : train=-9.1909e-01  test=-9.6465e-01  σ_φ̄(train)=9.2260e-06  σ_φ̄(test)=4.6675e-11  σ_obs_ω=5.0000e-01  λ_PL=1.00
  KL   : M=1.556e+02  V=1.402e+02  Dw=4.092e+02  g=6.290e+02  sigma=1.019e+01  total=1.344e+03
  subnet MSE  M=2.032e+00  V=1.309e+01  Dw=3.540e-02  g=2.952e-01
[step   8450]
  train: −ELBO=-2.6627e+00  NLL=-1.8750e+00  NLL_R=-1.6553e+00  NLL_ω=-2.1969e-01  MSE_R=5.8261e-02  MSE_ω=1.5172e-01
  test : −ELBO=-4.2830e+00  NLL=-3.4498e+00  NLL_R=-3.1253e+00  NLL_ω=-3.2448e-01  MSE_R=1.1679e-03  MSE_ω=1.4112e-01
  sigma: σ_R=1.3934e-01  σ_ω=2.2482e-01  β=1.0000e+00
  PL   : train=-9.1904e-01  test=-9.6458e-01  σ_φ̄(train)=1.7813e-06  σ_φ̄(test)=5.4585e-11  σ_obs_ω=5.0000e-01  λ_PL=1.00
  KL   : M=1.555e+02  V=1.397e+02  Dw=4.097e+02  g=6.303e+02  sigma=9.974e+00  total=1.345e+03
  subnet MSE  M=2.033e+00  V=1.309e+01  Dw=3.546e-02  g=2.953e-01
[step   8500]
  train: −ELBO=-2.6685e+00  NLL=-1.8806e+00  NLL_R=-1.6553e+00  NLL_ω=-2.2532e-01  MSE_R=5.8264e-02  MSE_ω=1.5115e-01
  test : −ELBO=-4.2863e+00  NLL=-3.4530e+00  NLL_R=-3.1243e+00  NLL_ω=-3.2869e-01  MSE_R=1.1611e-03  MSE_ω=1.4073e-01
  sigma: σ_R=1.3942e-01  σ_ω=2.2455e-01  β=1.0000e+00
  PL   : train=-9.1946e-01  test=-9.6481e-01  σ_φ̄(train)=3.5719e-06  σ_φ̄(test)=5.3737e-11  σ_obs_ω=5.0000e-01  λ_PL=1.00
  KL   : M=1.557e+02  V=1.392e+02  Dw=4.102e+02  g=6.320e+02  sigma=9.869e+00  total=1.347e+03
  subnet MSE  M=2.032e+00  V=1.307e+01  Dw=3.551e-02  g=2.959e-01
[step   8550]
  train: −ELBO=-2.6642e+00  NLL=-1.8765e+00  NLL_R=-1.6558e+00  NLL_ω=-2.2066e-01  MSE_R=5.8241e-02  MSE_ω=1.5162e-01
  test : −ELBO=-4.2884e+00  NLL=-3.4551e+00  NLL_R=-3.1259e+00  NLL_ω=-3.2912e-01  MSE_R=1.1625e-03  MSE_ω=1.4066e-01
  sigma: σ_R=1.3934e-01  σ_ω=2.2473e-01  β=1.0000e+00
  PL   : train=-9.1936e-01  test=-9.6499e-01  σ_φ̄(train)=1.5892e-06  σ_φ̄(test)=6.2014e-11  σ_obs_ω=5.0000e-01  λ_PL=1.00
  KL   : M=1.560e+02  V=1.388e+02  Dw=4.105e+02  g=6.327e+02  sigma=1.011e+01  total=1.348e+03
  subnet MSE  M=2.032e+00  V=1.311e+01  Dw=3.556e-02  g=2.962e-01
[step   8600]
  train: −ELBO=-2.6672e+00  NLL=-1.8800e+00  NLL_R=-1.6554e+00  NLL_ω=-2.2460e-01  MSE_R=5.8259e-02  MSE_ω=1.5122e-01
  test : −ELBO=-4.2853e+00  NLL=-3.4526e+00  NLL_R=-3.1261e+00  NLL_ω=-3.2652e-01  MSE_R=1.1632e-03  MSE_ω=1.4094e-01
  sigma: σ_R=1.3936e-01  σ_ω=2.2455e-01  β=1.0000e+00
  PL   : train=-9.1906e-01  test=-9.6447e-01  σ_φ̄(train)=9.1200e-06  σ_φ̄(test)=9.3579e-11  σ_obs_ω=5.0000e-01  λ_PL=1.00
  KL   : M=1.562e+02  V=1.385e+02  Dw=4.111e+02  g=6.339e+02  sigma=1.007e+01  total=1.350e+03
  subnet MSE  M=2.032e+00  V=1.309e+01  Dw=3.523e-02  g=2.952e-01
[step   8650]
  train: −ELBO=-2.6649e+00  NLL=-1.8770e+00  NLL_R=-1.6554e+00  NLL_ω=-2.2166e-01  MSE_R=5.8260e-02  MSE_ω=1.5152e-01
  test : −ELBO=-4.2862e+00  NLL=-3.4530e+00  NLL_R=-3.1255e+00  NLL_ω=-3.2755e-01  MSE_R=1.1620e-03  MSE_ω=1.4084e-01
  sigma: σ_R=1.3938e-01  σ_ω=2.2463e-01  β=1.0000e+00
  PL   : train=-9.1985e-01  test=-9.6521e-01  σ_φ̄(train)=1.0887e-06  σ_φ̄(test)=9.1639e-11  σ_obs_ω=5.0000e-01  λ_PL=1.00
  KL   : M=1.565e+02  V=1.383e+02  Dw=4.115e+02  g=6.349e+02  sigma=1.033e+01  total=1.352e+03
  subnet MSE  M=2.033e+00  V=1.313e+01  Dw=3.516e-02  g=2.964e-01
[step   8700]
  train: −ELBO=-2.6673e+00  NLL=-1.8801e+00  NLL_R=-1.6554e+00  NLL_ω=-2.2465e-01  MSE_R=5.8258e-02  MSE_ω=1.5122e-01
  test : −ELBO=-4.2783e+00  NLL=-3.4460e+00  NLL_R=-3.1246e+00  NLL_ω=-3.2140e-01  MSE_R=1.1683e-03  MSE_ω=1.4145e-01
  sigma: σ_R=1.3943e-01  σ_ω=2.2466e-01  β=1.0000e+00
  PL   : train=-9.1932e-01  test=-9.6439e-01  σ_φ̄(train)=3.1692e-06  σ_φ̄(test)=1.1097e-10  σ_obs_ω=5.0000e-01  λ_PL=1.00
  KL   : M=1.569e+02  V=1.380e+02  Dw=4.117e+02  g=6.362e+02  sigma=1.010e+01  total=1.353e+03
  subnet MSE  M=2.033e+00  V=1.311e+01  Dw=3.552e-02  g=2.956e-01
[step   8750]
  train: −ELBO=-2.6586e+00  NLL=-1.8712e+00  NLL_R=-1.6556e+00  NLL_ω=-2.1565e-01  MSE_R=5.8252e-02  MSE_ω=1.5213e-01
  test : −ELBO=-4.2796e+00  NLL=-3.4473e+00  NLL_R=-3.1254e+00  NLL_ω=-3.2193e-01  MSE_R=1.1662e-03  MSE_ω=1.4137e-01
  sigma: σ_R=1.3936e-01  σ_ω=2.2488e-01  β=1.0000e+00
  PL   : train=-9.1958e-01  test=-9.6453e-01  σ_φ̄(train)=1.7293e-06  σ_φ̄(test)=1.0882e-10  σ_obs_ω=5.0000e-01  λ_PL=1.00
  KL   : M=1.569e+02  V=1.378e+02  Dw=4.120e+02  g=6.371e+02  sigma=1.003e+01  total=1.354e+03
  subnet MSE  M=2.033e+00  V=1.310e+01  Dw=3.520e-02  g=2.957e-01
[step   8800]
  train: −ELBO=-2.6647e+00  NLL=-1.8775e+00  NLL_R=-1.6552e+00  NLL_ω=-2.2223e-01  MSE_R=5.8265e-02  MSE_ω=1.5146e-01
  test : −ELBO=-4.2796e+00  NLL=-3.4474e+00  NLL_R=-3.1257e+00  NLL_ω=-3.2173e-01  MSE_R=1.1670e-03  MSE_ω=1.4144e-01
  sigma: σ_R=1.3934e-01  σ_ω=2.2447e-01  β=1.0000e+00
  PL   : train=-9.1959e-01  test=-9.6451e-01  σ_φ̄(train)=2.9001e-06  σ_φ̄(test)=1.2244e-10  σ_obs_ω=5.0000e-01  λ_PL=1.00
  KL   : M=1.569e+02  V=1.373e+02  Dw=4.124e+02  g=6.384e+02  sigma=9.794e+00  total=1.355e+03
  subnet MSE  M=2.031e+00  V=1.312e+01  Dw=3.553e-02  g=2.956e-01
[step   8850]
  train: −ELBO=-2.6665e+00  NLL=-1.8796e+00  NLL_R=-1.6552e+00  NLL_ω=-2.2438e-01  MSE_R=5.8267e-02  MSE_ω=1.5125e-01
  test : −ELBO=-4.2703e+00  NLL=-3.4388e+00  NLL_R=-3.1235e+00  NLL_ω=-3.1529e-01  MSE_R=1.1723e-03  MSE_ω=1.4209e-01
  sigma: σ_R=1.3944e-01  σ_ω=2.2444e-01  β=1.0000e+00
  PL   : train=-9.1957e-01  test=-9.6413e-01  σ_φ̄(train)=1.4664e-06  σ_φ̄(test)=4.0073e-11  σ_obs_ω=5.0000e-01  λ_PL=1.00
  KL   : M=1.571e+02  V=1.370e+02  Dw=4.131e+02  g=6.400e+02  sigma=1.071e+01  total=1.358e+03
  subnet MSE  M=2.031e+00  V=1.311e+01  Dw=3.542e-02  g=2.952e-01
[step   8900]
  train: −ELBO=-2.6694e+00  NLL=-1.8827e+00  NLL_R=-1.6560e+00  NLL_ω=-2.2672e-01  MSE_R=5.8234e-02  MSE_ω=1.5101e-01
  test : −ELBO=-4.2819e+00  NLL=-3.4505e+00  NLL_R=-3.1259e+00  NLL_ω=-3.2453e-01  MSE_R=1.1655e-03  MSE_ω=1.4116e-01
  sigma: σ_R=1.3940e-01  σ_ω=2.2453e-01  β=1.0000e+00
  PL   : train=-9.1950e-01  test=-9.6428e-01  σ_φ̄(train)=1.4865e-06  σ_φ̄(test)=4.5370e-11  σ_obs_ω=5.0000e-01  λ_PL=1.00
  KL   : M=1.574e+02  V=1.365e+02  Dw=4.139e+02  g=6.417e+02  sigma=1.054e+01  total=1.360e+03
  subnet MSE  M=2.031e+00  V=1.310e+01  Dw=3.561e-02  g=2.953e-01
[step   8950]
  train: −ELBO=-2.6699e+00  NLL=-1.8834e+00  NLL_R=-1.6556e+00  NLL_ω=-2.2772e-01  MSE_R=5.8249e-02  MSE_ω=1.5091e-01
  test : −ELBO=-4.2733e+00  NLL=-3.4422e+00  NLL_R=-3.1243e+00  NLL_ω=-3.1797e-01  MSE_R=1.1707e-03  MSE_ω=1.4184e-01
  sigma: σ_R=1.3939e-01  σ_ω=2.2411e-01  β=1.0000e+00
  PL   : train=-9.1959e-01  test=-9.6408e-01  σ_φ̄(train)=7.0004e-06  σ_φ̄(test)=6.2315e-11  σ_obs_ω=5.0000e-01  λ_PL=1.00
  KL   : M=1.578e+02  V=1.361e+02  Dw=4.146e+02  g=6.434e+02  sigma=1.017e+01  total=1.362e+03
  subnet MSE  M=2.029e+00  V=1.306e+01  Dw=3.543e-02  g=2.955e-01
[step   9000]
  train: −ELBO=-2.6718e+00  NLL=-1.8852e+00  NLL_R=-1.6555e+00  NLL_ω=-2.2971e-01  MSE_R=5.8255e-02  MSE_ω=1.5071e-01
  test : −ELBO=-4.2732e+00  NLL=-3.4422e+00  NLL_R=-3.1249e+00  NLL_ω=-3.1727e-01  MSE_R=1.1715e-03  MSE_ω=1.4190e-01
  sigma: σ_R=1.3938e-01  σ_ω=2.2424e-01  β=1.0000e+00
  PL   : train=-9.1979e-01  test=-9.6419e-01  σ_φ̄(train)=3.5554e-06  σ_φ̄(test)=7.3414e-11  σ_obs_ω=5.0000e-01  λ_PL=1.00
  KL   : M=1.583e+02  V=1.359e+02  Dw=4.153e+02  g=6.445e+02  sigma=9.902e+00  total=1.364e+03
  subnet MSE  M=2.030e+00  V=1.311e+01  Dw=3.562e-02  g=2.957e-01
[step   9050]
  train: −ELBO=-2.6737e+00  NLL=-1.8872e+00  NLL_R=-1.6555e+00  NLL_ω=-2.3170e-01  MSE_R=5.8253e-02  MSE_ω=1.5051e-01
  test : −ELBO=-4.2690e+00  NLL=-3.4390e+00  NLL_R=-3.1250e+00  NLL_ω=-3.1399e-01  MSE_R=1.1746e-03  MSE_ω=1.4223e-01
  sigma: σ_R=1.3936e-01  σ_ω=2.2424e-01  β=1.0000e+00
  PL   : train=-9.1975e-01  test=-9.6332e-01  σ_φ̄(train)=2.3388e-06  σ_φ̄(test)=6.9920e-11  σ_obs_ω=5.0000e-01  λ_PL=1.00
  KL   : M=1.585e+02  V=1.357e+02  Dw=4.156e+02  g=6.453e+02  sigma=9.814e+00  total=1.365e+03
  subnet MSE  M=2.031e+00  V=1.311e+01  Dw=3.545e-02  g=2.956e-01
[step   9100]
  train: −ELBO=-2.6705e+00  NLL=-1.8844e+00  NLL_R=-1.6557e+00  NLL_ω=-2.2876e-01  MSE_R=5.8248e-02  MSE_ω=1.5080e-01
  test : −ELBO=-4.2771e+00  NLL=-3.4465e+00  NLL_R=-3.1252e+00  NLL_ω=-3.2130e-01  MSE_R=1.1686e-03  MSE_ω=1.4150e-01
  sigma: σ_R=1.3935e-01  σ_ω=2.2424e-01  β=1.0000e+00
  PL   : train=-9.1952e-01  test=-9.6402e-01  σ_φ̄(train)=4.5405e-06  σ_φ̄(test)=7.5991e-11  σ_obs_ω=5.0000e-01  λ_PL=1.00
  KL   : M=1.588e+02  V=1.355e+02  Dw=4.159e+02  g=6.462e+02  sigma=9.685e+00  total=1.366e+03
  subnet MSE  M=2.031e+00  V=1.309e+01  Dw=3.548e-02  g=2.954e-01
[step   9150]
  train: −ELBO=-2.6700e+00  NLL=-1.8840e+00  NLL_R=-1.6560e+00  NLL_ω=-2.2801e-01  MSE_R=5.8235e-02  MSE_ω=1.5088e-01
  test : −ELBO=-4.2660e+00  NLL=-3.4360e+00  NLL_R=-3.1254e+00  NLL_ω=-3.1067e-01  MSE_R=1.1777e-03  MSE_ω=1.4257e-01
  sigma: σ_R=1.3934e-01  σ_ω=2.2411e-01  β=1.0000e+00
  PL   : train=-9.1961e-01  test=-9.6359e-01  σ_φ̄(train)=8.1156e-07  σ_φ̄(test)=4.5667e-11  σ_obs_ω=5.0000e-01  λ_PL=1.00
  KL   : M=1.589e+02  V=1.352e+02  Dw=4.165e+02  g=6.475e+02  sigma=9.934e+00  total=1.368e+03
  subnet MSE  M=2.030e+00  V=1.310e+01  Dw=3.581e-02  g=2.954e-01
[step   9200]
  train: −ELBO=-2.6714e+00  NLL=-1.8852e+00  NLL_R=-1.6557e+00  NLL_ω=-2.2952e-01  MSE_R=5.8246e-02  MSE_ω=1.5073e-01
  test : −ELBO=-4.2834e+00  NLL=-3.4520e+00  NLL_R=-3.1267e+00  NLL_ω=-3.2534e-01  MSE_R=1.1646e-03  MSE_ω=1.4110e-01
  sigma: σ_R=1.3931e-01  σ_ω=2.2418e-01  β=1.0000e+00
  PL   : train=-9.1993e-01  test=-9.6512e-01  σ_φ̄(train)=3.7018e-06  σ_φ̄(test)=4.6409e-11  σ_obs_ω=5.0000e-01  λ_PL=1.00
  KL   : M=1.591e+02  V=1.349e+02  Dw=4.172e+02  g=6.485e+02  sigma=9.808e+00  total=1.370e+03
  subnet MSE  M=2.031e+00  V=1.311e+01  Dw=3.552e-02  g=2.973e-01
[step   9250]
  train: −ELBO=-2.6739e+00  NLL=-1.8878e+00  NLL_R=-1.6554e+00  NLL_ω=-2.3242e-01  MSE_R=5.8259e-02  MSE_ω=1.5044e-01
  test : −ELBO=-4.2704e+00  NLL=-3.4405e+00  NLL_R=-3.1249e+00  NLL_ω=-3.1567e-01  MSE_R=1.1741e-03  MSE_ω=1.4208e-01
  sigma: σ_R=1.3938e-01  σ_ω=2.2402e-01  β=1.0000e+00
  PL   : train=-9.1999e-01  test=-9.6369e-01  σ_φ̄(train)=2.5856e-06  σ_φ̄(test)=5.9480e-11  σ_obs_ω=5.0000e-01  λ_PL=1.00
  KL   : M=1.594e+02  V=1.345e+02  Dw=4.179e+02  g=6.495e+02  sigma=9.484e+00  total=1.371e+03
  subnet MSE  M=2.030e+00  V=1.313e+01  Dw=3.560e-02  g=2.963e-01
[step   9300]
  train: −ELBO=-2.6735e+00  NLL=-1.8879e+00  NLL_R=-1.6558e+00  NLL_ω=-2.3214e-01  MSE_R=5.8243e-02  MSE_ω=1.5046e-01
  test : −ELBO=-4.2647e+00  NLL=-3.4348e+00  NLL_R=-3.1279e+00  NLL_ω=-3.0692e-01  MSE_R=1.1815e-03  MSE_ω=1.4297e-01
  sigma: σ_R=1.3922e-01  σ_ω=2.2391e-01  β=1.0000e+00
  PL   : train=-9.1963e-01  test=-9.6388e-01  σ_φ̄(train)=9.9392e-06  σ_φ̄(test)=5.3975e-11  σ_obs_ω=5.0000e-01  λ_PL=1.00
  KL   : M=1.597e+02  V=1.342e+02  Dw=4.184e+02  g=6.507e+02  sigma=9.667e+00  total=1.373e+03
  subnet MSE  M=2.030e+00  V=1.311e+01  Dw=3.548e-02  g=2.956e-01
[step   9350]
  train: −ELBO=-2.6742e+00  NLL=-1.8886e+00  NLL_R=-1.6554e+00  NLL_ω=-2.3317e-01  MSE_R=5.8257e-02  MSE_ω=1.5036e-01
  test : −ELBO=-4.2634e+00  NLL=-3.4340e+00  NLL_R=-3.1255e+00  NLL_ω=-3.0848e-01  MSE_R=1.1799e-03  MSE_ω=1.4281e-01
  sigma: σ_R=1.3930e-01  σ_ω=2.2390e-01  β=1.0000e+00
  PL   : train=-9.1980e-01  test=-9.6357e-01  σ_φ̄(train)=2.0228e-06  σ_φ̄(test)=5.7616e-11  σ_obs_ω=5.0000e-01  λ_PL=1.00
  KL   : M=1.600e+02  V=1.339e+02  Dw=4.189e+02  g=6.520e+02  sigma=9.629e+00  total=1.374e+03
  subnet MSE  M=2.029e+00  V=1.312e+01  Dw=3.539e-02  g=2.951e-01
[step   9400]
  train: −ELBO=-2.6738e+00  NLL=-1.8885e+00  NLL_R=-1.6558e+00  NLL_ω=-2.3268e-01  MSE_R=5.8241e-02  MSE_ω=1.5041e-01
  test : −ELBO=-4.2485e+00  NLL=-3.4199e+00  NLL_R=-3.1249e+00  NLL_ω=-2.9500e-01  MSE_R=1.1914e-03  MSE_ω=1.4416e-01
  sigma: σ_R=1.3936e-01  σ_ω=2.2396e-01  β=1.0000e+00
  PL   : train=-9.1961e-01  test=-9.6294e-01  σ_φ̄(train)=3.4897e-06  σ_φ̄(test)=4.9927e-11  σ_obs_ω=5.0000e-01  λ_PL=1.00
  KL   : M=1.601e+02  V=1.336e+02  Dw=4.193e+02  g=6.529e+02  sigma=9.634e+00  total=1.376e+03
  subnet MSE  M=2.030e+00  V=1.311e+01  Dw=3.563e-02  g=2.955e-01
[step   9450]
  train: −ELBO=-2.6747e+00  NLL=-1.8899e+00  NLL_R=-1.6557e+00  NLL_ω=-2.3419e-01  MSE_R=5.8246e-02  MSE_ω=1.5026e-01
  test : −ELBO=-4.2467e+00  NLL=-3.4182e+00  NLL_R=-3.1254e+00  NLL_ω=-2.9286e-01  MSE_R=1.1926e-03  MSE_ω=1.4437e-01
  sigma: σ_R=1.3932e-01  σ_ω=2.2400e-01  β=1.0000e+00
  PL   : train=-9.1920e-01  test=-9.6281e-01  σ_φ̄(train)=4.7022e-06  σ_φ̄(test)=5.3405e-11  σ_obs_ω=5.0000e-01  λ_PL=1.00
  KL   : M=1.599e+02  V=1.336e+02  Dw=4.197e+02  g=6.535e+02  sigma=9.524e+00  total=1.376e+03
  subnet MSE  M=2.031e+00  V=1.309e+01  Dw=3.562e-02  g=2.948e-01
[step   9500]
  train: −ELBO=-2.6740e+00  NLL=-1.8891e+00  NLL_R=-1.6555e+00  NLL_ω=-2.3356e-01  MSE_R=5.8253e-02  MSE_ω=1.5032e-01
  test : −ELBO=-4.2484e+00  NLL=-3.4200e+00  NLL_R=-3.1249e+00  NLL_ω=-2.9506e-01  MSE_R=1.1910e-03  MSE_ω=1.4416e-01
  sigma: σ_R=1.3934e-01  σ_ω=2.2391e-01  β=1.0000e+00
  PL   : train=-9.1939e-01  test=-9.6293e-01  σ_φ̄(train)=1.5380e-06  σ_φ̄(test)=4.7398e-11  σ_obs_ω=5.0000e-01  λ_PL=1.00
  KL   : M=1.600e+02  V=1.335e+02  Dw=4.199e+02  g=6.542e+02  sigma=9.863e+00  total=1.377e+03
  subnet MSE  M=2.030e+00  V=1.319e+01  Dw=3.521e-02  g=2.948e-01
[step   9550]
  train: −ELBO=-2.6762e+00  NLL=-1.8914e+00  NLL_R=-1.6558e+00  NLL_ω=-2.3562e-01  MSE_R=5.8244e-02  MSE_ω=1.5012e-01
  test : −ELBO=-4.2519e+00  NLL=-3.4233e+00  NLL_R=-3.1243e+00  NLL_ω=-2.9897e-01  MSE_R=1.1866e-03  MSE_ω=1.4378e-01
  sigma: σ_R=1.3938e-01  σ_ω=2.2373e-01  β=1.0000e+00
  PL   : train=-9.1946e-01  test=-9.6324e-01  σ_φ̄(train)=6.5070e-06  σ_φ̄(test)=5.4522e-11  σ_obs_ω=5.0000e-01  λ_PL=1.00
  KL   : M=1.600e+02  V=1.334e+02  Dw=4.204e+02  g=6.550e+02  sigma=9.895e+00  total=1.379e+03
  subnet MSE  M=2.029e+00  V=1.313e+01  Dw=3.559e-02  g=2.953e-01
[step   9600]
  train: −ELBO=-2.6734e+00  NLL=-1.8887e+00  NLL_R=-1.6559e+00  NLL_ω=-2.3280e-01  MSE_R=5.8241e-02  MSE_ω=1.5040e-01
  test : −ELBO=-4.2522e+00  NLL=-3.4238e+00  NLL_R=-3.1250e+00  NLL_ω=-2.9882e-01  MSE_R=1.1879e-03  MSE_ω=1.4380e-01
  sigma: σ_R=1.3934e-01  σ_ω=2.2351e-01  β=1.0000e+00
  PL   : train=-9.1954e-01  test=-9.6319e-01  σ_φ̄(train)=6.8674e-07  σ_φ̄(test)=6.4798e-11  σ_obs_ω=5.0000e-01  λ_PL=1.00
  KL   : M=1.602e+02  V=1.332e+02  Dw=4.209e+02  g=6.555e+02  sigma=1.075e+01  total=1.381e+03
  subnet MSE  M=2.030e+00  V=1.313e+01  Dw=3.542e-02  g=2.952e-01
[step   9650]
  train: −ELBO=-2.6744e+00  NLL=-1.8894e+00  NLL_R=-1.6557e+00  NLL_ω=-2.3374e-01  MSE_R=5.8247e-02  MSE_ω=1.5030e-01
  test : −ELBO=-4.2586e+00  NLL=-3.4298e+00  NLL_R=-3.1255e+00  NLL_ω=-3.0429e-01  MSE_R=1.1836e-03  MSE_ω=1.4325e-01
  sigma: σ_R=1.3933e-01  σ_ω=2.2363e-01  β=1.0000e+00
  PL   : train=-9.1989e-01  test=-9.6370e-01  σ_φ̄(train)=4.0273e-05  σ_φ̄(test)=7.3921e-11  σ_obs_ω=5.0000e-01  λ_PL=1.00
  KL   : M=1.602e+02  V=1.331e+02  Dw=4.214e+02  g=6.564e+02  sigma=1.072e+01  total=1.382e+03
  subnet MSE  M=2.030e+00  V=1.310e+01  Dw=3.540e-02  g=2.956e-01
[step   9700]
  train: −ELBO=-2.6787e+00  NLL=-1.8942e+00  NLL_R=-1.6554e+00  NLL_ω=-2.3874e-01  MSE_R=5.8258e-02  MSE_ω=1.4980e-01
  test : −ELBO=-4.2403e+00  NLL=-3.4123e+00  NLL_R=-3.1222e+00  NLL_ω=-2.9007e-01  MSE_R=1.1949e-03  MSE_ω=1.4467e-01
  sigma: σ_R=1.3941e-01  σ_ω=2.2370e-01  β=1.0000e+00
  PL   : train=-9.1960e-01  test=-9.6305e-01  σ_φ̄(train)=1.1854e-06  σ_φ̄(test)=8.1815e-11  σ_obs_ω=5.0000e-01  λ_PL=1.00
  KL   : M=1.603e+02  V=1.329e+02  Dw=4.219e+02  g=6.571e+02  sigma=1.059e+01  total=1.383e+03
  subnet MSE  M=2.031e+00  V=1.313e+01  Dw=3.546e-02  g=2.953e-01
[step   9750]
  train: −ELBO=-2.6760e+00  NLL=-1.8912e+00  NLL_R=-1.6556e+00  NLL_ω=-2.3554e-01  MSE_R=5.8250e-02  MSE_ω=1.5012e-01
  test : −ELBO=-4.2570e+00  NLL=-3.4282e+00  NLL_R=-3.1252e+00  NLL_ω=-3.0300e-01  MSE_R=1.1849e-03  MSE_ω=1.4338e-01
  sigma: σ_R=1.3932e-01  σ_ω=2.2361e-01  β=1.0000e+00
  PL   : train=-9.2002e-01  test=-9.6388e-01  σ_φ̄(train)=7.2728e-07  σ_φ̄(test)=8.8550e-11  σ_obs_ω=5.0000e-01  λ_PL=1.00
  KL   : M=1.601e+02  V=1.328e+02  Dw=4.225e+02  g=6.579e+02  sigma=1.049e+01  total=1.384e+03
  subnet MSE  M=2.032e+00  V=1.307e+01  Dw=3.544e-02  g=2.960e-01
[step   9800]
  train: −ELBO=-2.6765e+00  NLL=-1.8916e+00  NLL_R=-1.6561e+00  NLL_ω=-2.3549e-01  MSE_R=5.8231e-02  MSE_ω=1.5013e-01
  test : −ELBO=-4.2532e+00  NLL=-3.4249e+00  NLL_R=-3.1250e+00  NLL_ω=-2.9990e-01  MSE_R=1.1865e-03  MSE_ω=1.4369e-01
  sigma: σ_R=1.3935e-01  σ_ω=2.2351e-01  β=1.0000e+00
  PL   : train=-9.2012e-01  test=-9.6358e-01  σ_φ̄(train)=9.4172e-07  σ_φ̄(test)=9.3163e-11  σ_obs_ω=5.0000e-01  λ_PL=1.00
  KL   : M=1.604e+02  V=1.327e+02  Dw=4.229e+02  g=6.586e+02  sigma=1.040e+01  total=1.385e+03
  subnet MSE  M=2.032e+00  V=1.314e+01  Dw=3.530e-02  g=2.958e-01
[step   9850]
  train: −ELBO=-2.6743e+00  NLL=-1.8898e+00  NLL_R=-1.6553e+00  NLL_ω=-2.3446e-01  MSE_R=5.8262e-02  MSE_ω=1.5023e-01
  test : −ELBO=-4.2440e+00  NLL=-3.4174e+00  NLL_R=-3.1244e+00  NLL_ω=-2.9299e-01  MSE_R=1.1920e-03  MSE_ω=1.4438e-01
  sigma: σ_R=1.3935e-01  σ_ω=2.2363e-01  β=1.0000e+00
  PL   : train=-9.1983e-01  test=-9.6192e-01  σ_φ̄(train)=4.2327e-06  σ_φ̄(test)=1.0184e-10  σ_obs_ω=5.0000e-01  λ_PL=1.00
  KL   : M=1.605e+02  V=1.324e+02  Dw=4.235e+02  g=6.589e+02  sigma=1.029e+01  total=1.386e+03
  subnet MSE  M=2.032e+00  V=1.317e+01  Dw=3.565e-02  g=2.957e-01
[step   9900]
  train: −ELBO=-2.6764e+00  NLL=-1.8920e+00  NLL_R=-1.6557e+00  NLL_ω=-2.3624e-01  MSE_R=5.8247e-02  MSE_ω=1.5005e-01
  test : −ELBO=-4.2528e+00  NLL=-3.4248e+00  NLL_R=-3.1263e+00  NLL_ω=-2.9851e-01  MSE_R=1.1881e-03  MSE_ω=1.4383e-01
  sigma: σ_R=1.3928e-01  σ_ω=2.2364e-01  β=1.0000e+00
  PL   : train=-9.1984e-01  test=-9.6340e-01  σ_φ̄(train)=1.2040e-06  σ_φ̄(test)=1.0925e-10  σ_obs_ω=5.0000e-01  λ_PL=1.00
  KL   : M=1.607e+02  V=1.323e+02  Dw=4.239e+02  g=6.596e+02  sigma=1.019e+01  total=1.387e+03
  subnet MSE  M=2.032e+00  V=1.310e+01  Dw=3.568e-02  g=2.954e-01
[step   9950]
  train: −ELBO=-2.6784e+00  NLL=-1.8939e+00  NLL_R=-1.6560e+00  NLL_ω=-2.3794e-01  MSE_R=5.8235e-02  MSE_ω=1.4988e-01
  test : −ELBO=-4.2480e+00  NLL=-3.4201e+00  NLL_R=-3.1251e+00  NLL_ω=-2.9497e-01  MSE_R=1.1903e-03  MSE_ω=1.4418e-01
  sigma: σ_R=1.3934e-01  σ_ω=2.2370e-01  β=1.0000e+00
  PL   : train=-9.1994e-01  test=-9.6343e-01  σ_φ̄(train)=1.8249e-06  σ_φ̄(test)=1.1570e-10  σ_obs_ω=5.0000e-01  λ_PL=1.00
  KL   : M=1.608e+02  V=1.321e+02  Dw=4.243e+02  g=6.603e+02  sigma=1.010e+01  total=1.388e+03
  subnet MSE  M=2.033e+00  V=1.311e+01  Dw=3.580e-02  g=2.956e-01
[step  10000]
  train: −ELBO=-2.6780e+00  NLL=-1.8939e+00  NLL_R=-1.6557e+00  NLL_ω=-2.3823e-01  MSE_R=5.8249e-02  MSE_ω=1.4986e-01
  test : −ELBO=-4.2564e+00  NLL=-3.4286e+00  NLL_R=-3.1251e+00  NLL_ω=-3.0357e-01  MSE_R=1.1840e-03  MSE_ω=1.4332e-01
  sigma: σ_R=1.3936e-01  σ_ω=2.2361e-01  β=1.0000e+00
  PL   : train=-9.1973e-01  test=-9.6333e-01  σ_φ̄(train)=2.9766e-06  σ_φ̄(test)=1.1883e-10  σ_obs_ω=5.0000e-01  λ_PL=1.00
  KL   : M=1.609e+02  V=1.319e+02  Dw=4.247e+02  g=6.610e+02  sigma=1.005e+01  total=1.388e+03
  subnet MSE  M=2.033e+00  V=1.312e+01  Dw=3.564e-02  g=2.955e-01

Final per-trajectory eval ...
Final trajectory train loss 1.0424e+02 +/- 6.6625e+01
Final trajectory test loss  1.0036e+02 +/- 6.7719e+01
Final trajectory train l2 loss 1.0278e+02 +/- 6.6612e+01
Final trajectory test l2 loss  9.9428e+01 +/- 6.7520e+01
Final trajectory train geo loss 1.4570e+00 +/- 9.9421e-01
Final trajectory test geo loss  9.3137e-01 +/- 1.1827e+00
Saved final stats:  /mnt/data/thribhuvan/Projects/stochastic_port_hamiltonian/Final/SPHNP v2/src/models/3D_SO3_Windy_Pendulum/ph_gp_sde/data/run_wp3d_jax/obs0p1_fric0p5_wind0p5_ext0-sine_lr0p001_s10000_np5_smp64_T20_seed0_randu7_G0p5-0p7-0p1_260611-205357/wp3d-so3hamGPSDE-5p-stats.pkl
